counts_code,scenario_type,total_tasks,n1,n2,n3,n4,lambda,lambda_label,activation_cost_K,eta_T_percent,eta_E_percent,base_score_without_cost,activation_cost_factor_phi,activation_penalty,adjusted_score_with_cost,recommendation_with_cost
1111,balanced,4,1,1,1,1,0.5,0_5,0,38.19,5.37,35.5,1.0594,0.0,35.5,recommend_3arm
1111,balanced,4,1,1,1,1,0.5,0_5,2,38.19,5.37,35.5,1.0594,2.12,33.39,recommend_3arm
1111,balanced,4,1,1,1,1,0.5,0_5,4,38.19,5.37,35.5,1.0594,4.24,31.27,recommend_3arm
1111,balanced,4,1,1,1,1,0.5,0_5,6,38.19,5.37,35.5,1.0594,6.36,29.15,recommend_3arm
1111,balanced,4,1,1,1,1,0.5,0_5,8,38.19,5.37,35.5,1.0594,8.47,27.03,recommend_3arm
1111,balanced,4,1,1,1,1,0.5,0_5,10,38.19,5.37,35.5,1.0594,10.59,24.91,recommend_3arm
1111,balanced,4,1,1,1,1,0.5,0_5,12,38.19,5.37,35.5,1.0594,12.71,22.79,recommend_3arm
1111,balanced,4,1,1,1,1,0.5,0_5,15,38.19,5.37,35.5,1.0594,15.89,19.61,recommend_3arm
1111,balanced,4,1,1,1,1,0.5,0_5,20,38.19,5.37,35.5,1.0594,21.19,14.32,recommend_3arm
1111,balanced,4,1,1,1,1,0.5,0_5,25,38.19,5.37,35.5,1.0594,26.48,9.02,recommend_3arm
1111,balanced,4,1,1,1,1,1,1,0,38.19,5.37,32.82,1.0594,0.0,32.82,recommend_3arm
1111,balanced,4,1,1,1,1,1,1,2,38.19,5.37,32.82,1.0594,2.12,30.7,recommend_3arm
1111,balanced,4,1,1,1,1,1,1,4,38.19,5.37,32.82,1.0594,4.24,28.58,recommend_3arm
1111,balanced,4,1,1,1,1,1,1,6,38.19,5.37,32.82,1.0594,6.36,26.46,recommend_3arm
1111,balanced,4,1,1,1,1,1,1,8,38.19,5.37,32.82,1.0594,8.47,24.34,recommend_3arm
1111,balanced,4,1,1,1,1,1,1,10,38.19,5.37,32.82,1.0594,10.59,22.23,recommend_3arm
1111,balanced,4,1,1,1,1,1,1,12,38.19,5.37,32.82,1.0594,12.71,20.11,recommend_3arm
1111,balanced,4,1,1,1,1,1,1,15,38.19,5.37,32.82,1.0594,15.89,16.93,recommend_3arm
1111,balanced,4,1,1,1,1,1,1,20,38.19,5.37,32.82,1.0594,21.19,11.63,recommend_3arm
1111,balanced,4,1,1,1,1,1,1,25,38.19,5.37,32.82,1.0594,26.48,6.34,recommend_3arm
1111,balanced,4,1,1,1,1,2,2,0,38.19,5.37,27.45,1.0594,0.0,27.45,recommend_3arm
1111,balanced,4,1,1,1,1,2,2,2,38.19,5.37,27.45,1.0594,2.12,25.33,recommend_3arm
1111,balanced,4,1,1,1,1,2,2,4,38.19,5.37,27.45,1.0594,4.24,23.21,recommend_3arm
1111,balanced,4,1,1,1,1,2,2,6,38.19,5.37,27.45,1.0594,6.36,21.09,recommend_3arm
1111,balanced,4,1,1,1,1,2,2,8,38.19,5.37,27.45,1.0594,8.47,18.97,recommend_3arm
1111,balanced,4,1,1,1,1,2,2,10,38.19,5.37,27.45,1.0594,10.59,16.86,recommend_3arm
1111,balanced,4,1,1,1,1,2,2,12,38.19,5.37,27.45,1.0594,12.71,14.74,recommend_3arm
1111,balanced,4,1,1,1,1,2,2,15,38.19,5.37,27.45,1.0594,15.89,11.56,recommend_3arm
1111,balanced,4,1,1,1,1,2,2,20,38.19,5.37,27.45,1.0594,21.19,6.26,recommend_3arm
1111,balanced,4,1,1,1,1,2,2,25,38.19,5.37,27.45,1.0594,26.48,0.97,recommend_3arm
1111,balanced,4,1,1,1,1,3,3,0,38.19,5.37,22.08,1.0594,0.0,22.08,recommend_3arm
1111,balanced,4,1,1,1,1,3,3,2,38.19,5.37,22.08,1.0594,2.12,19.96,recommend_3arm
1111,balanced,4,1,1,1,1,3,3,4,38.19,5.37,22.08,1.0594,4.24,17.84,recommend_3arm
1111,balanced,4,1,1,1,1,3,3,6,38.19,5.37,22.08,1.0594,6.36,15.72,recommend_3arm
1111,balanced,4,1,1,1,1,3,3,8,38.19,5.37,22.08,1.0594,8.47,13.6,recommend_3arm
1111,balanced,4,1,1,1,1,3,3,10,38.19,5.37,22.08,1.0594,10.59,11.49,recommend_3arm
1111,balanced,4,1,1,1,1,3,3,12,38.19,5.37,22.08,1.0594,12.71,9.37,recommend_3arm
1111,balanced,4,1,1,1,1,3,3,15,38.19,5.37,22.08,1.0594,15.89,6.19,recommend_3arm
1111,balanced,4,1,1,1,1,3,3,20,38.19,5.37,22.08,1.0594,21.19,0.89,recommend_3arm
1111,balanced,4,1,1,1,1,3,3,25,38.19,5.37,22.08,1.0594,26.48,-4.4,recommend_2arm
1111,balanced,4,1,1,1,1,4,4,0,38.19,5.37,16.71,1.0594,0.0,16.71,recommend_3arm
1111,balanced,4,1,1,1,1,4,4,2,38.19,5.37,16.71,1.0594,2.12,14.59,recommend_3arm
1111,balanced,4,1,1,1,1,4,4,4,38.19,5.37,16.71,1.0594,4.24,12.47,recommend_3arm
1111,balanced,4,1,1,1,1,4,4,6,38.19,5.37,16.71,1.0594,6.36,10.35,recommend_3arm
1111,balanced,4,1,1,1,1,4,4,8,38.19,5.37,16.71,1.0594,8.47,8.23,recommend_3arm
1111,balanced,4,1,1,1,1,4,4,10,38.19,5.37,16.71,1.0594,10.59,6.12,recommend_3arm
1111,balanced,4,1,1,1,1,4,4,12,38.19,5.37,16.71,1.0594,12.71,4.0,recommend_3arm
1111,balanced,4,1,1,1,1,4,4,15,38.19,5.37,16.71,1.0594,15.89,0.82,recommend_3arm
1111,balanced,4,1,1,1,1,4,4,20,38.19,5.37,16.71,1.0594,21.19,-4.48,recommend_2arm
1111,balanced,4,1,1,1,1,4,4,25,38.19,5.37,16.71,1.0594,26.48,-9.77,recommend_2arm
1111,balanced,4,1,1,1,1,5,5,0,38.19,5.37,11.34,1.0594,0.0,11.34,recommend_3arm
1111,balanced,4,1,1,1,1,5,5,2,38.19,5.37,11.34,1.0594,2.12,9.22,recommend_3arm
1111,balanced,4,1,1,1,1,5,5,4,38.19,5.37,11.34,1.0594,4.24,7.1,recommend_3arm
1111,balanced,4,1,1,1,1,5,5,6,38.19,5.37,11.34,1.0594,6.36,4.98,recommend_3arm
1111,balanced,4,1,1,1,1,5,5,8,38.19,5.37,11.34,1.0594,8.47,2.86,recommend_3arm
1111,balanced,4,1,1,1,1,5,5,10,38.19,5.37,11.34,1.0594,10.59,0.75,recommend_3arm
1111,balanced,4,1,1,1,1,5,5,12,38.19,5.37,11.34,1.0594,12.71,-1.37,recommend_2arm
1111,balanced,4,1,1,1,1,5,5,15,38.19,5.37,11.34,1.0594,15.89,-4.55,recommend_2arm
1111,balanced,4,1,1,1,1,5,5,20,38.19,5.37,11.34,1.0594,21.19,-9.85,recommend_2arm
1111,balanced,4,1,1,1,1,5,5,25,38.19,5.37,11.34,1.0594,26.48,-15.14,recommend_2arm
1111,balanced,4,1,1,1,1,6,6,0,38.19,5.37,5.97,1.0594,0.0,5.97,recommend_3arm
1111,balanced,4,1,1,1,1,6,6,2,38.19,5.37,5.97,1.0594,2.12,3.85,recommend_3arm
1111,balanced,4,1,1,1,1,6,6,4,38.19,5.37,5.97,1.0594,4.24,1.73,recommend_3arm
1111,balanced,4,1,1,1,1,6,6,6,38.19,5.37,5.97,1.0594,6.36,-0.39,recommend_2arm
1111,balanced,4,1,1,1,1,6,6,8,38.19,5.37,5.97,1.0594,8.47,-2.51,recommend_2arm
1111,balanced,4,1,1,1,1,6,6,10,38.19,5.37,5.97,1.0594,10.59,-4.62,recommend_2arm
1111,balanced,4,1,1,1,1,6,6,12,38.19,5.37,5.97,1.0594,12.71,-6.74,recommend_2arm
1111,balanced,4,1,1,1,1,6,6,15,38.19,5.37,5.97,1.0594,15.89,-9.92,recommend_2arm
1111,balanced,4,1,1,1,1,6,6,20,38.19,5.37,5.97,1.0594,21.19,-15.22,recommend_2arm
1111,balanced,4,1,1,1,1,6,6,25,38.19,5.37,5.97,1.0594,26.48,-20.51,recommend_2arm
1111,balanced,4,1,1,1,1,8,8,0,38.19,5.37,-4.77,1.0594,0.0,-4.77,recommend_2arm
1111,balanced,4,1,1,1,1,8,8,2,38.19,5.37,-4.77,1.0594,2.12,-6.89,recommend_2arm
1111,balanced,4,1,1,1,1,8,8,4,38.19,5.37,-4.77,1.0594,4.24,-9.01,recommend_2arm
1111,balanced,4,1,1,1,1,8,8,6,38.19,5.37,-4.77,1.0594,6.36,-11.13,recommend_2arm
1111,balanced,4,1,1,1,1,8,8,8,38.19,5.37,-4.77,1.0594,8.47,-13.25,recommend_2arm
1111,balanced,4,1,1,1,1,8,8,10,38.19,5.37,-4.77,1.0594,10.59,-15.36,recommend_2arm
1111,balanced,4,1,1,1,1,8,8,12,38.19,5.37,-4.77,1.0594,12.71,-17.48,recommend_2arm
1111,balanced,4,1,1,1,1,8,8,15,38.19,5.37,-4.77,1.0594,15.89,-20.66,recommend_2arm
1111,balanced,4,1,1,1,1,8,8,20,38.19,5.37,-4.77,1.0594,21.19,-25.96,recommend_2arm
1111,balanced,4,1,1,1,1,8,8,25,38.19,5.37,-4.77,1.0594,26.48,-31.25,recommend_2arm
1111,balanced,4,1,1,1,1,10,10,0,38.19,5.37,-15.51,1.0594,0.0,-15.51,recommend_2arm
1111,balanced,4,1,1,1,1,10,10,2,38.19,5.37,-15.51,1.0594,2.12,-17.63,recommend_2arm
1111,balanced,4,1,1,1,1,10,10,4,38.19,5.37,-15.51,1.0594,4.24,-19.75,recommend_2arm
1111,balanced,4,1,1,1,1,10,10,6,38.19,5.37,-15.51,1.0594,6.36,-21.87,recommend_2arm
1111,balanced,4,1,1,1,1,10,10,8,38.19,5.37,-15.51,1.0594,8.47,-23.99,recommend_2arm
1111,balanced,4,1,1,1,1,10,10,10,38.19,5.37,-15.51,1.0594,10.59,-26.1,recommend_2arm
1111,balanced,4,1,1,1,1,10,10,12,38.19,5.37,-15.51,1.0594,12.71,-28.22,recommend_2arm
1111,balanced,4,1,1,1,1,10,10,15,38.19,5.37,-15.51,1.0594,15.89,-31.4,recommend_2arm
1111,balanced,4,1,1,1,1,10,10,20,38.19,5.37,-15.51,1.0594,21.19,-36.7,recommend_2arm
1111,balanced,4,1,1,1,1,10,10,25,38.19,5.37,-15.51,1.0594,26.48,-41.99,recommend_2arm
1111,balanced,4,1,1,1,1,15,15,0,38.19,5.37,-42.36,1.0594,0.0,-42.36,recommend_2arm
1111,balanced,4,1,1,1,1,15,15,2,38.19,5.37,-42.36,1.0594,2.12,-44.48,recommend_2arm
1111,balanced,4,1,1,1,1,15,15,4,38.19,5.37,-42.36,1.0594,4.24,-46.6,recommend_2arm
1111,balanced,4,1,1,1,1,15,15,6,38.19,5.37,-42.36,1.0594,6.36,-48.72,recommend_2arm
1111,balanced,4,1,1,1,1,15,15,8,38.19,5.37,-42.36,1.0594,8.47,-50.84,recommend_2arm
1111,balanced,4,1,1,1,1,15,15,10,38.19,5.37,-42.36,1.0594,10.59,-52.95,recommend_2arm
1111,balanced,4,1,1,1,1,15,15,12,38.19,5.37,-42.36,1.0594,12.71,-55.07,recommend_2arm
1111,balanced,4,1,1,1,1,15,15,15,38.19,5.37,-42.36,1.0594,15.89,-58.25,recommend_2arm
1111,balanced,4,1,1,1,1,15,15,20,38.19,5.37,-42.36,1.0594,21.19,-63.55,recommend_2arm
1111,balanced,4,1,1,1,1,15,15,25,38.19,5.37,-42.36,1.0594,26.48,-68.84,recommend_2arm
1112,type4_dominant,5,1,1,1,2,0.5,0_5,0,29.54,4.15,27.46,1.1121,0.0,27.46,recommend_3arm
1112,type4_dominant,5,1,1,1,2,0.5,0_5,2,29.54,4.15,27.46,1.1121,2.22,25.24,recommend_3arm
1112,type4_dominant,5,1,1,1,2,0.5,0_5,4,29.54,4.15,27.46,1.1121,4.45,23.02,recommend_3arm
1112,type4_dominant,5,1,1,1,2,0.5,0_5,6,29.54,4.15,27.46,1.1121,6.67,20.79,recommend_3arm
1112,type4_dominant,5,1,1,1,2,0.5,0_5,8,29.54,4.15,27.46,1.1121,8.9,18.57,recommend_3arm
1112,type4_dominant,5,1,1,1,2,0.5,0_5,10,29.54,4.15,27.46,1.1121,11.12,16.34,recommend_3arm
1112,type4_dominant,5,1,1,1,2,0.5,0_5,12,29.54,4.15,27.46,1.1121,13.35,14.12,recommend_3arm
1112,type4_dominant,5,1,1,1,2,0.5,0_5,15,29.54,4.15,27.46,1.1121,16.68,10.78,recommend_3arm
1112,type4_dominant,5,1,1,1,2,0.5,0_5,20,29.54,4.15,27.46,1.1121,22.24,5.22,recommend_3arm
1112,type4_dominant,5,1,1,1,2,0.5,0_5,25,29.54,4.15,27.46,1.1121,27.8,-0.34,recommend_2arm
1112,type4_dominant,5,1,1,1,2,1,1,0,29.54,4.15,25.39,1.1121,0.0,25.39,recommend_3arm
1112,type4_dominant,5,1,1,1,2,1,1,2,29.54,4.15,25.39,1.1121,2.22,23.17,recommend_3arm
1112,type4_dominant,5,1,1,1,2,1,1,4,29.54,4.15,25.39,1.1121,4.45,20.94,recommend_3arm
1112,type4_dominant,5,1,1,1,2,1,1,6,29.54,4.15,25.39,1.1121,6.67,18.72,recommend_3arm
1112,type4_dominant,5,1,1,1,2,1,1,8,29.54,4.15,25.39,1.1121,8.9,16.49,recommend_3arm
1112,type4_dominant,5,1,1,1,2,1,1,10,29.54,4.15,25.39,1.1121,11.12,14.27,recommend_3arm
1112,type4_dominant,5,1,1,1,2,1,1,12,29.54,4.15,25.39,1.1121,13.35,12.04,recommend_3arm
1112,type4_dominant,5,1,1,1,2,1,1,15,29.54,4.15,25.39,1.1121,16.68,8.71,recommend_3arm
1112,type4_dominant,5,1,1,1,2,1,1,20,29.54,4.15,25.39,1.1121,22.24,3.15,recommend_3arm
1112,type4_dominant,5,1,1,1,2,1,1,25,29.54,4.15,25.39,1.1121,27.8,-2.41,recommend_2arm
1112,type4_dominant,5,1,1,1,2,2,2,0,29.54,4.15,21.24,1.1121,0.0,21.24,recommend_3arm
1112,type4_dominant,5,1,1,1,2,2,2,2,29.54,4.15,21.24,1.1121,2.22,19.02,recommend_3arm
1112,type4_dominant,5,1,1,1,2,2,2,4,29.54,4.15,21.24,1.1121,4.45,16.79,recommend_3arm
1112,type4_dominant,5,1,1,1,2,2,2,6,29.54,4.15,21.24,1.1121,6.67,14.57,recommend_3arm
1112,type4_dominant,5,1,1,1,2,2,2,8,29.54,4.15,21.24,1.1121,8.9,12.34,recommend_3arm
1112,type4_dominant,5,1,1,1,2,2,2,10,29.54,4.15,21.24,1.1121,11.12,10.12,recommend_3arm
1112,type4_dominant,5,1,1,1,2,2,2,12,29.54,4.15,21.24,1.1121,13.35,7.89,recommend_3arm
1112,type4_dominant,5,1,1,1,2,2,2,15,29.54,4.15,21.24,1.1121,16.68,4.56,recommend_3arm
1112,type4_dominant,5,1,1,1,2,2,2,20,29.54,4.15,21.24,1.1121,22.24,-1.0,recommend_2arm
1112,type4_dominant,5,1,1,1,2,2,2,25,29.54,4.15,21.24,1.1121,27.8,-6.56,recommend_2arm
1112,type4_dominant,5,1,1,1,2,3,3,0,29.54,4.15,17.09,1.1121,0.0,17.09,recommend_3arm
1112,type4_dominant,5,1,1,1,2,3,3,2,29.54,4.15,17.09,1.1121,2.22,14.87,recommend_3arm
1112,type4_dominant,5,1,1,1,2,3,3,4,29.54,4.15,17.09,1.1121,4.45,12.64,recommend_3arm
1112,type4_dominant,5,1,1,1,2,3,3,6,29.54,4.15,17.09,1.1121,6.67,10.42,recommend_3arm
1112,type4_dominant,5,1,1,1,2,3,3,8,29.54,4.15,17.09,1.1121,8.9,8.19,recommend_3arm
1112,type4_dominant,5,1,1,1,2,3,3,10,29.54,4.15,17.09,1.1121,11.12,5.97,recommend_3arm
1112,type4_dominant,5,1,1,1,2,3,3,12,29.54,4.15,17.09,1.1121,13.35,3.74,recommend_3arm
1112,type4_dominant,5,1,1,1,2,3,3,15,29.54,4.15,17.09,1.1121,16.68,0.41,recommend_3arm
1112,type4_dominant,5,1,1,1,2,3,3,20,29.54,4.15,17.09,1.1121,22.24,-5.15,recommend_2arm
1112,type4_dominant,5,1,1,1,2,3,3,25,29.54,4.15,17.09,1.1121,27.8,-10.71,recommend_2arm
1112,type4_dominant,5,1,1,1,2,4,4,0,29.54,4.15,12.94,1.1121,0.0,12.94,recommend_3arm
1112,type4_dominant,5,1,1,1,2,4,4,2,29.54,4.15,12.94,1.1121,2.22,10.72,recommend_3arm
1112,type4_dominant,5,1,1,1,2,4,4,4,29.54,4.15,12.94,1.1121,4.45,8.49,recommend_3arm
1112,type4_dominant,5,1,1,1,2,4,4,6,29.54,4.15,12.94,1.1121,6.67,6.27,recommend_3arm
1112,type4_dominant,5,1,1,1,2,4,4,8,29.54,4.15,12.94,1.1121,8.9,4.04,recommend_3arm
1112,type4_dominant,5,1,1,1,2,4,4,10,29.54,4.15,12.94,1.1121,11.12,1.82,recommend_3arm
1112,type4_dominant,5,1,1,1,2,4,4,12,29.54,4.15,12.94,1.1121,13.35,-0.41,recommend_2arm
1112,type4_dominant,5,1,1,1,2,4,4,15,29.54,4.15,12.94,1.1121,16.68,-3.74,recommend_2arm
1112,type4_dominant,5,1,1,1,2,4,4,20,29.54,4.15,12.94,1.1121,22.24,-9.3,recommend_2arm
1112,type4_dominant,5,1,1,1,2,4,4,25,29.54,4.15,12.94,1.1121,27.8,-14.86,recommend_2arm
1112,type4_dominant,5,1,1,1,2,5,5,0,29.54,4.15,8.79,1.1121,0.0,8.79,recommend_3arm
1112,type4_dominant,5,1,1,1,2,5,5,2,29.54,4.15,8.79,1.1121,2.22,6.57,recommend_3arm
1112,type4_dominant,5,1,1,1,2,5,5,4,29.54,4.15,8.79,1.1121,4.45,4.34,recommend_3arm
1112,type4_dominant,5,1,1,1,2,5,5,6,29.54,4.15,8.79,1.1121,6.67,2.12,recommend_3arm
1112,type4_dominant,5,1,1,1,2,5,5,8,29.54,4.15,8.79,1.1121,8.9,-0.11,recommend_2arm
1112,type4_dominant,5,1,1,1,2,5,5,10,29.54,4.15,8.79,1.1121,11.12,-2.33,recommend_2arm
1112,type4_dominant,5,1,1,1,2,5,5,12,29.54,4.15,8.79,1.1121,13.35,-4.56,recommend_2arm
1112,type4_dominant,5,1,1,1,2,5,5,15,29.54,4.15,8.79,1.1121,16.68,-7.89,recommend_2arm
1112,type4_dominant,5,1,1,1,2,5,5,20,29.54,4.15,8.79,1.1121,22.24,-13.45,recommend_2arm
1112,type4_dominant,5,1,1,1,2,5,5,25,29.54,4.15,8.79,1.1121,27.8,-19.01,recommend_2arm
1112,type4_dominant,5,1,1,1,2,6,6,0,29.54,4.15,4.64,1.1121,0.0,4.64,recommend_3arm
1112,type4_dominant,5,1,1,1,2,6,6,2,29.54,4.15,4.64,1.1121,2.22,2.42,recommend_3arm
1112,type4_dominant,5,1,1,1,2,6,6,4,29.54,4.15,4.64,1.1121,4.45,0.19,recommend_3arm
1112,type4_dominant,5,1,1,1,2,6,6,6,29.54,4.15,4.64,1.1121,6.67,-2.03,recommend_2arm
1112,type4_dominant,5,1,1,1,2,6,6,8,29.54,4.15,4.64,1.1121,8.9,-4.26,recommend_2arm
1112,type4_dominant,5,1,1,1,2,6,6,10,29.54,4.15,4.64,1.1121,11.12,-6.48,recommend_2arm
1112,type4_dominant,5,1,1,1,2,6,6,12,29.54,4.15,4.64,1.1121,13.35,-8.71,recommend_2arm
1112,type4_dominant,5,1,1,1,2,6,6,15,29.54,4.15,4.64,1.1121,16.68,-12.04,recommend_2arm
1112,type4_dominant,5,1,1,1,2,6,6,20,29.54,4.15,4.64,1.1121,22.24,-17.6,recommend_2arm
1112,type4_dominant,5,1,1,1,2,6,6,25,29.54,4.15,4.64,1.1121,27.8,-23.16,recommend_2arm
1112,type4_dominant,5,1,1,1,2,8,8,0,29.54,4.15,-3.66,1.1121,0.0,-3.66,recommend_2arm
1112,type4_dominant,5,1,1,1,2,8,8,2,29.54,4.15,-3.66,1.1121,2.22,-5.88,recommend_2arm
1112,type4_dominant,5,1,1,1,2,8,8,4,29.54,4.15,-3.66,1.1121,4.45,-8.11,recommend_2arm
1112,type4_dominant,5,1,1,1,2,8,8,6,29.54,4.15,-3.66,1.1121,6.67,-10.33,recommend_2arm
1112,type4_dominant,5,1,1,1,2,8,8,8,29.54,4.15,-3.66,1.1121,8.9,-12.56,recommend_2arm
1112,type4_dominant,5,1,1,1,2,8,8,10,29.54,4.15,-3.66,1.1121,11.12,-14.78,recommend_2arm
1112,type4_dominant,5,1,1,1,2,8,8,12,29.54,4.15,-3.66,1.1121,13.35,-17.01,recommend_2arm
1112,type4_dominant,5,1,1,1,2,8,8,15,29.54,4.15,-3.66,1.1121,16.68,-20.34,recommend_2arm
1112,type4_dominant,5,1,1,1,2,8,8,20,29.54,4.15,-3.66,1.1121,22.24,-25.9,recommend_2arm
1112,type4_dominant,5,1,1,1,2,8,8,25,29.54,4.15,-3.66,1.1121,27.8,-31.46,recommend_2arm
1112,type4_dominant,5,1,1,1,2,10,10,0,29.54,4.15,-11.96,1.1121,0.0,-11.96,recommend_2arm
1112,type4_dominant,5,1,1,1,2,10,10,2,29.54,4.15,-11.96,1.1121,2.22,-14.18,recommend_2arm
1112,type4_dominant,5,1,1,1,2,10,10,4,29.54,4.15,-11.96,1.1121,4.45,-16.41,recommend_2arm
1112,type4_dominant,5,1,1,1,2,10,10,6,29.54,4.15,-11.96,1.1121,6.67,-18.63,recommend_2arm
1112,type4_dominant,5,1,1,1,2,10,10,8,29.54,4.15,-11.96,1.1121,8.9,-20.86,recommend_2arm
1112,type4_dominant,5,1,1,1,2,10,10,10,29.54,4.15,-11.96,1.1121,11.12,-23.08,recommend_2arm
1112,type4_dominant,5,1,1,1,2,10,10,12,29.54,4.15,-11.96,1.1121,13.35,-25.31,recommend_2arm
1112,type4_dominant,5,1,1,1,2,10,10,15,29.54,4.15,-11.96,1.1121,16.68,-28.64,recommend_2arm
1112,type4_dominant,5,1,1,1,2,10,10,20,29.54,4.15,-11.96,1.1121,22.24,-34.2,recommend_2arm
1112,type4_dominant,5,1,1,1,2,10,10,25,29.54,4.15,-11.96,1.1121,27.8,-39.76,recommend_2arm
1112,type4_dominant,5,1,1,1,2,15,15,0,29.54,4.15,-32.71,1.1121,0.0,-32.71,recommend_2arm
1112,type4_dominant,5,1,1,1,2,15,15,2,29.54,4.15,-32.71,1.1121,2.22,-34.93,recommend_2arm
1112,type4_dominant,5,1,1,1,2,15,15,4,29.54,4.15,-32.71,1.1121,4.45,-37.16,recommend_2arm
1112,type4_dominant,5,1,1,1,2,15,15,6,29.54,4.15,-32.71,1.1121,6.67,-39.38,recommend_2arm
1112,type4_dominant,5,1,1,1,2,15,15,8,29.54,4.15,-32.71,1.1121,8.9,-41.61,recommend_2arm
1112,type4_dominant,5,1,1,1,2,15,15,10,29.54,4.15,-32.71,1.1121,11.12,-43.83,recommend_2arm
1112,type4_dominant,5,1,1,1,2,15,15,12,29.54,4.15,-32.71,1.1121,13.35,-46.06,recommend_2arm
1112,type4_dominant,5,1,1,1,2,15,15,15,29.54,4.15,-32.71,1.1121,16.68,-49.39,recommend_2arm
1112,type4_dominant,5,1,1,1,2,15,15,20,29.54,4.15,-32.71,1.1121,22.24,-54.95,recommend_2arm
1112,type4_dominant,5,1,1,1,2,15,15,25,29.54,4.15,-32.71,1.1121,27.8,-60.51,recommend_2arm
1121,dual_arm_dominant,5,1,1,2,1,0.5,0_5,0,29.14,4.46,26.91,1.0941,0.0,26.91,recommend_3arm
1121,dual_arm_dominant,5,1,1,2,1,0.5,0_5,2,29.14,4.46,26.91,1.0941,2.19,24.72,recommend_3arm
1121,dual_arm_dominant,5,1,1,2,1,0.5,0_5,4,29.14,4.46,26.91,1.0941,4.38,22.53,recommend_3arm
1121,dual_arm_dominant,5,1,1,2,1,0.5,0_5,6,29.14,4.46,26.91,1.0941,6.56,20.35,recommend_3arm
1121,dual_arm_dominant,5,1,1,2,1,0.5,0_5,8,29.14,4.46,26.91,1.0941,8.75,18.16,recommend_3arm
1121,dual_arm_dominant,5,1,1,2,1,0.5,0_5,10,29.14,4.46,26.91,1.0941,10.94,15.97,recommend_3arm
1121,dual_arm_dominant,5,1,1,2,1,0.5,0_5,12,29.14,4.46,26.91,1.0941,13.13,13.78,recommend_3arm
1121,dual_arm_dominant,5,1,1,2,1,0.5,0_5,15,29.14,4.46,26.91,1.0941,16.41,10.5,recommend_3arm
1121,dual_arm_dominant,5,1,1,2,1,0.5,0_5,20,29.14,4.46,26.91,1.0941,21.88,5.03,recommend_3arm
1121,dual_arm_dominant,5,1,1,2,1,0.5,0_5,25,29.14,4.46,26.91,1.0941,27.35,-0.44,recommend_2arm
1121,dual_arm_dominant,5,1,1,2,1,1,1,0,29.14,4.46,24.68,1.0941,0.0,24.68,recommend_3arm
1121,dual_arm_dominant,5,1,1,2,1,1,1,2,29.14,4.46,24.68,1.0941,2.19,22.49,recommend_3arm
1121,dual_arm_dominant,5,1,1,2,1,1,1,4,29.14,4.46,24.68,1.0941,4.38,20.3,recommend_3arm
1121,dual_arm_dominant,5,1,1,2,1,1,1,6,29.14,4.46,24.68,1.0941,6.56,18.12,recommend_3arm
1121,dual_arm_dominant,5,1,1,2,1,1,1,8,29.14,4.46,24.68,1.0941,8.75,15.93,recommend_3arm
1121,dual_arm_dominant,5,1,1,2,1,1,1,10,29.14,4.46,24.68,1.0941,10.94,13.74,recommend_3arm
1121,dual_arm_dominant,5,1,1,2,1,1,1,12,29.14,4.46,24.68,1.0941,13.13,11.55,recommend_3arm
1121,dual_arm_dominant,5,1,1,2,1,1,1,15,29.14,4.46,24.68,1.0941,16.41,8.27,recommend_3arm
1121,dual_arm_dominant,5,1,1,2,1,1,1,20,29.14,4.46,24.68,1.0941,21.88,2.8,recommend_3arm
1121,dual_arm_dominant,5,1,1,2,1,1,1,25,29.14,4.46,24.68,1.0941,27.35,-2.67,recommend_2arm
1121,dual_arm_dominant,5,1,1,2,1,2,2,0,29.14,4.46,20.22,1.0941,0.0,20.22,recommend_3arm
1121,dual_arm_dominant,5,1,1,2,1,2,2,2,29.14,4.46,20.22,1.0941,2.19,18.03,recommend_3arm
1121,dual_arm_dominant,5,1,1,2,1,2,2,4,29.14,4.46,20.22,1.0941,4.38,15.84,recommend_3arm
1121,dual_arm_dominant,5,1,1,2,1,2,2,6,29.14,4.46,20.22,1.0941,6.56,13.66,recommend_3arm
1121,dual_arm_dominant,5,1,1,2,1,2,2,8,29.14,4.46,20.22,1.0941,8.75,11.47,recommend_3arm
1121,dual_arm_dominant,5,1,1,2,1,2,2,10,29.14,4.46,20.22,1.0941,10.94,9.28,recommend_3arm
1121,dual_arm_dominant,5,1,1,2,1,2,2,12,29.14,4.46,20.22,1.0941,13.13,7.09,recommend_3arm
1121,dual_arm_dominant,5,1,1,2,1,2,2,15,29.14,4.46,20.22,1.0941,16.41,3.81,recommend_3arm
1121,dual_arm_dominant,5,1,1,2,1,2,2,20,29.14,4.46,20.22,1.0941,21.88,-1.66,recommend_2arm
1121,dual_arm_dominant,5,1,1,2,1,2,2,25,29.14,4.46,20.22,1.0941,27.35,-7.13,recommend_2arm
1121,dual_arm_dominant,5,1,1,2,1,3,3,0,29.14,4.46,15.76,1.0941,0.0,15.76,recommend_3arm
1121,dual_arm_dominant,5,1,1,2,1,3,3,2,29.14,4.46,15.76,1.0941,2.19,13.57,recommend_3arm
1121,dual_arm_dominant,5,1,1,2,1,3,3,4,29.14,4.46,15.76,1.0941,4.38,11.38,recommend_3arm
1121,dual_arm_dominant,5,1,1,2,1,3,3,6,29.14,4.46,15.76,1.0941,6.56,9.2,recommend_3arm
1121,dual_arm_dominant,5,1,1,2,1,3,3,8,29.14,4.46,15.76,1.0941,8.75,7.01,recommend_3arm
1121,dual_arm_dominant,5,1,1,2,1,3,3,10,29.14,4.46,15.76,1.0941,10.94,4.82,recommend_3arm
1121,dual_arm_dominant,5,1,1,2,1,3,3,12,29.14,4.46,15.76,1.0941,13.13,2.63,recommend_3arm
1121,dual_arm_dominant,5,1,1,2,1,3,3,15,29.14,4.46,15.76,1.0941,16.41,-0.65,recommend_2arm
1121,dual_arm_dominant,5,1,1,2,1,3,3,20,29.14,4.46,15.76,1.0941,21.88,-6.12,recommend_2arm
1121,dual_arm_dominant,5,1,1,2,1,3,3,25,29.14,4.46,15.76,1.0941,27.35,-11.59,recommend_2arm
1121,dual_arm_dominant,5,1,1,2,1,4,4,0,29.14,4.46,11.3,1.0941,0.0,11.3,recommend_3arm
1121,dual_arm_dominant,5,1,1,2,1,4,4,2,29.14,4.46,11.3,1.0941,2.19,9.11,recommend_3arm
1121,dual_arm_dominant,5,1,1,2,1,4,4,4,29.14,4.46,11.3,1.0941,4.38,6.92,recommend_3arm
1121,dual_arm_dominant,5,1,1,2,1,4,4,6,29.14,4.46,11.3,1.0941,6.56,4.74,recommend_3arm
1121,dual_arm_dominant,5,1,1,2,1,4,4,8,29.14,4.46,11.3,1.0941,8.75,2.55,recommend_3arm
1121,dual_arm_dominant,5,1,1,2,1,4,4,10,29.14,4.46,11.3,1.0941,10.94,0.36,recommend_3arm
1121,dual_arm_dominant,5,1,1,2,1,4,4,12,29.14,4.46,11.3,1.0941,13.13,-1.83,recommend_2arm
1121,dual_arm_dominant,5,1,1,2,1,4,4,15,29.14,4.46,11.3,1.0941,16.41,-5.11,recommend_2arm
1121,dual_arm_dominant,5,1,1,2,1,4,4,20,29.14,4.46,11.3,1.0941,21.88,-10.58,recommend_2arm
1121,dual_arm_dominant,5,1,1,2,1,4,4,25,29.14,4.46,11.3,1.0941,27.35,-16.05,recommend_2arm
1121,dual_arm_dominant,5,1,1,2,1,5,5,0,29.14,4.46,6.84,1.0941,0.0,6.84,recommend_3arm
1121,dual_arm_dominant,5,1,1,2,1,5,5,2,29.14,4.46,6.84,1.0941,2.19,4.65,recommend_3arm
1121,dual_arm_dominant,5,1,1,2,1,5,5,4,29.14,4.46,6.84,1.0941,4.38,2.46,recommend_3arm
1121,dual_arm_dominant,5,1,1,2,1,5,5,6,29.14,4.46,6.84,1.0941,6.56,0.28,recommend_3arm
1121,dual_arm_dominant,5,1,1,2,1,5,5,8,29.14,4.46,6.84,1.0941,8.75,-1.91,recommend_2arm
1121,dual_arm_dominant,5,1,1,2,1,5,5,10,29.14,4.46,6.84,1.0941,10.94,-4.1,recommend_2arm
1121,dual_arm_dominant,5,1,1,2,1,5,5,12,29.14,4.46,6.84,1.0941,13.13,-6.29,recommend_2arm
1121,dual_arm_dominant,5,1,1,2,1,5,5,15,29.14,4.46,6.84,1.0941,16.41,-9.57,recommend_2arm
1121,dual_arm_dominant,5,1,1,2,1,5,5,20,29.14,4.46,6.84,1.0941,21.88,-15.04,recommend_2arm
1121,dual_arm_dominant,5,1,1,2,1,5,5,25,29.14,4.46,6.84,1.0941,27.35,-20.51,recommend_2arm
1121,dual_arm_dominant,5,1,1,2,1,6,6,0,29.14,4.46,2.38,1.0941,0.0,2.38,recommend_3arm
1121,dual_arm_dominant,5,1,1,2,1,6,6,2,29.14,4.46,2.38,1.0941,2.19,0.19,recommend_3arm
1121,dual_arm_dominant,5,1,1,2,1,6,6,4,29.14,4.46,2.38,1.0941,4.38,-2.0,recommend_2arm
1121,dual_arm_dominant,5,1,1,2,1,6,6,6,29.14,4.46,2.38,1.0941,6.56,-4.18,recommend_2arm
1121,dual_arm_dominant,5,1,1,2,1,6,6,8,29.14,4.46,2.38,1.0941,8.75,-6.37,recommend_2arm
1121,dual_arm_dominant,5,1,1,2,1,6,6,10,29.14,4.46,2.38,1.0941,10.94,-8.56,recommend_2arm
1121,dual_arm_dominant,5,1,1,2,1,6,6,12,29.14,4.46,2.38,1.0941,13.13,-10.75,recommend_2arm
1121,dual_arm_dominant,5,1,1,2,1,6,6,15,29.14,4.46,2.38,1.0941,16.41,-14.03,recommend_2arm
1121,dual_arm_dominant,5,1,1,2,1,6,6,20,29.14,4.46,2.38,1.0941,21.88,-19.5,recommend_2arm
1121,dual_arm_dominant,5,1,1,2,1,6,6,25,29.14,4.46,2.38,1.0941,27.35,-24.97,recommend_2arm
1121,dual_arm_dominant,5,1,1,2,1,8,8,0,29.14,4.46,-6.54,1.0941,0.0,-6.54,recommend_2arm
1121,dual_arm_dominant,5,1,1,2,1,8,8,2,29.14,4.46,-6.54,1.0941,2.19,-8.73,recommend_2arm
1121,dual_arm_dominant,5,1,1,2,1,8,8,4,29.14,4.46,-6.54,1.0941,4.38,-10.92,recommend_2arm
1121,dual_arm_dominant,5,1,1,2,1,8,8,6,29.14,4.46,-6.54,1.0941,6.56,-13.1,recommend_2arm
1121,dual_arm_dominant,5,1,1,2,1,8,8,8,29.14,4.46,-6.54,1.0941,8.75,-15.29,recommend_2arm
1121,dual_arm_dominant,5,1,1,2,1,8,8,10,29.14,4.46,-6.54,1.0941,10.94,-17.48,recommend_2arm
1121,dual_arm_dominant,5,1,1,2,1,8,8,12,29.14,4.46,-6.54,1.0941,13.13,-19.67,recommend_2arm
1121,dual_arm_dominant,5,1,1,2,1,8,8,15,29.14,4.46,-6.54,1.0941,16.41,-22.95,recommend_2arm
1121,dual_arm_dominant,5,1,1,2,1,8,8,20,29.14,4.46,-6.54,1.0941,21.88,-28.42,recommend_2arm
1121,dual_arm_dominant,5,1,1,2,1,8,8,25,29.14,4.46,-6.54,1.0941,27.35,-33.89,recommend_2arm
1121,dual_arm_dominant,5,1,1,2,1,10,10,0,29.14,4.46,-15.46,1.0941,0.0,-15.46,recommend_2arm
1121,dual_arm_dominant,5,1,1,2,1,10,10,2,29.14,4.46,-15.46,1.0941,2.19,-17.65,recommend_2arm
1121,dual_arm_dominant,5,1,1,2,1,10,10,4,29.14,4.46,-15.46,1.0941,4.38,-19.84,recommend_2arm
1121,dual_arm_dominant,5,1,1,2,1,10,10,6,29.14,4.46,-15.46,1.0941,6.56,-22.02,recommend_2arm
1121,dual_arm_dominant,5,1,1,2,1,10,10,8,29.14,4.46,-15.46,1.0941,8.75,-24.21,recommend_2arm
1121,dual_arm_dominant,5,1,1,2,1,10,10,10,29.14,4.46,-15.46,1.0941,10.94,-26.4,recommend_2arm
1121,dual_arm_dominant,5,1,1,2,1,10,10,12,29.14,4.46,-15.46,1.0941,13.13,-28.59,recommend_2arm
1121,dual_arm_dominant,5,1,1,2,1,10,10,15,29.14,4.46,-15.46,1.0941,16.41,-31.87,recommend_2arm
1121,dual_arm_dominant,5,1,1,2,1,10,10,20,29.14,4.46,-15.46,1.0941,21.88,-37.34,recommend_2arm
1121,dual_arm_dominant,5,1,1,2,1,10,10,25,29.14,4.46,-15.46,1.0941,27.35,-42.81,recommend_2arm
1121,dual_arm_dominant,5,1,1,2,1,15,15,0,29.14,4.46,-37.76,1.0941,0.0,-37.76,recommend_2arm
1121,dual_arm_dominant,5,1,1,2,1,15,15,2,29.14,4.46,-37.76,1.0941,2.19,-39.95,recommend_2arm
1121,dual_arm_dominant,5,1,1,2,1,15,15,4,29.14,4.46,-37.76,1.0941,4.38,-42.14,recommend_2arm
1121,dual_arm_dominant,5,1,1,2,1,15,15,6,29.14,4.46,-37.76,1.0941,6.56,-44.32,recommend_2arm
1121,dual_arm_dominant,5,1,1,2,1,15,15,8,29.14,4.46,-37.76,1.0941,8.75,-46.51,recommend_2arm
1121,dual_arm_dominant,5,1,1,2,1,15,15,10,29.14,4.46,-37.76,1.0941,10.94,-48.7,recommend_2arm
1121,dual_arm_dominant,5,1,1,2,1,15,15,12,29.14,4.46,-37.76,1.0941,13.13,-50.89,recommend_2arm
1121,dual_arm_dominant,5,1,1,2,1,15,15,15,29.14,4.46,-37.76,1.0941,16.41,-54.17,recommend_2arm
1121,dual_arm_dominant,5,1,1,2,1,15,15,20,29.14,4.46,-37.76,1.0941,21.88,-59.64,recommend_2arm
1121,dual_arm_dominant,5,1,1,2,1,15,15,25,29.14,4.46,-37.76,1.0941,27.35,-65.11,recommend_2arm
1122,dual_arm_dominant,6,1,1,2,2,0.5,0_5,0,23.91,3.7,22.06,1.1384,0.0,22.06,recommend_3arm
1122,dual_arm_dominant,6,1,1,2,2,0.5,0_5,2,23.91,3.7,22.06,1.1384,2.28,19.78,recommend_3arm
1122,dual_arm_dominant,6,1,1,2,2,0.5,0_5,4,23.91,3.7,22.06,1.1384,4.55,17.51,recommend_3arm
1122,dual_arm_dominant,6,1,1,2,2,0.5,0_5,6,23.91,3.7,22.06,1.1384,6.83,15.23,recommend_3arm
1122,dual_arm_dominant,6,1,1,2,2,0.5,0_5,8,23.91,3.7,22.06,1.1384,9.11,12.95,recommend_3arm
1122,dual_arm_dominant,6,1,1,2,2,0.5,0_5,10,23.91,3.7,22.06,1.1384,11.38,10.68,recommend_3arm
1122,dual_arm_dominant,6,1,1,2,2,0.5,0_5,12,23.91,3.7,22.06,1.1384,13.66,8.4,recommend_3arm
1122,dual_arm_dominant,6,1,1,2,2,0.5,0_5,15,23.91,3.7,22.06,1.1384,17.08,4.98,recommend_3arm
1122,dual_arm_dominant,6,1,1,2,2,0.5,0_5,20,23.91,3.7,22.06,1.1384,22.77,-0.71,recommend_2arm
1122,dual_arm_dominant,6,1,1,2,2,0.5,0_5,25,23.91,3.7,22.06,1.1384,28.46,-6.4,recommend_2arm
1122,dual_arm_dominant,6,1,1,2,2,1,1,0,23.91,3.7,20.21,1.1384,0.0,20.21,recommend_3arm
1122,dual_arm_dominant,6,1,1,2,2,1,1,2,23.91,3.7,20.21,1.1384,2.28,17.93,recommend_3arm
1122,dual_arm_dominant,6,1,1,2,2,1,1,4,23.91,3.7,20.21,1.1384,4.55,15.66,recommend_3arm
1122,dual_arm_dominant,6,1,1,2,2,1,1,6,23.91,3.7,20.21,1.1384,6.83,13.38,recommend_3arm
1122,dual_arm_dominant,6,1,1,2,2,1,1,8,23.91,3.7,20.21,1.1384,9.11,11.1,recommend_3arm
1122,dual_arm_dominant,6,1,1,2,2,1,1,10,23.91,3.7,20.21,1.1384,11.38,8.83,recommend_3arm
1122,dual_arm_dominant,6,1,1,2,2,1,1,12,23.91,3.7,20.21,1.1384,13.66,6.55,recommend_3arm
1122,dual_arm_dominant,6,1,1,2,2,1,1,15,23.91,3.7,20.21,1.1384,17.08,3.13,recommend_3arm
1122,dual_arm_dominant,6,1,1,2,2,1,1,20,23.91,3.7,20.21,1.1384,22.77,-2.56,recommend_2arm
1122,dual_arm_dominant,6,1,1,2,2,1,1,25,23.91,3.7,20.21,1.1384,28.46,-8.25,recommend_2arm
1122,dual_arm_dominant,6,1,1,2,2,2,2,0,23.91,3.7,16.51,1.1384,0.0,16.51,recommend_3arm
1122,dual_arm_dominant,6,1,1,2,2,2,2,2,23.91,3.7,16.51,1.1384,2.28,14.23,recommend_3arm
1122,dual_arm_dominant,6,1,1,2,2,2,2,4,23.91,3.7,16.51,1.1384,4.55,11.96,recommend_3arm
1122,dual_arm_dominant,6,1,1,2,2,2,2,6,23.91,3.7,16.51,1.1384,6.83,9.68,recommend_3arm
1122,dual_arm_dominant,6,1,1,2,2,2,2,8,23.91,3.7,16.51,1.1384,9.11,7.4,recommend_3arm
1122,dual_arm_dominant,6,1,1,2,2,2,2,10,23.91,3.7,16.51,1.1384,11.38,5.13,recommend_3arm
1122,dual_arm_dominant,6,1,1,2,2,2,2,12,23.91,3.7,16.51,1.1384,13.66,2.85,recommend_3arm
1122,dual_arm_dominant,6,1,1,2,2,2,2,15,23.91,3.7,16.51,1.1384,17.08,-0.57,recommend_2arm
1122,dual_arm_dominant,6,1,1,2,2,2,2,20,23.91,3.7,16.51,1.1384,22.77,-6.26,recommend_2arm
1122,dual_arm_dominant,6,1,1,2,2,2,2,25,23.91,3.7,16.51,1.1384,28.46,-11.95,recommend_2arm
1122,dual_arm_dominant,6,1,1,2,2,3,3,0,23.91,3.7,12.81,1.1384,0.0,12.81,recommend_3arm
1122,dual_arm_dominant,6,1,1,2,2,3,3,2,23.91,3.7,12.81,1.1384,2.28,10.53,recommend_3arm
1122,dual_arm_dominant,6,1,1,2,2,3,3,4,23.91,3.7,12.81,1.1384,4.55,8.26,recommend_3arm
1122,dual_arm_dominant,6,1,1,2,2,3,3,6,23.91,3.7,12.81,1.1384,6.83,5.98,recommend_3arm
1122,dual_arm_dominant,6,1,1,2,2,3,3,8,23.91,3.7,12.81,1.1384,9.11,3.7,recommend_3arm
1122,dual_arm_dominant,6,1,1,2,2,3,3,10,23.91,3.7,12.81,1.1384,11.38,1.43,recommend_3arm
1122,dual_arm_dominant,6,1,1,2,2,3,3,12,23.91,3.7,12.81,1.1384,13.66,-0.85,recommend_2arm
1122,dual_arm_dominant,6,1,1,2,2,3,3,15,23.91,3.7,12.81,1.1384,17.08,-4.27,recommend_2arm
1122,dual_arm_dominant,6,1,1,2,2,3,3,20,23.91,3.7,12.81,1.1384,22.77,-9.96,recommend_2arm
1122,dual_arm_dominant,6,1,1,2,2,3,3,25,23.91,3.7,12.81,1.1384,28.46,-15.65,recommend_2arm
1122,dual_arm_dominant,6,1,1,2,2,4,4,0,23.91,3.7,9.11,1.1384,0.0,9.11,recommend_3arm
1122,dual_arm_dominant,6,1,1,2,2,4,4,2,23.91,3.7,9.11,1.1384,2.28,6.83,recommend_3arm
1122,dual_arm_dominant,6,1,1,2,2,4,4,4,23.91,3.7,9.11,1.1384,4.55,4.56,recommend_3arm
1122,dual_arm_dominant,6,1,1,2,2,4,4,6,23.91,3.7,9.11,1.1384,6.83,2.28,recommend_3arm
1122,dual_arm_dominant,6,1,1,2,2,4,4,8,23.91,3.7,9.11,1.1384,9.11,0.0,recommend_3arm
1122,dual_arm_dominant,6,1,1,2,2,4,4,10,23.91,3.7,9.11,1.1384,11.38,-2.27,recommend_2arm
1122,dual_arm_dominant,6,1,1,2,2,4,4,12,23.91,3.7,9.11,1.1384,13.66,-4.55,recommend_2arm
1122,dual_arm_dominant,6,1,1,2,2,4,4,15,23.91,3.7,9.11,1.1384,17.08,-7.97,recommend_2arm
1122,dual_arm_dominant,6,1,1,2,2,4,4,20,23.91,3.7,9.11,1.1384,22.77,-13.66,recommend_2arm
1122,dual_arm_dominant,6,1,1,2,2,4,4,25,23.91,3.7,9.11,1.1384,28.46,-19.35,recommend_2arm
1122,dual_arm_dominant,6,1,1,2,2,5,5,0,23.91,3.7,5.41,1.1384,0.0,5.41,recommend_3arm
1122,dual_arm_dominant,6,1,1,2,2,5,5,2,23.91,3.7,5.41,1.1384,2.28,3.13,recommend_3arm
1122,dual_arm_dominant,6,1,1,2,2,5,5,4,23.91,3.7,5.41,1.1384,4.55,0.86,recommend_3arm
1122,dual_arm_dominant,6,1,1,2,2,5,5,6,23.91,3.7,5.41,1.1384,6.83,-1.42,recommend_2arm
1122,dual_arm_dominant,6,1,1,2,2,5,5,8,23.91,3.7,5.41,1.1384,9.11,-3.7,recommend_2arm
1122,dual_arm_dominant,6,1,1,2,2,5,5,10,23.91,3.7,5.41,1.1384,11.38,-5.97,recommend_2arm
1122,dual_arm_dominant,6,1,1,2,2,5,5,12,23.91,3.7,5.41,1.1384,13.66,-8.25,recommend_2arm
1122,dual_arm_dominant,6,1,1,2,2,5,5,15,23.91,3.7,5.41,1.1384,17.08,-11.67,recommend_2arm
1122,dual_arm_dominant,6,1,1,2,2,5,5,20,23.91,3.7,5.41,1.1384,22.77,-17.36,recommend_2arm
1122,dual_arm_dominant,6,1,1,2,2,5,5,25,23.91,3.7,5.41,1.1384,28.46,-23.05,recommend_2arm
1122,dual_arm_dominant,6,1,1,2,2,6,6,0,23.91,3.7,1.71,1.1384,0.0,1.71,recommend_3arm
1122,dual_arm_dominant,6,1,1,2,2,6,6,2,23.91,3.7,1.71,1.1384,2.28,-0.57,recommend_2arm
1122,dual_arm_dominant,6,1,1,2,2,6,6,4,23.91,3.7,1.71,1.1384,4.55,-2.84,recommend_2arm
1122,dual_arm_dominant,6,1,1,2,2,6,6,6,23.91,3.7,1.71,1.1384,6.83,-5.12,recommend_2arm
1122,dual_arm_dominant,6,1,1,2,2,6,6,8,23.91,3.7,1.71,1.1384,9.11,-7.4,recommend_2arm
1122,dual_arm_dominant,6,1,1,2,2,6,6,10,23.91,3.7,1.71,1.1384,11.38,-9.67,recommend_2arm
1122,dual_arm_dominant,6,1,1,2,2,6,6,12,23.91,3.7,1.71,1.1384,13.66,-11.95,recommend_2arm
1122,dual_arm_dominant,6,1,1,2,2,6,6,15,23.91,3.7,1.71,1.1384,17.08,-15.37,recommend_2arm
1122,dual_arm_dominant,6,1,1,2,2,6,6,20,23.91,3.7,1.71,1.1384,22.77,-21.06,recommend_2arm
1122,dual_arm_dominant,6,1,1,2,2,6,6,25,23.91,3.7,1.71,1.1384,28.46,-26.75,recommend_2arm
1122,dual_arm_dominant,6,1,1,2,2,8,8,0,23.91,3.7,-5.69,1.1384,0.0,-5.69,recommend_2arm
1122,dual_arm_dominant,6,1,1,2,2,8,8,2,23.91,3.7,-5.69,1.1384,2.28,-7.97,recommend_2arm
1122,dual_arm_dominant,6,1,1,2,2,8,8,4,23.91,3.7,-5.69,1.1384,4.55,-10.24,recommend_2arm
1122,dual_arm_dominant,6,1,1,2,2,8,8,6,23.91,3.7,-5.69,1.1384,6.83,-12.52,recommend_2arm
1122,dual_arm_dominant,6,1,1,2,2,8,8,8,23.91,3.7,-5.69,1.1384,9.11,-14.8,recommend_2arm
1122,dual_arm_dominant,6,1,1,2,2,8,8,10,23.91,3.7,-5.69,1.1384,11.38,-17.07,recommend_2arm
1122,dual_arm_dominant,6,1,1,2,2,8,8,12,23.91,3.7,-5.69,1.1384,13.66,-19.35,recommend_2arm
1122,dual_arm_dominant,6,1,1,2,2,8,8,15,23.91,3.7,-5.69,1.1384,17.08,-22.77,recommend_2arm
1122,dual_arm_dominant,6,1,1,2,2,8,8,20,23.91,3.7,-5.69,1.1384,22.77,-28.46,recommend_2arm
1122,dual_arm_dominant,6,1,1,2,2,8,8,25,23.91,3.7,-5.69,1.1384,28.46,-34.15,recommend_2arm
1122,dual_arm_dominant,6,1,1,2,2,10,10,0,23.91,3.7,-13.09,1.1384,0.0,-13.09,recommend_2arm
1122,dual_arm_dominant,6,1,1,2,2,10,10,2,23.91,3.7,-13.09,1.1384,2.28,-15.37,recommend_2arm
1122,dual_arm_dominant,6,1,1,2,2,10,10,4,23.91,3.7,-13.09,1.1384,4.55,-17.64,recommend_2arm
1122,dual_arm_dominant,6,1,1,2,2,10,10,6,23.91,3.7,-13.09,1.1384,6.83,-19.92,recommend_2arm
1122,dual_arm_dominant,6,1,1,2,2,10,10,8,23.91,3.7,-13.09,1.1384,9.11,-22.2,recommend_2arm
1122,dual_arm_dominant,6,1,1,2,2,10,10,10,23.91,3.7,-13.09,1.1384,11.38,-24.47,recommend_2arm
1122,dual_arm_dominant,6,1,1,2,2,10,10,12,23.91,3.7,-13.09,1.1384,13.66,-26.75,recommend_2arm
1122,dual_arm_dominant,6,1,1,2,2,10,10,15,23.91,3.7,-13.09,1.1384,17.08,-30.17,recommend_2arm
1122,dual_arm_dominant,6,1,1,2,2,10,10,20,23.91,3.7,-13.09,1.1384,22.77,-35.86,recommend_2arm
1122,dual_arm_dominant,6,1,1,2,2,10,10,25,23.91,3.7,-13.09,1.1384,28.46,-41.55,recommend_2arm
1122,dual_arm_dominant,6,1,1,2,2,15,15,0,23.91,3.7,-31.59,1.1384,0.0,-31.59,recommend_2arm
1122,dual_arm_dominant,6,1,1,2,2,15,15,2,23.91,3.7,-31.59,1.1384,2.28,-33.87,recommend_2arm
1122,dual_arm_dominant,6,1,1,2,2,15,15,4,23.91,3.7,-31.59,1.1384,4.55,-36.14,recommend_2arm
1122,dual_arm_dominant,6,1,1,2,2,15,15,6,23.91,3.7,-31.59,1.1384,6.83,-38.42,recommend_2arm
1122,dual_arm_dominant,6,1,1,2,2,15,15,8,23.91,3.7,-31.59,1.1384,9.11,-40.7,recommend_2arm
1122,dual_arm_dominant,6,1,1,2,2,15,15,10,23.91,3.7,-31.59,1.1384,11.38,-42.97,recommend_2arm
1122,dual_arm_dominant,6,1,1,2,2,15,15,12,23.91,3.7,-31.59,1.1384,13.66,-45.25,recommend_2arm
1122,dual_arm_dominant,6,1,1,2,2,15,15,15,23.91,3.7,-31.59,1.1384,17.08,-48.67,recommend_2arm
1122,dual_arm_dominant,6,1,1,2,2,15,15,20,23.91,3.7,-31.59,1.1384,22.77,-54.36,recommend_2arm
1122,dual_arm_dominant,6,1,1,2,2,15,15,25,23.91,3.7,-31.59,1.1384,28.46,-60.05,recommend_2arm
1211,single_arm_dominant,5,1,2,1,1,0.5,0_5,0,35.27,4.88,32.83,1.0941,0.0,32.83,recommend_3arm
1211,single_arm_dominant,5,1,2,1,1,0.5,0_5,2,35.27,4.88,32.83,1.0941,2.19,30.64,recommend_3arm
1211,single_arm_dominant,5,1,2,1,1,0.5,0_5,4,35.27,4.88,32.83,1.0941,4.38,28.45,recommend_3arm
1211,single_arm_dominant,5,1,2,1,1,0.5,0_5,6,35.27,4.88,32.83,1.0941,6.56,26.27,recommend_3arm
1211,single_arm_dominant,5,1,2,1,1,0.5,0_5,8,35.27,4.88,32.83,1.0941,8.75,24.08,recommend_3arm
1211,single_arm_dominant,5,1,2,1,1,0.5,0_5,10,35.27,4.88,32.83,1.0941,10.94,21.89,recommend_3arm
1211,single_arm_dominant,5,1,2,1,1,0.5,0_5,12,35.27,4.88,32.83,1.0941,13.13,19.7,recommend_3arm
1211,single_arm_dominant,5,1,2,1,1,0.5,0_5,15,35.27,4.88,32.83,1.0941,16.41,16.42,recommend_3arm
1211,single_arm_dominant,5,1,2,1,1,0.5,0_5,20,35.27,4.88,32.83,1.0941,21.88,10.95,recommend_3arm
1211,single_arm_dominant,5,1,2,1,1,0.5,0_5,25,35.27,4.88,32.83,1.0941,27.35,5.48,recommend_3arm
1211,single_arm_dominant,5,1,2,1,1,1,1,0,35.27,4.88,30.39,1.0941,0.0,30.39,recommend_3arm
1211,single_arm_dominant,5,1,2,1,1,1,1,2,35.27,4.88,30.39,1.0941,2.19,28.2,recommend_3arm
1211,single_arm_dominant,5,1,2,1,1,1,1,4,35.27,4.88,30.39,1.0941,4.38,26.01,recommend_3arm
1211,single_arm_dominant,5,1,2,1,1,1,1,6,35.27,4.88,30.39,1.0941,6.56,23.83,recommend_3arm
1211,single_arm_dominant,5,1,2,1,1,1,1,8,35.27,4.88,30.39,1.0941,8.75,21.64,recommend_3arm
1211,single_arm_dominant,5,1,2,1,1,1,1,10,35.27,4.88,30.39,1.0941,10.94,19.45,recommend_3arm
1211,single_arm_dominant,5,1,2,1,1,1,1,12,35.27,4.88,30.39,1.0941,13.13,17.26,recommend_3arm
1211,single_arm_dominant,5,1,2,1,1,1,1,15,35.27,4.88,30.39,1.0941,16.41,13.98,recommend_3arm
1211,single_arm_dominant,5,1,2,1,1,1,1,20,35.27,4.88,30.39,1.0941,21.88,8.51,recommend_3arm
1211,single_arm_dominant,5,1,2,1,1,1,1,25,35.27,4.88,30.39,1.0941,27.35,3.04,recommend_3arm
1211,single_arm_dominant,5,1,2,1,1,2,2,0,35.27,4.88,25.51,1.0941,0.0,25.51,recommend_3arm
1211,single_arm_dominant,5,1,2,1,1,2,2,2,35.27,4.88,25.51,1.0941,2.19,23.32,recommend_3arm
1211,single_arm_dominant,5,1,2,1,1,2,2,4,35.27,4.88,25.51,1.0941,4.38,21.13,recommend_3arm
1211,single_arm_dominant,5,1,2,1,1,2,2,6,35.27,4.88,25.51,1.0941,6.56,18.95,recommend_3arm
1211,single_arm_dominant,5,1,2,1,1,2,2,8,35.27,4.88,25.51,1.0941,8.75,16.76,recommend_3arm
1211,single_arm_dominant,5,1,2,1,1,2,2,10,35.27,4.88,25.51,1.0941,10.94,14.57,recommend_3arm
1211,single_arm_dominant,5,1,2,1,1,2,2,12,35.27,4.88,25.51,1.0941,13.13,12.38,recommend_3arm
1211,single_arm_dominant,5,1,2,1,1,2,2,15,35.27,4.88,25.51,1.0941,16.41,9.1,recommend_3arm
1211,single_arm_dominant,5,1,2,1,1,2,2,20,35.27,4.88,25.51,1.0941,21.88,3.63,recommend_3arm
1211,single_arm_dominant,5,1,2,1,1,2,2,25,35.27,4.88,25.51,1.0941,27.35,-1.84,recommend_2arm
1211,single_arm_dominant,5,1,2,1,1,3,3,0,35.27,4.88,20.63,1.0941,0.0,20.63,recommend_3arm
1211,single_arm_dominant,5,1,2,1,1,3,3,2,35.27,4.88,20.63,1.0941,2.19,18.44,recommend_3arm
1211,single_arm_dominant,5,1,2,1,1,3,3,4,35.27,4.88,20.63,1.0941,4.38,16.25,recommend_3arm
1211,single_arm_dominant,5,1,2,1,1,3,3,6,35.27,4.88,20.63,1.0941,6.56,14.07,recommend_3arm
1211,single_arm_dominant,5,1,2,1,1,3,3,8,35.27,4.88,20.63,1.0941,8.75,11.88,recommend_3arm
1211,single_arm_dominant,5,1,2,1,1,3,3,10,35.27,4.88,20.63,1.0941,10.94,9.69,recommend_3arm
1211,single_arm_dominant,5,1,2,1,1,3,3,12,35.27,4.88,20.63,1.0941,13.13,7.5,recommend_3arm
1211,single_arm_dominant,5,1,2,1,1,3,3,15,35.27,4.88,20.63,1.0941,16.41,4.22,recommend_3arm
1211,single_arm_dominant,5,1,2,1,1,3,3,20,35.27,4.88,20.63,1.0941,21.88,-1.25,recommend_2arm
1211,single_arm_dominant,5,1,2,1,1,3,3,25,35.27,4.88,20.63,1.0941,27.35,-6.72,recommend_2arm
1211,single_arm_dominant,5,1,2,1,1,4,4,0,35.27,4.88,15.75,1.0941,0.0,15.75,recommend_3arm
1211,single_arm_dominant,5,1,2,1,1,4,4,2,35.27,4.88,15.75,1.0941,2.19,13.56,recommend_3arm
1211,single_arm_dominant,5,1,2,1,1,4,4,4,35.27,4.88,15.75,1.0941,4.38,11.37,recommend_3arm
1211,single_arm_dominant,5,1,2,1,1,4,4,6,35.27,4.88,15.75,1.0941,6.56,9.19,recommend_3arm
1211,single_arm_dominant,5,1,2,1,1,4,4,8,35.27,4.88,15.75,1.0941,8.75,7.0,recommend_3arm
1211,single_arm_dominant,5,1,2,1,1,4,4,10,35.27,4.88,15.75,1.0941,10.94,4.81,recommend_3arm
1211,single_arm_dominant,5,1,2,1,1,4,4,12,35.27,4.88,15.75,1.0941,13.13,2.62,recommend_3arm
1211,single_arm_dominant,5,1,2,1,1,4,4,15,35.27,4.88,15.75,1.0941,16.41,-0.66,recommend_2arm
1211,single_arm_dominant,5,1,2,1,1,4,4,20,35.27,4.88,15.75,1.0941,21.88,-6.13,recommend_2arm
1211,single_arm_dominant,5,1,2,1,1,4,4,25,35.27,4.88,15.75,1.0941,27.35,-11.6,recommend_2arm
1211,single_arm_dominant,5,1,2,1,1,5,5,0,35.27,4.88,10.87,1.0941,0.0,10.87,recommend_3arm
1211,single_arm_dominant,5,1,2,1,1,5,5,2,35.27,4.88,10.87,1.0941,2.19,8.68,recommend_3arm
1211,single_arm_dominant,5,1,2,1,1,5,5,4,35.27,4.88,10.87,1.0941,4.38,6.49,recommend_3arm
1211,single_arm_dominant,5,1,2,1,1,5,5,6,35.27,4.88,10.87,1.0941,6.56,4.31,recommend_3arm
1211,single_arm_dominant,5,1,2,1,1,5,5,8,35.27,4.88,10.87,1.0941,8.75,2.12,recommend_3arm
1211,single_arm_dominant,5,1,2,1,1,5,5,10,35.27,4.88,10.87,1.0941,10.94,-0.07,recommend_2arm
1211,single_arm_dominant,5,1,2,1,1,5,5,12,35.27,4.88,10.87,1.0941,13.13,-2.26,recommend_2arm
1211,single_arm_dominant,5,1,2,1,1,5,5,15,35.27,4.88,10.87,1.0941,16.41,-5.54,recommend_2arm
1211,single_arm_dominant,5,1,2,1,1,5,5,20,35.27,4.88,10.87,1.0941,21.88,-11.01,recommend_2arm
1211,single_arm_dominant,5,1,2,1,1,5,5,25,35.27,4.88,10.87,1.0941,27.35,-16.48,recommend_2arm
1211,single_arm_dominant,5,1,2,1,1,6,6,0,35.27,4.88,5.99,1.0941,0.0,5.99,recommend_3arm
1211,single_arm_dominant,5,1,2,1,1,6,6,2,35.27,4.88,5.99,1.0941,2.19,3.8,recommend_3arm
1211,single_arm_dominant,5,1,2,1,1,6,6,4,35.27,4.88,5.99,1.0941,4.38,1.61,recommend_3arm
1211,single_arm_dominant,5,1,2,1,1,6,6,6,35.27,4.88,5.99,1.0941,6.56,-0.57,recommend_2arm
1211,single_arm_dominant,5,1,2,1,1,6,6,8,35.27,4.88,5.99,1.0941,8.75,-2.76,recommend_2arm
1211,single_arm_dominant,5,1,2,1,1,6,6,10,35.27,4.88,5.99,1.0941,10.94,-4.95,recommend_2arm
1211,single_arm_dominant,5,1,2,1,1,6,6,12,35.27,4.88,5.99,1.0941,13.13,-7.14,recommend_2arm
1211,single_arm_dominant,5,1,2,1,1,6,6,15,35.27,4.88,5.99,1.0941,16.41,-10.42,recommend_2arm
1211,single_arm_dominant,5,1,2,1,1,6,6,20,35.27,4.88,5.99,1.0941,21.88,-15.89,recommend_2arm
1211,single_arm_dominant,5,1,2,1,1,6,6,25,35.27,4.88,5.99,1.0941,27.35,-21.36,recommend_2arm
1211,single_arm_dominant,5,1,2,1,1,8,8,0,35.27,4.88,-3.77,1.0941,0.0,-3.77,recommend_2arm
1211,single_arm_dominant,5,1,2,1,1,8,8,2,35.27,4.88,-3.77,1.0941,2.19,-5.96,recommend_2arm
1211,single_arm_dominant,5,1,2,1,1,8,8,4,35.27,4.88,-3.77,1.0941,4.38,-8.15,recommend_2arm
1211,single_arm_dominant,5,1,2,1,1,8,8,6,35.27,4.88,-3.77,1.0941,6.56,-10.33,recommend_2arm
1211,single_arm_dominant,5,1,2,1,1,8,8,8,35.27,4.88,-3.77,1.0941,8.75,-12.52,recommend_2arm
1211,single_arm_dominant,5,1,2,1,1,8,8,10,35.27,4.88,-3.77,1.0941,10.94,-14.71,recommend_2arm
1211,single_arm_dominant,5,1,2,1,1,8,8,12,35.27,4.88,-3.77,1.0941,13.13,-16.9,recommend_2arm
1211,single_arm_dominant,5,1,2,1,1,8,8,15,35.27,4.88,-3.77,1.0941,16.41,-20.18,recommend_2arm
1211,single_arm_dominant,5,1,2,1,1,8,8,20,35.27,4.88,-3.77,1.0941,21.88,-25.65,recommend_2arm
1211,single_arm_dominant,5,1,2,1,1,8,8,25,35.27,4.88,-3.77,1.0941,27.35,-31.12,recommend_2arm
1211,single_arm_dominant,5,1,2,1,1,10,10,0,35.27,4.88,-13.53,1.0941,0.0,-13.53,recommend_2arm
1211,single_arm_dominant,5,1,2,1,1,10,10,2,35.27,4.88,-13.53,1.0941,2.19,-15.72,recommend_2arm
1211,single_arm_dominant,5,1,2,1,1,10,10,4,35.27,4.88,-13.53,1.0941,4.38,-17.91,recommend_2arm
1211,single_arm_dominant,5,1,2,1,1,10,10,6,35.27,4.88,-13.53,1.0941,6.56,-20.09,recommend_2arm
1211,single_arm_dominant,5,1,2,1,1,10,10,8,35.27,4.88,-13.53,1.0941,8.75,-22.28,recommend_2arm
1211,single_arm_dominant,5,1,2,1,1,10,10,10,35.27,4.88,-13.53,1.0941,10.94,-24.47,recommend_2arm
1211,single_arm_dominant,5,1,2,1,1,10,10,12,35.27,4.88,-13.53,1.0941,13.13,-26.66,recommend_2arm
1211,single_arm_dominant,5,1,2,1,1,10,10,15,35.27,4.88,-13.53,1.0941,16.41,-29.94,recommend_2arm
1211,single_arm_dominant,5,1,2,1,1,10,10,20,35.27,4.88,-13.53,1.0941,21.88,-35.41,recommend_2arm
1211,single_arm_dominant,5,1,2,1,1,10,10,25,35.27,4.88,-13.53,1.0941,27.35,-40.88,recommend_2arm
1211,single_arm_dominant,5,1,2,1,1,15,15,0,35.27,4.88,-37.93,1.0941,0.0,-37.93,recommend_2arm
1211,single_arm_dominant,5,1,2,1,1,15,15,2,35.27,4.88,-37.93,1.0941,2.19,-40.12,recommend_2arm
1211,single_arm_dominant,5,1,2,1,1,15,15,4,35.27,4.88,-37.93,1.0941,4.38,-42.31,recommend_2arm
1211,single_arm_dominant,5,1,2,1,1,15,15,6,35.27,4.88,-37.93,1.0941,6.56,-44.49,recommend_2arm
1211,single_arm_dominant,5,1,2,1,1,15,15,8,35.27,4.88,-37.93,1.0941,8.75,-46.68,recommend_2arm
1211,single_arm_dominant,5,1,2,1,1,15,15,10,35.27,4.88,-37.93,1.0941,10.94,-48.87,recommend_2arm
1211,single_arm_dominant,5,1,2,1,1,15,15,12,35.27,4.88,-37.93,1.0941,13.13,-51.06,recommend_2arm
1211,single_arm_dominant,5,1,2,1,1,15,15,15,35.27,4.88,-37.93,1.0941,16.41,-54.34,recommend_2arm
1211,single_arm_dominant,5,1,2,1,1,15,15,20,35.27,4.88,-37.93,1.0941,21.88,-59.81,recommend_2arm
1211,single_arm_dominant,5,1,2,1,1,15,15,25,35.27,4.88,-37.93,1.0941,27.35,-65.28,recommend_2arm
1212,mixed_balanced,6,1,2,1,2,0.5,0_5,0,37.66,3.86,35.73,1.1384,0.0,35.73,recommend_3arm
1212,mixed_balanced,6,1,2,1,2,0.5,0_5,2,37.66,3.86,35.73,1.1384,2.28,33.45,recommend_3arm
1212,mixed_balanced,6,1,2,1,2,0.5,0_5,4,37.66,3.86,35.73,1.1384,4.55,31.18,recommend_3arm
1212,mixed_balanced,6,1,2,1,2,0.5,0_5,6,37.66,3.86,35.73,1.1384,6.83,28.9,recommend_3arm
1212,mixed_balanced,6,1,2,1,2,0.5,0_5,8,37.66,3.86,35.73,1.1384,9.11,26.62,recommend_3arm
1212,mixed_balanced,6,1,2,1,2,0.5,0_5,10,37.66,3.86,35.73,1.1384,11.38,24.35,recommend_3arm
1212,mixed_balanced,6,1,2,1,2,0.5,0_5,12,37.66,3.86,35.73,1.1384,13.66,22.07,recommend_3arm
1212,mixed_balanced,6,1,2,1,2,0.5,0_5,15,37.66,3.86,35.73,1.1384,17.08,18.65,recommend_3arm
1212,mixed_balanced,6,1,2,1,2,0.5,0_5,20,37.66,3.86,35.73,1.1384,22.77,12.96,recommend_3arm
1212,mixed_balanced,6,1,2,1,2,0.5,0_5,25,37.66,3.86,35.73,1.1384,28.46,7.27,recommend_3arm
1212,mixed_balanced,6,1,2,1,2,1,1,0,37.66,3.86,33.8,1.1384,0.0,33.8,recommend_3arm
1212,mixed_balanced,6,1,2,1,2,1,1,2,37.66,3.86,33.8,1.1384,2.28,31.52,recommend_3arm
1212,mixed_balanced,6,1,2,1,2,1,1,4,37.66,3.86,33.8,1.1384,4.55,29.25,recommend_3arm
1212,mixed_balanced,6,1,2,1,2,1,1,6,37.66,3.86,33.8,1.1384,6.83,26.97,recommend_3arm
1212,mixed_balanced,6,1,2,1,2,1,1,8,37.66,3.86,33.8,1.1384,9.11,24.69,recommend_3arm
1212,mixed_balanced,6,1,2,1,2,1,1,10,37.66,3.86,33.8,1.1384,11.38,22.42,recommend_3arm
1212,mixed_balanced,6,1,2,1,2,1,1,12,37.66,3.86,33.8,1.1384,13.66,20.14,recommend_3arm
1212,mixed_balanced,6,1,2,1,2,1,1,15,37.66,3.86,33.8,1.1384,17.08,16.72,recommend_3arm
1212,mixed_balanced,6,1,2,1,2,1,1,20,37.66,3.86,33.8,1.1384,22.77,11.03,recommend_3arm
1212,mixed_balanced,6,1,2,1,2,1,1,25,37.66,3.86,33.8,1.1384,28.46,5.34,recommend_3arm
1212,mixed_balanced,6,1,2,1,2,2,2,0,37.66,3.86,29.94,1.1384,0.0,29.94,recommend_3arm
1212,mixed_balanced,6,1,2,1,2,2,2,2,37.66,3.86,29.94,1.1384,2.28,27.66,recommend_3arm
1212,mixed_balanced,6,1,2,1,2,2,2,4,37.66,3.86,29.94,1.1384,4.55,25.39,recommend_3arm
1212,mixed_balanced,6,1,2,1,2,2,2,6,37.66,3.86,29.94,1.1384,6.83,23.11,recommend_3arm
1212,mixed_balanced,6,1,2,1,2,2,2,8,37.66,3.86,29.94,1.1384,9.11,20.83,recommend_3arm
1212,mixed_balanced,6,1,2,1,2,2,2,10,37.66,3.86,29.94,1.1384,11.38,18.56,recommend_3arm
1212,mixed_balanced,6,1,2,1,2,2,2,12,37.66,3.86,29.94,1.1384,13.66,16.28,recommend_3arm
1212,mixed_balanced,6,1,2,1,2,2,2,15,37.66,3.86,29.94,1.1384,17.08,12.86,recommend_3arm
1212,mixed_balanced,6,1,2,1,2,2,2,20,37.66,3.86,29.94,1.1384,22.77,7.17,recommend_3arm
1212,mixed_balanced,6,1,2,1,2,2,2,25,37.66,3.86,29.94,1.1384,28.46,1.48,recommend_3arm
1212,mixed_balanced,6,1,2,1,2,3,3,0,37.66,3.86,26.08,1.1384,0.0,26.08,recommend_3arm
1212,mixed_balanced,6,1,2,1,2,3,3,2,37.66,3.86,26.08,1.1384,2.28,23.8,recommend_3arm
1212,mixed_balanced,6,1,2,1,2,3,3,4,37.66,3.86,26.08,1.1384,4.55,21.53,recommend_3arm
1212,mixed_balanced,6,1,2,1,2,3,3,6,37.66,3.86,26.08,1.1384,6.83,19.25,recommend_3arm
1212,mixed_balanced,6,1,2,1,2,3,3,8,37.66,3.86,26.08,1.1384,9.11,16.97,recommend_3arm
1212,mixed_balanced,6,1,2,1,2,3,3,10,37.66,3.86,26.08,1.1384,11.38,14.7,recommend_3arm
1212,mixed_balanced,6,1,2,1,2,3,3,12,37.66,3.86,26.08,1.1384,13.66,12.42,recommend_3arm
1212,mixed_balanced,6,1,2,1,2,3,3,15,37.66,3.86,26.08,1.1384,17.08,9.0,recommend_3arm
1212,mixed_balanced,6,1,2,1,2,3,3,20,37.66,3.86,26.08,1.1384,22.77,3.31,recommend_3arm
1212,mixed_balanced,6,1,2,1,2,3,3,25,37.66,3.86,26.08,1.1384,28.46,-2.38,recommend_2arm
1212,mixed_balanced,6,1,2,1,2,4,4,0,37.66,3.86,22.22,1.1384,0.0,22.22,recommend_3arm
1212,mixed_balanced,6,1,2,1,2,4,4,2,37.66,3.86,22.22,1.1384,2.28,19.94,recommend_3arm
1212,mixed_balanced,6,1,2,1,2,4,4,4,37.66,3.86,22.22,1.1384,4.55,17.67,recommend_3arm
1212,mixed_balanced,6,1,2,1,2,4,4,6,37.66,3.86,22.22,1.1384,6.83,15.39,recommend_3arm
1212,mixed_balanced,6,1,2,1,2,4,4,8,37.66,3.86,22.22,1.1384,9.11,13.11,recommend_3arm
1212,mixed_balanced,6,1,2,1,2,4,4,10,37.66,3.86,22.22,1.1384,11.38,10.84,recommend_3arm
1212,mixed_balanced,6,1,2,1,2,4,4,12,37.66,3.86,22.22,1.1384,13.66,8.56,recommend_3arm
1212,mixed_balanced,6,1,2,1,2,4,4,15,37.66,3.86,22.22,1.1384,17.08,5.14,recommend_3arm
1212,mixed_balanced,6,1,2,1,2,4,4,20,37.66,3.86,22.22,1.1384,22.77,-0.55,recommend_2arm
1212,mixed_balanced,6,1,2,1,2,4,4,25,37.66,3.86,22.22,1.1384,28.46,-6.24,recommend_2arm
1212,mixed_balanced,6,1,2,1,2,5,5,0,37.66,3.86,18.36,1.1384,0.0,18.36,recommend_3arm
1212,mixed_balanced,6,1,2,1,2,5,5,2,37.66,3.86,18.36,1.1384,2.28,16.08,recommend_3arm
1212,mixed_balanced,6,1,2,1,2,5,5,4,37.66,3.86,18.36,1.1384,4.55,13.81,recommend_3arm
1212,mixed_balanced,6,1,2,1,2,5,5,6,37.66,3.86,18.36,1.1384,6.83,11.53,recommend_3arm
1212,mixed_balanced,6,1,2,1,2,5,5,8,37.66,3.86,18.36,1.1384,9.11,9.25,recommend_3arm
1212,mixed_balanced,6,1,2,1,2,5,5,10,37.66,3.86,18.36,1.1384,11.38,6.98,recommend_3arm
1212,mixed_balanced,6,1,2,1,2,5,5,12,37.66,3.86,18.36,1.1384,13.66,4.7,recommend_3arm
1212,mixed_balanced,6,1,2,1,2,5,5,15,37.66,3.86,18.36,1.1384,17.08,1.28,recommend_3arm
1212,mixed_balanced,6,1,2,1,2,5,5,20,37.66,3.86,18.36,1.1384,22.77,-4.41,recommend_2arm
1212,mixed_balanced,6,1,2,1,2,5,5,25,37.66,3.86,18.36,1.1384,28.46,-10.1,recommend_2arm
1212,mixed_balanced,6,1,2,1,2,6,6,0,37.66,3.86,14.5,1.1384,0.0,14.5,recommend_3arm
1212,mixed_balanced,6,1,2,1,2,6,6,2,37.66,3.86,14.5,1.1384,2.28,12.22,recommend_3arm
1212,mixed_balanced,6,1,2,1,2,6,6,4,37.66,3.86,14.5,1.1384,4.55,9.95,recommend_3arm
1212,mixed_balanced,6,1,2,1,2,6,6,6,37.66,3.86,14.5,1.1384,6.83,7.67,recommend_3arm
1212,mixed_balanced,6,1,2,1,2,6,6,8,37.66,3.86,14.5,1.1384,9.11,5.39,recommend_3arm
1212,mixed_balanced,6,1,2,1,2,6,6,10,37.66,3.86,14.5,1.1384,11.38,3.12,recommend_3arm
1212,mixed_balanced,6,1,2,1,2,6,6,12,37.66,3.86,14.5,1.1384,13.66,0.84,recommend_3arm
1212,mixed_balanced,6,1,2,1,2,6,6,15,37.66,3.86,14.5,1.1384,17.08,-2.58,recommend_2arm
1212,mixed_balanced,6,1,2,1,2,6,6,20,37.66,3.86,14.5,1.1384,22.77,-8.27,recommend_2arm
1212,mixed_balanced,6,1,2,1,2,6,6,25,37.66,3.86,14.5,1.1384,28.46,-13.96,recommend_2arm
1212,mixed_balanced,6,1,2,1,2,8,8,0,37.66,3.86,6.78,1.1384,0.0,6.78,recommend_3arm
1212,mixed_balanced,6,1,2,1,2,8,8,2,37.66,3.86,6.78,1.1384,2.28,4.5,recommend_3arm
1212,mixed_balanced,6,1,2,1,2,8,8,4,37.66,3.86,6.78,1.1384,4.55,2.23,recommend_3arm
1212,mixed_balanced,6,1,2,1,2,8,8,6,37.66,3.86,6.78,1.1384,6.83,-0.05,recommend_2arm
1212,mixed_balanced,6,1,2,1,2,8,8,8,37.66,3.86,6.78,1.1384,9.11,-2.33,recommend_2arm
1212,mixed_balanced,6,1,2,1,2,8,8,10,37.66,3.86,6.78,1.1384,11.38,-4.6,recommend_2arm
1212,mixed_balanced,6,1,2,1,2,8,8,12,37.66,3.86,6.78,1.1384,13.66,-6.88,recommend_2arm
1212,mixed_balanced,6,1,2,1,2,8,8,15,37.66,3.86,6.78,1.1384,17.08,-10.3,recommend_2arm
1212,mixed_balanced,6,1,2,1,2,8,8,20,37.66,3.86,6.78,1.1384,22.77,-15.99,recommend_2arm
1212,mixed_balanced,6,1,2,1,2,8,8,25,37.66,3.86,6.78,1.1384,28.46,-21.68,recommend_2arm
1212,mixed_balanced,6,1,2,1,2,10,10,0,37.66,3.86,-0.94,1.1384,0.0,-0.94,recommend_2arm
1212,mixed_balanced,6,1,2,1,2,10,10,2,37.66,3.86,-0.94,1.1384,2.28,-3.22,recommend_2arm
1212,mixed_balanced,6,1,2,1,2,10,10,4,37.66,3.86,-0.94,1.1384,4.55,-5.49,recommend_2arm
1212,mixed_balanced,6,1,2,1,2,10,10,6,37.66,3.86,-0.94,1.1384,6.83,-7.77,recommend_2arm
1212,mixed_balanced,6,1,2,1,2,10,10,8,37.66,3.86,-0.94,1.1384,9.11,-10.05,recommend_2arm
1212,mixed_balanced,6,1,2,1,2,10,10,10,37.66,3.86,-0.94,1.1384,11.38,-12.32,recommend_2arm
1212,mixed_balanced,6,1,2,1,2,10,10,12,37.66,3.86,-0.94,1.1384,13.66,-14.6,recommend_2arm
1212,mixed_balanced,6,1,2,1,2,10,10,15,37.66,3.86,-0.94,1.1384,17.08,-18.02,recommend_2arm
1212,mixed_balanced,6,1,2,1,2,10,10,20,37.66,3.86,-0.94,1.1384,22.77,-23.71,recommend_2arm
1212,mixed_balanced,6,1,2,1,2,10,10,25,37.66,3.86,-0.94,1.1384,28.46,-29.4,recommend_2arm
1212,mixed_balanced,6,1,2,1,2,15,15,0,37.66,3.86,-20.24,1.1384,0.0,-20.24,recommend_2arm
1212,mixed_balanced,6,1,2,1,2,15,15,2,37.66,3.86,-20.24,1.1384,2.28,-22.52,recommend_2arm
1212,mixed_balanced,6,1,2,1,2,15,15,4,37.66,3.86,-20.24,1.1384,4.55,-24.79,recommend_2arm
1212,mixed_balanced,6,1,2,1,2,15,15,6,37.66,3.86,-20.24,1.1384,6.83,-27.07,recommend_2arm
1212,mixed_balanced,6,1,2,1,2,15,15,8,37.66,3.86,-20.24,1.1384,9.11,-29.35,recommend_2arm
1212,mixed_balanced,6,1,2,1,2,15,15,10,37.66,3.86,-20.24,1.1384,11.38,-31.62,recommend_2arm
1212,mixed_balanced,6,1,2,1,2,15,15,12,37.66,3.86,-20.24,1.1384,13.66,-33.9,recommend_2arm
1212,mixed_balanced,6,1,2,1,2,15,15,15,37.66,3.86,-20.24,1.1384,17.08,-37.32,recommend_2arm
1212,mixed_balanced,6,1,2,1,2,15,15,20,37.66,3.86,-20.24,1.1384,22.77,-43.01,recommend_2arm
1212,mixed_balanced,6,1,2,1,2,15,15,25,37.66,3.86,-20.24,1.1384,28.46,-48.7,recommend_2arm
1221,mixed_balanced,6,1,2,2,1,0.5,0_5,0,34.0,4.23,31.88,1.1259,0.0,31.88,recommend_3arm
1221,mixed_balanced,6,1,2,2,1,0.5,0_5,2,34.0,4.23,31.88,1.1259,2.25,29.63,recommend_3arm
1221,mixed_balanced,6,1,2,2,1,0.5,0_5,4,34.0,4.23,31.88,1.1259,4.5,27.38,recommend_3arm
1221,mixed_balanced,6,1,2,2,1,0.5,0_5,6,34.0,4.23,31.88,1.1259,6.76,25.13,recommend_3arm
1221,mixed_balanced,6,1,2,2,1,0.5,0_5,8,34.0,4.23,31.88,1.1259,9.01,22.88,recommend_3arm
1221,mixed_balanced,6,1,2,2,1,0.5,0_5,10,34.0,4.23,31.88,1.1259,11.26,20.63,recommend_3arm
1221,mixed_balanced,6,1,2,2,1,0.5,0_5,12,34.0,4.23,31.88,1.1259,13.51,18.37,recommend_3arm
1221,mixed_balanced,6,1,2,2,1,0.5,0_5,15,34.0,4.23,31.88,1.1259,16.89,15.0,recommend_3arm
1221,mixed_balanced,6,1,2,2,1,0.5,0_5,20,34.0,4.23,31.88,1.1259,22.52,9.37,recommend_3arm
1221,mixed_balanced,6,1,2,2,1,0.5,0_5,25,34.0,4.23,31.88,1.1259,28.15,3.74,recommend_3arm
1221,mixed_balanced,6,1,2,2,1,1,1,0,34.0,4.23,29.77,1.1259,0.0,29.77,recommend_3arm
1221,mixed_balanced,6,1,2,2,1,1,1,2,34.0,4.23,29.77,1.1259,2.25,27.52,recommend_3arm
1221,mixed_balanced,6,1,2,2,1,1,1,4,34.0,4.23,29.77,1.1259,4.5,25.27,recommend_3arm
1221,mixed_balanced,6,1,2,2,1,1,1,6,34.0,4.23,29.77,1.1259,6.76,23.01,recommend_3arm
1221,mixed_balanced,6,1,2,2,1,1,1,8,34.0,4.23,29.77,1.1259,9.01,20.76,recommend_3arm
1221,mixed_balanced,6,1,2,2,1,1,1,10,34.0,4.23,29.77,1.1259,11.26,18.51,recommend_3arm
1221,mixed_balanced,6,1,2,2,1,1,1,12,34.0,4.23,29.77,1.1259,13.51,16.26,recommend_3arm
1221,mixed_balanced,6,1,2,2,1,1,1,15,34.0,4.23,29.77,1.1259,16.89,12.88,recommend_3arm
1221,mixed_balanced,6,1,2,2,1,1,1,20,34.0,4.23,29.77,1.1259,22.52,7.25,recommend_3arm
1221,mixed_balanced,6,1,2,2,1,1,1,25,34.0,4.23,29.77,1.1259,28.15,1.62,recommend_3arm
1221,mixed_balanced,6,1,2,2,1,2,2,0,34.0,4.23,25.54,1.1259,0.0,25.54,recommend_3arm
1221,mixed_balanced,6,1,2,2,1,2,2,2,34.0,4.23,25.54,1.1259,2.25,23.29,recommend_3arm
1221,mixed_balanced,6,1,2,2,1,2,2,4,34.0,4.23,25.54,1.1259,4.5,21.04,recommend_3arm
1221,mixed_balanced,6,1,2,2,1,2,2,6,34.0,4.23,25.54,1.1259,6.76,18.78,recommend_3arm
1221,mixed_balanced,6,1,2,2,1,2,2,8,34.0,4.23,25.54,1.1259,9.01,16.53,recommend_3arm
1221,mixed_balanced,6,1,2,2,1,2,2,10,34.0,4.23,25.54,1.1259,11.26,14.28,recommend_3arm
1221,mixed_balanced,6,1,2,2,1,2,2,12,34.0,4.23,25.54,1.1259,13.51,12.03,recommend_3arm
1221,mixed_balanced,6,1,2,2,1,2,2,15,34.0,4.23,25.54,1.1259,16.89,8.65,recommend_3arm
1221,mixed_balanced,6,1,2,2,1,2,2,20,34.0,4.23,25.54,1.1259,22.52,3.02,recommend_3arm
1221,mixed_balanced,6,1,2,2,1,2,2,25,34.0,4.23,25.54,1.1259,28.15,-2.61,recommend_2arm
1221,mixed_balanced,6,1,2,2,1,3,3,0,34.0,4.23,21.31,1.1259,0.0,21.31,recommend_3arm
1221,mixed_balanced,6,1,2,2,1,3,3,2,34.0,4.23,21.31,1.1259,2.25,19.06,recommend_3arm
1221,mixed_balanced,6,1,2,2,1,3,3,4,34.0,4.23,21.31,1.1259,4.5,16.81,recommend_3arm
1221,mixed_balanced,6,1,2,2,1,3,3,6,34.0,4.23,21.31,1.1259,6.76,14.55,recommend_3arm
1221,mixed_balanced,6,1,2,2,1,3,3,8,34.0,4.23,21.31,1.1259,9.01,12.3,recommend_3arm
1221,mixed_balanced,6,1,2,2,1,3,3,10,34.0,4.23,21.31,1.1259,11.26,10.05,recommend_3arm
1221,mixed_balanced,6,1,2,2,1,3,3,12,34.0,4.23,21.31,1.1259,13.51,7.8,recommend_3arm
1221,mixed_balanced,6,1,2,2,1,3,3,15,34.0,4.23,21.31,1.1259,16.89,4.42,recommend_3arm
1221,mixed_balanced,6,1,2,2,1,3,3,20,34.0,4.23,21.31,1.1259,22.52,-1.21,recommend_2arm
1221,mixed_balanced,6,1,2,2,1,3,3,25,34.0,4.23,21.31,1.1259,28.15,-6.84,recommend_2arm
1221,mixed_balanced,6,1,2,2,1,4,4,0,34.0,4.23,17.08,1.1259,0.0,17.08,recommend_3arm
1221,mixed_balanced,6,1,2,2,1,4,4,2,34.0,4.23,17.08,1.1259,2.25,14.83,recommend_3arm
1221,mixed_balanced,6,1,2,2,1,4,4,4,34.0,4.23,17.08,1.1259,4.5,12.58,recommend_3arm
1221,mixed_balanced,6,1,2,2,1,4,4,6,34.0,4.23,17.08,1.1259,6.76,10.32,recommend_3arm
1221,mixed_balanced,6,1,2,2,1,4,4,8,34.0,4.23,17.08,1.1259,9.01,8.07,recommend_3arm
1221,mixed_balanced,6,1,2,2,1,4,4,10,34.0,4.23,17.08,1.1259,11.26,5.82,recommend_3arm
1221,mixed_balanced,6,1,2,2,1,4,4,12,34.0,4.23,17.08,1.1259,13.51,3.57,recommend_3arm
1221,mixed_balanced,6,1,2,2,1,4,4,15,34.0,4.23,17.08,1.1259,16.89,0.19,recommend_3arm
1221,mixed_balanced,6,1,2,2,1,4,4,20,34.0,4.23,17.08,1.1259,22.52,-5.44,recommend_2arm
1221,mixed_balanced,6,1,2,2,1,4,4,25,34.0,4.23,17.08,1.1259,28.15,-11.07,recommend_2arm
1221,mixed_balanced,6,1,2,2,1,5,5,0,34.0,4.23,12.85,1.1259,0.0,12.85,recommend_3arm
1221,mixed_balanced,6,1,2,2,1,5,5,2,34.0,4.23,12.85,1.1259,2.25,10.6,recommend_3arm
1221,mixed_balanced,6,1,2,2,1,5,5,4,34.0,4.23,12.85,1.1259,4.5,8.35,recommend_3arm
1221,mixed_balanced,6,1,2,2,1,5,5,6,34.0,4.23,12.85,1.1259,6.76,6.09,recommend_3arm
1221,mixed_balanced,6,1,2,2,1,5,5,8,34.0,4.23,12.85,1.1259,9.01,3.84,recommend_3arm
1221,mixed_balanced,6,1,2,2,1,5,5,10,34.0,4.23,12.85,1.1259,11.26,1.59,recommend_3arm
1221,mixed_balanced,6,1,2,2,1,5,5,12,34.0,4.23,12.85,1.1259,13.51,-0.66,recommend_2arm
1221,mixed_balanced,6,1,2,2,1,5,5,15,34.0,4.23,12.85,1.1259,16.89,-4.04,recommend_2arm
1221,mixed_balanced,6,1,2,2,1,5,5,20,34.0,4.23,12.85,1.1259,22.52,-9.67,recommend_2arm
1221,mixed_balanced,6,1,2,2,1,5,5,25,34.0,4.23,12.85,1.1259,28.15,-15.3,recommend_2arm
1221,mixed_balanced,6,1,2,2,1,6,6,0,34.0,4.23,8.62,1.1259,0.0,8.62,recommend_3arm
1221,mixed_balanced,6,1,2,2,1,6,6,2,34.0,4.23,8.62,1.1259,2.25,6.37,recommend_3arm
1221,mixed_balanced,6,1,2,2,1,6,6,4,34.0,4.23,8.62,1.1259,4.5,4.12,recommend_3arm
1221,mixed_balanced,6,1,2,2,1,6,6,6,34.0,4.23,8.62,1.1259,6.76,1.86,recommend_3arm
1221,mixed_balanced,6,1,2,2,1,6,6,8,34.0,4.23,8.62,1.1259,9.01,-0.39,recommend_2arm
1221,mixed_balanced,6,1,2,2,1,6,6,10,34.0,4.23,8.62,1.1259,11.26,-2.64,recommend_2arm
1221,mixed_balanced,6,1,2,2,1,6,6,12,34.0,4.23,8.62,1.1259,13.51,-4.89,recommend_2arm
1221,mixed_balanced,6,1,2,2,1,6,6,15,34.0,4.23,8.62,1.1259,16.89,-8.27,recommend_2arm
1221,mixed_balanced,6,1,2,2,1,6,6,20,34.0,4.23,8.62,1.1259,22.52,-13.9,recommend_2arm
1221,mixed_balanced,6,1,2,2,1,6,6,25,34.0,4.23,8.62,1.1259,28.15,-19.53,recommend_2arm
1221,mixed_balanced,6,1,2,2,1,8,8,0,34.0,4.23,0.16,1.1259,0.0,0.16,recommend_3arm
1221,mixed_balanced,6,1,2,2,1,8,8,2,34.0,4.23,0.16,1.1259,2.25,-2.09,recommend_2arm
1221,mixed_balanced,6,1,2,2,1,8,8,4,34.0,4.23,0.16,1.1259,4.5,-4.34,recommend_2arm
1221,mixed_balanced,6,1,2,2,1,8,8,6,34.0,4.23,0.16,1.1259,6.76,-6.6,recommend_2arm
1221,mixed_balanced,6,1,2,2,1,8,8,8,34.0,4.23,0.16,1.1259,9.01,-8.85,recommend_2arm
1221,mixed_balanced,6,1,2,2,1,8,8,10,34.0,4.23,0.16,1.1259,11.26,-11.1,recommend_2arm
1221,mixed_balanced,6,1,2,2,1,8,8,12,34.0,4.23,0.16,1.1259,13.51,-13.35,recommend_2arm
1221,mixed_balanced,6,1,2,2,1,8,8,15,34.0,4.23,0.16,1.1259,16.89,-16.73,recommend_2arm
1221,mixed_balanced,6,1,2,2,1,8,8,20,34.0,4.23,0.16,1.1259,22.52,-22.36,recommend_2arm
1221,mixed_balanced,6,1,2,2,1,8,8,25,34.0,4.23,0.16,1.1259,28.15,-27.99,recommend_2arm
1221,mixed_balanced,6,1,2,2,1,10,10,0,34.0,4.23,-8.3,1.1259,0.0,-8.3,recommend_2arm
1221,mixed_balanced,6,1,2,2,1,10,10,2,34.0,4.23,-8.3,1.1259,2.25,-10.55,recommend_2arm
1221,mixed_balanced,6,1,2,2,1,10,10,4,34.0,4.23,-8.3,1.1259,4.5,-12.8,recommend_2arm
1221,mixed_balanced,6,1,2,2,1,10,10,6,34.0,4.23,-8.3,1.1259,6.76,-15.06,recommend_2arm
1221,mixed_balanced,6,1,2,2,1,10,10,8,34.0,4.23,-8.3,1.1259,9.01,-17.31,recommend_2arm
1221,mixed_balanced,6,1,2,2,1,10,10,10,34.0,4.23,-8.3,1.1259,11.26,-19.56,recommend_2arm
1221,mixed_balanced,6,1,2,2,1,10,10,12,34.0,4.23,-8.3,1.1259,13.51,-21.81,recommend_2arm
1221,mixed_balanced,6,1,2,2,1,10,10,15,34.0,4.23,-8.3,1.1259,16.89,-25.19,recommend_2arm
1221,mixed_balanced,6,1,2,2,1,10,10,20,34.0,4.23,-8.3,1.1259,22.52,-30.82,recommend_2arm
1221,mixed_balanced,6,1,2,2,1,10,10,25,34.0,4.23,-8.3,1.1259,28.15,-36.45,recommend_2arm
1221,mixed_balanced,6,1,2,2,1,15,15,0,34.0,4.23,-29.45,1.1259,0.0,-29.45,recommend_2arm
1221,mixed_balanced,6,1,2,2,1,15,15,2,34.0,4.23,-29.45,1.1259,2.25,-31.7,recommend_2arm
1221,mixed_balanced,6,1,2,2,1,15,15,4,34.0,4.23,-29.45,1.1259,4.5,-33.95,recommend_2arm
1221,mixed_balanced,6,1,2,2,1,15,15,6,34.0,4.23,-29.45,1.1259,6.76,-36.21,recommend_2arm
1221,mixed_balanced,6,1,2,2,1,15,15,8,34.0,4.23,-29.45,1.1259,9.01,-38.46,recommend_2arm
1221,mixed_balanced,6,1,2,2,1,15,15,10,34.0,4.23,-29.45,1.1259,11.26,-40.71,recommend_2arm
1221,mixed_balanced,6,1,2,2,1,15,15,12,34.0,4.23,-29.45,1.1259,13.51,-42.96,recommend_2arm
1221,mixed_balanced,6,1,2,2,1,15,15,15,34.0,4.23,-29.45,1.1259,16.89,-46.34,recommend_2arm
1221,mixed_balanced,6,1,2,2,1,15,15,20,34.0,4.23,-29.45,1.1259,22.52,-51.97,recommend_2arm
1221,mixed_balanced,6,1,2,2,1,15,15,25,34.0,4.23,-29.45,1.1259,28.15,-57.6,recommend_2arm
1222,dual_arm_dominant,7,1,2,2,2,0.5,0_5,0,30.5,3.45,28.77,1.1705,0.0,28.77,recommend_3arm
1222,dual_arm_dominant,7,1,2,2,2,0.5,0_5,2,30.5,3.45,28.77,1.1705,2.34,26.43,recommend_3arm
1222,dual_arm_dominant,7,1,2,2,2,0.5,0_5,4,30.5,3.45,28.77,1.1705,4.68,24.09,recommend_3arm
1222,dual_arm_dominant,7,1,2,2,2,0.5,0_5,6,30.5,3.45,28.77,1.1705,7.02,21.75,recommend_3arm
1222,dual_arm_dominant,7,1,2,2,2,0.5,0_5,8,30.5,3.45,28.77,1.1705,9.36,19.41,recommend_3arm
1222,dual_arm_dominant,7,1,2,2,2,0.5,0_5,10,30.5,3.45,28.77,1.1705,11.7,17.07,recommend_3arm
1222,dual_arm_dominant,7,1,2,2,2,0.5,0_5,12,30.5,3.45,28.77,1.1705,14.05,14.73,recommend_3arm
1222,dual_arm_dominant,7,1,2,2,2,0.5,0_5,15,30.5,3.45,28.77,1.1705,17.56,11.22,recommend_3arm
1222,dual_arm_dominant,7,1,2,2,2,0.5,0_5,20,30.5,3.45,28.77,1.1705,23.41,5.37,recommend_3arm
1222,dual_arm_dominant,7,1,2,2,2,0.5,0_5,25,30.5,3.45,28.77,1.1705,29.26,-0.49,recommend_2arm
1222,dual_arm_dominant,7,1,2,2,2,1,1,0,30.5,3.45,27.05,1.1705,0.0,27.05,recommend_3arm
1222,dual_arm_dominant,7,1,2,2,2,1,1,2,30.5,3.45,27.05,1.1705,2.34,24.71,recommend_3arm
1222,dual_arm_dominant,7,1,2,2,2,1,1,4,30.5,3.45,27.05,1.1705,4.68,22.37,recommend_3arm
1222,dual_arm_dominant,7,1,2,2,2,1,1,6,30.5,3.45,27.05,1.1705,7.02,20.03,recommend_3arm
1222,dual_arm_dominant,7,1,2,2,2,1,1,8,30.5,3.45,27.05,1.1705,9.36,17.69,recommend_3arm
1222,dual_arm_dominant,7,1,2,2,2,1,1,10,30.5,3.45,27.05,1.1705,11.7,15.35,recommend_3arm
1222,dual_arm_dominant,7,1,2,2,2,1,1,12,30.5,3.45,27.05,1.1705,14.05,13.0,recommend_3arm
1222,dual_arm_dominant,7,1,2,2,2,1,1,15,30.5,3.45,27.05,1.1705,17.56,9.49,recommend_3arm
1222,dual_arm_dominant,7,1,2,2,2,1,1,20,30.5,3.45,27.05,1.1705,23.41,3.64,recommend_3arm
1222,dual_arm_dominant,7,1,2,2,2,1,1,25,30.5,3.45,27.05,1.1705,29.26,-2.21,recommend_2arm
1222,dual_arm_dominant,7,1,2,2,2,2,2,0,30.5,3.45,23.6,1.1705,0.0,23.6,recommend_3arm
1222,dual_arm_dominant,7,1,2,2,2,2,2,2,30.5,3.45,23.6,1.1705,2.34,21.26,recommend_3arm
1222,dual_arm_dominant,7,1,2,2,2,2,2,4,30.5,3.45,23.6,1.1705,4.68,18.92,recommend_3arm
1222,dual_arm_dominant,7,1,2,2,2,2,2,6,30.5,3.45,23.6,1.1705,7.02,16.58,recommend_3arm
1222,dual_arm_dominant,7,1,2,2,2,2,2,8,30.5,3.45,23.6,1.1705,9.36,14.24,recommend_3arm
1222,dual_arm_dominant,7,1,2,2,2,2,2,10,30.5,3.45,23.6,1.1705,11.7,11.9,recommend_3arm
1222,dual_arm_dominant,7,1,2,2,2,2,2,12,30.5,3.45,23.6,1.1705,14.05,9.55,recommend_3arm
1222,dual_arm_dominant,7,1,2,2,2,2,2,15,30.5,3.45,23.6,1.1705,17.56,6.04,recommend_3arm
1222,dual_arm_dominant,7,1,2,2,2,2,2,20,30.5,3.45,23.6,1.1705,23.41,0.19,recommend_3arm
1222,dual_arm_dominant,7,1,2,2,2,2,2,25,30.5,3.45,23.6,1.1705,29.26,-5.66,recommend_2arm
1222,dual_arm_dominant,7,1,2,2,2,3,3,0,30.5,3.45,20.15,1.1705,0.0,20.15,recommend_3arm
1222,dual_arm_dominant,7,1,2,2,2,3,3,2,30.5,3.45,20.15,1.1705,2.34,17.81,recommend_3arm
1222,dual_arm_dominant,7,1,2,2,2,3,3,4,30.5,3.45,20.15,1.1705,4.68,15.47,recommend_3arm
1222,dual_arm_dominant,7,1,2,2,2,3,3,6,30.5,3.45,20.15,1.1705,7.02,13.13,recommend_3arm
1222,dual_arm_dominant,7,1,2,2,2,3,3,8,30.5,3.45,20.15,1.1705,9.36,10.79,recommend_3arm
1222,dual_arm_dominant,7,1,2,2,2,3,3,10,30.5,3.45,20.15,1.1705,11.7,8.45,recommend_3arm
1222,dual_arm_dominant,7,1,2,2,2,3,3,12,30.5,3.45,20.15,1.1705,14.05,6.1,recommend_3arm
1222,dual_arm_dominant,7,1,2,2,2,3,3,15,30.5,3.45,20.15,1.1705,17.56,2.59,recommend_3arm
1222,dual_arm_dominant,7,1,2,2,2,3,3,20,30.5,3.45,20.15,1.1705,23.41,-3.26,recommend_2arm
1222,dual_arm_dominant,7,1,2,2,2,3,3,25,30.5,3.45,20.15,1.1705,29.26,-9.11,recommend_2arm
1222,dual_arm_dominant,7,1,2,2,2,4,4,0,30.5,3.45,16.7,1.1705,0.0,16.7,recommend_3arm
1222,dual_arm_dominant,7,1,2,2,2,4,4,2,30.5,3.45,16.7,1.1705,2.34,14.36,recommend_3arm
1222,dual_arm_dominant,7,1,2,2,2,4,4,4,30.5,3.45,16.7,1.1705,4.68,12.02,recommend_3arm
1222,dual_arm_dominant,7,1,2,2,2,4,4,6,30.5,3.45,16.7,1.1705,7.02,9.68,recommend_3arm
1222,dual_arm_dominant,7,1,2,2,2,4,4,8,30.5,3.45,16.7,1.1705,9.36,7.34,recommend_3arm
1222,dual_arm_dominant,7,1,2,2,2,4,4,10,30.5,3.45,16.7,1.1705,11.7,5.0,recommend_3arm
1222,dual_arm_dominant,7,1,2,2,2,4,4,12,30.5,3.45,16.7,1.1705,14.05,2.65,recommend_3arm
1222,dual_arm_dominant,7,1,2,2,2,4,4,15,30.5,3.45,16.7,1.1705,17.56,-0.86,recommend_2arm
1222,dual_arm_dominant,7,1,2,2,2,4,4,20,30.5,3.45,16.7,1.1705,23.41,-6.71,recommend_2arm
1222,dual_arm_dominant,7,1,2,2,2,4,4,25,30.5,3.45,16.7,1.1705,29.26,-12.56,recommend_2arm
1222,dual_arm_dominant,7,1,2,2,2,5,5,0,30.5,3.45,13.25,1.1705,0.0,13.25,recommend_3arm
1222,dual_arm_dominant,7,1,2,2,2,5,5,2,30.5,3.45,13.25,1.1705,2.34,10.91,recommend_3arm
1222,dual_arm_dominant,7,1,2,2,2,5,5,4,30.5,3.45,13.25,1.1705,4.68,8.57,recommend_3arm
1222,dual_arm_dominant,7,1,2,2,2,5,5,6,30.5,3.45,13.25,1.1705,7.02,6.23,recommend_3arm
1222,dual_arm_dominant,7,1,2,2,2,5,5,8,30.5,3.45,13.25,1.1705,9.36,3.89,recommend_3arm
1222,dual_arm_dominant,7,1,2,2,2,5,5,10,30.5,3.45,13.25,1.1705,11.7,1.55,recommend_3arm
1222,dual_arm_dominant,7,1,2,2,2,5,5,12,30.5,3.45,13.25,1.1705,14.05,-0.8,recommend_2arm
1222,dual_arm_dominant,7,1,2,2,2,5,5,15,30.5,3.45,13.25,1.1705,17.56,-4.31,recommend_2arm
1222,dual_arm_dominant,7,1,2,2,2,5,5,20,30.5,3.45,13.25,1.1705,23.41,-10.16,recommend_2arm
1222,dual_arm_dominant,7,1,2,2,2,5,5,25,30.5,3.45,13.25,1.1705,29.26,-16.01,recommend_2arm
1222,dual_arm_dominant,7,1,2,2,2,6,6,0,30.5,3.45,9.8,1.1705,0.0,9.8,recommend_3arm
1222,dual_arm_dominant,7,1,2,2,2,6,6,2,30.5,3.45,9.8,1.1705,2.34,7.46,recommend_3arm
1222,dual_arm_dominant,7,1,2,2,2,6,6,4,30.5,3.45,9.8,1.1705,4.68,5.12,recommend_3arm
1222,dual_arm_dominant,7,1,2,2,2,6,6,6,30.5,3.45,9.8,1.1705,7.02,2.78,recommend_3arm
1222,dual_arm_dominant,7,1,2,2,2,6,6,8,30.5,3.45,9.8,1.1705,9.36,0.44,recommend_3arm
1222,dual_arm_dominant,7,1,2,2,2,6,6,10,30.5,3.45,9.8,1.1705,11.7,-1.9,recommend_2arm
1222,dual_arm_dominant,7,1,2,2,2,6,6,12,30.5,3.45,9.8,1.1705,14.05,-4.25,recommend_2arm
1222,dual_arm_dominant,7,1,2,2,2,6,6,15,30.5,3.45,9.8,1.1705,17.56,-7.76,recommend_2arm
1222,dual_arm_dominant,7,1,2,2,2,6,6,20,30.5,3.45,9.8,1.1705,23.41,-13.61,recommend_2arm
1222,dual_arm_dominant,7,1,2,2,2,6,6,25,30.5,3.45,9.8,1.1705,29.26,-19.46,recommend_2arm
1222,dual_arm_dominant,7,1,2,2,2,8,8,0,30.5,3.45,2.9,1.1705,0.0,2.9,recommend_3arm
1222,dual_arm_dominant,7,1,2,2,2,8,8,2,30.5,3.45,2.9,1.1705,2.34,0.56,recommend_3arm
1222,dual_arm_dominant,7,1,2,2,2,8,8,4,30.5,3.45,2.9,1.1705,4.68,-1.78,recommend_2arm
1222,dual_arm_dominant,7,1,2,2,2,8,8,6,30.5,3.45,2.9,1.1705,7.02,-4.12,recommend_2arm
1222,dual_arm_dominant,7,1,2,2,2,8,8,8,30.5,3.45,2.9,1.1705,9.36,-6.46,recommend_2arm
1222,dual_arm_dominant,7,1,2,2,2,8,8,10,30.5,3.45,2.9,1.1705,11.7,-8.8,recommend_2arm
1222,dual_arm_dominant,7,1,2,2,2,8,8,12,30.5,3.45,2.9,1.1705,14.05,-11.15,recommend_2arm
1222,dual_arm_dominant,7,1,2,2,2,8,8,15,30.5,3.45,2.9,1.1705,17.56,-14.66,recommend_2arm
1222,dual_arm_dominant,7,1,2,2,2,8,8,20,30.5,3.45,2.9,1.1705,23.41,-20.51,recommend_2arm
1222,dual_arm_dominant,7,1,2,2,2,8,8,25,30.5,3.45,2.9,1.1705,29.26,-26.36,recommend_2arm
1222,dual_arm_dominant,7,1,2,2,2,10,10,0,30.5,3.45,-4.0,1.1705,0.0,-4.0,recommend_2arm
1222,dual_arm_dominant,7,1,2,2,2,10,10,2,30.5,3.45,-4.0,1.1705,2.34,-6.34,recommend_2arm
1222,dual_arm_dominant,7,1,2,2,2,10,10,4,30.5,3.45,-4.0,1.1705,4.68,-8.68,recommend_2arm
1222,dual_arm_dominant,7,1,2,2,2,10,10,6,30.5,3.45,-4.0,1.1705,7.02,-11.02,recommend_2arm
1222,dual_arm_dominant,7,1,2,2,2,10,10,8,30.5,3.45,-4.0,1.1705,9.36,-13.36,recommend_2arm
1222,dual_arm_dominant,7,1,2,2,2,10,10,10,30.5,3.45,-4.0,1.1705,11.7,-15.7,recommend_2arm
1222,dual_arm_dominant,7,1,2,2,2,10,10,12,30.5,3.45,-4.0,1.1705,14.05,-18.05,recommend_2arm
1222,dual_arm_dominant,7,1,2,2,2,10,10,15,30.5,3.45,-4.0,1.1705,17.56,-21.56,recommend_2arm
1222,dual_arm_dominant,7,1,2,2,2,10,10,20,30.5,3.45,-4.0,1.1705,23.41,-27.41,recommend_2arm
1222,dual_arm_dominant,7,1,2,2,2,10,10,25,30.5,3.45,-4.0,1.1705,29.26,-33.26,recommend_2arm
1222,dual_arm_dominant,7,1,2,2,2,15,15,0,30.5,3.45,-21.25,1.1705,0.0,-21.25,recommend_2arm
1222,dual_arm_dominant,7,1,2,2,2,15,15,2,30.5,3.45,-21.25,1.1705,2.34,-23.59,recommend_2arm
1222,dual_arm_dominant,7,1,2,2,2,15,15,4,30.5,3.45,-21.25,1.1705,4.68,-25.93,recommend_2arm
1222,dual_arm_dominant,7,1,2,2,2,15,15,6,30.5,3.45,-21.25,1.1705,7.02,-28.27,recommend_2arm
1222,dual_arm_dominant,7,1,2,2,2,15,15,8,30.5,3.45,-21.25,1.1705,9.36,-30.61,recommend_2arm
1222,dual_arm_dominant,7,1,2,2,2,15,15,10,30.5,3.45,-21.25,1.1705,11.7,-32.95,recommend_2arm
1222,dual_arm_dominant,7,1,2,2,2,15,15,12,30.5,3.45,-21.25,1.1705,14.05,-35.3,recommend_2arm
1222,dual_arm_dominant,7,1,2,2,2,15,15,15,30.5,3.45,-21.25,1.1705,17.56,-38.81,recommend_2arm
1222,dual_arm_dominant,7,1,2,2,2,15,15,20,30.5,3.45,-21.25,1.1705,23.41,-44.66,recommend_2arm
1222,dual_arm_dominant,7,1,2,2,2,15,15,25,30.5,3.45,-21.25,1.1705,29.26,-50.51,recommend_2arm
2111,single_arm_dominant,5,2,1,1,1,0.5,0_5,0,33.11,5.93,30.14,1.0941,0.0,30.14,recommend_3arm
2111,single_arm_dominant,5,2,1,1,1,0.5,0_5,2,33.11,5.93,30.14,1.0941,2.19,27.96,recommend_3arm
2111,single_arm_dominant,5,2,1,1,1,0.5,0_5,4,33.11,5.93,30.14,1.0941,4.38,25.77,recommend_3arm
2111,single_arm_dominant,5,2,1,1,1,0.5,0_5,6,33.11,5.93,30.14,1.0941,6.56,23.58,recommend_3arm
2111,single_arm_dominant,5,2,1,1,1,0.5,0_5,8,33.11,5.93,30.14,1.0941,8.75,21.39,recommend_3arm
2111,single_arm_dominant,5,2,1,1,1,0.5,0_5,10,33.11,5.93,30.14,1.0941,10.94,19.2,recommend_3arm
2111,single_arm_dominant,5,2,1,1,1,0.5,0_5,12,33.11,5.93,30.14,1.0941,13.13,17.02,recommend_3arm
2111,single_arm_dominant,5,2,1,1,1,0.5,0_5,15,33.11,5.93,30.14,1.0941,16.41,13.73,recommend_3arm
2111,single_arm_dominant,5,2,1,1,1,0.5,0_5,20,33.11,5.93,30.14,1.0941,21.88,8.26,recommend_3arm
2111,single_arm_dominant,5,2,1,1,1,0.5,0_5,25,33.11,5.93,30.14,1.0941,27.35,2.79,recommend_3arm
2111,single_arm_dominant,5,2,1,1,1,1,1,0,33.11,5.93,27.18,1.0941,0.0,27.18,recommend_3arm
2111,single_arm_dominant,5,2,1,1,1,1,1,2,33.11,5.93,27.18,1.0941,2.19,24.99,recommend_3arm
2111,single_arm_dominant,5,2,1,1,1,1,1,4,33.11,5.93,27.18,1.0941,4.38,22.8,recommend_3arm
2111,single_arm_dominant,5,2,1,1,1,1,1,6,33.11,5.93,27.18,1.0941,6.56,20.62,recommend_3arm
2111,single_arm_dominant,5,2,1,1,1,1,1,8,33.11,5.93,27.18,1.0941,8.75,18.43,recommend_3arm
2111,single_arm_dominant,5,2,1,1,1,1,1,10,33.11,5.93,27.18,1.0941,10.94,16.24,recommend_3arm
2111,single_arm_dominant,5,2,1,1,1,1,1,12,33.11,5.93,27.18,1.0941,13.13,14.05,recommend_3arm
2111,single_arm_dominant,5,2,1,1,1,1,1,15,33.11,5.93,27.18,1.0941,16.41,10.77,recommend_3arm
2111,single_arm_dominant,5,2,1,1,1,1,1,20,33.11,5.93,27.18,1.0941,21.88,5.3,recommend_3arm
2111,single_arm_dominant,5,2,1,1,1,1,1,25,33.11,5.93,27.18,1.0941,27.35,-0.17,recommend_2arm
2111,single_arm_dominant,5,2,1,1,1,2,2,0,33.11,5.93,21.25,1.0941,0.0,21.25,recommend_3arm
2111,single_arm_dominant,5,2,1,1,1,2,2,2,33.11,5.93,21.25,1.0941,2.19,19.06,recommend_3arm
2111,single_arm_dominant,5,2,1,1,1,2,2,4,33.11,5.93,21.25,1.0941,4.38,16.87,recommend_3arm
2111,single_arm_dominant,5,2,1,1,1,2,2,6,33.11,5.93,21.25,1.0941,6.56,14.69,recommend_3arm
2111,single_arm_dominant,5,2,1,1,1,2,2,8,33.11,5.93,21.25,1.0941,8.75,12.5,recommend_3arm
2111,single_arm_dominant,5,2,1,1,1,2,2,10,33.11,5.93,21.25,1.0941,10.94,10.31,recommend_3arm
2111,single_arm_dominant,5,2,1,1,1,2,2,12,33.11,5.93,21.25,1.0941,13.13,8.12,recommend_3arm
2111,single_arm_dominant,5,2,1,1,1,2,2,15,33.11,5.93,21.25,1.0941,16.41,4.84,recommend_3arm
2111,single_arm_dominant,5,2,1,1,1,2,2,20,33.11,5.93,21.25,1.0941,21.88,-0.63,recommend_2arm
2111,single_arm_dominant,5,2,1,1,1,2,2,25,33.11,5.93,21.25,1.0941,27.35,-6.1,recommend_2arm
2111,single_arm_dominant,5,2,1,1,1,3,3,0,33.11,5.93,15.32,1.0941,0.0,15.32,recommend_3arm
2111,single_arm_dominant,5,2,1,1,1,3,3,2,33.11,5.93,15.32,1.0941,2.19,13.13,recommend_3arm
2111,single_arm_dominant,5,2,1,1,1,3,3,4,33.11,5.93,15.32,1.0941,4.38,10.94,recommend_3arm
2111,single_arm_dominant,5,2,1,1,1,3,3,6,33.11,5.93,15.32,1.0941,6.56,8.76,recommend_3arm
2111,single_arm_dominant,5,2,1,1,1,3,3,8,33.11,5.93,15.32,1.0941,8.75,6.57,recommend_3arm
2111,single_arm_dominant,5,2,1,1,1,3,3,10,33.11,5.93,15.32,1.0941,10.94,4.38,recommend_3arm
2111,single_arm_dominant,5,2,1,1,1,3,3,12,33.11,5.93,15.32,1.0941,13.13,2.19,recommend_3arm
2111,single_arm_dominant,5,2,1,1,1,3,3,15,33.11,5.93,15.32,1.0941,16.41,-1.09,recommend_2arm
2111,single_arm_dominant,5,2,1,1,1,3,3,20,33.11,5.93,15.32,1.0941,21.88,-6.56,recommend_2arm
2111,single_arm_dominant,5,2,1,1,1,3,3,25,33.11,5.93,15.32,1.0941,27.35,-12.03,recommend_2arm
2111,single_arm_dominant,5,2,1,1,1,4,4,0,33.11,5.93,9.39,1.0941,0.0,9.39,recommend_3arm
2111,single_arm_dominant,5,2,1,1,1,4,4,2,33.11,5.93,9.39,1.0941,2.19,7.2,recommend_3arm
2111,single_arm_dominant,5,2,1,1,1,4,4,4,33.11,5.93,9.39,1.0941,4.38,5.01,recommend_3arm
2111,single_arm_dominant,5,2,1,1,1,4,4,6,33.11,5.93,9.39,1.0941,6.56,2.83,recommend_3arm
2111,single_arm_dominant,5,2,1,1,1,4,4,8,33.11,5.93,9.39,1.0941,8.75,0.64,recommend_3arm
2111,single_arm_dominant,5,2,1,1,1,4,4,10,33.11,5.93,9.39,1.0941,10.94,-1.55,recommend_2arm
2111,single_arm_dominant,5,2,1,1,1,4,4,12,33.11,5.93,9.39,1.0941,13.13,-3.74,recommend_2arm
2111,single_arm_dominant,5,2,1,1,1,4,4,15,33.11,5.93,9.39,1.0941,16.41,-7.02,recommend_2arm
2111,single_arm_dominant,5,2,1,1,1,4,4,20,33.11,5.93,9.39,1.0941,21.88,-12.49,recommend_2arm
2111,single_arm_dominant,5,2,1,1,1,4,4,25,33.11,5.93,9.39,1.0941,27.35,-17.96,recommend_2arm
2111,single_arm_dominant,5,2,1,1,1,5,5,0,33.11,5.93,3.46,1.0941,0.0,3.46,recommend_3arm
2111,single_arm_dominant,5,2,1,1,1,5,5,2,33.11,5.93,3.46,1.0941,2.19,1.27,recommend_3arm
2111,single_arm_dominant,5,2,1,1,1,5,5,4,33.11,5.93,3.46,1.0941,4.38,-0.92,recommend_2arm
2111,single_arm_dominant,5,2,1,1,1,5,5,6,33.11,5.93,3.46,1.0941,6.56,-3.1,recommend_2arm
2111,single_arm_dominant,5,2,1,1,1,5,5,8,33.11,5.93,3.46,1.0941,8.75,-5.29,recommend_2arm
2111,single_arm_dominant,5,2,1,1,1,5,5,10,33.11,5.93,3.46,1.0941,10.94,-7.48,recommend_2arm
2111,single_arm_dominant,5,2,1,1,1,5,5,12,33.11,5.93,3.46,1.0941,13.13,-9.67,recommend_2arm
2111,single_arm_dominant,5,2,1,1,1,5,5,15,33.11,5.93,3.46,1.0941,16.41,-12.95,recommend_2arm
2111,single_arm_dominant,5,2,1,1,1,5,5,20,33.11,5.93,3.46,1.0941,21.88,-18.42,recommend_2arm
2111,single_arm_dominant,5,2,1,1,1,5,5,25,33.11,5.93,3.46,1.0941,27.35,-23.89,recommend_2arm
2111,single_arm_dominant,5,2,1,1,1,6,6,0,33.11,5.93,-2.47,1.0941,0.0,-2.47,recommend_2arm
2111,single_arm_dominant,5,2,1,1,1,6,6,2,33.11,5.93,-2.47,1.0941,2.19,-4.66,recommend_2arm
2111,single_arm_dominant,5,2,1,1,1,6,6,4,33.11,5.93,-2.47,1.0941,4.38,-6.85,recommend_2arm
2111,single_arm_dominant,5,2,1,1,1,6,6,6,33.11,5.93,-2.47,1.0941,6.56,-9.03,recommend_2arm
2111,single_arm_dominant,5,2,1,1,1,6,6,8,33.11,5.93,-2.47,1.0941,8.75,-11.22,recommend_2arm
2111,single_arm_dominant,5,2,1,1,1,6,6,10,33.11,5.93,-2.47,1.0941,10.94,-13.41,recommend_2arm
2111,single_arm_dominant,5,2,1,1,1,6,6,12,33.11,5.93,-2.47,1.0941,13.13,-15.6,recommend_2arm
2111,single_arm_dominant,5,2,1,1,1,6,6,15,33.11,5.93,-2.47,1.0941,16.41,-18.88,recommend_2arm
2111,single_arm_dominant,5,2,1,1,1,6,6,20,33.11,5.93,-2.47,1.0941,21.88,-24.35,recommend_2arm
2111,single_arm_dominant,5,2,1,1,1,6,6,25,33.11,5.93,-2.47,1.0941,27.35,-29.82,recommend_2arm
2111,single_arm_dominant,5,2,1,1,1,8,8,0,33.11,5.93,-14.33,1.0941,0.0,-14.33,recommend_2arm
2111,single_arm_dominant,5,2,1,1,1,8,8,2,33.11,5.93,-14.33,1.0941,2.19,-16.52,recommend_2arm
2111,single_arm_dominant,5,2,1,1,1,8,8,4,33.11,5.93,-14.33,1.0941,4.38,-18.71,recommend_2arm
2111,single_arm_dominant,5,2,1,1,1,8,8,6,33.11,5.93,-14.33,1.0941,6.56,-20.89,recommend_2arm
2111,single_arm_dominant,5,2,1,1,1,8,8,8,33.11,5.93,-14.33,1.0941,8.75,-23.08,recommend_2arm
2111,single_arm_dominant,5,2,1,1,1,8,8,10,33.11,5.93,-14.33,1.0941,10.94,-25.27,recommend_2arm
2111,single_arm_dominant,5,2,1,1,1,8,8,12,33.11,5.93,-14.33,1.0941,13.13,-27.46,recommend_2arm
2111,single_arm_dominant,5,2,1,1,1,8,8,15,33.11,5.93,-14.33,1.0941,16.41,-30.74,recommend_2arm
2111,single_arm_dominant,5,2,1,1,1,8,8,20,33.11,5.93,-14.33,1.0941,21.88,-36.21,recommend_2arm
2111,single_arm_dominant,5,2,1,1,1,8,8,25,33.11,5.93,-14.33,1.0941,27.35,-41.68,recommend_2arm
2111,single_arm_dominant,5,2,1,1,1,10,10,0,33.11,5.93,-26.19,1.0941,0.0,-26.19,recommend_2arm
2111,single_arm_dominant,5,2,1,1,1,10,10,2,33.11,5.93,-26.19,1.0941,2.19,-28.38,recommend_2arm
2111,single_arm_dominant,5,2,1,1,1,10,10,4,33.11,5.93,-26.19,1.0941,4.38,-30.57,recommend_2arm
2111,single_arm_dominant,5,2,1,1,1,10,10,6,33.11,5.93,-26.19,1.0941,6.56,-32.75,recommend_2arm
2111,single_arm_dominant,5,2,1,1,1,10,10,8,33.11,5.93,-26.19,1.0941,8.75,-34.94,recommend_2arm
2111,single_arm_dominant,5,2,1,1,1,10,10,10,33.11,5.93,-26.19,1.0941,10.94,-37.13,recommend_2arm
2111,single_arm_dominant,5,2,1,1,1,10,10,12,33.11,5.93,-26.19,1.0941,13.13,-39.32,recommend_2arm
2111,single_arm_dominant,5,2,1,1,1,10,10,15,33.11,5.93,-26.19,1.0941,16.41,-42.6,recommend_2arm
2111,single_arm_dominant,5,2,1,1,1,10,10,20,33.11,5.93,-26.19,1.0941,21.88,-48.07,recommend_2arm
2111,single_arm_dominant,5,2,1,1,1,10,10,25,33.11,5.93,-26.19,1.0941,27.35,-53.54,recommend_2arm
2111,single_arm_dominant,5,2,1,1,1,15,15,0,33.11,5.93,-55.84,1.0941,0.0,-55.84,recommend_2arm
2111,single_arm_dominant,5,2,1,1,1,15,15,2,33.11,5.93,-55.84,1.0941,2.19,-58.03,recommend_2arm
2111,single_arm_dominant,5,2,1,1,1,15,15,4,33.11,5.93,-55.84,1.0941,4.38,-60.22,recommend_2arm
2111,single_arm_dominant,5,2,1,1,1,15,15,6,33.11,5.93,-55.84,1.0941,6.56,-62.4,recommend_2arm
2111,single_arm_dominant,5,2,1,1,1,15,15,8,33.11,5.93,-55.84,1.0941,8.75,-64.59,recommend_2arm
2111,single_arm_dominant,5,2,1,1,1,15,15,10,33.11,5.93,-55.84,1.0941,10.94,-66.78,recommend_2arm
2111,single_arm_dominant,5,2,1,1,1,15,15,12,33.11,5.93,-55.84,1.0941,13.13,-68.97,recommend_2arm
2111,single_arm_dominant,5,2,1,1,1,15,15,15,33.11,5.93,-55.84,1.0941,16.41,-72.25,recommend_2arm
2111,single_arm_dominant,5,2,1,1,1,15,15,20,33.11,5.93,-55.84,1.0941,21.88,-77.72,recommend_2arm
2111,single_arm_dominant,5,2,1,1,1,15,15,25,33.11,5.93,-55.84,1.0941,27.35,-83.19,recommend_2arm
2112,mixed_balanced,6,2,1,1,2,0.5,0_5,0,32.37,4.63,30.05,1.1384,0.0,30.05,recommend_3arm
2112,mixed_balanced,6,2,1,1,2,0.5,0_5,2,32.37,4.63,30.05,1.1384,2.28,27.78,recommend_3arm
2112,mixed_balanced,6,2,1,1,2,0.5,0_5,4,32.37,4.63,30.05,1.1384,4.55,25.5,recommend_3arm
2112,mixed_balanced,6,2,1,1,2,0.5,0_5,6,32.37,4.63,30.05,1.1384,6.83,23.22,recommend_3arm
2112,mixed_balanced,6,2,1,1,2,0.5,0_5,8,32.37,4.63,30.05,1.1384,9.11,20.95,recommend_3arm
2112,mixed_balanced,6,2,1,1,2,0.5,0_5,10,32.37,4.63,30.05,1.1384,11.38,18.67,recommend_3arm
2112,mixed_balanced,6,2,1,1,2,0.5,0_5,12,32.37,4.63,30.05,1.1384,13.66,16.39,recommend_3arm
2112,mixed_balanced,6,2,1,1,2,0.5,0_5,15,32.37,4.63,30.05,1.1384,17.08,12.98,recommend_3arm
2112,mixed_balanced,6,2,1,1,2,0.5,0_5,20,32.37,4.63,30.05,1.1384,22.77,7.29,recommend_3arm
2112,mixed_balanced,6,2,1,1,2,0.5,0_5,25,32.37,4.63,30.05,1.1384,28.46,1.59,recommend_3arm
2112,mixed_balanced,6,2,1,1,2,1,1,0,32.37,4.63,27.74,1.1384,0.0,27.74,recommend_3arm
2112,mixed_balanced,6,2,1,1,2,1,1,2,32.37,4.63,27.74,1.1384,2.28,25.46,recommend_3arm
2112,mixed_balanced,6,2,1,1,2,1,1,4,32.37,4.63,27.74,1.1384,4.55,23.19,recommend_3arm
2112,mixed_balanced,6,2,1,1,2,1,1,6,32.37,4.63,27.74,1.1384,6.83,20.91,recommend_3arm
2112,mixed_balanced,6,2,1,1,2,1,1,8,32.37,4.63,27.74,1.1384,9.11,18.63,recommend_3arm
2112,mixed_balanced,6,2,1,1,2,1,1,10,32.37,4.63,27.74,1.1384,11.38,16.36,recommend_3arm
2112,mixed_balanced,6,2,1,1,2,1,1,12,32.37,4.63,27.74,1.1384,13.66,14.08,recommend_3arm
2112,mixed_balanced,6,2,1,1,2,1,1,15,32.37,4.63,27.74,1.1384,17.08,10.66,recommend_3arm
2112,mixed_balanced,6,2,1,1,2,1,1,20,32.37,4.63,27.74,1.1384,22.77,4.97,recommend_3arm
2112,mixed_balanced,6,2,1,1,2,1,1,25,32.37,4.63,27.74,1.1384,28.46,-0.72,recommend_2arm
2112,mixed_balanced,6,2,1,1,2,2,2,0,32.37,4.63,23.11,1.1384,0.0,23.11,recommend_3arm
2112,mixed_balanced,6,2,1,1,2,2,2,2,32.37,4.63,23.11,1.1384,2.28,20.83,recommend_3arm
2112,mixed_balanced,6,2,1,1,2,2,2,4,32.37,4.63,23.11,1.1384,4.55,18.56,recommend_3arm
2112,mixed_balanced,6,2,1,1,2,2,2,6,32.37,4.63,23.11,1.1384,6.83,16.28,recommend_3arm
2112,mixed_balanced,6,2,1,1,2,2,2,8,32.37,4.63,23.11,1.1384,9.11,14.0,recommend_3arm
2112,mixed_balanced,6,2,1,1,2,2,2,10,32.37,4.63,23.11,1.1384,11.38,11.73,recommend_3arm
2112,mixed_balanced,6,2,1,1,2,2,2,12,32.37,4.63,23.11,1.1384,13.66,9.45,recommend_3arm
2112,mixed_balanced,6,2,1,1,2,2,2,15,32.37,4.63,23.11,1.1384,17.08,6.03,recommend_3arm
2112,mixed_balanced,6,2,1,1,2,2,2,20,32.37,4.63,23.11,1.1384,22.77,0.34,recommend_3arm
2112,mixed_balanced,6,2,1,1,2,2,2,25,32.37,4.63,23.11,1.1384,28.46,-5.35,recommend_2arm
2112,mixed_balanced,6,2,1,1,2,3,3,0,32.37,4.63,18.48,1.1384,0.0,18.48,recommend_3arm
2112,mixed_balanced,6,2,1,1,2,3,3,2,32.37,4.63,18.48,1.1384,2.28,16.2,recommend_3arm
2112,mixed_balanced,6,2,1,1,2,3,3,4,32.37,4.63,18.48,1.1384,4.55,13.93,recommend_3arm
2112,mixed_balanced,6,2,1,1,2,3,3,6,32.37,4.63,18.48,1.1384,6.83,11.65,recommend_3arm
2112,mixed_balanced,6,2,1,1,2,3,3,8,32.37,4.63,18.48,1.1384,9.11,9.37,recommend_3arm
2112,mixed_balanced,6,2,1,1,2,3,3,10,32.37,4.63,18.48,1.1384,11.38,7.1,recommend_3arm
2112,mixed_balanced,6,2,1,1,2,3,3,12,32.37,4.63,18.48,1.1384,13.66,4.82,recommend_3arm
2112,mixed_balanced,6,2,1,1,2,3,3,15,32.37,4.63,18.48,1.1384,17.08,1.4,recommend_3arm
2112,mixed_balanced,6,2,1,1,2,3,3,20,32.37,4.63,18.48,1.1384,22.77,-4.29,recommend_2arm
2112,mixed_balanced,6,2,1,1,2,3,3,25,32.37,4.63,18.48,1.1384,28.46,-9.98,recommend_2arm
2112,mixed_balanced,6,2,1,1,2,4,4,0,32.37,4.63,13.85,1.1384,0.0,13.85,recommend_3arm
2112,mixed_balanced,6,2,1,1,2,4,4,2,32.37,4.63,13.85,1.1384,2.28,11.57,recommend_3arm
2112,mixed_balanced,6,2,1,1,2,4,4,4,32.37,4.63,13.85,1.1384,4.55,9.3,recommend_3arm
2112,mixed_balanced,6,2,1,1,2,4,4,6,32.37,4.63,13.85,1.1384,6.83,7.02,recommend_3arm
2112,mixed_balanced,6,2,1,1,2,4,4,8,32.37,4.63,13.85,1.1384,9.11,4.74,recommend_3arm
2112,mixed_balanced,6,2,1,1,2,4,4,10,32.37,4.63,13.85,1.1384,11.38,2.47,recommend_3arm
2112,mixed_balanced,6,2,1,1,2,4,4,12,32.37,4.63,13.85,1.1384,13.66,0.19,recommend_3arm
2112,mixed_balanced,6,2,1,1,2,4,4,15,32.37,4.63,13.85,1.1384,17.08,-3.23,recommend_2arm
2112,mixed_balanced,6,2,1,1,2,4,4,20,32.37,4.63,13.85,1.1384,22.77,-8.92,recommend_2arm
2112,mixed_balanced,6,2,1,1,2,4,4,25,32.37,4.63,13.85,1.1384,28.46,-14.61,recommend_2arm
2112,mixed_balanced,6,2,1,1,2,5,5,0,32.37,4.63,9.22,1.1384,0.0,9.22,recommend_3arm
2112,mixed_balanced,6,2,1,1,2,5,5,2,32.37,4.63,9.22,1.1384,2.28,6.94,recommend_3arm
2112,mixed_balanced,6,2,1,1,2,5,5,4,32.37,4.63,9.22,1.1384,4.55,4.67,recommend_3arm
2112,mixed_balanced,6,2,1,1,2,5,5,6,32.37,4.63,9.22,1.1384,6.83,2.39,recommend_3arm
2112,mixed_balanced,6,2,1,1,2,5,5,8,32.37,4.63,9.22,1.1384,9.11,0.11,recommend_3arm
2112,mixed_balanced,6,2,1,1,2,5,5,10,32.37,4.63,9.22,1.1384,11.38,-2.16,recommend_2arm
2112,mixed_balanced,6,2,1,1,2,5,5,12,32.37,4.63,9.22,1.1384,13.66,-4.44,recommend_2arm
2112,mixed_balanced,6,2,1,1,2,5,5,15,32.37,4.63,9.22,1.1384,17.08,-7.86,recommend_2arm
2112,mixed_balanced,6,2,1,1,2,5,5,20,32.37,4.63,9.22,1.1384,22.77,-13.55,recommend_2arm
2112,mixed_balanced,6,2,1,1,2,5,5,25,32.37,4.63,9.22,1.1384,28.46,-19.24,recommend_2arm
2112,mixed_balanced,6,2,1,1,2,6,6,0,32.37,4.63,4.59,1.1384,0.0,4.59,recommend_3arm
2112,mixed_balanced,6,2,1,1,2,6,6,2,32.37,4.63,4.59,1.1384,2.28,2.31,recommend_3arm
2112,mixed_balanced,6,2,1,1,2,6,6,4,32.37,4.63,4.59,1.1384,4.55,0.04,recommend_3arm
2112,mixed_balanced,6,2,1,1,2,6,6,6,32.37,4.63,4.59,1.1384,6.83,-2.24,recommend_2arm
2112,mixed_balanced,6,2,1,1,2,6,6,8,32.37,4.63,4.59,1.1384,9.11,-4.52,recommend_2arm
2112,mixed_balanced,6,2,1,1,2,6,6,10,32.37,4.63,4.59,1.1384,11.38,-6.79,recommend_2arm
2112,mixed_balanced,6,2,1,1,2,6,6,12,32.37,4.63,4.59,1.1384,13.66,-9.07,recommend_2arm
2112,mixed_balanced,6,2,1,1,2,6,6,15,32.37,4.63,4.59,1.1384,17.08,-12.49,recommend_2arm
2112,mixed_balanced,6,2,1,1,2,6,6,20,32.37,4.63,4.59,1.1384,22.77,-18.18,recommend_2arm
2112,mixed_balanced,6,2,1,1,2,6,6,25,32.37,4.63,4.59,1.1384,28.46,-23.87,recommend_2arm
2112,mixed_balanced,6,2,1,1,2,8,8,0,32.37,4.63,-4.67,1.1384,0.0,-4.67,recommend_2arm
2112,mixed_balanced,6,2,1,1,2,8,8,2,32.37,4.63,-4.67,1.1384,2.28,-6.95,recommend_2arm
2112,mixed_balanced,6,2,1,1,2,8,8,4,32.37,4.63,-4.67,1.1384,4.55,-9.22,recommend_2arm
2112,mixed_balanced,6,2,1,1,2,8,8,6,32.37,4.63,-4.67,1.1384,6.83,-11.5,recommend_2arm
2112,mixed_balanced,6,2,1,1,2,8,8,8,32.37,4.63,-4.67,1.1384,9.11,-13.78,recommend_2arm
2112,mixed_balanced,6,2,1,1,2,8,8,10,32.37,4.63,-4.67,1.1384,11.38,-16.05,recommend_2arm
2112,mixed_balanced,6,2,1,1,2,8,8,12,32.37,4.63,-4.67,1.1384,13.66,-18.33,recommend_2arm
2112,mixed_balanced,6,2,1,1,2,8,8,15,32.37,4.63,-4.67,1.1384,17.08,-21.75,recommend_2arm
2112,mixed_balanced,6,2,1,1,2,8,8,20,32.37,4.63,-4.67,1.1384,22.77,-27.44,recommend_2arm
2112,mixed_balanced,6,2,1,1,2,8,8,25,32.37,4.63,-4.67,1.1384,28.46,-33.13,recommend_2arm
2112,mixed_balanced,6,2,1,1,2,10,10,0,32.37,4.63,-13.93,1.1384,0.0,-13.93,recommend_2arm
2112,mixed_balanced,6,2,1,1,2,10,10,2,32.37,4.63,-13.93,1.1384,2.28,-16.21,recommend_2arm
2112,mixed_balanced,6,2,1,1,2,10,10,4,32.37,4.63,-13.93,1.1384,4.55,-18.48,recommend_2arm
2112,mixed_balanced,6,2,1,1,2,10,10,6,32.37,4.63,-13.93,1.1384,6.83,-20.76,recommend_2arm
2112,mixed_balanced,6,2,1,1,2,10,10,8,32.37,4.63,-13.93,1.1384,9.11,-23.04,recommend_2arm
2112,mixed_balanced,6,2,1,1,2,10,10,10,32.37,4.63,-13.93,1.1384,11.38,-25.31,recommend_2arm
2112,mixed_balanced,6,2,1,1,2,10,10,12,32.37,4.63,-13.93,1.1384,13.66,-27.59,recommend_2arm
2112,mixed_balanced,6,2,1,1,2,10,10,15,32.37,4.63,-13.93,1.1384,17.08,-31.01,recommend_2arm
2112,mixed_balanced,6,2,1,1,2,10,10,20,32.37,4.63,-13.93,1.1384,22.77,-36.7,recommend_2arm
2112,mixed_balanced,6,2,1,1,2,10,10,25,32.37,4.63,-13.93,1.1384,28.46,-42.39,recommend_2arm
2112,mixed_balanced,6,2,1,1,2,15,15,0,32.37,4.63,-37.08,1.1384,0.0,-37.08,recommend_2arm
2112,mixed_balanced,6,2,1,1,2,15,15,2,32.37,4.63,-37.08,1.1384,2.28,-39.36,recommend_2arm
2112,mixed_balanced,6,2,1,1,2,15,15,4,32.37,4.63,-37.08,1.1384,4.55,-41.63,recommend_2arm
2112,mixed_balanced,6,2,1,1,2,15,15,6,32.37,4.63,-37.08,1.1384,6.83,-43.91,recommend_2arm
2112,mixed_balanced,6,2,1,1,2,15,15,8,32.37,4.63,-37.08,1.1384,9.11,-46.19,recommend_2arm
2112,mixed_balanced,6,2,1,1,2,15,15,10,32.37,4.63,-37.08,1.1384,11.38,-48.46,recommend_2arm
2112,mixed_balanced,6,2,1,1,2,15,15,12,32.37,4.63,-37.08,1.1384,13.66,-50.74,recommend_2arm
2112,mixed_balanced,6,2,1,1,2,15,15,15,32.37,4.63,-37.08,1.1384,17.08,-54.16,recommend_2arm
2112,mixed_balanced,6,2,1,1,2,15,15,20,32.37,4.63,-37.08,1.1384,22.77,-59.85,recommend_2arm
2112,mixed_balanced,6,2,1,1,2,15,15,25,32.37,4.63,-37.08,1.1384,28.46,-65.54,recommend_2arm
2121,mixed_balanced,6,2,1,2,1,0.5,0_5,0,32.19,4.63,29.87,1.1259,0.0,29.87,recommend_3arm
2121,mixed_balanced,6,2,1,2,1,0.5,0_5,2,32.19,4.63,29.87,1.1259,2.25,27.62,recommend_3arm
2121,mixed_balanced,6,2,1,2,1,0.5,0_5,4,32.19,4.63,29.87,1.1259,4.5,25.37,recommend_3arm
2121,mixed_balanced,6,2,1,2,1,0.5,0_5,6,32.19,4.63,29.87,1.1259,6.76,23.12,recommend_3arm
2121,mixed_balanced,6,2,1,2,1,0.5,0_5,8,32.19,4.63,29.87,1.1259,9.01,20.87,recommend_3arm
2121,mixed_balanced,6,2,1,2,1,0.5,0_5,10,32.19,4.63,29.87,1.1259,11.26,18.62,recommend_3arm
2121,mixed_balanced,6,2,1,2,1,0.5,0_5,12,32.19,4.63,29.87,1.1259,13.51,16.36,recommend_3arm
2121,mixed_balanced,6,2,1,2,1,0.5,0_5,15,32.19,4.63,29.87,1.1259,16.89,12.99,recommend_3arm
2121,mixed_balanced,6,2,1,2,1,0.5,0_5,20,32.19,4.63,29.87,1.1259,22.52,7.36,recommend_3arm
2121,mixed_balanced,6,2,1,2,1,0.5,0_5,25,32.19,4.63,29.87,1.1259,28.15,1.73,recommend_3arm
2121,mixed_balanced,6,2,1,2,1,1,1,0,32.19,4.63,27.56,1.1259,0.0,27.56,recommend_3arm
2121,mixed_balanced,6,2,1,2,1,1,1,2,32.19,4.63,27.56,1.1259,2.25,25.31,recommend_3arm
2121,mixed_balanced,6,2,1,2,1,1,1,4,32.19,4.63,27.56,1.1259,4.5,23.06,recommend_3arm
2121,mixed_balanced,6,2,1,2,1,1,1,6,32.19,4.63,27.56,1.1259,6.76,20.8,recommend_3arm
2121,mixed_balanced,6,2,1,2,1,1,1,8,32.19,4.63,27.56,1.1259,9.01,18.55,recommend_3arm
2121,mixed_balanced,6,2,1,2,1,1,1,10,32.19,4.63,27.56,1.1259,11.26,16.3,recommend_3arm
2121,mixed_balanced,6,2,1,2,1,1,1,12,32.19,4.63,27.56,1.1259,13.51,14.05,recommend_3arm
2121,mixed_balanced,6,2,1,2,1,1,1,15,32.19,4.63,27.56,1.1259,16.89,10.67,recommend_3arm
2121,mixed_balanced,6,2,1,2,1,1,1,20,32.19,4.63,27.56,1.1259,22.52,5.04,recommend_3arm
2121,mixed_balanced,6,2,1,2,1,1,1,25,32.19,4.63,27.56,1.1259,28.15,-0.59,recommend_2arm
2121,mixed_balanced,6,2,1,2,1,2,2,0,32.19,4.63,22.93,1.1259,0.0,22.93,recommend_3arm
2121,mixed_balanced,6,2,1,2,1,2,2,2,32.19,4.63,22.93,1.1259,2.25,20.68,recommend_3arm
2121,mixed_balanced,6,2,1,2,1,2,2,4,32.19,4.63,22.93,1.1259,4.5,18.43,recommend_3arm
2121,mixed_balanced,6,2,1,2,1,2,2,6,32.19,4.63,22.93,1.1259,6.76,16.17,recommend_3arm
2121,mixed_balanced,6,2,1,2,1,2,2,8,32.19,4.63,22.93,1.1259,9.01,13.92,recommend_3arm
2121,mixed_balanced,6,2,1,2,1,2,2,10,32.19,4.63,22.93,1.1259,11.26,11.67,recommend_3arm
2121,mixed_balanced,6,2,1,2,1,2,2,12,32.19,4.63,22.93,1.1259,13.51,9.42,recommend_3arm
2121,mixed_balanced,6,2,1,2,1,2,2,15,32.19,4.63,22.93,1.1259,16.89,6.04,recommend_3arm
2121,mixed_balanced,6,2,1,2,1,2,2,20,32.19,4.63,22.93,1.1259,22.52,0.41,recommend_3arm
2121,mixed_balanced,6,2,1,2,1,2,2,25,32.19,4.63,22.93,1.1259,28.15,-5.22,recommend_2arm
2121,mixed_balanced,6,2,1,2,1,3,3,0,32.19,4.63,18.3,1.1259,0.0,18.3,recommend_3arm
2121,mixed_balanced,6,2,1,2,1,3,3,2,32.19,4.63,18.3,1.1259,2.25,16.05,recommend_3arm
2121,mixed_balanced,6,2,1,2,1,3,3,4,32.19,4.63,18.3,1.1259,4.5,13.8,recommend_3arm
2121,mixed_balanced,6,2,1,2,1,3,3,6,32.19,4.63,18.3,1.1259,6.76,11.54,recommend_3arm
2121,mixed_balanced,6,2,1,2,1,3,3,8,32.19,4.63,18.3,1.1259,9.01,9.29,recommend_3arm
2121,mixed_balanced,6,2,1,2,1,3,3,10,32.19,4.63,18.3,1.1259,11.26,7.04,recommend_3arm
2121,mixed_balanced,6,2,1,2,1,3,3,12,32.19,4.63,18.3,1.1259,13.51,4.79,recommend_3arm
2121,mixed_balanced,6,2,1,2,1,3,3,15,32.19,4.63,18.3,1.1259,16.89,1.41,recommend_3arm
2121,mixed_balanced,6,2,1,2,1,3,3,20,32.19,4.63,18.3,1.1259,22.52,-4.22,recommend_2arm
2121,mixed_balanced,6,2,1,2,1,3,3,25,32.19,4.63,18.3,1.1259,28.15,-9.85,recommend_2arm
2121,mixed_balanced,6,2,1,2,1,4,4,0,32.19,4.63,13.67,1.1259,0.0,13.67,recommend_3arm
2121,mixed_balanced,6,2,1,2,1,4,4,2,32.19,4.63,13.67,1.1259,2.25,11.42,recommend_3arm
2121,mixed_balanced,6,2,1,2,1,4,4,4,32.19,4.63,13.67,1.1259,4.5,9.17,recommend_3arm
2121,mixed_balanced,6,2,1,2,1,4,4,6,32.19,4.63,13.67,1.1259,6.76,6.91,recommend_3arm
2121,mixed_balanced,6,2,1,2,1,4,4,8,32.19,4.63,13.67,1.1259,9.01,4.66,recommend_3arm
2121,mixed_balanced,6,2,1,2,1,4,4,10,32.19,4.63,13.67,1.1259,11.26,2.41,recommend_3arm
2121,mixed_balanced,6,2,1,2,1,4,4,12,32.19,4.63,13.67,1.1259,13.51,0.16,recommend_3arm
2121,mixed_balanced,6,2,1,2,1,4,4,15,32.19,4.63,13.67,1.1259,16.89,-3.22,recommend_2arm
2121,mixed_balanced,6,2,1,2,1,4,4,20,32.19,4.63,13.67,1.1259,22.52,-8.85,recommend_2arm
2121,mixed_balanced,6,2,1,2,1,4,4,25,32.19,4.63,13.67,1.1259,28.15,-14.48,recommend_2arm
2121,mixed_balanced,6,2,1,2,1,5,5,0,32.19,4.63,9.04,1.1259,0.0,9.04,recommend_3arm
2121,mixed_balanced,6,2,1,2,1,5,5,2,32.19,4.63,9.04,1.1259,2.25,6.79,recommend_3arm
2121,mixed_balanced,6,2,1,2,1,5,5,4,32.19,4.63,9.04,1.1259,4.5,4.54,recommend_3arm
2121,mixed_balanced,6,2,1,2,1,5,5,6,32.19,4.63,9.04,1.1259,6.76,2.28,recommend_3arm
2121,mixed_balanced,6,2,1,2,1,5,5,8,32.19,4.63,9.04,1.1259,9.01,0.03,recommend_3arm
2121,mixed_balanced,6,2,1,2,1,5,5,10,32.19,4.63,9.04,1.1259,11.26,-2.22,recommend_2arm
2121,mixed_balanced,6,2,1,2,1,5,5,12,32.19,4.63,9.04,1.1259,13.51,-4.47,recommend_2arm
2121,mixed_balanced,6,2,1,2,1,5,5,15,32.19,4.63,9.04,1.1259,16.89,-7.85,recommend_2arm
2121,mixed_balanced,6,2,1,2,1,5,5,20,32.19,4.63,9.04,1.1259,22.52,-13.48,recommend_2arm
2121,mixed_balanced,6,2,1,2,1,5,5,25,32.19,4.63,9.04,1.1259,28.15,-19.11,recommend_2arm
2121,mixed_balanced,6,2,1,2,1,6,6,0,32.19,4.63,4.41,1.1259,0.0,4.41,recommend_3arm
2121,mixed_balanced,6,2,1,2,1,6,6,2,32.19,4.63,4.41,1.1259,2.25,2.16,recommend_3arm
2121,mixed_balanced,6,2,1,2,1,6,6,4,32.19,4.63,4.41,1.1259,4.5,-0.09,recommend_2arm
2121,mixed_balanced,6,2,1,2,1,6,6,6,32.19,4.63,4.41,1.1259,6.76,-2.35,recommend_2arm
2121,mixed_balanced,6,2,1,2,1,6,6,8,32.19,4.63,4.41,1.1259,9.01,-4.6,recommend_2arm
2121,mixed_balanced,6,2,1,2,1,6,6,10,32.19,4.63,4.41,1.1259,11.26,-6.85,recommend_2arm
2121,mixed_balanced,6,2,1,2,1,6,6,12,32.19,4.63,4.41,1.1259,13.51,-9.1,recommend_2arm
2121,mixed_balanced,6,2,1,2,1,6,6,15,32.19,4.63,4.41,1.1259,16.89,-12.48,recommend_2arm
2121,mixed_balanced,6,2,1,2,1,6,6,20,32.19,4.63,4.41,1.1259,22.52,-18.11,recommend_2arm
2121,mixed_balanced,6,2,1,2,1,6,6,25,32.19,4.63,4.41,1.1259,28.15,-23.74,recommend_2arm
2121,mixed_balanced,6,2,1,2,1,8,8,0,32.19,4.63,-4.85,1.1259,0.0,-4.85,recommend_2arm
2121,mixed_balanced,6,2,1,2,1,8,8,2,32.19,4.63,-4.85,1.1259,2.25,-7.1,recommend_2arm
2121,mixed_balanced,6,2,1,2,1,8,8,4,32.19,4.63,-4.85,1.1259,4.5,-9.35,recommend_2arm
2121,mixed_balanced,6,2,1,2,1,8,8,6,32.19,4.63,-4.85,1.1259,6.76,-11.61,recommend_2arm
2121,mixed_balanced,6,2,1,2,1,8,8,8,32.19,4.63,-4.85,1.1259,9.01,-13.86,recommend_2arm
2121,mixed_balanced,6,2,1,2,1,8,8,10,32.19,4.63,-4.85,1.1259,11.26,-16.11,recommend_2arm
2121,mixed_balanced,6,2,1,2,1,8,8,12,32.19,4.63,-4.85,1.1259,13.51,-18.36,recommend_2arm
2121,mixed_balanced,6,2,1,2,1,8,8,15,32.19,4.63,-4.85,1.1259,16.89,-21.74,recommend_2arm
2121,mixed_balanced,6,2,1,2,1,8,8,20,32.19,4.63,-4.85,1.1259,22.52,-27.37,recommend_2arm
2121,mixed_balanced,6,2,1,2,1,8,8,25,32.19,4.63,-4.85,1.1259,28.15,-33.0,recommend_2arm
2121,mixed_balanced,6,2,1,2,1,10,10,0,32.19,4.63,-14.11,1.1259,0.0,-14.11,recommend_2arm
2121,mixed_balanced,6,2,1,2,1,10,10,2,32.19,4.63,-14.11,1.1259,2.25,-16.36,recommend_2arm
2121,mixed_balanced,6,2,1,2,1,10,10,4,32.19,4.63,-14.11,1.1259,4.5,-18.61,recommend_2arm
2121,mixed_balanced,6,2,1,2,1,10,10,6,32.19,4.63,-14.11,1.1259,6.76,-20.87,recommend_2arm
2121,mixed_balanced,6,2,1,2,1,10,10,8,32.19,4.63,-14.11,1.1259,9.01,-23.12,recommend_2arm
2121,mixed_balanced,6,2,1,2,1,10,10,10,32.19,4.63,-14.11,1.1259,11.26,-25.37,recommend_2arm
2121,mixed_balanced,6,2,1,2,1,10,10,12,32.19,4.63,-14.11,1.1259,13.51,-27.62,recommend_2arm
2121,mixed_balanced,6,2,1,2,1,10,10,15,32.19,4.63,-14.11,1.1259,16.89,-31.0,recommend_2arm
2121,mixed_balanced,6,2,1,2,1,10,10,20,32.19,4.63,-14.11,1.1259,22.52,-36.63,recommend_2arm
2121,mixed_balanced,6,2,1,2,1,10,10,25,32.19,4.63,-14.11,1.1259,28.15,-42.26,recommend_2arm
2121,mixed_balanced,6,2,1,2,1,15,15,0,32.19,4.63,-37.26,1.1259,0.0,-37.26,recommend_2arm
2121,mixed_balanced,6,2,1,2,1,15,15,2,32.19,4.63,-37.26,1.1259,2.25,-39.51,recommend_2arm
2121,mixed_balanced,6,2,1,2,1,15,15,4,32.19,4.63,-37.26,1.1259,4.5,-41.76,recommend_2arm
2121,mixed_balanced,6,2,1,2,1,15,15,6,32.19,4.63,-37.26,1.1259,6.76,-44.02,recommend_2arm
2121,mixed_balanced,6,2,1,2,1,15,15,8,32.19,4.63,-37.26,1.1259,9.01,-46.27,recommend_2arm
2121,mixed_balanced,6,2,1,2,1,15,15,10,32.19,4.63,-37.26,1.1259,11.26,-48.52,recommend_2arm
2121,mixed_balanced,6,2,1,2,1,15,15,12,32.19,4.63,-37.26,1.1259,13.51,-50.77,recommend_2arm
2121,mixed_balanced,6,2,1,2,1,15,15,15,32.19,4.63,-37.26,1.1259,16.89,-54.15,recommend_2arm
2121,mixed_balanced,6,2,1,2,1,15,15,20,32.19,4.63,-37.26,1.1259,22.52,-59.78,recommend_2arm
2121,mixed_balanced,6,2,1,2,1,15,15,25,32.19,4.63,-37.26,1.1259,28.15,-65.41,recommend_2arm
2122,dual_arm_dominant,7,2,1,2,2,0.5,0_5,0,25.48,4.08,23.44,1.1705,0.0,23.44,recommend_3arm
2122,dual_arm_dominant,7,2,1,2,2,0.5,0_5,2,25.48,4.08,23.44,1.1705,2.34,21.1,recommend_3arm
2122,dual_arm_dominant,7,2,1,2,2,0.5,0_5,4,25.48,4.08,23.44,1.1705,4.68,18.76,recommend_3arm
2122,dual_arm_dominant,7,2,1,2,2,0.5,0_5,6,25.48,4.08,23.44,1.1705,7.02,16.42,recommend_3arm
2122,dual_arm_dominant,7,2,1,2,2,0.5,0_5,8,25.48,4.08,23.44,1.1705,9.36,14.08,recommend_3arm
2122,dual_arm_dominant,7,2,1,2,2,0.5,0_5,10,25.48,4.08,23.44,1.1705,11.7,11.74,recommend_3arm
2122,dual_arm_dominant,7,2,1,2,2,0.5,0_5,12,25.48,4.08,23.44,1.1705,14.05,9.39,recommend_3arm
2122,dual_arm_dominant,7,2,1,2,2,0.5,0_5,15,25.48,4.08,23.44,1.1705,17.56,5.88,recommend_3arm
2122,dual_arm_dominant,7,2,1,2,2,0.5,0_5,20,25.48,4.08,23.44,1.1705,23.41,0.03,recommend_3arm
2122,dual_arm_dominant,7,2,1,2,2,0.5,0_5,25,25.48,4.08,23.44,1.1705,29.26,-5.82,recommend_2arm
2122,dual_arm_dominant,7,2,1,2,2,1,1,0,25.48,4.08,21.4,1.1705,0.0,21.4,recommend_3arm
2122,dual_arm_dominant,7,2,1,2,2,1,1,2,25.48,4.08,21.4,1.1705,2.34,19.06,recommend_3arm
2122,dual_arm_dominant,7,2,1,2,2,1,1,4,25.48,4.08,21.4,1.1705,4.68,16.72,recommend_3arm
2122,dual_arm_dominant,7,2,1,2,2,1,1,6,25.48,4.08,21.4,1.1705,7.02,14.38,recommend_3arm
2122,dual_arm_dominant,7,2,1,2,2,1,1,8,25.48,4.08,21.4,1.1705,9.36,12.04,recommend_3arm
2122,dual_arm_dominant,7,2,1,2,2,1,1,10,25.48,4.08,21.4,1.1705,11.7,9.7,recommend_3arm
2122,dual_arm_dominant,7,2,1,2,2,1,1,12,25.48,4.08,21.4,1.1705,14.05,7.35,recommend_3arm
2122,dual_arm_dominant,7,2,1,2,2,1,1,15,25.48,4.08,21.4,1.1705,17.56,3.84,recommend_3arm
2122,dual_arm_dominant,7,2,1,2,2,1,1,20,25.48,4.08,21.4,1.1705,23.41,-2.01,recommend_2arm
2122,dual_arm_dominant,7,2,1,2,2,1,1,25,25.48,4.08,21.4,1.1705,29.26,-7.86,recommend_2arm
2122,dual_arm_dominant,7,2,1,2,2,2,2,0,25.48,4.08,17.32,1.1705,0.0,17.32,recommend_3arm
2122,dual_arm_dominant,7,2,1,2,2,2,2,2,25.48,4.08,17.32,1.1705,2.34,14.98,recommend_3arm
2122,dual_arm_dominant,7,2,1,2,2,2,2,4,25.48,4.08,17.32,1.1705,4.68,12.64,recommend_3arm
2122,dual_arm_dominant,7,2,1,2,2,2,2,6,25.48,4.08,17.32,1.1705,7.02,10.3,recommend_3arm
2122,dual_arm_dominant,7,2,1,2,2,2,2,8,25.48,4.08,17.32,1.1705,9.36,7.96,recommend_3arm
2122,dual_arm_dominant,7,2,1,2,2,2,2,10,25.48,4.08,17.32,1.1705,11.7,5.62,recommend_3arm
2122,dual_arm_dominant,7,2,1,2,2,2,2,12,25.48,4.08,17.32,1.1705,14.05,3.27,recommend_3arm
2122,dual_arm_dominant,7,2,1,2,2,2,2,15,25.48,4.08,17.32,1.1705,17.56,-0.24,recommend_2arm
2122,dual_arm_dominant,7,2,1,2,2,2,2,20,25.48,4.08,17.32,1.1705,23.41,-6.09,recommend_2arm
2122,dual_arm_dominant,7,2,1,2,2,2,2,25,25.48,4.08,17.32,1.1705,29.26,-11.94,recommend_2arm
2122,dual_arm_dominant,7,2,1,2,2,3,3,0,25.48,4.08,13.24,1.1705,0.0,13.24,recommend_3arm
2122,dual_arm_dominant,7,2,1,2,2,3,3,2,25.48,4.08,13.24,1.1705,2.34,10.9,recommend_3arm
2122,dual_arm_dominant,7,2,1,2,2,3,3,4,25.48,4.08,13.24,1.1705,4.68,8.56,recommend_3arm
2122,dual_arm_dominant,7,2,1,2,2,3,3,6,25.48,4.08,13.24,1.1705,7.02,6.22,recommend_3arm
2122,dual_arm_dominant,7,2,1,2,2,3,3,8,25.48,4.08,13.24,1.1705,9.36,3.88,recommend_3arm
2122,dual_arm_dominant,7,2,1,2,2,3,3,10,25.48,4.08,13.24,1.1705,11.7,1.54,recommend_3arm
2122,dual_arm_dominant,7,2,1,2,2,3,3,12,25.48,4.08,13.24,1.1705,14.05,-0.81,recommend_2arm
2122,dual_arm_dominant,7,2,1,2,2,3,3,15,25.48,4.08,13.24,1.1705,17.56,-4.32,recommend_2arm
2122,dual_arm_dominant,7,2,1,2,2,3,3,20,25.48,4.08,13.24,1.1705,23.41,-10.17,recommend_2arm
2122,dual_arm_dominant,7,2,1,2,2,3,3,25,25.48,4.08,13.24,1.1705,29.26,-16.02,recommend_2arm
2122,dual_arm_dominant,7,2,1,2,2,4,4,0,25.48,4.08,9.16,1.1705,0.0,9.16,recommend_3arm
2122,dual_arm_dominant,7,2,1,2,2,4,4,2,25.48,4.08,9.16,1.1705,2.34,6.82,recommend_3arm
2122,dual_arm_dominant,7,2,1,2,2,4,4,4,25.48,4.08,9.16,1.1705,4.68,4.48,recommend_3arm
2122,dual_arm_dominant,7,2,1,2,2,4,4,6,25.48,4.08,9.16,1.1705,7.02,2.14,recommend_3arm
2122,dual_arm_dominant,7,2,1,2,2,4,4,8,25.48,4.08,9.16,1.1705,9.36,-0.2,recommend_2arm
2122,dual_arm_dominant,7,2,1,2,2,4,4,10,25.48,4.08,9.16,1.1705,11.7,-2.54,recommend_2arm
2122,dual_arm_dominant,7,2,1,2,2,4,4,12,25.48,4.08,9.16,1.1705,14.05,-4.89,recommend_2arm
2122,dual_arm_dominant,7,2,1,2,2,4,4,15,25.48,4.08,9.16,1.1705,17.56,-8.4,recommend_2arm
2122,dual_arm_dominant,7,2,1,2,2,4,4,20,25.48,4.08,9.16,1.1705,23.41,-14.25,recommend_2arm
2122,dual_arm_dominant,7,2,1,2,2,4,4,25,25.48,4.08,9.16,1.1705,29.26,-20.1,recommend_2arm
2122,dual_arm_dominant,7,2,1,2,2,5,5,0,25.48,4.08,5.08,1.1705,0.0,5.08,recommend_3arm
2122,dual_arm_dominant,7,2,1,2,2,5,5,2,25.48,4.08,5.08,1.1705,2.34,2.74,recommend_3arm
2122,dual_arm_dominant,7,2,1,2,2,5,5,4,25.48,4.08,5.08,1.1705,4.68,0.4,recommend_3arm
2122,dual_arm_dominant,7,2,1,2,2,5,5,6,25.48,4.08,5.08,1.1705,7.02,-1.94,recommend_2arm
2122,dual_arm_dominant,7,2,1,2,2,5,5,8,25.48,4.08,5.08,1.1705,9.36,-4.28,recommend_2arm
2122,dual_arm_dominant,7,2,1,2,2,5,5,10,25.48,4.08,5.08,1.1705,11.7,-6.62,recommend_2arm
2122,dual_arm_dominant,7,2,1,2,2,5,5,12,25.48,4.08,5.08,1.1705,14.05,-8.97,recommend_2arm
2122,dual_arm_dominant,7,2,1,2,2,5,5,15,25.48,4.08,5.08,1.1705,17.56,-12.48,recommend_2arm
2122,dual_arm_dominant,7,2,1,2,2,5,5,20,25.48,4.08,5.08,1.1705,23.41,-18.33,recommend_2arm
2122,dual_arm_dominant,7,2,1,2,2,5,5,25,25.48,4.08,5.08,1.1705,29.26,-24.18,recommend_2arm
2122,dual_arm_dominant,7,2,1,2,2,6,6,0,25.48,4.08,1.0,1.1705,0.0,1.0,recommend_3arm
2122,dual_arm_dominant,7,2,1,2,2,6,6,2,25.48,4.08,1.0,1.1705,2.34,-1.34,recommend_2arm
2122,dual_arm_dominant,7,2,1,2,2,6,6,4,25.48,4.08,1.0,1.1705,4.68,-3.68,recommend_2arm
2122,dual_arm_dominant,7,2,1,2,2,6,6,6,25.48,4.08,1.0,1.1705,7.02,-6.02,recommend_2arm
2122,dual_arm_dominant,7,2,1,2,2,6,6,8,25.48,4.08,1.0,1.1705,9.36,-8.36,recommend_2arm
2122,dual_arm_dominant,7,2,1,2,2,6,6,10,25.48,4.08,1.0,1.1705,11.7,-10.7,recommend_2arm
2122,dual_arm_dominant,7,2,1,2,2,6,6,12,25.48,4.08,1.0,1.1705,14.05,-13.05,recommend_2arm
2122,dual_arm_dominant,7,2,1,2,2,6,6,15,25.48,4.08,1.0,1.1705,17.56,-16.56,recommend_2arm
2122,dual_arm_dominant,7,2,1,2,2,6,6,20,25.48,4.08,1.0,1.1705,23.41,-22.41,recommend_2arm
2122,dual_arm_dominant,7,2,1,2,2,6,6,25,25.48,4.08,1.0,1.1705,29.26,-28.26,recommend_2arm
2122,dual_arm_dominant,7,2,1,2,2,8,8,0,25.48,4.08,-7.16,1.1705,0.0,-7.16,recommend_2arm
2122,dual_arm_dominant,7,2,1,2,2,8,8,2,25.48,4.08,-7.16,1.1705,2.34,-9.5,recommend_2arm
2122,dual_arm_dominant,7,2,1,2,2,8,8,4,25.48,4.08,-7.16,1.1705,4.68,-11.84,recommend_2arm
2122,dual_arm_dominant,7,2,1,2,2,8,8,6,25.48,4.08,-7.16,1.1705,7.02,-14.18,recommend_2arm
2122,dual_arm_dominant,7,2,1,2,2,8,8,8,25.48,4.08,-7.16,1.1705,9.36,-16.52,recommend_2arm
2122,dual_arm_dominant,7,2,1,2,2,8,8,10,25.48,4.08,-7.16,1.1705,11.7,-18.86,recommend_2arm
2122,dual_arm_dominant,7,2,1,2,2,8,8,12,25.48,4.08,-7.16,1.1705,14.05,-21.21,recommend_2arm
2122,dual_arm_dominant,7,2,1,2,2,8,8,15,25.48,4.08,-7.16,1.1705,17.56,-24.72,recommend_2arm
2122,dual_arm_dominant,7,2,1,2,2,8,8,20,25.48,4.08,-7.16,1.1705,23.41,-30.57,recommend_2arm
2122,dual_arm_dominant,7,2,1,2,2,8,8,25,25.48,4.08,-7.16,1.1705,29.26,-36.42,recommend_2arm
2122,dual_arm_dominant,7,2,1,2,2,10,10,0,25.48,4.08,-15.32,1.1705,0.0,-15.32,recommend_2arm
2122,dual_arm_dominant,7,2,1,2,2,10,10,2,25.48,4.08,-15.32,1.1705,2.34,-17.66,recommend_2arm
2122,dual_arm_dominant,7,2,1,2,2,10,10,4,25.48,4.08,-15.32,1.1705,4.68,-20.0,recommend_2arm
2122,dual_arm_dominant,7,2,1,2,2,10,10,6,25.48,4.08,-15.32,1.1705,7.02,-22.34,recommend_2arm
2122,dual_arm_dominant,7,2,1,2,2,10,10,8,25.48,4.08,-15.32,1.1705,9.36,-24.68,recommend_2arm
2122,dual_arm_dominant,7,2,1,2,2,10,10,10,25.48,4.08,-15.32,1.1705,11.7,-27.02,recommend_2arm
2122,dual_arm_dominant,7,2,1,2,2,10,10,12,25.48,4.08,-15.32,1.1705,14.05,-29.37,recommend_2arm
2122,dual_arm_dominant,7,2,1,2,2,10,10,15,25.48,4.08,-15.32,1.1705,17.56,-32.88,recommend_2arm
2122,dual_arm_dominant,7,2,1,2,2,10,10,20,25.48,4.08,-15.32,1.1705,23.41,-38.73,recommend_2arm
2122,dual_arm_dominant,7,2,1,2,2,10,10,25,25.48,4.08,-15.32,1.1705,29.26,-44.58,recommend_2arm
2122,dual_arm_dominant,7,2,1,2,2,15,15,0,25.48,4.08,-35.72,1.1705,0.0,-35.72,recommend_2arm
2122,dual_arm_dominant,7,2,1,2,2,15,15,2,25.48,4.08,-35.72,1.1705,2.34,-38.06,recommend_2arm
2122,dual_arm_dominant,7,2,1,2,2,15,15,4,25.48,4.08,-35.72,1.1705,4.68,-40.4,recommend_2arm
2122,dual_arm_dominant,7,2,1,2,2,15,15,6,25.48,4.08,-35.72,1.1705,7.02,-42.74,recommend_2arm
2122,dual_arm_dominant,7,2,1,2,2,15,15,8,25.48,4.08,-35.72,1.1705,9.36,-45.08,recommend_2arm
2122,dual_arm_dominant,7,2,1,2,2,15,15,10,25.48,4.08,-35.72,1.1705,11.7,-47.42,recommend_2arm
2122,dual_arm_dominant,7,2,1,2,2,15,15,12,25.48,4.08,-35.72,1.1705,14.05,-49.77,recommend_2arm
2122,dual_arm_dominant,7,2,1,2,2,15,15,15,25.48,4.08,-35.72,1.1705,17.56,-53.28,recommend_2arm
2122,dual_arm_dominant,7,2,1,2,2,15,15,20,25.48,4.08,-35.72,1.1705,23.41,-59.13,recommend_2arm
2122,dual_arm_dominant,7,2,1,2,2,15,15,25,25.48,4.08,-35.72,1.1705,29.26,-64.98,recommend_2arm
2211,single_arm_dominant,6,2,2,1,1,0.5,0_5,0,27.5,4.94,25.03,1.1259,0.0,25.03,recommend_3arm
2211,single_arm_dominant,6,2,2,1,1,0.5,0_5,2,27.5,4.94,25.03,1.1259,2.25,22.78,recommend_3arm
2211,single_arm_dominant,6,2,2,1,1,0.5,0_5,4,27.5,4.94,25.03,1.1259,4.5,20.53,recommend_3arm
2211,single_arm_dominant,6,2,2,1,1,0.5,0_5,6,27.5,4.94,25.03,1.1259,6.76,18.27,recommend_3arm
2211,single_arm_dominant,6,2,2,1,1,0.5,0_5,8,27.5,4.94,25.03,1.1259,9.01,16.02,recommend_3arm
2211,single_arm_dominant,6,2,2,1,1,0.5,0_5,10,27.5,4.94,25.03,1.1259,11.26,13.77,recommend_3arm
2211,single_arm_dominant,6,2,2,1,1,0.5,0_5,12,27.5,4.94,25.03,1.1259,13.51,11.52,recommend_3arm
2211,single_arm_dominant,6,2,2,1,1,0.5,0_5,15,27.5,4.94,25.03,1.1259,16.89,8.14,recommend_3arm
2211,single_arm_dominant,6,2,2,1,1,0.5,0_5,20,27.5,4.94,25.03,1.1259,22.52,2.51,recommend_3arm
2211,single_arm_dominant,6,2,2,1,1,0.5,0_5,25,27.5,4.94,25.03,1.1259,28.15,-3.12,recommend_2arm
2211,single_arm_dominant,6,2,2,1,1,1,1,0,27.5,4.94,22.56,1.1259,0.0,22.56,recommend_3arm
2211,single_arm_dominant,6,2,2,1,1,1,1,2,27.5,4.94,22.56,1.1259,2.25,20.31,recommend_3arm
2211,single_arm_dominant,6,2,2,1,1,1,1,4,27.5,4.94,22.56,1.1259,4.5,18.06,recommend_3arm
2211,single_arm_dominant,6,2,2,1,1,1,1,6,27.5,4.94,22.56,1.1259,6.76,15.8,recommend_3arm
2211,single_arm_dominant,6,2,2,1,1,1,1,8,27.5,4.94,22.56,1.1259,9.01,13.55,recommend_3arm
2211,single_arm_dominant,6,2,2,1,1,1,1,10,27.5,4.94,22.56,1.1259,11.26,11.3,recommend_3arm
2211,single_arm_dominant,6,2,2,1,1,1,1,12,27.5,4.94,22.56,1.1259,13.51,9.05,recommend_3arm
2211,single_arm_dominant,6,2,2,1,1,1,1,15,27.5,4.94,22.56,1.1259,16.89,5.67,recommend_3arm
2211,single_arm_dominant,6,2,2,1,1,1,1,20,27.5,4.94,22.56,1.1259,22.52,0.04,recommend_3arm
2211,single_arm_dominant,6,2,2,1,1,1,1,25,27.5,4.94,22.56,1.1259,28.15,-5.59,recommend_2arm
2211,single_arm_dominant,6,2,2,1,1,2,2,0,27.5,4.94,17.62,1.1259,0.0,17.62,recommend_3arm
2211,single_arm_dominant,6,2,2,1,1,2,2,2,27.5,4.94,17.62,1.1259,2.25,15.37,recommend_3arm
2211,single_arm_dominant,6,2,2,1,1,2,2,4,27.5,4.94,17.62,1.1259,4.5,13.12,recommend_3arm
2211,single_arm_dominant,6,2,2,1,1,2,2,6,27.5,4.94,17.62,1.1259,6.76,10.86,recommend_3arm
2211,single_arm_dominant,6,2,2,1,1,2,2,8,27.5,4.94,17.62,1.1259,9.01,8.61,recommend_3arm
2211,single_arm_dominant,6,2,2,1,1,2,2,10,27.5,4.94,17.62,1.1259,11.26,6.36,recommend_3arm
2211,single_arm_dominant,6,2,2,1,1,2,2,12,27.5,4.94,17.62,1.1259,13.51,4.11,recommend_3arm
2211,single_arm_dominant,6,2,2,1,1,2,2,15,27.5,4.94,17.62,1.1259,16.89,0.73,recommend_3arm
2211,single_arm_dominant,6,2,2,1,1,2,2,20,27.5,4.94,17.62,1.1259,22.52,-4.9,recommend_2arm
2211,single_arm_dominant,6,2,2,1,1,2,2,25,27.5,4.94,17.62,1.1259,28.15,-10.53,recommend_2arm
2211,single_arm_dominant,6,2,2,1,1,3,3,0,27.5,4.94,12.68,1.1259,0.0,12.68,recommend_3arm
2211,single_arm_dominant,6,2,2,1,1,3,3,2,27.5,4.94,12.68,1.1259,2.25,10.43,recommend_3arm
2211,single_arm_dominant,6,2,2,1,1,3,3,4,27.5,4.94,12.68,1.1259,4.5,8.18,recommend_3arm
2211,single_arm_dominant,6,2,2,1,1,3,3,6,27.5,4.94,12.68,1.1259,6.76,5.92,recommend_3arm
2211,single_arm_dominant,6,2,2,1,1,3,3,8,27.5,4.94,12.68,1.1259,9.01,3.67,recommend_3arm
2211,single_arm_dominant,6,2,2,1,1,3,3,10,27.5,4.94,12.68,1.1259,11.26,1.42,recommend_3arm
2211,single_arm_dominant,6,2,2,1,1,3,3,12,27.5,4.94,12.68,1.1259,13.51,-0.83,recommend_2arm
2211,single_arm_dominant,6,2,2,1,1,3,3,15,27.5,4.94,12.68,1.1259,16.89,-4.21,recommend_2arm
2211,single_arm_dominant,6,2,2,1,1,3,3,20,27.5,4.94,12.68,1.1259,22.52,-9.84,recommend_2arm
2211,single_arm_dominant,6,2,2,1,1,3,3,25,27.5,4.94,12.68,1.1259,28.15,-15.47,recommend_2arm
2211,single_arm_dominant,6,2,2,1,1,4,4,0,27.5,4.94,7.74,1.1259,0.0,7.74,recommend_3arm
2211,single_arm_dominant,6,2,2,1,1,4,4,2,27.5,4.94,7.74,1.1259,2.25,5.49,recommend_3arm
2211,single_arm_dominant,6,2,2,1,1,4,4,4,27.5,4.94,7.74,1.1259,4.5,3.24,recommend_3arm
2211,single_arm_dominant,6,2,2,1,1,4,4,6,27.5,4.94,7.74,1.1259,6.76,0.98,recommend_3arm
2211,single_arm_dominant,6,2,2,1,1,4,4,8,27.5,4.94,7.74,1.1259,9.01,-1.27,recommend_2arm
2211,single_arm_dominant,6,2,2,1,1,4,4,10,27.5,4.94,7.74,1.1259,11.26,-3.52,recommend_2arm
2211,single_arm_dominant,6,2,2,1,1,4,4,12,27.5,4.94,7.74,1.1259,13.51,-5.77,recommend_2arm
2211,single_arm_dominant,6,2,2,1,1,4,4,15,27.5,4.94,7.74,1.1259,16.89,-9.15,recommend_2arm
2211,single_arm_dominant,6,2,2,1,1,4,4,20,27.5,4.94,7.74,1.1259,22.52,-14.78,recommend_2arm
2211,single_arm_dominant,6,2,2,1,1,4,4,25,27.5,4.94,7.74,1.1259,28.15,-20.41,recommend_2arm
2211,single_arm_dominant,6,2,2,1,1,5,5,0,27.5,4.94,2.8,1.1259,0.0,2.8,recommend_3arm
2211,single_arm_dominant,6,2,2,1,1,5,5,2,27.5,4.94,2.8,1.1259,2.25,0.55,recommend_3arm
2211,single_arm_dominant,6,2,2,1,1,5,5,4,27.5,4.94,2.8,1.1259,4.5,-1.7,recommend_2arm
2211,single_arm_dominant,6,2,2,1,1,5,5,6,27.5,4.94,2.8,1.1259,6.76,-3.96,recommend_2arm
2211,single_arm_dominant,6,2,2,1,1,5,5,8,27.5,4.94,2.8,1.1259,9.01,-6.21,recommend_2arm
2211,single_arm_dominant,6,2,2,1,1,5,5,10,27.5,4.94,2.8,1.1259,11.26,-8.46,recommend_2arm
2211,single_arm_dominant,6,2,2,1,1,5,5,12,27.5,4.94,2.8,1.1259,13.51,-10.71,recommend_2arm
2211,single_arm_dominant,6,2,2,1,1,5,5,15,27.5,4.94,2.8,1.1259,16.89,-14.09,recommend_2arm
2211,single_arm_dominant,6,2,2,1,1,5,5,20,27.5,4.94,2.8,1.1259,22.52,-19.72,recommend_2arm
2211,single_arm_dominant,6,2,2,1,1,5,5,25,27.5,4.94,2.8,1.1259,28.15,-25.35,recommend_2arm
2211,single_arm_dominant,6,2,2,1,1,6,6,0,27.5,4.94,-2.14,1.1259,0.0,-2.14,recommend_2arm
2211,single_arm_dominant,6,2,2,1,1,6,6,2,27.5,4.94,-2.14,1.1259,2.25,-4.39,recommend_2arm
2211,single_arm_dominant,6,2,2,1,1,6,6,4,27.5,4.94,-2.14,1.1259,4.5,-6.64,recommend_2arm
2211,single_arm_dominant,6,2,2,1,1,6,6,6,27.5,4.94,-2.14,1.1259,6.76,-8.9,recommend_2arm
2211,single_arm_dominant,6,2,2,1,1,6,6,8,27.5,4.94,-2.14,1.1259,9.01,-11.15,recommend_2arm
2211,single_arm_dominant,6,2,2,1,1,6,6,10,27.5,4.94,-2.14,1.1259,11.26,-13.4,recommend_2arm
2211,single_arm_dominant,6,2,2,1,1,6,6,12,27.5,4.94,-2.14,1.1259,13.51,-15.65,recommend_2arm
2211,single_arm_dominant,6,2,2,1,1,6,6,15,27.5,4.94,-2.14,1.1259,16.89,-19.03,recommend_2arm
2211,single_arm_dominant,6,2,2,1,1,6,6,20,27.5,4.94,-2.14,1.1259,22.52,-24.66,recommend_2arm
2211,single_arm_dominant,6,2,2,1,1,6,6,25,27.5,4.94,-2.14,1.1259,28.15,-30.29,recommend_2arm
2211,single_arm_dominant,6,2,2,1,1,8,8,0,27.5,4.94,-12.02,1.1259,0.0,-12.02,recommend_2arm
2211,single_arm_dominant,6,2,2,1,1,8,8,2,27.5,4.94,-12.02,1.1259,2.25,-14.27,recommend_2arm
2211,single_arm_dominant,6,2,2,1,1,8,8,4,27.5,4.94,-12.02,1.1259,4.5,-16.52,recommend_2arm
2211,single_arm_dominant,6,2,2,1,1,8,8,6,27.5,4.94,-12.02,1.1259,6.76,-18.78,recommend_2arm
2211,single_arm_dominant,6,2,2,1,1,8,8,8,27.5,4.94,-12.02,1.1259,9.01,-21.03,recommend_2arm
2211,single_arm_dominant,6,2,2,1,1,8,8,10,27.5,4.94,-12.02,1.1259,11.26,-23.28,recommend_2arm
2211,single_arm_dominant,6,2,2,1,1,8,8,12,27.5,4.94,-12.02,1.1259,13.51,-25.53,recommend_2arm
2211,single_arm_dominant,6,2,2,1,1,8,8,15,27.5,4.94,-12.02,1.1259,16.89,-28.91,recommend_2arm
2211,single_arm_dominant,6,2,2,1,1,8,8,20,27.5,4.94,-12.02,1.1259,22.52,-34.54,recommend_2arm
2211,single_arm_dominant,6,2,2,1,1,8,8,25,27.5,4.94,-12.02,1.1259,28.15,-40.17,recommend_2arm
2211,single_arm_dominant,6,2,2,1,1,10,10,0,27.5,4.94,-21.9,1.1259,0.0,-21.9,recommend_2arm
2211,single_arm_dominant,6,2,2,1,1,10,10,2,27.5,4.94,-21.9,1.1259,2.25,-24.15,recommend_2arm
2211,single_arm_dominant,6,2,2,1,1,10,10,4,27.5,4.94,-21.9,1.1259,4.5,-26.4,recommend_2arm
2211,single_arm_dominant,6,2,2,1,1,10,10,6,27.5,4.94,-21.9,1.1259,6.76,-28.66,recommend_2arm
2211,single_arm_dominant,6,2,2,1,1,10,10,8,27.5,4.94,-21.9,1.1259,9.01,-30.91,recommend_2arm
2211,single_arm_dominant,6,2,2,1,1,10,10,10,27.5,4.94,-21.9,1.1259,11.26,-33.16,recommend_2arm
2211,single_arm_dominant,6,2,2,1,1,10,10,12,27.5,4.94,-21.9,1.1259,13.51,-35.41,recommend_2arm
2211,single_arm_dominant,6,2,2,1,1,10,10,15,27.5,4.94,-21.9,1.1259,16.89,-38.79,recommend_2arm
2211,single_arm_dominant,6,2,2,1,1,10,10,20,27.5,4.94,-21.9,1.1259,22.52,-44.42,recommend_2arm
2211,single_arm_dominant,6,2,2,1,1,10,10,25,27.5,4.94,-21.9,1.1259,28.15,-50.05,recommend_2arm
2211,single_arm_dominant,6,2,2,1,1,15,15,0,27.5,4.94,-46.6,1.1259,0.0,-46.6,recommend_2arm
2211,single_arm_dominant,6,2,2,1,1,15,15,2,27.5,4.94,-46.6,1.1259,2.25,-48.85,recommend_2arm
2211,single_arm_dominant,6,2,2,1,1,15,15,4,27.5,4.94,-46.6,1.1259,4.5,-51.1,recommend_2arm
2211,single_arm_dominant,6,2,2,1,1,15,15,6,27.5,4.94,-46.6,1.1259,6.76,-53.36,recommend_2arm
2211,single_arm_dominant,6,2,2,1,1,15,15,8,27.5,4.94,-46.6,1.1259,9.01,-55.61,recommend_2arm
2211,single_arm_dominant,6,2,2,1,1,15,15,10,27.5,4.94,-46.6,1.1259,11.26,-57.86,recommend_2arm
2211,single_arm_dominant,6,2,2,1,1,15,15,12,27.5,4.94,-46.6,1.1259,13.51,-60.11,recommend_2arm
2211,single_arm_dominant,6,2,2,1,1,15,15,15,27.5,4.94,-46.6,1.1259,16.89,-63.49,recommend_2arm
2211,single_arm_dominant,6,2,2,1,1,15,15,20,27.5,4.94,-46.6,1.1259,22.52,-69.12,recommend_2arm
2211,single_arm_dominant,6,2,2,1,1,15,15,25,27.5,4.94,-46.6,1.1259,28.15,-74.75,recommend_2arm
2212,single_arm_dominant,7,2,2,1,2,0.5,0_5,0,31.99,4.36,29.81,1.1705,0.0,29.81,recommend_3arm
2212,single_arm_dominant,7,2,2,1,2,0.5,0_5,2,31.99,4.36,29.81,1.1705,2.34,27.47,recommend_3arm
2212,single_arm_dominant,7,2,2,1,2,0.5,0_5,4,31.99,4.36,29.81,1.1705,4.68,25.13,recommend_3arm
2212,single_arm_dominant,7,2,2,1,2,0.5,0_5,6,31.99,4.36,29.81,1.1705,7.02,22.79,recommend_3arm
2212,single_arm_dominant,7,2,2,1,2,0.5,0_5,8,31.99,4.36,29.81,1.1705,9.36,20.45,recommend_3arm
2212,single_arm_dominant,7,2,2,1,2,0.5,0_5,10,31.99,4.36,29.81,1.1705,11.7,18.11,recommend_3arm
2212,single_arm_dominant,7,2,2,1,2,0.5,0_5,12,31.99,4.36,29.81,1.1705,14.05,15.76,recommend_3arm
2212,single_arm_dominant,7,2,2,1,2,0.5,0_5,15,31.99,4.36,29.81,1.1705,17.56,12.25,recommend_3arm
2212,single_arm_dominant,7,2,2,1,2,0.5,0_5,20,31.99,4.36,29.81,1.1705,23.41,6.4,recommend_3arm
2212,single_arm_dominant,7,2,2,1,2,0.5,0_5,25,31.99,4.36,29.81,1.1705,29.26,0.55,recommend_3arm
2212,single_arm_dominant,7,2,2,1,2,1,1,0,31.99,4.36,27.63,1.1705,0.0,27.63,recommend_3arm
2212,single_arm_dominant,7,2,2,1,2,1,1,2,31.99,4.36,27.63,1.1705,2.34,25.29,recommend_3arm
2212,single_arm_dominant,7,2,2,1,2,1,1,4,31.99,4.36,27.63,1.1705,4.68,22.95,recommend_3arm
2212,single_arm_dominant,7,2,2,1,2,1,1,6,31.99,4.36,27.63,1.1705,7.02,20.61,recommend_3arm
2212,single_arm_dominant,7,2,2,1,2,1,1,8,31.99,4.36,27.63,1.1705,9.36,18.27,recommend_3arm
2212,single_arm_dominant,7,2,2,1,2,1,1,10,31.99,4.36,27.63,1.1705,11.7,15.93,recommend_3arm
2212,single_arm_dominant,7,2,2,1,2,1,1,12,31.99,4.36,27.63,1.1705,14.05,13.58,recommend_3arm
2212,single_arm_dominant,7,2,2,1,2,1,1,15,31.99,4.36,27.63,1.1705,17.56,10.07,recommend_3arm
2212,single_arm_dominant,7,2,2,1,2,1,1,20,31.99,4.36,27.63,1.1705,23.41,4.22,recommend_3arm
2212,single_arm_dominant,7,2,2,1,2,1,1,25,31.99,4.36,27.63,1.1705,29.26,-1.63,recommend_2arm
2212,single_arm_dominant,7,2,2,1,2,2,2,0,31.99,4.36,23.27,1.1705,0.0,23.27,recommend_3arm
2212,single_arm_dominant,7,2,2,1,2,2,2,2,31.99,4.36,23.27,1.1705,2.34,20.93,recommend_3arm
2212,single_arm_dominant,7,2,2,1,2,2,2,4,31.99,4.36,23.27,1.1705,4.68,18.59,recommend_3arm
2212,single_arm_dominant,7,2,2,1,2,2,2,6,31.99,4.36,23.27,1.1705,7.02,16.25,recommend_3arm
2212,single_arm_dominant,7,2,2,1,2,2,2,8,31.99,4.36,23.27,1.1705,9.36,13.91,recommend_3arm
2212,single_arm_dominant,7,2,2,1,2,2,2,10,31.99,4.36,23.27,1.1705,11.7,11.57,recommend_3arm
2212,single_arm_dominant,7,2,2,1,2,2,2,12,31.99,4.36,23.27,1.1705,14.05,9.22,recommend_3arm
2212,single_arm_dominant,7,2,2,1,2,2,2,15,31.99,4.36,23.27,1.1705,17.56,5.71,recommend_3arm
2212,single_arm_dominant,7,2,2,1,2,2,2,20,31.99,4.36,23.27,1.1705,23.41,-0.14,recommend_2arm
2212,single_arm_dominant,7,2,2,1,2,2,2,25,31.99,4.36,23.27,1.1705,29.26,-5.99,recommend_2arm
2212,single_arm_dominant,7,2,2,1,2,3,3,0,31.99,4.36,18.91,1.1705,0.0,18.91,recommend_3arm
2212,single_arm_dominant,7,2,2,1,2,3,3,2,31.99,4.36,18.91,1.1705,2.34,16.57,recommend_3arm
2212,single_arm_dominant,7,2,2,1,2,3,3,4,31.99,4.36,18.91,1.1705,4.68,14.23,recommend_3arm
2212,single_arm_dominant,7,2,2,1,2,3,3,6,31.99,4.36,18.91,1.1705,7.02,11.89,recommend_3arm
2212,single_arm_dominant,7,2,2,1,2,3,3,8,31.99,4.36,18.91,1.1705,9.36,9.55,recommend_3arm
2212,single_arm_dominant,7,2,2,1,2,3,3,10,31.99,4.36,18.91,1.1705,11.7,7.21,recommend_3arm
2212,single_arm_dominant,7,2,2,1,2,3,3,12,31.99,4.36,18.91,1.1705,14.05,4.86,recommend_3arm
2212,single_arm_dominant,7,2,2,1,2,3,3,15,31.99,4.36,18.91,1.1705,17.56,1.35,recommend_3arm
2212,single_arm_dominant,7,2,2,1,2,3,3,20,31.99,4.36,18.91,1.1705,23.41,-4.5,recommend_2arm
2212,single_arm_dominant,7,2,2,1,2,3,3,25,31.99,4.36,18.91,1.1705,29.26,-10.35,recommend_2arm
2212,single_arm_dominant,7,2,2,1,2,4,4,0,31.99,4.36,14.55,1.1705,0.0,14.55,recommend_3arm
2212,single_arm_dominant,7,2,2,1,2,4,4,2,31.99,4.36,14.55,1.1705,2.34,12.21,recommend_3arm
2212,single_arm_dominant,7,2,2,1,2,4,4,4,31.99,4.36,14.55,1.1705,4.68,9.87,recommend_3arm
2212,single_arm_dominant,7,2,2,1,2,4,4,6,31.99,4.36,14.55,1.1705,7.02,7.53,recommend_3arm
2212,single_arm_dominant,7,2,2,1,2,4,4,8,31.99,4.36,14.55,1.1705,9.36,5.19,recommend_3arm
2212,single_arm_dominant,7,2,2,1,2,4,4,10,31.99,4.36,14.55,1.1705,11.7,2.85,recommend_3arm
2212,single_arm_dominant,7,2,2,1,2,4,4,12,31.99,4.36,14.55,1.1705,14.05,0.5,recommend_3arm
2212,single_arm_dominant,7,2,2,1,2,4,4,15,31.99,4.36,14.55,1.1705,17.56,-3.01,recommend_2arm
2212,single_arm_dominant,7,2,2,1,2,4,4,20,31.99,4.36,14.55,1.1705,23.41,-8.86,recommend_2arm
2212,single_arm_dominant,7,2,2,1,2,4,4,25,31.99,4.36,14.55,1.1705,29.26,-14.71,recommend_2arm
2212,single_arm_dominant,7,2,2,1,2,5,5,0,31.99,4.36,10.19,1.1705,0.0,10.19,recommend_3arm
2212,single_arm_dominant,7,2,2,1,2,5,5,2,31.99,4.36,10.19,1.1705,2.34,7.85,recommend_3arm
2212,single_arm_dominant,7,2,2,1,2,5,5,4,31.99,4.36,10.19,1.1705,4.68,5.51,recommend_3arm
2212,single_arm_dominant,7,2,2,1,2,5,5,6,31.99,4.36,10.19,1.1705,7.02,3.17,recommend_3arm
2212,single_arm_dominant,7,2,2,1,2,5,5,8,31.99,4.36,10.19,1.1705,9.36,0.83,recommend_3arm
2212,single_arm_dominant,7,2,2,1,2,5,5,10,31.99,4.36,10.19,1.1705,11.7,-1.51,recommend_2arm
2212,single_arm_dominant,7,2,2,1,2,5,5,12,31.99,4.36,10.19,1.1705,14.05,-3.86,recommend_2arm
2212,single_arm_dominant,7,2,2,1,2,5,5,15,31.99,4.36,10.19,1.1705,17.56,-7.37,recommend_2arm
2212,single_arm_dominant,7,2,2,1,2,5,5,20,31.99,4.36,10.19,1.1705,23.41,-13.22,recommend_2arm
2212,single_arm_dominant,7,2,2,1,2,5,5,25,31.99,4.36,10.19,1.1705,29.26,-19.07,recommend_2arm
2212,single_arm_dominant,7,2,2,1,2,6,6,0,31.99,4.36,5.83,1.1705,0.0,5.83,recommend_3arm
2212,single_arm_dominant,7,2,2,1,2,6,6,2,31.99,4.36,5.83,1.1705,2.34,3.49,recommend_3arm
2212,single_arm_dominant,7,2,2,1,2,6,6,4,31.99,4.36,5.83,1.1705,4.68,1.15,recommend_3arm
2212,single_arm_dominant,7,2,2,1,2,6,6,6,31.99,4.36,5.83,1.1705,7.02,-1.19,recommend_2arm
2212,single_arm_dominant,7,2,2,1,2,6,6,8,31.99,4.36,5.83,1.1705,9.36,-3.53,recommend_2arm
2212,single_arm_dominant,7,2,2,1,2,6,6,10,31.99,4.36,5.83,1.1705,11.7,-5.87,recommend_2arm
2212,single_arm_dominant,7,2,2,1,2,6,6,12,31.99,4.36,5.83,1.1705,14.05,-8.22,recommend_2arm
2212,single_arm_dominant,7,2,2,1,2,6,6,15,31.99,4.36,5.83,1.1705,17.56,-11.73,recommend_2arm
2212,single_arm_dominant,7,2,2,1,2,6,6,20,31.99,4.36,5.83,1.1705,23.41,-17.58,recommend_2arm
2212,single_arm_dominant,7,2,2,1,2,6,6,25,31.99,4.36,5.83,1.1705,29.26,-23.43,recommend_2arm
2212,single_arm_dominant,7,2,2,1,2,8,8,0,31.99,4.36,-2.89,1.1705,0.0,-2.89,recommend_2arm
2212,single_arm_dominant,7,2,2,1,2,8,8,2,31.99,4.36,-2.89,1.1705,2.34,-5.23,recommend_2arm
2212,single_arm_dominant,7,2,2,1,2,8,8,4,31.99,4.36,-2.89,1.1705,4.68,-7.57,recommend_2arm
2212,single_arm_dominant,7,2,2,1,2,8,8,6,31.99,4.36,-2.89,1.1705,7.02,-9.91,recommend_2arm
2212,single_arm_dominant,7,2,2,1,2,8,8,8,31.99,4.36,-2.89,1.1705,9.36,-12.25,recommend_2arm
2212,single_arm_dominant,7,2,2,1,2,8,8,10,31.99,4.36,-2.89,1.1705,11.7,-14.59,recommend_2arm
2212,single_arm_dominant,7,2,2,1,2,8,8,12,31.99,4.36,-2.89,1.1705,14.05,-16.94,recommend_2arm
2212,single_arm_dominant,7,2,2,1,2,8,8,15,31.99,4.36,-2.89,1.1705,17.56,-20.45,recommend_2arm
2212,single_arm_dominant,7,2,2,1,2,8,8,20,31.99,4.36,-2.89,1.1705,23.41,-26.3,recommend_2arm
2212,single_arm_dominant,7,2,2,1,2,8,8,25,31.99,4.36,-2.89,1.1705,29.26,-32.15,recommend_2arm
2212,single_arm_dominant,7,2,2,1,2,10,10,0,31.99,4.36,-11.61,1.1705,0.0,-11.61,recommend_2arm
2212,single_arm_dominant,7,2,2,1,2,10,10,2,31.99,4.36,-11.61,1.1705,2.34,-13.95,recommend_2arm
2212,single_arm_dominant,7,2,2,1,2,10,10,4,31.99,4.36,-11.61,1.1705,4.68,-16.29,recommend_2arm
2212,single_arm_dominant,7,2,2,1,2,10,10,6,31.99,4.36,-11.61,1.1705,7.02,-18.63,recommend_2arm
2212,single_arm_dominant,7,2,2,1,2,10,10,8,31.99,4.36,-11.61,1.1705,9.36,-20.97,recommend_2arm
2212,single_arm_dominant,7,2,2,1,2,10,10,10,31.99,4.36,-11.61,1.1705,11.7,-23.31,recommend_2arm
2212,single_arm_dominant,7,2,2,1,2,10,10,12,31.99,4.36,-11.61,1.1705,14.05,-25.66,recommend_2arm
2212,single_arm_dominant,7,2,2,1,2,10,10,15,31.99,4.36,-11.61,1.1705,17.56,-29.17,recommend_2arm
2212,single_arm_dominant,7,2,2,1,2,10,10,20,31.99,4.36,-11.61,1.1705,23.41,-35.02,recommend_2arm
2212,single_arm_dominant,7,2,2,1,2,10,10,25,31.99,4.36,-11.61,1.1705,29.26,-40.87,recommend_2arm
2212,single_arm_dominant,7,2,2,1,2,15,15,0,31.99,4.36,-33.41,1.1705,0.0,-33.41,recommend_2arm
2212,single_arm_dominant,7,2,2,1,2,15,15,2,31.99,4.36,-33.41,1.1705,2.34,-35.75,recommend_2arm
2212,single_arm_dominant,7,2,2,1,2,15,15,4,31.99,4.36,-33.41,1.1705,4.68,-38.09,recommend_2arm
2212,single_arm_dominant,7,2,2,1,2,15,15,6,31.99,4.36,-33.41,1.1705,7.02,-40.43,recommend_2arm
2212,single_arm_dominant,7,2,2,1,2,15,15,8,31.99,4.36,-33.41,1.1705,9.36,-42.77,recommend_2arm
2212,single_arm_dominant,7,2,2,1,2,15,15,10,31.99,4.36,-33.41,1.1705,11.7,-45.11,recommend_2arm
2212,single_arm_dominant,7,2,2,1,2,15,15,12,31.99,4.36,-33.41,1.1705,14.05,-47.46,recommend_2arm
2212,single_arm_dominant,7,2,2,1,2,15,15,15,31.99,4.36,-33.41,1.1705,17.56,-50.97,recommend_2arm
2212,single_arm_dominant,7,2,2,1,2,15,15,20,31.99,4.36,-33.41,1.1705,23.41,-56.82,recommend_2arm
2212,single_arm_dominant,7,2,2,1,2,15,15,25,31.99,4.36,-33.41,1.1705,29.26,-62.67,recommend_2arm
2221,single_arm_dominant,7,2,2,2,1,0.5,0_5,0,32.01,4.72,29.65,1.1613,0.0,29.65,recommend_3arm
2221,single_arm_dominant,7,2,2,2,1,0.5,0_5,2,32.01,4.72,29.65,1.1613,2.32,27.33,recommend_3arm
2221,single_arm_dominant,7,2,2,2,1,0.5,0_5,4,32.01,4.72,29.65,1.1613,4.65,25.0,recommend_3arm
2221,single_arm_dominant,7,2,2,2,1,0.5,0_5,6,32.01,4.72,29.65,1.1613,6.97,22.68,recommend_3arm
2221,single_arm_dominant,7,2,2,2,1,0.5,0_5,8,32.01,4.72,29.65,1.1613,9.29,20.36,recommend_3arm
2221,single_arm_dominant,7,2,2,2,1,0.5,0_5,10,32.01,4.72,29.65,1.1613,11.61,18.04,recommend_3arm
2221,single_arm_dominant,7,2,2,2,1,0.5,0_5,12,32.01,4.72,29.65,1.1613,13.94,15.71,recommend_3arm
2221,single_arm_dominant,7,2,2,2,1,0.5,0_5,15,32.01,4.72,29.65,1.1613,17.42,12.23,recommend_3arm
2221,single_arm_dominant,7,2,2,2,1,0.5,0_5,20,32.01,4.72,29.65,1.1613,23.23,6.42,recommend_3arm
2221,single_arm_dominant,7,2,2,2,1,0.5,0_5,25,32.01,4.72,29.65,1.1613,29.03,0.62,recommend_3arm
2221,single_arm_dominant,7,2,2,2,1,1,1,0,32.01,4.72,27.29,1.1613,0.0,27.29,recommend_3arm
2221,single_arm_dominant,7,2,2,2,1,1,1,2,32.01,4.72,27.29,1.1613,2.32,24.97,recommend_3arm
2221,single_arm_dominant,7,2,2,2,1,1,1,4,32.01,4.72,27.29,1.1613,4.65,22.64,recommend_3arm
2221,single_arm_dominant,7,2,2,2,1,1,1,6,32.01,4.72,27.29,1.1613,6.97,20.32,recommend_3arm
2221,single_arm_dominant,7,2,2,2,1,1,1,8,32.01,4.72,27.29,1.1613,9.29,18.0,recommend_3arm
2221,single_arm_dominant,7,2,2,2,1,1,1,10,32.01,4.72,27.29,1.1613,11.61,15.68,recommend_3arm
2221,single_arm_dominant,7,2,2,2,1,1,1,12,32.01,4.72,27.29,1.1613,13.94,13.35,recommend_3arm
2221,single_arm_dominant,7,2,2,2,1,1,1,15,32.01,4.72,27.29,1.1613,17.42,9.87,recommend_3arm
2221,single_arm_dominant,7,2,2,2,1,1,1,20,32.01,4.72,27.29,1.1613,23.23,4.06,recommend_3arm
2221,single_arm_dominant,7,2,2,2,1,1,1,25,32.01,4.72,27.29,1.1613,29.03,-1.74,recommend_2arm
2221,single_arm_dominant,7,2,2,2,1,2,2,0,32.01,4.72,22.57,1.1613,0.0,22.57,recommend_3arm
2221,single_arm_dominant,7,2,2,2,1,2,2,2,32.01,4.72,22.57,1.1613,2.32,20.25,recommend_3arm
2221,single_arm_dominant,7,2,2,2,1,2,2,4,32.01,4.72,22.57,1.1613,4.65,17.92,recommend_3arm
2221,single_arm_dominant,7,2,2,2,1,2,2,6,32.01,4.72,22.57,1.1613,6.97,15.6,recommend_3arm
2221,single_arm_dominant,7,2,2,2,1,2,2,8,32.01,4.72,22.57,1.1613,9.29,13.28,recommend_3arm
2221,single_arm_dominant,7,2,2,2,1,2,2,10,32.01,4.72,22.57,1.1613,11.61,10.96,recommend_3arm
2221,single_arm_dominant,7,2,2,2,1,2,2,12,32.01,4.72,22.57,1.1613,13.94,8.63,recommend_3arm
2221,single_arm_dominant,7,2,2,2,1,2,2,15,32.01,4.72,22.57,1.1613,17.42,5.15,recommend_3arm
2221,single_arm_dominant,7,2,2,2,1,2,2,20,32.01,4.72,22.57,1.1613,23.23,-0.66,recommend_2arm
2221,single_arm_dominant,7,2,2,2,1,2,2,25,32.01,4.72,22.57,1.1613,29.03,-6.46,recommend_2arm
2221,single_arm_dominant,7,2,2,2,1,3,3,0,32.01,4.72,17.85,1.1613,0.0,17.85,recommend_3arm
2221,single_arm_dominant,7,2,2,2,1,3,3,2,32.01,4.72,17.85,1.1613,2.32,15.53,recommend_3arm
2221,single_arm_dominant,7,2,2,2,1,3,3,4,32.01,4.72,17.85,1.1613,4.65,13.2,recommend_3arm
2221,single_arm_dominant,7,2,2,2,1,3,3,6,32.01,4.72,17.85,1.1613,6.97,10.88,recommend_3arm
2221,single_arm_dominant,7,2,2,2,1,3,3,8,32.01,4.72,17.85,1.1613,9.29,8.56,recommend_3arm
2221,single_arm_dominant,7,2,2,2,1,3,3,10,32.01,4.72,17.85,1.1613,11.61,6.24,recommend_3arm
2221,single_arm_dominant,7,2,2,2,1,3,3,12,32.01,4.72,17.85,1.1613,13.94,3.91,recommend_3arm
2221,single_arm_dominant,7,2,2,2,1,3,3,15,32.01,4.72,17.85,1.1613,17.42,0.43,recommend_3arm
2221,single_arm_dominant,7,2,2,2,1,3,3,20,32.01,4.72,17.85,1.1613,23.23,-5.38,recommend_2arm
2221,single_arm_dominant,7,2,2,2,1,3,3,25,32.01,4.72,17.85,1.1613,29.03,-11.18,recommend_2arm
2221,single_arm_dominant,7,2,2,2,1,4,4,0,32.01,4.72,13.13,1.1613,0.0,13.13,recommend_3arm
2221,single_arm_dominant,7,2,2,2,1,4,4,2,32.01,4.72,13.13,1.1613,2.32,10.81,recommend_3arm
2221,single_arm_dominant,7,2,2,2,1,4,4,4,32.01,4.72,13.13,1.1613,4.65,8.48,recommend_3arm
2221,single_arm_dominant,7,2,2,2,1,4,4,6,32.01,4.72,13.13,1.1613,6.97,6.16,recommend_3arm
2221,single_arm_dominant,7,2,2,2,1,4,4,8,32.01,4.72,13.13,1.1613,9.29,3.84,recommend_3arm
2221,single_arm_dominant,7,2,2,2,1,4,4,10,32.01,4.72,13.13,1.1613,11.61,1.52,recommend_3arm
2221,single_arm_dominant,7,2,2,2,1,4,4,12,32.01,4.72,13.13,1.1613,13.94,-0.81,recommend_2arm
2221,single_arm_dominant,7,2,2,2,1,4,4,15,32.01,4.72,13.13,1.1613,17.42,-4.29,recommend_2arm
2221,single_arm_dominant,7,2,2,2,1,4,4,20,32.01,4.72,13.13,1.1613,23.23,-10.1,recommend_2arm
2221,single_arm_dominant,7,2,2,2,1,4,4,25,32.01,4.72,13.13,1.1613,29.03,-15.9,recommend_2arm
2221,single_arm_dominant,7,2,2,2,1,5,5,0,32.01,4.72,8.41,1.1613,0.0,8.41,recommend_3arm
2221,single_arm_dominant,7,2,2,2,1,5,5,2,32.01,4.72,8.41,1.1613,2.32,6.09,recommend_3arm
2221,single_arm_dominant,7,2,2,2,1,5,5,4,32.01,4.72,8.41,1.1613,4.65,3.76,recommend_3arm
2221,single_arm_dominant,7,2,2,2,1,5,5,6,32.01,4.72,8.41,1.1613,6.97,1.44,recommend_3arm
2221,single_arm_dominant,7,2,2,2,1,5,5,8,32.01,4.72,8.41,1.1613,9.29,-0.88,recommend_2arm
2221,single_arm_dominant,7,2,2,2,1,5,5,10,32.01,4.72,8.41,1.1613,11.61,-3.2,recommend_2arm
2221,single_arm_dominant,7,2,2,2,1,5,5,12,32.01,4.72,8.41,1.1613,13.94,-5.53,recommend_2arm
2221,single_arm_dominant,7,2,2,2,1,5,5,15,32.01,4.72,8.41,1.1613,17.42,-9.01,recommend_2arm
2221,single_arm_dominant,7,2,2,2,1,5,5,20,32.01,4.72,8.41,1.1613,23.23,-14.82,recommend_2arm
2221,single_arm_dominant,7,2,2,2,1,5,5,25,32.01,4.72,8.41,1.1613,29.03,-20.62,recommend_2arm
2221,single_arm_dominant,7,2,2,2,1,6,6,0,32.01,4.72,3.69,1.1613,0.0,3.69,recommend_3arm
2221,single_arm_dominant,7,2,2,2,1,6,6,2,32.01,4.72,3.69,1.1613,2.32,1.37,recommend_3arm
2221,single_arm_dominant,7,2,2,2,1,6,6,4,32.01,4.72,3.69,1.1613,4.65,-0.96,recommend_2arm
2221,single_arm_dominant,7,2,2,2,1,6,6,6,32.01,4.72,3.69,1.1613,6.97,-3.28,recommend_2arm
2221,single_arm_dominant,7,2,2,2,1,6,6,8,32.01,4.72,3.69,1.1613,9.29,-5.6,recommend_2arm
2221,single_arm_dominant,7,2,2,2,1,6,6,10,32.01,4.72,3.69,1.1613,11.61,-7.92,recommend_2arm
2221,single_arm_dominant,7,2,2,2,1,6,6,12,32.01,4.72,3.69,1.1613,13.94,-10.25,recommend_2arm
2221,single_arm_dominant,7,2,2,2,1,6,6,15,32.01,4.72,3.69,1.1613,17.42,-13.73,recommend_2arm
2221,single_arm_dominant,7,2,2,2,1,6,6,20,32.01,4.72,3.69,1.1613,23.23,-19.54,recommend_2arm
2221,single_arm_dominant,7,2,2,2,1,6,6,25,32.01,4.72,3.69,1.1613,29.03,-25.34,recommend_2arm
2221,single_arm_dominant,7,2,2,2,1,8,8,0,32.01,4.72,-5.75,1.1613,0.0,-5.75,recommend_2arm
2221,single_arm_dominant,7,2,2,2,1,8,8,2,32.01,4.72,-5.75,1.1613,2.32,-8.07,recommend_2arm
2221,single_arm_dominant,7,2,2,2,1,8,8,4,32.01,4.72,-5.75,1.1613,4.65,-10.4,recommend_2arm
2221,single_arm_dominant,7,2,2,2,1,8,8,6,32.01,4.72,-5.75,1.1613,6.97,-12.72,recommend_2arm
2221,single_arm_dominant,7,2,2,2,1,8,8,8,32.01,4.72,-5.75,1.1613,9.29,-15.04,recommend_2arm
2221,single_arm_dominant,7,2,2,2,1,8,8,10,32.01,4.72,-5.75,1.1613,11.61,-17.36,recommend_2arm
2221,single_arm_dominant,7,2,2,2,1,8,8,12,32.01,4.72,-5.75,1.1613,13.94,-19.69,recommend_2arm
2221,single_arm_dominant,7,2,2,2,1,8,8,15,32.01,4.72,-5.75,1.1613,17.42,-23.17,recommend_2arm
2221,single_arm_dominant,7,2,2,2,1,8,8,20,32.01,4.72,-5.75,1.1613,23.23,-28.98,recommend_2arm
2221,single_arm_dominant,7,2,2,2,1,8,8,25,32.01,4.72,-5.75,1.1613,29.03,-34.78,recommend_2arm
2221,single_arm_dominant,7,2,2,2,1,10,10,0,32.01,4.72,-15.19,1.1613,0.0,-15.19,recommend_2arm
2221,single_arm_dominant,7,2,2,2,1,10,10,2,32.01,4.72,-15.19,1.1613,2.32,-17.51,recommend_2arm
2221,single_arm_dominant,7,2,2,2,1,10,10,4,32.01,4.72,-15.19,1.1613,4.65,-19.84,recommend_2arm
2221,single_arm_dominant,7,2,2,2,1,10,10,6,32.01,4.72,-15.19,1.1613,6.97,-22.16,recommend_2arm
2221,single_arm_dominant,7,2,2,2,1,10,10,8,32.01,4.72,-15.19,1.1613,9.29,-24.48,recommend_2arm
2221,single_arm_dominant,7,2,2,2,1,10,10,10,32.01,4.72,-15.19,1.1613,11.61,-26.8,recommend_2arm
2221,single_arm_dominant,7,2,2,2,1,10,10,12,32.01,4.72,-15.19,1.1613,13.94,-29.13,recommend_2arm
2221,single_arm_dominant,7,2,2,2,1,10,10,15,32.01,4.72,-15.19,1.1613,17.42,-32.61,recommend_2arm
2221,single_arm_dominant,7,2,2,2,1,10,10,20,32.01,4.72,-15.19,1.1613,23.23,-38.42,recommend_2arm
2221,single_arm_dominant,7,2,2,2,1,10,10,25,32.01,4.72,-15.19,1.1613,29.03,-44.22,recommend_2arm
2221,single_arm_dominant,7,2,2,2,1,15,15,0,32.01,4.72,-38.79,1.1613,0.0,-38.79,recommend_2arm
2221,single_arm_dominant,7,2,2,2,1,15,15,2,32.01,4.72,-38.79,1.1613,2.32,-41.11,recommend_2arm
2221,single_arm_dominant,7,2,2,2,1,15,15,4,32.01,4.72,-38.79,1.1613,4.65,-43.44,recommend_2arm
2221,single_arm_dominant,7,2,2,2,1,15,15,6,32.01,4.72,-38.79,1.1613,6.97,-45.76,recommend_2arm
2221,single_arm_dominant,7,2,2,2,1,15,15,8,32.01,4.72,-38.79,1.1613,9.29,-48.08,recommend_2arm
2221,single_arm_dominant,7,2,2,2,1,15,15,10,32.01,4.72,-38.79,1.1613,11.61,-50.4,recommend_2arm
2221,single_arm_dominant,7,2,2,2,1,15,15,12,32.01,4.72,-38.79,1.1613,13.94,-52.73,recommend_2arm
2221,single_arm_dominant,7,2,2,2,1,15,15,15,32.01,4.72,-38.79,1.1613,17.42,-56.21,recommend_2arm
2221,single_arm_dominant,7,2,2,2,1,15,15,20,32.01,4.72,-38.79,1.1613,23.23,-62.02,recommend_2arm
2221,single_arm_dominant,7,2,2,2,1,15,15,25,32.01,4.72,-38.79,1.1613,29.03,-67.82,recommend_2arm
2222,balanced,8,2,2,2,2,0.5,0_5,0,26.97,3.89,25.02,1.2094,0.0,25.02,recommend_3arm
2222,balanced,8,2,2,2,2,0.5,0_5,2,26.97,3.89,25.02,1.2094,2.42,22.61,recommend_3arm
2222,balanced,8,2,2,2,2,0.5,0_5,4,26.97,3.89,25.02,1.2094,4.84,20.19,recommend_3arm
2222,balanced,8,2,2,2,2,0.5,0_5,6,26.97,3.89,25.02,1.2094,7.26,17.77,recommend_3arm
2222,balanced,8,2,2,2,2,0.5,0_5,8,26.97,3.89,25.02,1.2094,9.67,15.35,recommend_3arm
2222,balanced,8,2,2,2,2,0.5,0_5,10,26.97,3.89,25.02,1.2094,12.09,12.93,recommend_3arm
2222,balanced,8,2,2,2,2,0.5,0_5,12,26.97,3.89,25.02,1.2094,14.51,10.51,recommend_3arm
2222,balanced,8,2,2,2,2,0.5,0_5,15,26.97,3.89,25.02,1.2094,18.14,6.88,recommend_3arm
2222,balanced,8,2,2,2,2,0.5,0_5,20,26.97,3.89,25.02,1.2094,24.19,0.84,recommend_3arm
2222,balanced,8,2,2,2,2,0.5,0_5,25,26.97,3.89,25.02,1.2094,30.23,-5.21,recommend_2arm
2222,balanced,8,2,2,2,2,1,1,0,26.97,3.89,23.08,1.2094,0.0,23.08,recommend_3arm
2222,balanced,8,2,2,2,2,1,1,2,26.97,3.89,23.08,1.2094,2.42,20.66,recommend_3arm
2222,balanced,8,2,2,2,2,1,1,4,26.97,3.89,23.08,1.2094,4.84,18.24,recommend_3arm
2222,balanced,8,2,2,2,2,1,1,6,26.97,3.89,23.08,1.2094,7.26,15.82,recommend_3arm
2222,balanced,8,2,2,2,2,1,1,8,26.97,3.89,23.08,1.2094,9.67,13.4,recommend_3arm
2222,balanced,8,2,2,2,2,1,1,10,26.97,3.89,23.08,1.2094,12.09,10.99,recommend_3arm
2222,balanced,8,2,2,2,2,1,1,12,26.97,3.89,23.08,1.2094,14.51,8.57,recommend_3arm
2222,balanced,8,2,2,2,2,1,1,15,26.97,3.89,23.08,1.2094,18.14,4.94,recommend_3arm
2222,balanced,8,2,2,2,2,1,1,20,26.97,3.89,23.08,1.2094,24.19,-1.11,recommend_2arm
2222,balanced,8,2,2,2,2,1,1,25,26.97,3.89,23.08,1.2094,30.23,-7.15,recommend_2arm
2222,balanced,8,2,2,2,2,2,2,0,26.97,3.89,19.19,1.2094,0.0,19.19,recommend_3arm
2222,balanced,8,2,2,2,2,2,2,2,26.97,3.89,19.19,1.2094,2.42,16.77,recommend_3arm
2222,balanced,8,2,2,2,2,2,2,4,26.97,3.89,19.19,1.2094,4.84,14.35,recommend_3arm
2222,balanced,8,2,2,2,2,2,2,6,26.97,3.89,19.19,1.2094,7.26,11.93,recommend_3arm
2222,balanced,8,2,2,2,2,2,2,8,26.97,3.89,19.19,1.2094,9.67,9.51,recommend_3arm
2222,balanced,8,2,2,2,2,2,2,10,26.97,3.89,19.19,1.2094,12.09,7.1,recommend_3arm
2222,balanced,8,2,2,2,2,2,2,12,26.97,3.89,19.19,1.2094,14.51,4.68,recommend_3arm
2222,balanced,8,2,2,2,2,2,2,15,26.97,3.89,19.19,1.2094,18.14,1.05,recommend_3arm
2222,balanced,8,2,2,2,2,2,2,20,26.97,3.89,19.19,1.2094,24.19,-5.0,recommend_2arm
2222,balanced,8,2,2,2,2,2,2,25,26.97,3.89,19.19,1.2094,30.23,-11.04,recommend_2arm
2222,balanced,8,2,2,2,2,3,3,0,26.97,3.89,15.3,1.2094,0.0,15.3,recommend_3arm
2222,balanced,8,2,2,2,2,3,3,2,26.97,3.89,15.3,1.2094,2.42,12.88,recommend_3arm
2222,balanced,8,2,2,2,2,3,3,4,26.97,3.89,15.3,1.2094,4.84,10.46,recommend_3arm
2222,balanced,8,2,2,2,2,3,3,6,26.97,3.89,15.3,1.2094,7.26,8.04,recommend_3arm
2222,balanced,8,2,2,2,2,3,3,8,26.97,3.89,15.3,1.2094,9.67,5.62,recommend_3arm
2222,balanced,8,2,2,2,2,3,3,10,26.97,3.89,15.3,1.2094,12.09,3.21,recommend_3arm
2222,balanced,8,2,2,2,2,3,3,12,26.97,3.89,15.3,1.2094,14.51,0.79,recommend_3arm
2222,balanced,8,2,2,2,2,3,3,15,26.97,3.89,15.3,1.2094,18.14,-2.84,recommend_2arm
2222,balanced,8,2,2,2,2,3,3,20,26.97,3.89,15.3,1.2094,24.19,-8.89,recommend_2arm
2222,balanced,8,2,2,2,2,3,3,25,26.97,3.89,15.3,1.2094,30.23,-14.93,recommend_2arm
2222,balanced,8,2,2,2,2,4,4,0,26.97,3.89,11.41,1.2094,0.0,11.41,recommend_3arm
2222,balanced,8,2,2,2,2,4,4,2,26.97,3.89,11.41,1.2094,2.42,8.99,recommend_3arm
2222,balanced,8,2,2,2,2,4,4,4,26.97,3.89,11.41,1.2094,4.84,6.57,recommend_3arm
2222,balanced,8,2,2,2,2,4,4,6,26.97,3.89,11.41,1.2094,7.26,4.15,recommend_3arm
2222,balanced,8,2,2,2,2,4,4,8,26.97,3.89,11.41,1.2094,9.67,1.73,recommend_3arm
2222,balanced,8,2,2,2,2,4,4,10,26.97,3.89,11.41,1.2094,12.09,-0.68,recommend_2arm
2222,balanced,8,2,2,2,2,4,4,12,26.97,3.89,11.41,1.2094,14.51,-3.1,recommend_2arm
2222,balanced,8,2,2,2,2,4,4,15,26.97,3.89,11.41,1.2094,18.14,-6.73,recommend_2arm
2222,balanced,8,2,2,2,2,4,4,20,26.97,3.89,11.41,1.2094,24.19,-12.78,recommend_2arm
2222,balanced,8,2,2,2,2,4,4,25,26.97,3.89,11.41,1.2094,30.23,-18.82,recommend_2arm
2222,balanced,8,2,2,2,2,5,5,0,26.97,3.89,7.52,1.2094,0.0,7.52,recommend_3arm
2222,balanced,8,2,2,2,2,5,5,2,26.97,3.89,7.52,1.2094,2.42,5.1,recommend_3arm
2222,balanced,8,2,2,2,2,5,5,4,26.97,3.89,7.52,1.2094,4.84,2.68,recommend_3arm
2222,balanced,8,2,2,2,2,5,5,6,26.97,3.89,7.52,1.2094,7.26,0.26,recommend_3arm
2222,balanced,8,2,2,2,2,5,5,8,26.97,3.89,7.52,1.2094,9.67,-2.15,recommend_2arm
2222,balanced,8,2,2,2,2,5,5,10,26.97,3.89,7.52,1.2094,12.09,-4.57,recommend_2arm
2222,balanced,8,2,2,2,2,5,5,12,26.97,3.89,7.52,1.2094,14.51,-6.99,recommend_2arm
2222,balanced,8,2,2,2,2,5,5,15,26.97,3.89,7.52,1.2094,18.14,-10.62,recommend_2arm
2222,balanced,8,2,2,2,2,5,5,20,26.97,3.89,7.52,1.2094,24.19,-16.67,recommend_2arm
2222,balanced,8,2,2,2,2,5,5,25,26.97,3.89,7.52,1.2094,30.23,-22.71,recommend_2arm
2222,balanced,8,2,2,2,2,6,6,0,26.97,3.89,3.63,1.2094,0.0,3.63,recommend_3arm
2222,balanced,8,2,2,2,2,6,6,2,26.97,3.89,3.63,1.2094,2.42,1.21,recommend_3arm
2222,balanced,8,2,2,2,2,6,6,4,26.97,3.89,3.63,1.2094,4.84,-1.21,recommend_2arm
2222,balanced,8,2,2,2,2,6,6,6,26.97,3.89,3.63,1.2094,7.26,-3.63,recommend_2arm
2222,balanced,8,2,2,2,2,6,6,8,26.97,3.89,3.63,1.2094,9.67,-6.04,recommend_2arm
2222,balanced,8,2,2,2,2,6,6,10,26.97,3.89,3.63,1.2094,12.09,-8.46,recommend_2arm
2222,balanced,8,2,2,2,2,6,6,12,26.97,3.89,3.63,1.2094,14.51,-10.88,recommend_2arm
2222,balanced,8,2,2,2,2,6,6,15,26.97,3.89,3.63,1.2094,18.14,-14.51,recommend_2arm
2222,balanced,8,2,2,2,2,6,6,20,26.97,3.89,3.63,1.2094,24.19,-20.56,recommend_2arm
2222,balanced,8,2,2,2,2,6,6,25,26.97,3.89,3.63,1.2094,30.23,-26.6,recommend_2arm
2222,balanced,8,2,2,2,2,8,8,0,26.97,3.89,-4.15,1.2094,0.0,-4.15,recommend_2arm
2222,balanced,8,2,2,2,2,8,8,2,26.97,3.89,-4.15,1.2094,2.42,-6.57,recommend_2arm
2222,balanced,8,2,2,2,2,8,8,4,26.97,3.89,-4.15,1.2094,4.84,-8.99,recommend_2arm
2222,balanced,8,2,2,2,2,8,8,6,26.97,3.89,-4.15,1.2094,7.26,-11.41,recommend_2arm
2222,balanced,8,2,2,2,2,8,8,8,26.97,3.89,-4.15,1.2094,9.67,-13.83,recommend_2arm
2222,balanced,8,2,2,2,2,8,8,10,26.97,3.89,-4.15,1.2094,12.09,-16.24,recommend_2arm
2222,balanced,8,2,2,2,2,8,8,12,26.97,3.89,-4.15,1.2094,14.51,-18.66,recommend_2arm
2222,balanced,8,2,2,2,2,8,8,15,26.97,3.89,-4.15,1.2094,18.14,-22.29,recommend_2arm
2222,balanced,8,2,2,2,2,8,8,20,26.97,3.89,-4.15,1.2094,24.19,-28.34,recommend_2arm
2222,balanced,8,2,2,2,2,8,8,25,26.97,3.89,-4.15,1.2094,30.23,-34.38,recommend_2arm
2222,balanced,8,2,2,2,2,10,10,0,26.97,3.89,-11.93,1.2094,0.0,-11.93,recommend_2arm
2222,balanced,8,2,2,2,2,10,10,2,26.97,3.89,-11.93,1.2094,2.42,-14.35,recommend_2arm
2222,balanced,8,2,2,2,2,10,10,4,26.97,3.89,-11.93,1.2094,4.84,-16.77,recommend_2arm
2222,balanced,8,2,2,2,2,10,10,6,26.97,3.89,-11.93,1.2094,7.26,-19.19,recommend_2arm
2222,balanced,8,2,2,2,2,10,10,8,26.97,3.89,-11.93,1.2094,9.67,-21.6,recommend_2arm
2222,balanced,8,2,2,2,2,10,10,10,26.97,3.89,-11.93,1.2094,12.09,-24.02,recommend_2arm
2222,balanced,8,2,2,2,2,10,10,12,26.97,3.89,-11.93,1.2094,14.51,-26.44,recommend_2arm
2222,balanced,8,2,2,2,2,10,10,15,26.97,3.89,-11.93,1.2094,18.14,-30.07,recommend_2arm
2222,balanced,8,2,2,2,2,10,10,20,26.97,3.89,-11.93,1.2094,24.19,-36.12,recommend_2arm
2222,balanced,8,2,2,2,2,10,10,25,26.97,3.89,-11.93,1.2094,30.23,-42.16,recommend_2arm
2222,balanced,8,2,2,2,2,15,15,0,26.97,3.89,-31.38,1.2094,0.0,-31.38,recommend_2arm
2222,balanced,8,2,2,2,2,15,15,2,26.97,3.89,-31.38,1.2094,2.42,-33.8,recommend_2arm
2222,balanced,8,2,2,2,2,15,15,4,26.97,3.89,-31.38,1.2094,4.84,-36.22,recommend_2arm
2222,balanced,8,2,2,2,2,15,15,6,26.97,3.89,-31.38,1.2094,7.26,-38.64,recommend_2arm
2222,balanced,8,2,2,2,2,15,15,8,26.97,3.89,-31.38,1.2094,9.67,-41.05,recommend_2arm
2222,balanced,8,2,2,2,2,15,15,10,26.97,3.89,-31.38,1.2094,12.09,-43.47,recommend_2arm
2222,balanced,8,2,2,2,2,15,15,12,26.97,3.89,-31.38,1.2094,14.51,-45.89,recommend_2arm
2222,balanced,8,2,2,2,2,15,15,15,26.97,3.89,-31.38,1.2094,18.14,-49.52,recommend_2arm
2222,balanced,8,2,2,2,2,15,15,20,26.97,3.89,-31.38,1.2094,24.19,-55.57,recommend_2arm
2222,balanced,8,2,2,2,2,15,15,25,26.97,3.89,-31.38,1.2094,30.23,-61.61,recommend_2arm
