sensitivity_case,counts_code,deadline_ratio,deadline_value,lambda_single,lambda_dual,rho_single,rho_dual,speed_min,speed_max,mode,feasible,opt_speed_single,opt_speed_dual,opt_energy,opt_cmax,active_constraints,g_single_lower,g_single_upper,g_dual_lower,g_dual_upper,g_deadline,mu_single_lower,mu_single_upper,mu_dual_lower,mu_dual_upper,mu_deadline,stationarity_single_residual,stationarity_dual_residual,stationarity_norm,max_complementarity_error,primal_min,dual_min,kkt_pass,kkt_note
baseline,1111,0.7,1304.8,0.35,0.45,0.35,0.45,0.6,1.8,2B,1,1.431432,1.425722,9034.412404,1304.799977,deadline,0.8314320402,0.3685679598,0.8257222779,0.3742777221,2.30799e-05,0.0,0.0,0.0,0.0,4.2333449408,-0.0155748448,0.0154508413,0.0219386483,9.77051e-05,2.30799e-05,0.0,1,KKT conditions numerically satisfied for barrier-golden solution
baseline,1111,0.7,1304.8,0.35,0.45,0.35,0.45,0.6,1.8,3B,1,0.916261,0.96873,8422.917767,1215.09432,none,0.3162608645,0.8837391355,0.3687296585,0.8312703415,89.7056804729,0.0,0.0,0.0,0.0,0.0,0.0030976316,0.0022095542,0.0038049246,0.0,0.3162608645,0.0,1,KKT conditions numerically satisfied for barrier-golden solution
baseline,1111,0.75,1398.0,0.35,0.45,0.35,0.45,0.6,1.8,2B,1,1.332326,1.334342,8694.042736,1397.999966,deadline,0.7323258594,0.4676741406,0.7343423962,0.4656576038,3.35179e-05,0.0,0.0,0.0,0.0,3.1218834959,0.0858524092,-0.0861124891,0.1215976848,0.0001046391,3.35179e-05,0.0,1,KKT conditions numerically satisfied for barrier-golden solution
baseline,1111,0.75,1398.0,0.35,0.45,0.35,0.45,0.6,1.8,3B,1,0.916261,0.96873,8422.917767,1215.093749,none,0.3162613901,0.8837386099,0.368730007,0.831269993,182.9062511527,0.0,0.0,0.0,0.0,0.0,0.0061270672,0.0043946206,0.0075401354,0.0,0.3162613901,0.0,1,KKT conditions numerically satisfied for barrier-golden solution
baseline,1111,0.8,1491.2,0.35,0.45,0.35,0.45,0.6,1.8,2B,1,1.245138,1.254901,8444.416246,1491.199955,deadline,0.6451375393,0.5548624607,0.6549006635,0.5450993365,4.52917e-05,0.0,0.0,0.0,0.0,2.2715388144,0.1639455964,-0.166526671,0.2336863084,0.0001028818,4.52917e-05,0.0,1,KKT conditions numerically satisfied for barrier-golden solution
baseline,1111,0.8,1491.2,0.35,0.45,0.35,0.45,0.6,1.8,3B,1,0.916261,0.96873,8422.917767,1215.093997,none,0.3162611666,0.8837388334,0.3687298492,0.8312701508,276.1060026265,0.0,0.0,0.0,0.0,0.0,0.0048389705,0.0034051047,0.0059169564,0.0,0.3162611666,0.0,1,KKT conditions numerically satisfied for barrier-golden solution
baseline,1111,0.85,1584.4,0.35,0.45,0.35,0.45,0.6,1.8,2B,1,1.167727,1.185347,8264.780255,1584.399934,deadline,0.5677266208,0.6322733792,0.585346593,0.614653407,6.58437e-05,0.0,0.0,0.0,0.0,1.6101015135,0.1254587223,-0.1292734115,0.1801430151,0.0001060151,6.58437e-05,0.0,1,KKT conditions numerically satisfied for barrier-golden solution
baseline,1111,0.85,1584.4,0.35,0.45,0.35,0.45,0.6,1.8,3B,1,0.916261,0.96873,8422.917767,1215.094134,none,0.316261043,0.883738957,0.3687297638,0.8312702362,369.3058662896,0.0,0.0,0.0,0.0,0.0,0.0041261052,0.0028698618,0.0050260174,0.0,0.316261043,0.0,1,KKT conditions numerically satisfied for barrier-golden solution
baseline,1111,0.9,1677.6,0.35,0.45,0.35,0.45,0.6,1.8,2B,1,1.098461,1.124056,8139.976058,1677.599909,deadline,0.4984613432,0.7015386568,0.5240557439,0.6759442561,9.12837e-05,0.0,0.0,0.0,0.0,1.0880686092,0.0720880793,-0.0754865534,0.10437869,9.9323e-05,9.12837e-05,0.0,1,KKT conditions numerically satisfied for barrier-golden solution
baseline,1111,0.9,1677.6,0.35,0.45,0.35,0.45,0.6,1.8,3B,1,0.916261,0.96873,8422.917767,1215.094205,none,0.3162609787,0.8837390213,0.3687297186,0.8312702814,462.5057949349,0.0,0.0,0.0,0.0,0.0,0.0037560234,0.0025860711,0.0045602056,0.0,0.3162609787,0.0,1,KKT conditions numerically satisfied for barrier-golden solution
baseline,1111,0.95,1770.8,0.35,0.45,0.35,0.45,0.6,1.8,2B,1,1.036055,1.069747,8058.720629,1770.799853,deadline,0.4360551193,0.7639448807,0.4697472766,0.7302527234,0.0001466389,0.0,0.0,0.0,0.0,0.6707414875,0.0774327321,-0.0825507912,0.1131833077,9.83568e-05,0.0001466389,0.0,1,KKT conditions numerically satisfied for barrier-golden solution
baseline,1111,0.95,1770.8,0.35,0.45,0.35,0.45,0.6,1.8,3B,1,0.916261,0.968729,8422.917767,1215.094702,none,0.3162605517,0.8837394483,0.3687293808,0.8312706192,555.7052979393,0.0,0.0,0.0,0.0,0.0,0.0012944317,0.0004682595,0.0013765248,0.0,0.3162605517,0.0,1,KKT conditions numerically satisfied for barrier-golden solution
baseline,1111,1.0,1864.0,0.35,0.45,0.35,0.45,0.6,1.8,2B,1,0.979456,1.021424,8012.473887,1863.999696,deadline,0.3794564732,0.8205435268,0.4214241066,0.7785758934,0.0003040693,0.0,0.0,0.0,0.0,0.3333145978,0.0554080598,-0.0602580215,0.0818601383,0.0001013507,0.0003040693,0.0,1,KKT conditions numerically satisfied for barrier-golden solution
baseline,1111,1.0,1864.0,0.35,0.45,0.35,0.45,0.6,1.8,3B,1,0.916261,0.968729,8422.917767,1215.094712,none,0.3162605412,0.8837394588,0.3687293765,0.8312706235,648.9052881854,0.0,0.0,0.0,0.0,0.0,0.0012344038,0.0004409451,0.0013107957,0.0,0.3162605412,0.0,1,KKT conditions numerically satisfied for barrier-golden solution
baseline,1111,1.05,1957.2,0.35,0.45,0.35,0.45,0.6,1.8,2B,1,0.927831,0.978268,7994.674208,1957.198265,deadline,0.3278306102,0.8721693898,0.3782675886,0.8217324114,0.0017351568,0.0,0.0,0.0,0.0,0.0577288069,0.0074905394,-0.0083270472,0.0112003525,0.0001001685,0.0017351568,0.0,1,KKT conditions numerically satisfied for barrier-golden solution
baseline,1111,1.05,1957.2,0.35,0.45,0.35,0.45,0.6,1.8,3B,1,0.916261,0.968729,8422.917767,1215.094728,none,0.3162605236,0.8837394764,0.3687293688,0.8312706312,742.1052715247,0.0,0.0,0.0,0.0,0.0,0.0011328207,0.0003931331,0.0011990981,0.0,0.3162605236,0.0,1,KKT conditions numerically satisfied for barrier-golden solution
baseline,1111,1.1,2050.4,0.35,0.45,0.35,0.45,0.6,1.8,2B,1,0.916261,0.96873,7994.042144,1979.26138,none,0.3162613737,0.8837386263,0.3687300035,0.8312699965,71.1386198528,0.0,0.0,0.0,0.0,0.0,0.0057254758,0.0041498126,0.0070712105,0.0,0.3162613737,0.0,1,KKT conditions numerically satisfied for barrier-golden solution
baseline,1111,1.1,2050.4,0.35,0.45,0.35,0.45,0.6,1.8,3B,1,0.916261,0.968729,8422.917767,1215.094743,none,0.3162605093,0.8837394907,0.3687293614,0.8312706386,835.3052572169,0.0,0.0,0.0,0.0,0.0,0.001050025,0.0003466721,0.001105773,0.0,0.3162605093,0.0,1,KKT conditions numerically satisfied for barrier-golden solution
baseline,1111,1.15,2143.6,0.35,0.45,0.35,0.45,0.6,1.8,2B,1,0.916261,0.96873,7994.042144,1979.262337,none,0.316260838,0.883739162,0.3687296391,0.8312703609,164.3376632525,0.0,0.0,0.0,0.0,0.0,0.0027948148,0.0019815454,0.0034260053,0.0,0.316260838,0.0,1,KKT conditions numerically satisfied for barrier-golden solution
baseline,1111,1.15,2143.6,0.35,0.45,0.35,0.45,0.6,1.8,3B,1,0.916261,0.968729,8422.917767,1215.094733,none,0.3162605171,0.8837394829,0.3687293683,0.8312706317,928.5052667745,0.0,0.0,0.0,0.0,0.0,0.0010953725,0.0003898199,0.0011626695,0.0,0.3162605171,0.0,1,KKT conditions numerically satisfied for barrier-golden solution
baseline,1111,1.2,2236.8,0.35,0.45,0.35,0.45,0.6,1.8,2B,1,0.916262,0.96873,7994.042144,1979.261055,none,0.316261559,0.883738441,0.3687301237,0.8312698763,257.5389449356,0.0,0.0,0.0,0.0,0.0,0.0067389639,0.0048653065,0.0083117291,0.0,0.316261559,0.0,1,KKT conditions numerically satisfied for barrier-golden solution
baseline,1111,1.2,2236.8,0.35,0.45,0.35,0.45,0.6,1.8,3B,1,0.916261,0.968729,8422.917767,1215.094748,none,0.3162605029,0.8837394971,0.36872936,0.83127064,1021.7052520412,0.0,0.0,0.0,0.0,0.0,0.0010136441,0.0003376848,0.0010684125,0.0,0.3162605029,0.0,1,KKT conditions numerically satisfied for barrier-golden solution
baseline,1111,1.25,2330.0,0.35,0.45,0.35,0.45,0.6,1.8,2B,1,0.916261,0.96873,7994.042144,1979.261455,none,0.316261338,0.883738662,0.368729968,0.831270032,350.7385449735,0.0,0.0,0.0,0.0,0.0,0.0055298849,0.0039389718,0.0067893391,0.0,0.316261338,0.0,1,KKT conditions numerically satisfied for barrier-golden solution
baseline,1111,1.25,2330.0,0.35,0.45,0.35,0.45,0.6,1.8,3B,1,0.916261,0.968729,8422.917767,1215.09473,none,0.3162605195,0.8837394805,0.3687293713,0.8312706287,1114.9052702518,0.0,0.0,0.0,0.0,0.0,0.0011092563,0.0004086976,0.0011821519,0.0,0.3162605195,0.0,1,KKT conditions numerically satisfied for barrier-golden solution
baseline,1111,1.3,2423.2,0.35,0.45,0.35,0.45,0.6,1.8,2B,1,0.916261,0.96873,7994.042144,1979.2617,none,0.316261202,0.883738798,0.3687298736,0.8312701264,443.9383002774,0.0,0.0,0.0,0.0,0.0,0.0047862297,0.0033770361,0.005857676,0.0,0.316261202,0.0,1,KKT conditions numerically satisfied for barrier-golden solution
baseline,1111,1.3,2423.2,0.35,0.45,0.35,0.45,0.6,1.8,3B,1,0.91626,0.968729,8422.917767,1215.094751,none,0.3162604994,0.8837395006,0.3687293593,0.8312706407,1208.1052492027,0.0,0.0,0.0,0.0,0.0,0.0009935137,0.0003329722,0.0010478263,0.0,0.3162604994,0.0,1,KKT conditions numerically satisfied for barrier-golden solution
baseline,1111,1.35,2516.4,0.35,0.45,0.35,0.45,0.6,1.8,2B,1,0.916261,0.96873,7994.042144,1979.261855,none,0.3162611162,0.8837388838,0.3687298136,0.8312701864,537.1381453778,0.0,0.0,0.0,0.0,0.0,0.0043166157,0.0030199281,0.0052681246,0.0,0.3162611162,0.0,1,KKT conditions numerically satisfied for barrier-golden solution
baseline,1111,1.35,2516.4,0.35,0.45,0.35,0.45,0.6,1.8,3B,1,0.916261,0.968729,8422.917767,1215.094736,none,0.3162605125,0.8837394875,0.3687293682,0.8312706318,1301.3052636045,0.0,0.0,0.0,0.0,0.0,0.0010690114,0.0003892754,0.0011376822,0.0,0.3162605125,0.0,1,KKT conditions numerically satisfied for barrier-golden solution
baseline,1111,1.4,2609.6,0.35,0.45,0.35,0.45,0.6,1.8,2B,1,0.916261,0.96873,7994.042144,1979.261959,none,0.3162610588,0.8837389412,0.3687297729,0.8312702271,630.3380413307,0.0,0.0,0.0,0.0,0.0,0.0040029325,0.0027779159,0.0048724003,0.0,0.3162610588,0.0,1,KKT conditions numerically satisfied for barrier-golden solution
baseline,1111,1.4,2609.6,0.35,0.45,0.35,0.45,0.6,1.8,3B,1,0.91626,0.968729,8422.917767,1215.094753,none,0.3162604965,0.8837395035,0.3687293593,0.8312706407,1394.5052471825,0.0,0.0,0.0,0.0,0.0,0.0009764292,0.0003329723,0.0010316417,0.0,0.3162604965,0.0,1,KKT conditions numerically satisfied for barrier-golden solution
baseline,1111,1.5,2796.0,0.35,0.45,0.35,0.45,0.6,1.8,2B,1,0.916261,0.96873,7994.042144,1979.262089,none,0.3162609871,0.8837390129,0.3687297223,0.8312702777,816.7379114294,0.0,0.0,0.0,0.0,0.0,0.0036105075,0.0024767351,0.0043783537,0.0,0.3162609871,0.0,1,KKT conditions numerically satisfied for barrier-golden solution
baseline,1111,1.5,2796.0,0.35,0.45,0.35,0.45,0.6,1.8,3B,1,0.91626,0.968729,8422.917767,1215.094855,none,0.3162604065,0.8837395935,0.3687292922,0.8312707078,1580.9051449327,0.0,0.0,0.0,0.0,0.0,0.0004575047,-8.75523e-05,0.0004658068,0.0,0.3162604065,0.0,1,KKT conditions numerically satisfied for barrier-golden solution
baseline,1112,0.7,1673.233333,0.35,0.45,0.35,0.45,0.6,1.8,2B,1,1.432066,1.426251,13601.210646,1673.233315,deadline,0.8320655524,0.3679344476,0.8262514958,0.3737485042,1.82182e-05,0.0,0.0,0.0,0.0,4.9823215685,0.2602230407,-0.1720762439,0.3119715766,9.07691e-05,1.82182e-05,0.0,1,KKT conditions numerically satisfied for barrier-golden solution
baseline,1112,0.7,1673.233333,0.35,0.45,0.35,0.45,0.6,1.8,3B,1,0.975796,1.018292,12574.894016,1673.233151,deadline,0.3757958767,0.8242041233,0.4182915682,0.7817084318,0.0001819784,0.0,0.0,0.0,0.0,0.5459902673,0.3173964869,-0.2304290315,0.3922219633,9.93584e-05,0.0001819784,0.0,1,KKT conditions numerically satisfied for barrier-golden solution
baseline,1112,0.75,1792.75,0.35,0.45,0.35,0.45,0.6,1.8,2B,1,1.332121,1.334143,13088.053083,1792.749972,deadline,0.7321208325,0.4678791675,0.7341429292,0.4658570708,2.81948e-05,0.0,0.0,0.0,0.0,3.6653633239,0.2010694931,-0.1344535896,0.2418816009,0.0001033443,2.81948e-05,0.0,1,KKT conditions numerically satisfied for barrier-golden solution
baseline,1112,0.75,1792.75,0.35,0.45,0.35,0.45,0.6,1.8,3B,1,0.916262,0.96873,12549.900147,1768.320453,none,0.3162623514,0.8837376486,0.3687299643,0.8312700357,24.4295472445,0.0,0.0,0.0,0.0,0.0,0.0139020689,0.007375512,0.0157373981,0.0,0.3162623514,0.0,1,KKT conditions numerically satisfied for barrier-golden solution
baseline,1112,0.8,1912.266667,0.35,0.45,0.35,0.45,0.6,1.8,2B,1,1.244102,1.253963,12712.781251,1912.266627,deadline,0.6441021374,0.5558978626,0.653963117,0.546036883,3.98648e-05,0.0,0.0,0.0,0.0,2.6577501737,0.2789241485,-0.1889088524,0.3368756969,0.0001059508,3.98648e-05,0.0,1,KKT conditions numerically satisfied for barrier-golden solution
baseline,1112,0.8,1912.266667,0.35,0.45,0.35,0.45,0.6,1.8,3B,1,0.916262,0.96873,12549.900147,1768.3212,none,0.3162615839,0.8837384161,0.3687298384,0.8312701616,143.9454667527,0.0,0.0,0.0,0.0,0.0,0.008631216,0.0059649039,0.0104918048,0.0,0.3162615839,0.0,1,KKT conditions numerically satisfied for barrier-golden solution
baseline,1112,0.85,2031.783333,0.35,0.45,0.35,0.45,0.6,1.8,2B,1,1.165847,1.183661,12443.862203,2031.783282,deadline,0.5658470242,0.6341529758,0.5836612335,0.6163387665,5.16027e-05,0.0,0.0,0.0,0.0,1.8739903545,0.2574591318,-0.176924816,0.3123901328,9.6703e-05,5.16027e-05,0.0,1,KKT conditions numerically satisfied for barrier-golden solution
baseline,1112,0.85,2031.783333,0.35,0.45,0.35,0.45,0.6,1.8,3B,1,0.916261,0.968729,12549.900147,1768.322503,none,0.3162608762,0.8837391238,0.3687291486,0.8312708514,263.4608302243,0.0,0.0,0.0,0.0,0.0,0.0037710996,-0.0017651248,0.0041637553,0.0,0.3162608762,0.0,1,KKT conditions numerically satisfied for barrier-golden solution
baseline,1112,0.9,2151.3,0.35,0.45,0.35,0.45,0.6,1.8,2B,1,1.095724,1.121611,12258.262354,2151.299926,deadline,0.4957244876,0.7042755124,0.5216112665,0.6783887335,7.41065e-05,0.0,0.0,0.0,0.0,1.2553913012,0.339727763,-0.2373131322,0.4144061723,9.30327e-05,7.41065e-05,0.0,1,KKT conditions numerically satisfied for barrier-golden solution
baseline,1112,0.9,2151.3,0.35,0.45,0.35,0.45,0.6,1.8,3B,1,0.916261,0.968729,12549.900147,1768.322548,none,0.3162607934,0.8837392066,0.3687291688,0.8312708312,382.9774524717,0.0,0.0,0.0,0.0,0.0,0.0032027888,-0.001538943,0.0035533367,0.0,0.3162607934,0.0,1,KKT conditions numerically satisfied for barrier-golden solution
baseline,1112,0.95,2270.816667,0.35,0.45,0.35,0.45,0.6,1.8,2B,1,1.032386,1.066576,12138.836374,2270.816536,deadline,0.4323856635,0.7676143365,0.4665759574,0.7334240426,0.0001303053,0.0,0.0,0.0,0.0,0.7609233112,0.1808994852,-0.1287199081,0.2220212568,9.91523e-05,0.0001303053,0.0,1,KKT conditions numerically satisfied for barrier-golden solution
baseline,1112,0.95,2270.816667,0.35,0.45,0.35,0.45,0.6,1.8,3B,1,0.916261,0.96873,12549.900147,1768.322042,none,0.3162608874,0.8837391126,0.3687295713,0.8312704287,502.4946250747,0.0,0.0,0.0,0.0,0.0,0.0038481274,0.0029718171,0.0048620759,0.0,0.3162608874,0.0,1,KKT conditions numerically satisfied for barrier-golden solution
baseline,1112,1.0,2390.333333,0.35,0.45,0.35,0.45,0.6,1.8,2B,1,0.97483,1.017515,12072.606066,2390.333053,deadline,0.3748304337,0.8251695663,0.4175146309,0.7824853691,0.000280368,0.0,0.0,0.0,0.0,0.3611231085,0.11179603,-0.0812004226,0.1381733004,0.0001012474,0.000280368,0.0,1,KKT conditions numerically satisfied for barrier-golden solution
baseline,1112,1.0,2390.333333,0.35,0.45,0.35,0.45,0.6,1.8,3B,1,0.916261,0.968729,12549.900147,1768.322701,none,0.3162605322,0.8837394678,0.3687292205,0.8312707795,622.0106326381,0.0,0.0,0.0,0.0,0.0,0.0014084281,-0.0009600337,0.0017045042,0.0,0.3162605322,0.0,1,KKT conditions numerically satisfied for barrier-golden solution
baseline,1112,1.05,2509.85,0.35,0.45,0.35,0.45,0.6,1.8,2B,1,0.92221,0.973618,12049.598577,2509.847156,deadline,0.3222097836,0.8777902164,0.3736181606,0.8263818394,0.002844417,0.0,0.0,0.0,0.0,0.034620892,0.0540783495,-0.0401837119,0.0673735748,9.84763e-05,0.002844417,0.0,1,KKT conditions numerically satisfied for barrier-golden solution
baseline,1112,1.05,2509.85,0.35,0.45,0.35,0.45,0.6,1.8,3B,1,0.916261,0.968729,12549.900147,1768.32269,none,0.3162605198,0.8837394802,0.3687292401,0.8312707599,741.5273104299,0.0,0.0,0.0,0.0,0.0,0.0013232875,-0.0007400516,0.0015161682,0.0,0.3162605198,0.0,1,KKT conditions numerically satisfied for barrier-golden solution
baseline,1112,1.1,2629.366667,0.35,0.45,0.35,0.45,0.6,1.8,2B,1,0.916261,0.968729,12049.354227,2524.012803,none,0.3162608927,0.8837391073,0.3687291815,0.8312708185,105.353863487,0.0,0.0,0.0,0.0,0.0,0.003729312,-0.0013410649,0.0039631077,0.0,0.3162608927,0.0,1,KKT conditions numerically satisfied for barrier-golden solution
baseline,1112,1.1,2629.366667,0.35,0.45,0.35,0.45,0.6,1.8,3B,1,0.916261,0.968729,12549.900147,1768.322673,none,0.3162605216,0.8837394784,0.3687292541,0.8312707459,861.043993569,0.0,0.0,0.0,0.0,0.0,0.0013358566,-0.0005829227,0.0014575019,0.0,0.3162605216,0.0,1,KKT conditions numerically satisfied for barrier-golden solution
baseline,1112,1.15,2748.883333,0.35,0.45,0.35,0.45,0.6,1.8,2B,1,0.916262,0.96873,12049.354227,2524.011105,none,0.3162615514,0.8837384486,0.3687298017,0.8312701983,224.8722282586,0.0,0.0,0.0,0.0,0.0,0.008072918,0.0053324078,0.0096750493,0.0,0.3162615514,0.0,1,KKT conditions numerically satisfied for barrier-golden solution
baseline,1112,1.15,2748.883333,0.35,0.45,0.35,0.45,0.6,1.8,3B,1,0.916261,0.968729,12549.900147,1768.32269,none,0.3162605074,0.8837394926,0.3687292493,0.8312707507,980.5606437802,0.0,0.0,0.0,0.0,0.0,0.0012383858,-0.0006366268,0.0013924414,0.0,0.3162605074,0.0,1,KKT conditions numerically satisfied for barrier-golden solution
baseline,1112,1.2,2868.4,0.35,0.45,0.35,0.45,0.6,1.8,2B,1,0.916261,0.96873,12049.354227,2524.011615,none,0.3162613258,0.8837386742,0.3687296363,0.8312703637,344.3883850264,0.0,0.0,0.0,0.0,0.0,0.0065849747,0.0035518811,0.0074818281,0.0,0.3162613258,0.0,1,KKT conditions numerically satisfied for barrier-golden solution
baseline,1112,1.2,2868.4,0.35,0.45,0.35,0.45,0.6,1.8,3B,1,0.91626,0.968729,12549.900147,1768.322691,none,0.3162604958,0.8837395042,0.3687292568,0.8312707432,1100.0773091419,0.0,0.0,0.0,0.0,0.0,0.0011587834,-0.0005534831,0.0012841816,0.0,0.3162604958,0.0,1,KKT conditions numerically satisfied for barrier-golden solution
baseline,1112,1.25,2987.916667,0.35,0.45,0.35,0.45,0.6,1.8,2B,1,0.916261,0.968729,12049.354227,2524.012871,none,0.3162608583,0.8837391417,0.3687291629,0.8312708371,463.9037958593,0.0,0.0,0.0,0.0,0.0,0.0035029062,-0.0015418761,0.0038272358,0.0,0.3162608583,0.0,1,KKT conditions numerically satisfied for barrier-golden solution
baseline,1112,1.25,2987.916667,0.35,0.45,0.35,0.45,0.6,1.8,3B,1,0.91626,0.968729,12549.900147,1768.322824,none,0.3162604037,0.8837395963,0.3687292012,0.8312707988,1219.5938428697,0.0,0.0,0.0,0.0,0.0,0.0005264331,-0.0011759428,0.0012883995,0.0,0.3162604037,0.0,1,KKT conditions numerically satisfied for barrier-golden solution
baseline,1112,1.3,3107.433333,0.35,0.45,0.35,0.45,0.6,1.8,2B,1,0.916261,0.968729,12049.354227,2524.012961,none,0.3162607838,0.8837392162,0.3687291593,0.8312708407,583.4203722492,0.0,0.0,0.0,0.0,0.0,0.0030113145,-0.001579663,0.0034004926,0.0,0.3162607838,0.0,1,KKT conditions numerically satisfied for barrier-golden solution
baseline,1112,1.3,3107.433333,0.35,0.45,0.35,0.45,0.6,1.8,3B,1,0.916262,0.96873,12549.900147,1768.321077,none,0.3162621599,0.8837378401,0.3687295235,0.8312704765,1339.1122558589,0.0,0.0,0.0,0.0,0.0,0.0125872518,0.0024356134,0.0128207301,0.0,0.3162621599,0.0,1,KKT conditions numerically satisfied for barrier-golden solution
baseline,1112,1.35,3226.95,0.35,0.45,0.35,0.45,0.6,1.8,2B,1,0.916261,0.96873,12049.354227,2524.012166,none,0.3162609224,0.8837390776,0.368729576,0.831270424,702.9378336395,0.0,0.0,0.0,0.0,0.0,0.0039255767,0.0029038335,0.0048828681,0.0,0.3162609224,0.0,1,KKT conditions numerically satisfied for barrier-golden solution
baseline,1112,1.35,3226.95,0.35,0.45,0.35,0.45,0.6,1.8,3B,1,0.916262,0.96873,12549.900147,1768.3211,none,0.3162621321,0.8837378679,0.368729523,0.831270477,1458.6288998034,0.0,0.0,0.0,0.0,0.0,0.0123958676,0.0024305217,0.0126319028,0.0,0.3162621321,0.0,1,KKT conditions numerically satisfied for barrier-golden solution
baseline,1112,1.4,3346.466667,0.35,0.45,0.35,0.45,0.6,1.8,2B,1,0.916261,0.96873,12049.354227,2524.012245,none,0.3162608736,0.8837391264,0.3687295611,0.8312704389,822.4544219323,0.0,0.0,0.0,0.0,0.0,0.0036036947,0.0027434693,0.0045291544,0.0,0.3162608736,0.0,1,KKT conditions numerically satisfied for barrier-golden solution
baseline,1112,1.4,3346.466667,0.35,0.45,0.35,0.45,0.6,1.8,3B,1,0.916262,0.96873,12549.900147,1768.321122,none,0.3162621128,0.8837378872,0.3687295174,0.8312704826,1578.1455450228,0.0,0.0,0.0,0.0,0.0,0.0122635258,0.0023669752,0.0124898613,0.0,0.3162621128,0.0,1,KKT conditions numerically satisfied for barrier-golden solution
baseline,1112,1.5,3585.5,0.35,0.45,0.35,0.45,0.6,1.8,2B,1,0.916261,0.968729,12049.354227,2524.013145,none,0.3162605187,0.8837394813,0.3687292368,0.8312707632,1061.4868553132,0.0,0.0,0.0,0.0,0.0,0.0012632376,-0.0007465355,0.0014673392,0.0,0.3162605187,0.0,1,KKT conditions numerically satisfied for barrier-golden solution
baseline,1112,1.5,3585.5,0.35,0.45,0.35,0.45,0.6,1.8,3B,1,0.916262,0.968729,12549.900147,1768.321192,none,0.3162620608,0.8837379392,0.3687294904,0.8312705096,1817.17880809,0.0,0.0,0.0,0.0,0.0,0.0119067477,0.0020653817,0.0120845538,0.0,0.3162620608,0.0,1,KKT conditions numerically satisfied for barrier-golden solution
baseline,1121,0.7,1638.7,0.35,0.45,0.35,0.45,0.6,1.8,2B,1,1.432113,1.42622,11087.00087,1638.699977,deadline,0.8321134659,0.3678865341,0.8262198218,0.3737801782,2.32126e-05,0.0,0.0,0.0,0.0,4.1468083883,0.5191181847,-0.3432361823,0.6223301105,9.62583e-05,2.32126e-05,0.0,1,KKT conditions numerically satisfied for barrier-golden solution
baseline,1121,0.7,1638.7,0.35,0.45,0.35,0.45,0.6,1.8,3B,1,0.980184,1.022016,10282.888492,1638.699798,deadline,0.3801839383,0.8198160617,0.4220156648,0.7779843352,0.0002015504,0.0,0.0,0.0,0.0,0.4898102291,0.1830743343,-0.1326893742,0.226103255,9.87215e-05,0.0002015504,0.0,1,KKT conditions numerically satisfied for barrier-golden solution
baseline,1121,0.75,1755.75,0.35,0.45,0.35,0.45,0.6,1.8,2B,1,1.332174,1.334107,10668.701465,1755.749965,deadline,0.7321744986,0.4678255014,0.7341070546,0.4658929454,3.4739e-05,0.0,0.0,0.0,0.0,3.0506712374,0.5086217913,-0.3400657029,0.6118339716,0.0001059772,3.4739e-05,0.0,1,KKT conditions numerically satisfied for barrier-golden solution
baseline,1121,0.75,1755.75,0.35,0.45,0.35,0.45,0.6,1.8,3B,1,0.916261,0.96873,10259.362109,1738.755574,none,0.3162612323,0.8837387677,0.3687298591,0.8312701409,16.9944259721,0.0,0.0,0.0,0.0,0.0,0.0050819478,0.005065969,0.0071756697,0.0,0.3162612323,0.0,1,KKT conditions numerically satisfied for barrier-golden solution
baseline,1121,0.8,1872.8,0.35,0.45,0.35,0.45,0.6,1.8,2B,1,1.244273,1.253848,10362.799501,1872.799958,deadline,0.6442728774,0.5557271226,0.6538475083,0.5461524917,4.16836e-05,0.0,0.0,0.0,0.0,2.2118134141,1.3273468182,-0.8985687846,1.6028959531,9.21964e-05,4.16836e-05,0.0,1,KKT conditions numerically satisfied for barrier-golden solution
baseline,1121,0.8,1872.8,0.35,0.45,0.35,0.45,0.6,1.8,3B,1,0.916262,0.96873,10259.362109,1738.754893,none,0.3162619196,0.8837380804,0.3687299934,0.8312700066,134.0451065955,0.0,0.0,0.0,0.0,0.0,0.0089406347,0.0062962709,0.0109351715,0.0,0.3162619196,0.0,1,KKT conditions numerically satisfied for barrier-golden solution
baseline,1121,0.85,1989.85,0.35,0.45,0.35,0.45,0.6,1.8,2B,1,1.165855,1.183656,10143.590471,1989.84994,deadline,0.5658548308,0.6341451692,0.583655878,0.616344122,5.97317e-05,0.0,0.0,0.0,0.0,1.5597589817,0.260293517,-0.1788685793,0.3158269838,9.3167e-05,5.97317e-05,0.0,1,KKT conditions numerically satisfied for barrier-golden solution
baseline,1121,0.85,1989.85,0.35,0.45,0.35,0.45,0.6,1.8,3B,1,0.916261,0.96873,10259.362109,1738.755598,none,0.3162614554,0.8837385446,0.3687296702,0.8312703298,251.0944021047,0.0,0.0,0.0,0.0,0.0,0.0063345449,0.0033350215,0.0071588286,0.0,0.3162614554,0.0,1,KKT conditions numerically satisfied for barrier-golden solution
baseline,1121,0.9,2106.9,0.35,0.45,0.35,0.45,0.6,1.8,2B,1,1.095726,1.12161,9992.299122,2106.899899,deadline,0.4957257086,0.7042742914,0.5216104387,0.6783895613,0.000100562,0.0,0.0,0.0,0.0,1.0448934628,0.2847478658,-0.1989067864,0.3473402608,0.0001050766,0.000100562,0.0,1,KKT conditions numerically satisfied for barrier-golden solution
baseline,1121,0.9,2106.9,0.35,0.45,0.35,0.45,0.6,1.8,3B,1,0.916261,0.968729,10259.362109,1738.756614,none,0.316260888,0.883739112,0.368729128,0.831270872,368.1433861375,0.0,0.0,0.0,0.0,0.0,0.0031493787,-0.0016324828,0.0035473351,0.0,0.316260888,0.0,1,KKT conditions numerically satisfied for barrier-golden solution
baseline,1121,0.95,2223.95,0.35,0.45,0.35,0.45,0.6,1.8,2B,1,1.032418,1.066553,9894.949263,2223.949846,deadline,0.4324183473,0.7675816527,0.466552724,0.733447276,0.0001543133,0.0,0.0,0.0,0.0,0.6332940266,0.3603492996,-0.2563808919,0.4422474188,9.77257e-05,0.0001543133,0.0,1,KKT conditions numerically satisfied for barrier-golden solution
baseline,1121,0.95,2223.95,0.35,0.45,0.35,0.45,0.6,1.8,3B,1,0.916261,0.968729,10259.362109,1738.756605,none,0.3162608538,0.8837391462,0.368729162,0.831270838,485.1933951464,0.0,0.0,0.0,0.0,0.0,0.0029570468,-0.0013201981,0.0032383714,0.0,0.3162608538,0.0,1,KKT conditions numerically satisfied for barrier-golden solution
baseline,1121,1.0,2341.0,0.35,0.45,0.35,0.45,0.6,1.8,2B,1,0.974847,1.017503,9840.961748,2340.999661,deadline,0.3748470834,0.8251529166,0.4175025859,0.7824974141,0.0003394464,0.0,0.0,0.0,0.0,0.3005526045,0.1999483477,-0.1452193907,0.247119431,0.0001020215,0.0003394464,0.0,1,KKT conditions numerically satisfied for barrier-golden solution
baseline,1121,1.0,2341.0,0.35,0.45,0.35,0.45,0.6,1.8,3B,1,0.916261,0.96873,10259.362109,1738.756075,none,0.3162609426,0.8837390574,0.3687295994,0.8312704006,602.2439252265,0.0,0.0,0.0,0.0,0.0,0.0034554662,0.0026864247,0.0043768853,0.0,0.3162609426,0.0,1,KKT conditions numerically satisfied for barrier-golden solution
baseline,1121,1.05,2458.05,0.35,0.45,0.35,0.45,0.6,1.8,2B,1,0.922209,0.973619,9822.207234,2458.046529,deadline,0.3222086131,0.8777913869,0.3736194925,0.8263805075,0.0034705819,0.0,0.0,0.0,0.0,0.0288189227,0.0344360583,-0.0255883539,0.0429022839,0.0001000184,0.0034705819,0.0,1,KKT conditions numerically satisfied for barrier-golden solution
baseline,1121,1.05,2458.05,0.35,0.45,0.35,0.45,0.6,1.8,3B,1,0.916261,0.96873,10259.362109,1738.756129,none,0.3162608998,0.8837391002,0.3687295795,0.8312704205,719.2938706923,0.0,0.0,0.0,0.0,0.0,0.0032151502,0.0025041128,0.0040752634,0.0,0.3162608998,0.0,1,KKT conditions numerically satisfied for barrier-golden solution
baseline,1121,1.1,2575.1,0.35,0.45,0.35,0.45,0.6,1.8,2B,1,0.916261,0.96873,9822.008033,2471.919377,none,0.3162613413,0.8837386587,0.3687295987,0.8312704013,103.1806233009,0.0,0.0,0.0,0.0,0.0,0.0054512319,0.0025662995,0.0060250993,0.0,0.3162613413,0.0,1,KKT conditions numerically satisfied for barrier-golden solution
baseline,1121,1.1,2575.1,0.35,0.45,0.35,0.45,0.6,1.8,3B,1,0.916261,0.96873,10259.362109,1738.756155,none,0.31626088,0.88373912,0.3687295703,0.8312704297,836.3438454824,0.0,0.0,0.0,0.0,0.0,0.0031039894,0.0024199166,0.0039358285,0.0,0.31626088,0.0,1,KKT conditions numerically satisfied for barrier-golden solution
baseline,1121,1.15,2692.15,0.35,0.45,0.35,0.45,0.6,1.8,2B,1,0.916262,0.96873,9822.008033,2471.918365,none,0.3162618206,0.8837381794,0.3687299172,0.8312700828,220.2316345133,0.0,0.0,0.0,0.0,0.0,0.0080273477,0.0053593037,0.009651966,0.0,0.3162618206,0.0,1,KKT conditions numerically satisfied for barrier-golden solution
baseline,1121,1.15,2692.15,0.35,0.45,0.35,0.45,0.6,1.8,3B,1,0.916261,0.96873,10259.362109,1738.756193,none,0.3162608508,0.8837391492,0.3687295552,0.8312704448,953.3938067656,0.0,0.0,0.0,0.0,0.0,0.0029402914,0.0022820735,0.0037219851,0.0,0.3162608508,0.0,1,KKT conditions numerically satisfied for barrier-golden solution
baseline,1121,1.2,2809.2,0.35,0.45,0.35,0.45,0.6,1.8,2B,1,0.916262,0.96873,9822.008033,2471.918985,none,0.316261534,0.883738466,0.3687297168,0.8312702832,337.2810149472,0.0,0.0,0.0,0.0,0.0,0.0064870336,0.0036017532,0.0074198539,0.0,0.316261534,0.0,1,KKT conditions numerically satisfied for barrier-golden solution
baseline,1121,1.2,2809.2,0.35,0.45,0.35,0.45,0.6,1.8,3B,1,0.916261,0.96873,10259.362109,1738.756209,none,0.3162608453,0.8837391547,0.3687295446,0.8312704554,1070.443791262,0.0,0.0,0.0,0.0,0.0,0.002909523,0.0021845785,0.0036383661,0.0,0.3162608453,0.0,1,KKT conditions numerically satisfied for barrier-golden solution
baseline,1121,1.25,2926.25,0.35,0.45,0.35,0.45,0.6,1.8,2B,1,0.916261,0.96873,9822.008033,2471.919292,none,0.3162613943,0.8837386057,0.3687296158,0.8312703842,454.3307079757,0.0,0.0,0.0,0.0,0.0,0.0057359735,0.0027162307,0.0063465976,0.0,0.3162613943,0.0,1,KKT conditions numerically satisfied for barrier-golden solution
baseline,1121,1.25,2926.25,0.35,0.45,0.35,0.45,0.6,1.8,3B,1,0.916261,0.968729,10259.362109,1738.75677,none,0.3162605229,0.8837394771,0.3687292522,0.8312707478,1187.4932304956,0.0,0.0,0.0,0.0,0.0,0.0010994912,-0.0004940532,0.0012053919,0.0,0.3162605229,0.0,1,KKT conditions numerically satisfied for barrier-golden solution
baseline,1121,1.3,3043.3,0.35,0.45,0.35,0.45,0.6,1.8,2B,1,0.916261,0.968729,9822.008033,2471.920564,none,0.3162609008,0.8837390992,0.3687291339,0.8312708661,571.3794363078,0.0,0.0,0.0,0.0,0.0,0.0030838648,-0.0015106426,0.0034339865,0.0,0.3162609008,0.0,1,KKT conditions numerically satisfied for barrier-golden solution
baseline,1121,1.3,3043.3,0.35,0.45,0.35,0.45,0.6,1.8,3B,1,0.916261,0.968729,10259.362109,1738.756764,none,0.3162605125,0.8837394875,0.3687292653,0.8312707347,1304.5432360817,0.0,0.0,0.0,0.0,0.0,0.0010411165,-0.0003744548,0.0011064086,0.0,0.3162605125,0.0,1,KKT conditions numerically satisfied for barrier-golden solution
baseline,1121,1.35,3160.35,0.35,0.45,0.35,0.45,0.6,1.8,2B,1,0.916261,0.968729,9822.008033,2471.920584,none,0.3162608626,0.8837391374,0.3687291491,0.8312708509,688.4294163465,0.0,0.0,0.0,0.0,0.0,0.0028782692,-0.0013775969,0.0031909571,0.0,0.3162608626,0.0,1,KKT conditions numerically satisfied for barrier-golden solution
baseline,1121,1.35,3160.35,0.35,0.45,0.35,0.45,0.6,1.8,3B,1,0.916261,0.968729,10259.362109,1738.756769,none,0.3162605087,0.8837394913,0.3687292637,0.8312707363,1421.5932314218,0.0,0.0,0.0,0.0,0.0,0.0010198078,-0.0003890926,0.0010915132,0.0,0.3162605087,0.0,1,KKT conditions numerically satisfied for barrier-golden solution
baseline,1121,1.4,3277.4,0.35,0.45,0.35,0.45,0.6,1.8,2B,1,0.916261,0.968729,9822.008033,2471.920562,none,0.3162608571,0.8837391429,0.3687291678,0.8312708322,805.4794382789,0.0,0.0,0.0,0.0,0.0,0.0028490085,-0.0012134889,0.0030966764,0.0,0.3162608571,0.0,1,KKT conditions numerically satisfied for barrier-golden solution
baseline,1121,1.4,3277.4,0.35,0.45,0.35,0.45,0.6,1.8,3B,1,0.91626,0.968729,10259.362109,1738.756779,none,0.3162604962,0.8837395038,0.3687292633,0.8312707367,1538.6432212509,0.0,0.0,0.0,0.0,0.0,0.0009497078,-0.0003923521,0.0010275627,0.0,0.3162604962,0.0,1,KKT conditions numerically satisfied for barrier-golden solution
baseline,1121,1.5,3511.5,0.35,0.45,0.35,0.45,0.6,1.8,2B,1,0.916261,0.96873,9822.008033,2471.919867,none,0.3162609146,0.8837390854,0.3687295891,0.8312704109,1039.5801328778,0.0,0.0,0.0,0.0,0.0,0.0031578267,0.0024813509,0.0040160891,0.0,0.3162609146,0.0,1,KKT conditions numerically satisfied for barrier-golden solution
baseline,1121,1.5,3511.5,0.35,0.45,0.35,0.45,0.6,1.8,3B,1,0.916261,0.968729,10259.362109,1738.756766,none,0.3162605042,0.8837394958,0.3687292696,0.8312707304,1772.7432340649,0.0,0.0,0.0,0.0,0.0,0.0009942259,-0.0003349824,0.0010491417,0.0,0.3162605042,0.0,1,KKT conditions numerically satisfied for barrier-golden solution
baseline,1122,0.7,2005.266667,0.35,0.45,0.35,0.45,0.6,1.8,2B,1,1.432456,1.426637,15731.821499,2005.26665,deadline,0.8324563092,0.3675436908,0.8266368974,0.3733631026,1.676e-05,0.0,0.0,0.0,0.0,4.8167325394,0.1611264188,-0.0799099564,0.1798536182,8.07286e-05,1.676e-05,0.0,1,KKT conditions numerically satisfied for barrier-golden solution
baseline,1122,0.7,2005.266667,0.35,0.45,0.35,0.45,0.6,1.8,3B,1,1.063713,1.093642,14633.114549,2005.266597,deadline,0.4637130964,0.7362869036,0.4936418467,0.7063581533,7.00797e-05,0.0,0.0,0.0,0.0,1.3175881482,0.469970086,-0.2483941975,0.5315746035,9.23362e-05,7.00797e-05,0.0,1,KKT conditions numerically satisfied for barrier-golden solution
baseline,1122,0.75,2148.5,0.35,0.45,0.35,0.45,0.6,1.8,2B,1,1.331956,1.334023,15137.708176,2148.499967,deadline,0.7319555739,0.4680444261,0.7340233128,0.4659766872,3.26208e-05,0.0,0.0,0.0,0.0,3.5377938306,0.0478093125,-0.0239789335,0.0534856954,0.0001154055,3.26208e-05,0.0,1,KKT conditions numerically satisfied for barrier-golden solution
baseline,1122,0.75,2148.5,0.35,0.45,0.35,0.45,0.6,1.8,3B,1,0.984151,1.025364,14501.29625,2148.49982,deadline,0.3841506178,0.8158493822,0.4253644461,0.7746355539,0.0001804263,0.0,0.0,0.0,0.0,0.5579901296,0.2967211639,-0.1610467253,0.3376084964,0.0001006761,0.0001804263,0.0,1,KKT conditions numerically satisfied for barrier-golden solution
baseline,1122,0.8,2291.733333,0.35,0.45,0.35,0.45,0.6,1.8,2B,1,1.243624,1.253213,14704.076977,2291.733292,deadline,0.6436238165,0.5563761835,0.6532127072,0.5467872928,4.1325e-05,0.0,0.0,0.0,0.0,2.5585965693,2.0867597384,-1.0595317415,2.3403362402,0.000105734,4.1325e-05,0.0,1,KKT conditions numerically satisfied for barrier-golden solution
baseline,1122,0.8,2291.733333,0.35,0.45,0.35,0.45,0.6,1.8,3B,1,0.916264,0.968732,14464.633729,2285.603967,none,0.3162636,0.8837364,0.3687322784,0.8312677216,6.1293667331,0.0,0.0,0.0,0.0,0.0,0.0215829614,0.0426462013,0.0477966809,0.0,0.3162636,0.0,1,KKT conditions numerically satisfied for barrier-golden solution
baseline,1122,0.85,2434.966667,0.35,0.45,0.35,0.45,0.6,1.8,2B,1,1.164609,1.182493,14394.230965,2434.966614,deadline,0.5646086991,0.6353913009,0.5824926476,0.6175073524,5.23716e-05,0.0,0.0,0.0,0.0,1.7978570531,0.6527414374,-0.3364713003,0.7343598028,9.41566e-05,5.23716e-05,0.0,1,KKT conditions numerically satisfied for barrier-golden solution
baseline,1122,0.85,2434.966667,0.35,0.45,0.35,0.45,0.6,1.8,3B,1,0.916262,0.96873,14464.633729,2285.609047,none,0.3162623238,0.8837376762,0.3687296998,0.8312703002,149.3576192966,0.0,0.0,0.0,0.0,0.0,0.0131675045,0.0056480742,0.0143277324,0.0,0.3162623238,0.0,1,KKT conditions numerically satisfied for barrier-golden solution
baseline,1122,0.9,2578.2,0.35,0.45,0.35,0.45,0.6,1.8,2B,1,1.093908,1.119917,14181.366248,2578.19991,deadline,0.4939084167,0.7060915833,0.5199170215,0.6800829785,9.02087e-05,0.0,0.0,0.0,0.0,1.1969860699,0.9610154925,-0.5036283353,1.0849849202,0.0001079786,9.02087e-05,0.0,1,KKT conditions numerically satisfied for barrier-golden solution
baseline,1122,0.9,2578.2,0.35,0.45,0.35,0.45,0.6,1.8,3B,1,0.916262,0.96873,14464.633729,2285.609625,none,0.3162618197,0.8837381803,0.3687296075,0.8312703925,292.5903752268,0.0,0.0,0.0,0.0,0.0,0.0098427856,0.0043235184,0.0107504995,0.0,0.3162618197,0.0,1,KKT conditions numerically satisfied for barrier-golden solution
baseline,1122,0.95,2721.433333,0.35,0.45,0.35,0.45,0.6,1.8,2B,1,1.029867,1.064395,14045.529688,2721.433191,deadline,0.4298672224,0.7701327776,0.4643954496,0.7356045504,0.0001424202,0.0,0.0,0.0,0.0,0.7168443381,0.2773160695,-0.148111434,0.3143902023,0.0001020931,0.0001424202,0.0,1,KKT conditions numerically satisfied for barrier-golden solution
baseline,1122,0.95,2721.433333,0.35,0.45,0.35,0.45,0.6,1.8,3B,1,0.916262,0.96873,14464.633729,2285.609922,none,0.3162616164,0.8837383836,0.3687295285,0.8312704715,435.8234112668,0.0,0.0,0.0,0.0,0.0,0.0085021685,0.0031901065,0.0090809497,0.0,0.3162616164,0.0,1,KKT conditions numerically satisfied for barrier-golden solution
baseline,1122,1.0,2864.666667,0.35,0.45,0.35,0.45,0.6,1.8,2B,1,0.971667,1.014796,13971.617975,2864.666364,deadline,0.3716667643,0.8283332357,0.4147955842,0.7852044158,0.0003025739,0.0,0.0,0.0,0.0,0.3284488343,0.4276241687,-0.233214038,0.4870844046,9.938e-05,0.0003025739,0.0,1,KKT conditions numerically satisfied for barrier-golden solution
baseline,1122,1.0,2864.666667,0.35,0.45,0.35,0.45,0.6,1.8,3B,1,0.916261,0.96873,14464.633729,2285.610532,none,0.3162608712,0.8837391288,0.3687295495,0.8312704505,579.0561342494,0.0,0.0,0.0,0.0,0.0,0.0035883986,0.0034916711,0.0050068325,0.0,0.3162608712,0.0,1,KKT conditions numerically satisfied for barrier-golden solution
baseline,1122,1.05,3007.9,0.35,0.45,0.35,0.45,0.6,1.8,2B,1,0.918303,0.970391,13948.024462,3007.891185,deadline,0.3183027576,0.8816972424,0.3703908088,0.8296091912,0.0088151121,0.0,0.0,0.0,0.0,0.0113461098,0.1110258935,-0.0619891745,0.1271589823,0.0001000172,0.0088151121,0.0,1,KKT conditions numerically satisfied for barrier-golden solution
baseline,1122,1.05,3007.9,0.35,0.45,0.35,0.45,0.6,1.8,3B,1,0.916261,0.96873,14464.633729,2285.610464,none,0.3162608296,0.8837391704,0.3687296173,0.8312703827,722.2895362506,0.0,0.0,0.0,0.0,0.0,0.0033138337,0.0044639144,0.0055594986,0.0,0.3162608296,0.0,1,KKT conditions numerically satisfied for barrier-golden solution
baseline,1122,1.1,3151.133333,0.35,0.45,0.35,0.45,0.6,1.8,2B,1,0.916261,0.968729,13947.992142,3013.58438,none,0.3162608924,0.8837391076,0.3687290796,0.8312709204,137.548952927,0.0,0.0,0.0,0.0,0.0,0.0035950169,-0.0031345662,0.0047696595,0.0,0.3162608924,0.0,1,KKT conditions numerically satisfied for barrier-golden solution
baseline,1122,1.1,3151.133333,0.35,0.45,0.35,0.45,0.6,1.8,3B,1,0.916261,0.96873,14464.633729,2285.610422,none,0.3162608219,0.8837391781,0.3687296486,0.8312703514,865.5229113113,0.0,0.0,0.0,0.0,0.0,0.0032633176,0.0049132528,0.0058982451,0.0,0.3162608219,0.0,1,KKT conditions numerically satisfied for barrier-golden solution
baseline,1122,1.15,3294.366667,0.35,0.45,0.35,0.45,0.6,1.8,2B,1,0.916262,0.96873,13947.992142,3013.581798,none,0.316262118,0.883737882,0.3687296633,0.8312703367,280.7848681882,0.0,0.0,0.0,0.0,0.0,0.0113885615,0.0049417971,0.0124145355,0.0,0.316262118,0.0,1,KKT conditions numerically satisfied for barrier-golden solution
baseline,1122,1.15,3294.366667,0.35,0.45,0.35,0.45,0.6,1.8,3B,1,0.916261,0.96873,14464.633729,2285.610381,none,0.3162608041,0.8837391959,0.3687296853,0.8312703147,1008.7562860129,0.0,0.0,0.0,0.0,0.0,0.0031460467,0.0054404315,0.0062845767,0.0,0.3162608041,0.0,1,KKT conditions numerically satisfied for barrier-golden solution
baseline,1122,1.2,3437.6,0.35,0.45,0.35,0.45,0.6,1.8,2B,1,0.916262,0.96873,13947.992142,3013.582295,none,0.3162618185,0.8837381815,0.3687295867,0.8312704133,424.0177049271,0.0,0.0,0.0,0.0,0.0,0.009483921,0.0038817589,0.0102475758,0.0,0.3162618185,0.0,1,KKT conditions numerically satisfied for barrier-golden solution
baseline,1122,1.2,3437.6,0.35,0.45,0.35,0.45,0.6,1.8,3B,1,0.916261,0.96873,14464.633729,2285.610332,none,0.3162608174,0.8837391826,0.3687297093,0.8312702907,1151.9896677092,0.0,0.0,0.0,0.0,0.0,0.0032331526,0.0057840976,0.0066263913,0.0,0.3162608174,0.0,1,KKT conditions numerically satisfied for barrier-golden solution
baseline,1122,1.25,3580.833333,0.35,0.45,0.35,0.45,0.6,1.8,2B,1,0.916262,0.96873,13947.992142,3013.582577,none,0.3162616649,0.8837383351,0.3687295342,0.8312704658,567.2507568117,0.0,0.0,0.0,0.0,0.0,0.0085074076,0.0031557715,0.0090738568,0.0,0.3162616649,0.0,1,KKT conditions numerically satisfied for barrier-golden solution
baseline,1122,1.25,3580.833333,0.35,0.45,0.35,0.45,0.6,1.8,3B,1,0.916261,0.96873,14464.633729,2285.610279,none,0.3162608259,0.8837391741,0.3687297389,0.8312702611,1295.2230540898,0.0,0.0,0.0,0.0,0.0,0.0032893701,0.0062088719,0.0070263821,0.0,0.3162608259,0.0,1,KKT conditions numerically satisfied for barrier-golden solution
baseline,1122,1.3,3724.066667,0.35,0.45,0.35,0.45,0.6,1.8,2B,1,0.916262,0.968729,13947.992142,3013.582718,none,0.3162616377,0.8837383623,0.3687294801,0.8312705199,710.4839488614,0.0,0.0,0.0,0.0,0.0,0.0083339271,0.002406183,0.0086743333,0.0,0.3162616377,0.0,1,KKT conditions numerically satisfied for barrier-golden solution
baseline,1122,1.3,3724.066667,0.35,0.45,0.35,0.45,0.6,1.8,3B,1,0.916261,0.96873,14464.633729,2285.61029,none,0.3162608099,0.8837391901,0.3687297406,0.8312702594,1438.4563762236,0.0,0.0,0.0,0.0,0.0,0.0031839406,0.0062329689,0.0069990984,0.0,0.3162608099,0.0,1,KKT conditions numerically satisfied for barrier-golden solution
baseline,1122,1.35,3867.3,0.35,0.45,0.35,0.45,0.6,1.8,2B,1,0.916261,0.96873,13947.992142,3013.583412,none,0.3162608492,0.8837391508,0.3687295795,0.8312704205,853.7165878467,0.0,0.0,0.0,0.0,0.0,0.0033203316,0.0037823931,0.005033001,0.0,0.3162608492,0.0,1,KKT conditions numerically satisfied for barrier-golden solution
baseline,1122,1.35,3867.3,0.35,0.45,0.35,0.45,0.6,1.8,3B,1,0.916261,0.96873,14464.633729,2285.610217,none,0.3162608534,0.8837391466,0.3687297635,0.8312702365,1581.6897825445,0.0,0.0,0.0,0.0,0.0,0.0034711574,0.0065621997,0.0074237052,0.0,0.3162608534,0.0,1,KKT conditions numerically satisfied for barrier-golden solution
baseline,1122,1.4,4010.533333,0.35,0.45,0.35,0.45,0.6,1.8,2B,1,0.916261,0.96873,13947.992142,3013.583321,none,0.3162608364,0.8837391636,0.3687296316,0.8312703684,996.950012598,0.0,0.0,0.0,0.0,0.0,0.0032388517,0.0045030071,0.0055468219,0.0,0.3162608364,0.0,1,KKT conditions numerically satisfied for barrier-golden solution
baseline,1122,1.4,4010.533333,0.35,0.45,0.35,0.45,0.6,1.8,3B,1,0.916261,0.96873,14464.633729,2285.610248,none,0.3162608211,0.8837391789,0.3687297619,0.8312702381,1724.9230855603,0.0,0.0,0.0,0.0,0.0,0.0032580755,0.006539485,0.0073061563,0.0,0.3162608211,0.0,1,KKT conditions numerically satisfied for barrier-golden solution
baseline,1122,1.5,4297.0,0.35,0.45,0.35,0.45,0.6,1.8,2B,1,0.916261,0.96873,13947.992142,3013.583168,none,0.3162608379,0.8837391621,0.3687297056,0.8312702944,1283.4168316384,0.0,0.0,0.0,0.0,0.0,0.0032484069,0.0055273398,0.0064112115,0.0,0.3162608379,0.0,1,KKT conditions numerically satisfied for barrier-golden solution
baseline,1122,1.5,4297.0,0.35,0.45,0.35,0.45,0.6,1.8,3B,1,0.916261,0.96873,14464.633729,2285.610202,none,0.3162608602,0.8837391398,0.3687297694,0.8312702306,2011.3897975358,0.0,0.0,0.0,0.0,0.0,0.0035158548,0.0066472071,0.0075197472,0.0,0.3162608602,0.0,1,KKT conditions numerically satisfied for barrier-golden solution
baseline,1211,0.7,1512.233333,0.35,0.45,0.35,0.45,0.6,1.8,2B,1,1.430848,1.425171,9477.224499,1512.233307,deadline,0.8308477404,0.3691522596,0.8251705703,0.3748294297,2.62374e-05,0.0,0.0,0.0,0.0,3.8221650268,0.0117600643,-0.017500393,0.0210846595,0.0001002836,2.62374e-05,0.0,1,KKT conditions numerically satisfied for barrier-golden solution
baseline,1211,0.7,1512.233333,0.35,0.45,0.35,0.45,0.6,1.8,3B,1,0.916261,0.968731,8781.282326,1480.964307,none,0.316261289,0.883738711,0.368730836,0.831269164,31.2690259208,0.0,0.0,0.0,0.0,0.0,0.0069385635,0.0080037794,0.0105926459,0.0,0.316261289,0.0,1,KKT conditions numerically satisfied for barrier-golden solution
baseline,1211,0.75,1620.25,0.35,0.45,0.35,0.45,0.6,1.8,2B,1,1.332518,1.334558,9120.679808,1620.249962,deadline,0.7325184114,0.4674815886,0.7345576648,0.4654423352,3.77816e-05,0.0,0.0,0.0,0.0,2.8253735757,-0.0229225991,0.0344892197,0.0414119768,0.000106747,3.77816e-05,0.0,1,KKT conditions numerically satisfied for barrier-golden solution
baseline,1211,0.75,1620.25,0.35,0.45,0.35,0.45,0.6,1.8,3B,1,0.916261,0.968731,8781.282326,1480.964468,none,0.3162612661,0.8837387339,0.3687306021,0.8312693979,139.2855316214,0.0,0.0,0.0,0.0,0.0,0.0067732818,0.0067803154,0.0095838418,0.0,0.3162612661,0.0,1,KKT conditions numerically satisfied for barrier-golden solution
baseline,1211,0.8,1728.266667,0.35,0.45,0.35,0.45,0.6,1.8,2B,1,1.246098,1.255899,8858.454891,1728.266618,deadline,0.646098298,0.553901702,0.6558986708,0.5441013292,4.86334e-05,0.0,0.0,0.0,0.0,2.0627029445,-0.168192371,0.256272584,0.3065359864,0.0001003163,4.86334e-05,0.0,1,KKT conditions numerically satisfied for barrier-golden solution
baseline,1211,0.8,1728.266667,0.35,0.45,0.35,0.45,0.6,1.8,3B,1,0.916261,0.96873,8781.282326,1480.965033,none,0.3162609501,0.8837390499,0.3687301768,0.8312698232,247.3016336431,0.0,0.0,0.0,0.0,0.0,0.00449405,0.0045552444,0.0063989637,0.0,0.3162609501,0.0,1,KKT conditions numerically satisfied for barrier-golden solution
baseline,1211,0.85,1836.283333,0.35,0.45,0.35,0.45,0.6,1.8,2B,1,1.16951,1.187068,8668.981913,1836.28327,deadline,0.5695100126,0.6304899874,0.587068307,0.612931693,6.34914e-05,0.0,0.0,0.0,0.0,1.4694556605,-0.2012944977,0.3110761351,0.3705237329,9.32978e-05,6.34914e-05,0.0,1,KKT conditions numerically satisfied for barrier-golden solution
baseline,1211,0.85,1836.283333,0.35,0.45,0.35,0.45,0.6,1.8,3B,1,0.916261,0.96873,8781.282326,1480.965251,none,0.3162608269,0.8837391731,0.3687300152,0.8312699848,355.3180826574,0.0,0.0,0.0,0.0,0.0,0.0036056173,0.0037095454,0.0051731231,0.0,0.3162608269,0.0,1,KKT conditions numerically satisfied for barrier-golden solution
baseline,1211,0.9,1944.3,0.35,0.45,0.35,0.45,0.6,1.8,2B,1,1.101107,1.126463,8536.507517,1944.299901,deadline,0.5011071973,0.6988928027,0.5264626697,0.6735373303,9.94181e-05,0.0,0.0,0.0,0.0,1.001228602,-0.1343674377,0.2109403683,0.2501008743,9.95402e-05,9.94181e-05,0.0,1,KKT conditions numerically satisfied for barrier-golden solution
baseline,1211,0.9,1944.3,0.35,0.45,0.35,0.45,0.6,1.8,3B,1,0.916261,0.96873,8781.282326,1480.965364,none,0.3162607639,0.8837392361,0.3687299298,0.8312700702,463.3346363325,0.0,0.0,0.0,0.0,0.0,0.0031507418,0.0032627965,0.0045357485,0.0,0.3162607639,0.0,1,KKT conditions numerically satisfied for barrier-golden solution
baseline,1211,0.95,2052.316667,0.35,0.45,0.35,0.45,0.6,1.8,2B,1,1.03957,1.072852,8449.306901,2052.316511,deadline,0.4395696119,0.7604303881,0.4728520127,0.7271479873,0.0001560903,0.0,0.0,0.0,0.0,0.6268688665,-0.1052788297,0.1681917914,0.1984240678,9.78482e-05,0.0001560903,0.0,1,KKT conditions numerically satisfied for barrier-golden solution
baseline,1211,0.95,2052.316667,0.35,0.45,0.35,0.45,0.6,1.8,3B,1,0.91626,0.96873,8781.282326,1480.965981,none,0.3162602982,0.8837397018,0.368729667,0.831270333,571.3506860869,0.0,0.0,0.0,0.0,0.0,-0.0002080107,0.0018879692,0.0018993937,0.0,0.3162602982,0.0,1,KKT conditions numerically satisfied for barrier-golden solution
baseline,1211,1.0,2160.333333,0.35,0.45,0.35,0.45,0.6,1.8,2B,1,0.983867,1.025216,8398.506631,2160.333019,deadline,0.3838673175,0.8161326825,0.4252164112,0.7747835888,0.0003139442,0.0,0.0,0.0,0.0,0.3241290018,-0.0945623004,0.1540165243,0.1807294066,0.0001017584,0.0003139442,0.0,1,KKT conditions numerically satisfied for barrier-golden solution
baseline,1211,1.0,2160.333333,0.35,0.45,0.35,0.45,0.6,1.8,3B,1,0.91626,0.96873,8781.282326,1480.966007,none,0.3162602916,0.8837397084,0.3687296331,0.8312703669,679.3673260859,0.0,0.0,0.0,0.0,0.0,-0.0002560932,0.0017104477,0.001729513,0.0,0.3162602916,0.0,1,KKT conditions numerically satisfied for barrier-golden solution
baseline,1211,1.05,2268.35,0.35,0.45,0.35,0.45,0.6,1.8,2B,1,0.93318,0.982713,8377.290059,2268.348698,deadline,0.3331796325,0.8668203675,0.3827131621,0.8172868379,0.0013016463,0.0,0.0,0.0,0.0,0.0768212492,-0.0324774246,0.054025138,0.0630356934,9.99941e-05,0.0013016463,0.0,1,KKT conditions numerically satisfied for barrier-golden solution
baseline,1211,1.05,2268.35,0.35,0.45,0.35,0.45,0.6,1.8,3B,1,0.91626,0.96873,8781.282326,1480.966003,none,0.3162603006,0.8837396994,0.3687296256,0.8312703744,787.3839972912,0.0,0.0,0.0,0.0,0.0,-0.0001908238,0.0016712392,0.0016820982,0.0,0.3162603006,0.0,1,KKT conditions numerically satisfied for barrier-golden solution
baseline,1211,1.1,2376.366667,0.35,0.45,0.35,0.45,0.6,1.8,2B,1,0.916261,0.96873,8375.833875,2306.688906,none,0.3162610591,0.8837389409,0.3687304743,0.8312695257,69.6777603757,0.0,0.0,0.0,0.0,0.0,0.0050366776,0.0058290553,0.007703636,0.0,0.3162610591,0.0,1,KKT conditions numerically satisfied for barrier-golden solution
baseline,1211,1.1,2376.366667,0.35,0.45,0.35,0.45,0.6,1.8,3B,1,0.91626,0.96873,8781.282326,1480.966,none,0.3162603081,0.8837396919,0.3687296178,0.8312703822,895.4006667542,0.0,0.0,0.0,0.0,0.0,-0.0001370911,0.0016306424,0.001636395,0.0,0.3162603081,0.0,1,KKT conditions numerically satisfied for barrier-golden solution
baseline,1211,1.15,2484.383333,0.35,0.45,0.35,0.45,0.6,1.8,2B,1,0.91626,0.96873,8375.833875,2306.690795,none,0.3162603182,0.8837396818,0.3687296652,0.8312703348,177.6925380869,0.0,0.0,0.0,0.0,0.0,-6.12155e-05,0.0017917061,0.0017927515,0.0,0.3162603182,0.0,1,KKT conditions numerically satisfied for barrier-golden solution
baseline,1211,1.15,2484.383333,0.35,0.45,0.35,0.45,0.6,1.8,3B,1,0.91626,0.96873,8781.282326,1480.966034,none,0.3162602934,0.8837397066,0.368729585,0.831270415,1003.4172994988,0.0,0.0,0.0,0.0,0.0,-0.0002428607,0.0014590744,0.0014791483,0.0,0.3162602934,0.0,1,KKT conditions numerically satisfied for barrier-golden solution
baseline,1211,1.2,2592.4,0.35,0.45,0.35,0.45,0.6,1.8,2B,1,0.916261,0.96873,8375.833875,2306.688851,none,0.3162611281,0.8837388719,0.3687304182,0.8312695818,285.711148677,0.0,0.0,0.0,0.0,0.0,0.0055115926,0.0055494095,0.0078213553,0.0,0.3162611281,0.0,1,KKT conditions numerically satisfied for barrier-golden solution
baseline,1211,1.2,2592.4,0.35,0.45,0.35,0.45,0.6,1.8,3B,1,0.91626,0.96873,8781.282326,1480.966155,none,0.3162602062,0.8837397938,0.3687295256,0.8312704744,1111.4338445879,0.0,0.0,0.0,0.0,0.0,-0.0008717899,0.0011480077,0.0014415059,0.0,0.3162602062,0.0,1,KKT conditions numerically satisfied for barrier-golden solution
baseline,1211,1.25,2700.416667,0.35,0.45,0.35,0.45,0.6,1.8,2B,1,0.916261,0.96873,8375.833875,2306.689278,none,0.3162609739,0.8837390261,0.3687302132,0.8312697868,393.7273884401,0.0,0.0,0.0,0.0,0.0,0.0044503663,0.0045264322,0.006347783,0.0,0.3162609739,0.0,1,KKT conditions numerically satisfied for barrier-golden solution
baseline,1211,1.25,2700.416667,0.35,0.45,0.35,0.45,0.6,1.8,3B,1,0.91626,0.96873,8781.282326,1480.966155,none,0.316260208,0.883739792,0.3687295239,0.8312704761,1219.4505120088,0.0,0.0,0.0,0.0,0.0,-0.0008590309,0.0011391664,0.0014267566,0.0,0.316260208,0.0,1,KKT conditions numerically satisfied for barrier-golden solution
baseline,1211,1.3,2808.433333,0.35,0.45,0.35,0.45,0.6,1.8,2B,1,0.916261,0.96873,8375.833875,2306.689516,none,0.3162608845,0.8837391155,0.3687301046,0.8312698954,501.7438170476,0.0,0.0,0.0,0.0,0.0,0.0038353796,0.0039841938,0.0055302745,0.0,0.3162608845,0.0,1,KKT conditions numerically satisfied for barrier-golden solution
baseline,1211,1.3,2808.433333,0.35,0.45,0.35,0.45,0.6,1.8,3B,1,0.91626,0.96873,8781.282326,1480.966143,none,0.3162602178,0.8837397822,0.3687295278,0.8312704722,1327.467190779,0.0,0.0,0.0,0.0,0.0,-0.00078794,0.0011598236,0.0014021556,0.0,0.3162602178,0.0,1,KKT conditions numerically satisfied for barrier-golden solution
baseline,1211,1.35,2916.45,0.35,0.45,0.35,0.45,0.6,1.8,2B,1,0.916261,0.96873,8375.833875,2306.689733,none,0.316260813,0.883739187,0.3687299889,0.8312700111,609.7602667551,0.0,0.0,0.0,0.0,0.0,0.0033431663,0.0034070002,0.004773302,0.0,0.316260813,0.0,1,KKT conditions numerically satisfied for barrier-golden solution
baseline,1211,1.35,2916.45,0.35,0.45,0.35,0.45,0.6,1.8,3B,1,0.916261,0.968731,8781.282326,1480.964592,none,0.3162610975,0.8837389025,0.368730676,0.831269324,1435.4854082405,0.0,0.0,0.0,0.0,0.0,0.0055576299,0.0071667889,0.0090691848,0.0,0.3162610975,0.0,1,KKT conditions numerically satisfied for barrier-golden solution
baseline,1211,1.4,3024.466667,0.35,0.45,0.35,0.45,0.6,1.8,2B,1,0.916261,0.96873,8375.833875,2306.689808,none,0.3162607816,0.8837392184,0.3687299605,0.8312700395,717.7768587506,0.0,0.0,0.0,0.0,0.0,0.0031270573,0.0032651416,0.0045210217,0.0,0.3162607816,0.0,1,KKT conditions numerically satisfied for barrier-golden solution
baseline,1211,1.4,3024.466667,0.35,0.45,0.35,0.45,0.6,1.8,3B,1,0.916261,0.968731,8781.282326,1480.964625,none,0.316261082,0.883738918,0.3687306452,0.8312693548,1543.5020413299,0.0,0.0,0.0,0.0,0.0,0.0054459801,0.0070054236,0.0088732552,0.0,0.316261082,0.0,1,KKT conditions numerically satisfied for barrier-golden solution
baseline,1211,1.5,3240.5,0.35,0.45,0.35,0.45,0.6,1.8,2B,1,0.916261,0.96873,8375.833875,2306.689972,none,0.316260726,0.883739274,0.3687298758,0.8312701242,933.810028378,0.0,0.0,0.0,0.0,0.0,0.0027449616,0.0028426311,0.0039516282,0.0,0.316260726,0.0,1,KKT conditions numerically satisfied for barrier-golden solution
baseline,1211,1.5,3240.5,0.35,0.45,0.35,0.45,0.6,1.8,3B,1,0.916261,0.968731,8781.282326,1480.964649,none,0.3162610666,0.8837389334,0.3687306317,0.8312693683,1759.5353513539,0.0,0.0,0.0,0.0,0.0,0.005334354,0.0069348954,0.0087491775,0.0,0.3162610666,0.0,1,KKT conditions numerically satisfied for barrier-golden solution
baseline,1212,0.7,1882.533333,0.35,0.45,0.35,0.45,0.6,1.8,2B,1,1.431428,1.425726,14106.382941,1882.533313,deadline,0.831427879,0.368572121,0.8257263857,0.3742736143,1.98898e-05,0.0,0.0,0.0,0.0,4.5814283636,-0.061315711,0.0608282329,0.0863694988,9.11236e-05,1.98898e-05,0.0,1,KKT conditions numerically satisfied for barrier-golden solution
baseline,1212,0.7,1882.533333,0.35,0.45,0.35,0.45,0.6,1.8,3B,1,0.916262,0.96873,12963.015065,1770.433317,none,0.3162616255,0.8837383745,0.3687301877,0.8312698123,112.1000160374,0.0,0.0,0.0,0.0,0.0,0.0115173465,0.0085073624,0.0143186761,0.0,0.3162616255,0.0,1,KKT conditions numerically satisfied for barrier-golden solution
baseline,1212,0.75,2017.0,0.35,0.45,0.35,0.45,0.6,1.8,2B,1,1.332321,1.334347,13574.927785,2016.999975,deadline,0.7323209365,0.4676790635,0.7343473034,0.4656526966,2.52528e-05,0.0,0.0,0.0,0.0,3.3785785115,0.0902902607,-0.0905651199,0.1278842137,8.53187e-05,2.52528e-05,0.0,1,KKT conditions numerically satisfied for barrier-golden solution
baseline,1212,0.75,2017.0,0.35,0.45,0.35,0.45,0.6,1.8,3B,1,0.916261,0.96873,12963.015065,1770.434233,none,0.316261059,0.883738941,0.3687297899,0.8312702101,246.5657668115,0.0,0.0,0.0,0.0,0.0,0.0064927244,0.0046682955,0.0079967777,0.0,0.316261059,0.0,1,KKT conditions numerically satisfied for barrier-golden solution
baseline,1212,0.8,2151.466667,0.35,0.45,0.35,0.45,0.6,1.8,2B,1,1.245131,1.254907,13185.159579,2151.466625,deadline,0.6451311567,0.5548688433,0.654907119,0.545092881,4.17667e-05,0.0,0.0,0.0,0.0,2.4583157616,0.1991623079,-0.2023019715,0.2838867953,0.0001026757,4.17667e-05,0.0,1,KKT conditions numerically satisfied for barrier-golden solution
baseline,1212,0.8,2151.466667,0.35,0.45,0.35,0.45,0.6,1.8,3B,1,0.916261,0.968729,12963.015064,1770.435142,none,0.3162605213,0.8837394787,0.3687293683,0.8312706317,381.0315249591,0.0,0.0,0.0,0.0,0.0,0.0017226585,0.0005997676,0.0018240815,0.0,0.3162605213,0.0,1,KKT conditions numerically satisfied for barrier-golden solution
baseline,1212,0.85,2285.933333,0.35,0.45,0.35,0.45,0.6,1.8,2B,1,1.167742,1.185331,12904.67493,2285.933272,deadline,0.567741859,0.632258141,0.5853308572,0.6146691428,6.17676e-05,0.0,0.0,0.0,0.0,1.7424838341,0.3321061543,-0.3421861345,0.4768499223,0.000107629,6.17676e-05,0.0,1,KKT conditions numerically satisfied for barrier-golden solution
baseline,1212,0.85,2285.933333,0.35,0.45,0.35,0.45,0.6,1.8,3B,1,0.916261,0.968729,12963.015064,1770.435151,none,0.3162605102,0.8837394898,0.3687293705,0.8312706295,515.4981825701,0.0,0.0,0.0,0.0,0.0,0.0016242167,0.0006211079,0.0017389235,0.0,0.3162605102,0.0,1,KKT conditions numerically satisfied for barrier-golden solution
baseline,1212,0.9,2420.4,0.35,0.45,0.35,0.45,0.6,1.8,2B,1,1.098466,1.124051,12709.804936,2420.39992,deadline,0.4984656646,0.7015343354,0.5240511703,0.6759488297,8.01111e-05,0.0,0.0,0.0,0.0,1.177531889,0.1513919715,-0.1585265602,0.2192035568,9.43334e-05,8.01111e-05,0.0,1,KKT conditions numerically satisfied for barrier-golden solution
baseline,1212,0.9,2420.4,0.35,0.45,0.35,0.45,0.6,1.8,3B,1,0.91626,0.968729,12963.015064,1770.435333,none,0.3162603988,0.8837396012,0.3687292899,0.8312707101,649.9646670026,0.0,0.0,0.0,0.0,0.0,0.0006359053,-0.0001566505,0.000654916,0.0,0.3162603988,0.0,1,KKT conditions numerically satisfied for barrier-golden solution
baseline,1212,0.95,2554.866667,0.35,0.45,0.35,0.45,0.6,1.8,2B,1,1.036045,1.069758,12582.93225,2554.86653,deadline,0.4360452627,0.7639547373,0.4697577211,0.7302422789,0.0001366523,0.0,0.0,0.0,0.0,0.7258952313,0.0330734541,-0.0352608644,0.0483444094,9.91952e-05,0.0001366523,0.0,1,KKT conditions numerically satisfied for barrier-golden solution
baseline,1212,0.95,2554.866667,0.35,0.45,0.35,0.45,0.6,1.8,3B,1,0.916262,0.96873,12963.015065,1770.43357,none,0.3162615129,0.8837384871,0.3687300294,0.8312699706,784.4330969597,0.0,0.0,0.0,0.0,0.0,0.0105186864,0.0069798541,0.0126238317,0.0,0.3162615129,0.0,1,KKT conditions numerically satisfied for barrier-golden solution
baseline,1212,1.0,2689.333333,0.35,0.45,0.35,0.45,0.6,1.8,2B,1,0.979452,1.021429,12510.722321,2689.333054,deadline,0.3794522234,0.8205477766,0.4214286048,0.7785713952,0.0002793982,0.0,0.0,0.0,0.0,0.3607217774,0.0490584519,-0.0533535545,0.0724798833,0.000100785,0.0002793982,0.0,1,KKT conditions numerically satisfied for barrier-golden solution
baseline,1212,1.0,2689.333333,0.35,0.45,0.35,0.45,0.6,1.8,3B,1,0.916261,0.96873,12963.015065,1770.433669,none,0.3162614509,0.8837385491,0.3687299867,0.8312700133,918.8996641096,0.0,0.0,0.0,0.0,0.0,0.0099685396,0.0065678187,0.0119376725,0.0,0.3162614509,0.0,1,KKT conditions numerically satisfied for barrier-golden solution
baseline,1212,1.05,2823.8,0.35,0.45,0.35,0.45,0.6,1.8,2B,1,0.927832,0.978266,12482.929803,2823.798407,deadline,0.3278316978,0.8721683022,0.3782657317,0.8217342683,0.0015932155,0.0,0.0,0.0,0.0,0.0624732767,0.024429702,-0.0271577283,0.0365287907,9.95334e-05,0.0015932155,0.0,1,KKT conditions numerically satisfied for barrier-golden solution
baseline,1212,1.05,2823.8,0.35,0.45,0.35,0.45,0.6,1.8,3B,1,0.916261,0.96873,12963.015065,1770.433753,none,0.3162613983,0.8837386017,0.3687299509,0.8312700491,1053.3662467695,0.0,0.0,0.0,0.0,0.0,0.0095026711,0.0062217806,0.0113583147,0.0,0.3162613983,0.0,1,KKT conditions numerically satisfied for barrier-golden solution
baseline,1212,1.1,2958.266667,0.35,0.45,0.35,0.45,0.6,1.8,2B,1,0.916261,0.96873,12481.94295,2855.63059,none,0.316260993,0.883739007,0.3687297498,0.8312702502,102.6360769978,0.0,0.0,0.0,0.0,0.0,0.0056879855,0.0041225318,0.007024845,0.0,0.316260993,0.0,1,KKT conditions numerically satisfied for barrier-golden solution
baseline,1212,1.1,2958.266667,0.35,0.45,0.35,0.45,0.6,1.8,3B,1,0.916261,0.96873,12963.015065,1770.433802,none,0.3162613677,0.8837386323,0.3687299297,0.8312700703,1187.832864203,0.0,0.0,0.0,0.0,0.0,0.0092308047,0.0060175677,0.0110190234,0.0,0.3162613677,0.0,1,KKT conditions numerically satisfied for barrier-golden solution
baseline,1212,1.15,3092.733333,0.35,0.45,0.35,0.45,0.6,1.8,2B,1,0.916261,0.96873,12481.94295,2855.629501,none,0.3162614146,0.8837385854,0.3687300385,0.8312699615,237.1038325423,0.0,0.0,0.0,0.0,0.0,0.0092889448,0.0068047975,0.0115147629,0.0,0.3162614146,0.0,1,KKT conditions numerically satisfied for barrier-golden solution
baseline,1212,1.15,3092.733333,0.35,0.45,0.35,0.45,0.6,1.8,3B,1,0.916261,0.96873,12963.015065,1770.433859,none,0.3162613322,0.8837386678,0.368729906,0.831270094,1322.2994745617,0.0,0.0,0.0,0.0,0.0,0.0089157313,0.005789045,0.0106303014,0.0,0.3162613322,0.0,1,KKT conditions numerically satisfied for barrier-golden solution
baseline,1212,1.2,3227.2,0.35,0.45,0.35,0.45,0.6,1.8,2B,1,0.916261,0.96873,12481.94295,2855.630312,none,0.3162611034,0.8837388966,0.3687298205,0.8312701795,371.569688437,0.0,0.0,0.0,0.0,0.0,0.0066309083,0.0047793656,0.0081738167,0.0,0.3162611034,0.0,1,KKT conditions numerically satisfied for barrier-golden solution
baseline,1212,1.2,3227.2,0.35,0.45,0.35,0.45,0.6,1.8,3B,1,0.916261,0.96873,12963.015065,1770.433905,none,0.3162613035,0.8837386965,0.368729886,0.831270114,1456.7660949797,0.0,0.0,0.0,0.0,0.0,0.0086613083,0.0055960408,0.0103118347,0.0,0.3162613035,0.0,1,KKT conditions numerically satisfied for barrier-golden solution
baseline,1212,1.25,3361.666667,0.35,0.45,0.35,0.45,0.6,1.8,2B,1,0.916261,0.96873,12481.94295,2855.630668,none,0.3162609666,0.8837390334,0.368729725,0.831270275,506.035999084,0.0,0.0,0.0,0.0,0.0,0.005462134,0.0038919187,0.0067068576,0.0,0.3162609666,0.0,1,KKT conditions numerically satisfied for barrier-golden solution
baseline,1212,1.25,3361.666667,0.35,0.45,0.35,0.45,0.6,1.8,3B,1,0.916261,0.96873,12963.015065,1770.433941,none,0.3162612807,0.8837387193,0.368729871,0.831270129,1591.2327255985,0.0,0.0,0.0,0.0,0.0,0.0084587798,0.0054507404,0.0100628786,0.0,0.3162612807,0.0,1,KKT conditions numerically satisfied for barrier-golden solution
baseline,1212,1.3,3496.133333,0.35,0.45,0.35,0.45,0.6,1.8,2B,1,0.916261,0.968729,12481.94295,2855.631886,none,0.3162605239,0.8837394761,0.3687293692,0.8312706308,640.5014470596,0.0,0.0,0.0,0.0,0.0,0.0016815646,0.0005862413,0.0017808252,0.0,0.3162605239,0.0,1,KKT conditions numerically satisfied for barrier-golden solution
baseline,1212,1.3,3496.133333,0.35,0.45,0.35,0.45,0.6,1.8,3B,1,0.916261,0.96873,12963.015065,1770.433951,none,0.3162612747,0.8837387253,0.3687298661,0.8312701339,1725.6993820094,0.0,0.0,0.0,0.0,0.0,0.0084056658,0.0054039226,0.0099928774,0.0,0.3162612747,0.0,1,KKT conditions numerically satisfied for barrier-golden solution
baseline,1212,1.35,3630.6,0.35,0.45,0.35,0.45,0.6,1.8,2B,1,0.916261,0.968729,12481.94295,2855.631883,none,0.3162605222,0.8837394778,0.3687293732,0.8312706268,774.9681166676,0.0,0.0,0.0,0.0,0.0,0.0016668085,0.0006232602,0.0017795235,0.0,0.3162605222,0.0,1,KKT conditions numerically satisfied for barrier-golden solution
baseline,1212,1.35,3630.6,0.35,0.45,0.35,0.45,0.6,1.8,3B,1,0.916261,0.96873,12963.015065,1770.433983,none,0.3162612549,0.8837387451,0.3687298529,0.8312701471,1860.1660173322,0.0,0.0,0.0,0.0,0.0,0.0082302962,0.0052766956,0.0097765686,0.0,0.3162612549,0.0,1,KKT conditions numerically satisfied for barrier-golden solution
baseline,1212,1.4,3765.066667,0.35,0.45,0.35,0.45,0.6,1.8,2B,1,0.916261,0.968729,12481.94295,2855.631921,none,0.3162605048,0.8837394952,0.3687293667,0.8312706333,909.4347461031,0.0,0.0,0.0,0.0,0.0,0.0015182125,0.0005625228,0.0016190742,0.0,0.3162605048,0.0,1,KKT conditions numerically satisfied for barrier-golden solution
baseline,1212,1.4,3765.066667,0.35,0.45,0.35,0.45,0.6,1.8,3B,1,0.916261,0.96873,12963.015065,1770.434015,none,0.3162612347,0.8837387653,0.3687298395,0.8312701605,1994.6326519856,0.0,0.0,0.0,0.0,0.0,0.0080509341,0.0051470513,0.0095556097,0.0,0.3162612347,0.0,1,KKT conditions numerically satisfied for barrier-golden solution
baseline,1212,1.5,4034.0,0.35,0.45,0.35,0.45,0.6,1.8,2B,1,0.91626,0.968729,12481.94295,2855.632187,none,0.3162604036,0.8837395964,0.3687292941,0.8312707059,1178.3678132021,0.0,0.0,0.0,0.0,0.0,0.0006534349,-0.0001123552,0.000663024,0.0,0.3162604036,0.0,1,KKT conditions numerically satisfied for barrier-golden solution
baseline,1212,1.5,4034.0,0.35,0.45,0.35,0.45,0.6,1.8,3B,1,0.916261,0.96873,12963.015065,1770.434036,none,0.3162612214,0.8837387786,0.36872983,0.83127017,2263.5659636513,0.0,0.0,0.0,0.0,0.0,0.0079332055,0.005054842,0.0094067623,0.0,0.3162612214,0.0,1,KKT conditions numerically satisfied for barrier-golden solution
baseline,1221,0.7,1959.766667,0.35,0.45,0.35,0.45,0.6,1.8,2B,1,1.431438,1.425716,12556.499357,1959.766643,deadline,0.8314381035,0.3685618965,0.8257162464,0.3742837536,2.33153e-05,0.0,0.0,0.0,0.0,3.917342733,0.0265302037,-0.0263185303,0.037369998,9.13341e-05,2.33153e-05,0.0,1,KKT conditions numerically satisfied for barrier-golden solution
baseline,1221,0.7,1959.766667,0.35,0.45,0.35,0.45,0.6,1.8,3B,1,0.916264,0.968732,11579.974294,1955.896032,none,0.3162641421,0.8837358579,0.3687319701,0.8312680299,3.8706347259,0.0,0.0,0.0,0.0,0.0,0.0302303372,0.0229652901,0.0379641651,0.0,0.3162641421,0.0,1,KKT conditions numerically satisfied for barrier-golden solution
baseline,1221,0.75,2099.75,0.35,0.45,0.35,0.45,0.6,1.8,2B,1,1.332329,1.334339,12083.435769,2099.749967,deadline,0.7323290856,0.4676709144,0.7343391387,0.4656608613,3.34674e-05,0.0,0.0,0.0,0.0,2.8888481816,0.1450216333,-0.1454595448,0.2054014443,9.66824e-05,3.34674e-05,0.0,1,KKT conditions numerically satisfied for barrier-golden solution
baseline,1221,0.75,2099.75,0.35,0.45,0.35,0.45,0.6,1.8,3B,1,0.916262,0.96873,11579.974294,1955.900578,none,0.316261607,0.883738393,0.3687301722,0.8312698278,143.8494224164,0.0,0.0,0.0,0.0,0.0,0.0101421946,0.0074656288,0.0125936382,0.0,0.316261607,0.0,1,KKT conditions numerically satisfied for barrier-golden solution
baseline,1221,0.8,2239.733333,0.35,0.45,0.35,0.45,0.6,1.8,2B,1,1.24514,1.254898,11736.491802,2239.733288,deadline,0.645140075,0.554859925,0.6548980618,0.5451019382,4.48364e-05,0.0,0.0,0.0,0.0,2.101978117,0.2481077157,-0.2520117238,0.3536486216,9.42452e-05,4.48364e-05,0.0,1,KKT conditions numerically satisfied for barrier-golden solution
baseline,1221,0.8,2239.733333,0.35,0.45,0.35,0.45,0.6,1.8,3B,1,0.916261,0.96873,11579.974294,1955.901431,none,0.3162611302,0.8837388698,0.3687298356,0.8312701644,283.831902407,0.0,0.0,0.0,0.0,0.0,0.0063643718,0.0045640898,0.0078317395,0.0,0.3162611302,0.0,1,KKT conditions numerically satisfied for barrier-golden solution
baseline,1221,0.85,2379.716667,0.35,0.45,0.35,0.45,0.6,1.8,2B,1,1.167729,1.185345,11486.824293,2379.716602,deadline,0.5677285296,0.6322714704,0.5853445916,0.6146554084,6.44618e-05,0.0,0.0,0.0,0.0,1.4899142749,0.1896818219,-0.1954479752,0.272358412,9.60425e-05,6.44618e-05,0.0,1,KKT conditions numerically satisfied for barrier-golden solution
baseline,1221,0.85,2379.716667,0.35,0.45,0.35,0.45,0.6,1.8,3B,1,0.916261,0.96873,11579.974294,1955.901766,none,0.3162609417,0.8837390583,0.3687297048,0.8312702952,423.8149005462,0.0,0.0,0.0,0.0,0.0,0.0048703258,0.0034366591,0.0059607633,0.0,0.3162609417,0.0,1,KKT conditions numerically satisfied for barrier-golden solution
baseline,1221,0.9,2519.7,0.35,0.45,0.35,0.45,0.6,1.8,2B,1,1.098469,1.124048,11313.364893,2519.699907,deadline,0.4984688113,0.7015311887,0.5240478839,0.6759521161,9.29247e-05,0.0,0.0,0.0,0.0,1.0068470412,0.1597479703,-0.1672744123,0.2313009793,9.35609e-05,9.29247e-05,0.0,1,KKT conditions numerically satisfied for barrier-golden solution
baseline,1221,0.9,2519.7,0.35,0.45,0.35,0.45,0.6,1.8,3B,1,0.916261,0.968729,11579.974294,1955.902536,none,0.3162605327,0.8837394673,0.3687293776,0.8312706224,563.7974641269,0.0,0.0,0.0,0.0,0.0,0.0016295683,0.0006162536,0.0017422001,0.0,0.3162605327,0.0,1,KKT conditions numerically satisfied for barrier-golden solution
baseline,1221,0.95,2659.683333,0.35,0.45,0.35,0.45,0.6,1.8,2B,1,1.036047,1.069756,11200.431847,2659.683173,deadline,0.43604719,0.76395281,0.4697556808,0.7302443192,0.0001599115,0.0,0.0,0.0,0.0,0.6206758175,0.0447180829,-0.0476752858,0.0653654329,9.92532e-05,0.0001599115,0.0,1,KKT conditions numerically satisfied for barrier-golden solution
baseline,1221,0.95,2659.683333,0.35,0.45,0.35,0.45,0.6,1.8,3B,1,0.916261,0.968729,11579.974294,1955.902587,none,0.3162605002,0.8837394998,0.3687293615,0.8312706385,703.7807460307,0.0,0.0,0.0,0.0,0.0,0.0013721461,0.0004775475,0.0014528718,0.0,0.3162605002,0.0,1,KKT conditions numerically satisfied for barrier-golden solution
baseline,1221,1.0,2799.666667,0.35,0.45,0.35,0.45,0.6,1.8,2B,1,0.979453,1.021428,11136.155703,2799.666337,deadline,0.3794530185,0.8205469815,0.4214277687,0.7785722313,0.0003292085,0.0,0.0,0.0,0.0,0.3084348303,0.0498836533,-0.0542508261,0.0736989213,0.0001015394,0.0003292085,0.0,1,KKT conditions numerically satisfied for barrier-golden solution
baseline,1221,1.0,2799.666667,0.35,0.45,0.35,0.45,0.6,1.8,3B,1,0.91626,0.968729,11579.974294,1955.902762,none,0.3162604042,0.8837395958,0.3687292909,0.8312707091,843.7639046366,0.0,0.0,0.0,0.0,0.0,0.0006109186,-0.0001315263,0.0006249166,0.0,0.3162604042,0.0,1,KKT conditions numerically satisfied for barrier-golden solution
baseline,1221,1.05,2939.65,0.35,0.45,0.35,0.45,0.6,1.8,2B,1,0.927832,0.978266,11111.416778,2939.64813,deadline,0.3278316256,0.8721683744,0.3782659566,0.8217340434,0.0018702825,0.0,0.0,0.0,0.0,0.0534181215,0.0205755217,-0.0228731718,0.030765794,9.9907e-05,0.0018702825,0.0,1,KKT conditions numerically satisfied for barrier-golden solution
baseline,1221,1.05,2939.65,0.35,0.45,0.35,0.45,0.6,1.8,3B,1,0.91626,0.968729,11579.974294,1955.902748,none,0.3162604103,0.8837395897,0.3687292982,0.8312707018,983.7472518004,0.0,0.0,0.0,0.0,0.0,0.0006591932,-6.87464e-05,0.0006627682,0.0,0.3162604103,0.0,1,KKT conditions numerically satisfied for barrier-golden solution
baseline,1221,1.1,3079.633333,0.35,0.45,0.35,0.45,0.6,1.8,2B,1,0.916261,0.96873,11110.538341,2972.786246,none,0.3162610811,0.8837389189,0.3687298087,0.8312701913,106.8470877641,0.0,0.0,0.0,0.0,0.0,0.0057328076,0.0041563691,0.0070809948,0.0,0.3162610811,0.0,1,KKT conditions numerically satisfied for barrier-golden solution
baseline,1221,1.1,3079.633333,0.35,0.45,0.35,0.45,0.6,1.8,3B,1,0.916262,0.96873,11579.974294,1955.90078,none,0.3162615425,0.8837384575,0.3687300385,0.8312699615,1123.7325537963,0.0,0.0,0.0,0.0,0.0,0.0096313012,0.0063129793,0.0115158877,0.0,0.3162615425,0.0,1,KKT conditions numerically satisfied for barrier-golden solution
baseline,1221,1.15,3219.616667,0.35,0.45,0.35,0.45,0.6,1.8,2B,1,0.916262,0.96873,11110.538341,2972.784988,none,0.3162615491,0.8837384509,0.3687301289,0.8312698711,246.831679107,0.0,0.0,0.0,0.0,0.0,0.0092906407,0.0068053652,0.0115164665,0.0,0.3162615491,0.0,1,KKT conditions numerically satisfied for barrier-golden solution
baseline,1221,1.15,3219.616667,0.35,0.45,0.35,0.45,0.6,1.8,3B,1,0.916262,0.96873,11579.974294,1955.900847,none,0.3162615042,0.8837384958,0.3687300124,0.8312699876,1263.7158195657,0.0,0.0,0.0,0.0,0.0,0.0093279329,0.0060884249,0.0111390866,0.0,0.3162615042,0.0,1,KKT conditions numerically satisfied for barrier-golden solution
baseline,1221,1.2,3359.6,0.35,0.45,0.35,0.45,0.6,1.8,2B,1,0.916261,0.96873,11110.538341,2972.785919,none,0.3162612048,0.8837387952,0.3687298894,0.8312701106,386.8140810155,0.0,0.0,0.0,0.0,0.0,0.0066729669,0.0048239576,0.0082340181,0.0,0.3162612048,0.0,1,KKT conditions numerically satisfied for barrier-golden solution
baseline,1221,1.2,3359.6,0.35,0.45,0.35,0.45,0.6,1.8,3B,1,0.916261,0.96873,11579.974294,1955.900941,none,0.3162614508,0.8837385492,0.3687299767,0.8312700233,1403.6990591849,0.0,0.0,0.0,0.0,0.0,0.0089043101,0.005780409,0.0106160194,0.0,0.3162614508,0.0,1,KKT conditions numerically satisfied for barrier-golden solution
baseline,1221,1.25,3499.583333,0.35,0.45,0.35,0.45,0.6,1.8,2B,1,0.916261,0.96873,11110.538341,2972.786316,none,0.3162610595,0.8837389405,0.3687297854,0.8312702146,526.7970169911,0.0,0.0,0.0,0.0,0.0,0.0055683031,0.0039639868,0.0068351438,0.0,0.3162610595,0.0,1,KKT conditions numerically satisfied for barrier-golden solution
baseline,1221,1.25,3499.583333,0.35,0.45,0.35,0.45,0.6,1.8,3B,1,0.916261,0.96873,11579.974294,1955.900986,none,0.3162614252,0.8837385748,0.3687299594,0.8312700406,1543.6823474586,0.0,0.0,0.0,0.0,0.0,0.0087014406,0.0056313151,0.010364689,0.0,0.3162614252,0.0,1,KKT conditions numerically satisfied for barrier-golden solution
baseline,1221,1.3,3639.566667,0.35,0.45,0.35,0.45,0.6,1.8,2B,1,0.916261,0.96873,11110.538341,2972.78658,none,0.316260962,0.883739038,0.3687297179,0.8312702821,666.7800870821,0.0,0.0,0.0,0.0,0.0,0.0048271352,0.00340564,0.0059075899,0.0,0.316260962,0.0,1,KKT conditions numerically satisfied for barrier-golden solution
baseline,1221,1.3,3639.566667,0.35,0.45,0.35,0.45,0.6,1.8,3B,1,0.916261,0.96873,11579.974294,1955.901042,none,0.3162613926,0.8837386074,0.3687299382,0.8312700618,1683.6656242483,0.0,0.0,0.0,0.0,0.0,0.0084430426,0.005448874,0.0100486415,0.0,0.3162613926,0.0,1,KKT conditions numerically satisfied for barrier-golden solution
baseline,1221,1.35,3779.55,0.35,0.45,0.35,0.45,0.6,1.8,2B,1,0.916261,0.968729,11110.538341,2972.787829,none,0.3162605255,0.8837394745,0.3687293683,0.8312706317,806.7621710247,0.0,0.0,0.0,0.0,0.0,0.0015082974,0.0005137984,0.0015934083,0.0,0.3162605255,0.0,1,KKT conditions numerically satisfied for barrier-golden solution
baseline,1221,1.35,3779.55,0.35,0.45,0.35,0.45,0.6,1.8,3B,1,0.916261,0.96873,11579.974294,1955.90104,none,0.3162613944,0.8837386056,0.3687299383,0.8312700617,1823.6489597592,0.0,0.0,0.0,0.0,0.0,0.0084578853,0.0054499524,0.0100616999,0.0,0.3162613944,0.0,1,KKT conditions numerically satisfied for barrier-golden solution
baseline,1221,1.4,3919.533333,0.35,0.45,0.35,0.45,0.6,1.8,2B,1,0.916261,0.968729,11110.538341,2972.787837,none,0.3162605194,0.8837394806,0.3687293697,0.8312706303,946.7454963878,0.0,0.0,0.0,0.0,0.0,0.0014622723,0.000525574,0.0015538559,0.0,0.3162605194,0.0,1,KKT conditions numerically satisfied for barrier-golden solution
baseline,1221,1.4,3919.533333,0.35,0.45,0.35,0.45,0.6,1.8,3B,1,0.916261,0.96873,11579.974294,1955.901074,none,0.3162613752,0.8837386248,0.3687299252,0.8312700748,1963.6322590851,0.0,0.0,0.0,0.0,0.0,0.0083054777,0.0053365742,0.0098721824,0.0,0.3162613752,0.0,1,KKT conditions numerically satisfied for barrier-golden solution
baseline,1221,1.5,4199.5,0.35,0.45,0.35,0.45,0.6,1.8,2B,1,0.916261,0.968729,11110.538341,2972.787852,none,0.3162605111,0.8837394889,0.3687293691,0.8312706309,1226.7121483858,0.0,0.0,0.0,0.0,0.0,0.0013994796,0.0005205975,0.0014931728,0.0,0.3162605111,0.0,1,KKT conditions numerically satisfied for barrier-golden solution
baseline,1221,1.5,4199.5,0.35,0.45,0.35,0.45,0.6,1.8,3B,1,0.916261,0.96873,11579.974294,1955.901118,none,0.3162613506,0.8837386494,0.3687299077,0.8312700923,2243.598881536,0.0,0.0,0.0,0.0,0.0,0.0081100991,0.0051857838,0.0096263213,0.0,0.3162613506,0.0,1,KKT conditions numerically satisfied for barrier-golden solution
baseline,1222,0.7,2310.466667,0.35,0.45,0.35,0.45,0.6,1.8,2B,1,1.431868,1.426109,16914.129661,2310.466642,deadline,0.8318681521,0.3681318479,0.8261088578,0.3738911422,2.47551e-05,0.0,0.0,0.0,0.0,4.4838831211,0.0749590063,-0.0557679114,0.0934286496,0.0001109988,2.47551e-05,0.0,1,KKT conditions numerically satisfied for barrier-golden solution
baseline,1222,0.7,2310.466667,0.35,0.45,0.35,0.45,0.6,1.8,3B,1,0.964122,1.008478,15515.145651,2310.46641,deadline,0.3641215969,0.8358784031,0.4084776256,0.7915223744,0.0002565449,0.0,0.0,0.0,0.0,0.3923464261,0.2814609606,-0.230966153,0.3640956415,0.0001006545,0.0002565449,0.0,1,KKT conditions numerically satisfied for barrier-golden solution
baseline,1222,0.75,2475.5,0.35,0.45,0.35,0.45,0.6,1.8,2B,1,1.332198,1.334186,16276.241362,2475.499972,deadline,0.7321982499,0.4678017501,0.7341859423,0.4658140577,2.77465e-05,0.0,0.0,0.0,0.0,3.3008984829,0.4184804324,-0.314797607,0.5236634469,9.15884e-05,2.77465e-05,0.0,1,KKT conditions numerically satisfied for barrier-golden solution
baseline,1222,0.75,2475.5,0.35,0.45,0.35,0.45,0.6,1.8,3B,1,0.916261,0.96873,15494.945866,2416.646827,none,0.3162612214,0.8837387786,0.3687296529,0.8312703471,58.8531729297,0.0,0.0,0.0,0.0,0.0,0.0081254536,0.0045696646,0.0093222761,0.0,0.3162612214,0.0,1,KKT conditions numerically satisfied for barrier-golden solution
baseline,1222,0.8,2640.533333,0.35,0.45,0.35,0.45,0.6,1.8,2B,1,1.244422,1.254216,15809.36921,2640.533288,deadline,0.644422495,0.555577505,0.6542160873,0.5457839127,4.5017e-05,0.0,0.0,0.0,0.0,2.3958585445,0.5693635733,-0.4337704566,0.715773489,0.0001078543,4.5017e-05,0.0,1,KKT conditions numerically satisfied for barrier-golden solution
baseline,1222,0.8,2640.533333,0.35,0.45,0.35,0.45,0.6,1.8,3B,1,0.916261,0.96873,15494.945866,2416.646733,none,0.3162612152,0.8837387848,0.3687297259,0.8312702741,223.8866005666,0.0,0.0,0.0,0.0,0.0,0.0080691199,0.005531439,0.0097830218,0.0,0.3162612152,0.0,1,KKT conditions numerically satisfied for barrier-golden solution
baseline,1222,0.85,2805.566667,0.35,0.45,0.35,0.45,0.6,1.8,2B,1,1.166364,1.184166,15474.402556,2805.566603,deadline,0.5663644003,0.6336355997,0.5841659598,0.6158340402,6.34187e-05,0.0,0.0,0.0,0.0,1.6919620918,0.0485756504,-0.0375522983,0.0613984439,0.000107302,6.34187e-05,0.0,1,KKT conditions numerically satisfied for barrier-golden solution
baseline,1222,0.85,2805.566667,0.35,0.45,0.35,0.45,0.6,1.8,3B,1,0.916261,0.968729,15494.945866,2416.648136,none,0.316260606,0.883739394,0.3687292278,0.8312707722,388.9185303388,0.0,0.0,0.0,0.0,0.0,0.0025344023,-0.0010328245,0.0027367721,0.0,0.316260606,0.0,1,KKT conditions numerically satisfied for barrier-golden solution
baseline,1222,0.9,2970.6,0.35,0.45,0.35,0.45,0.6,1.8,2B,1,1.096598,1.122251,15242.772913,2970.599907,deadline,0.4965978716,0.7034021284,0.5222507351,0.6777492649,9.33462e-05,0.0,0.0,0.0,0.0,1.1362138332,1.2006114208,-0.9430804315,1.5267182071,0.0001060612,9.33462e-05,0.0,1,KKT conditions numerically satisfied for barrier-golden solution
baseline,1222,0.9,2970.6,0.35,0.45,0.35,0.45,0.6,1.8,3B,1,0.91626,0.968729,15494.945866,2416.648345,none,0.316260491,0.883739509,0.3687291743,0.8312708257,553.9516551699,0.0,0.0,0.0,0.0,0.0,0.001489832,-0.0017375356,0.0022888052,0.0,0.316260491,0.0,1,KKT conditions numerically satisfied for barrier-golden solution
baseline,1222,0.95,3135.633333,0.35,0.45,0.35,0.45,0.6,1.8,2B,1,1.033479,1.067469,15093.21471,3135.633197,deadline,0.4334785211,0.7665214789,0.4674689017,0.7325310983,0.0001366335,0.0,0.0,0.0,0.0,0.6921509578,0.5216368866,-0.4173852628,0.6680684838,9.4571e-05,0.0001366335,0.0,1,KKT conditions numerically satisfied for barrier-golden solution
baseline,1222,0.95,3135.633333,0.35,0.45,0.35,0.45,0.6,1.8,3B,1,0.916262,0.96873,15494.945866,2416.645976,none,0.3162618648,0.8837381352,0.3687297254,0.8312702746,718.9873576788,0.0,0.0,0.0,0.0,0.0,0.0139710823,0.005525769,0.015024156,0.0,0.3162618648,0.0,1,KKT conditions numerically satisfied for barrier-golden solution
baseline,1222,1.0,3300.666667,0.35,0.45,0.35,0.45,0.6,1.8,2B,1,0.976172,1.018649,15009.631748,3300.666369,deadline,0.3761716377,0.8238283623,0.418649089,0.781350911,0.0002980597,0.0,0.0,0.0,0.0,0.3330935456,0.1198657198,-0.097893328,0.1547607652,9.92818e-05,0.0002980597,0.0,1,KKT conditions numerically satisfied for barrier-golden solution
baseline,1222,1.0,3300.666667,0.35,0.45,0.35,0.45,0.6,1.8,3B,1,0.916262,0.96873,15494.945866,2416.64616,none,0.3162617549,0.8837382451,0.368729685,0.831270315,884.0205065463,0.0,0.0,0.0,0.0,0.0,0.0129725753,0.0049927207,0.0139001788,0.0,0.3162617549,0.0,1,KKT conditions numerically satisfied for barrier-golden solution
baseline,1222,1.05,3465.7,0.35,0.45,0.35,0.45,0.6,1.8,2B,1,0.923845,0.974969,14979.655298,3465.697493,deadline,0.3238449096,0.8761550904,0.3749685626,0.8250314374,0.002507102,0.0,0.0,0.0,0.0,0.0398311909,0.0567562414,-0.0474086922,0.0739517074,9.98609e-05,0.002507102,0.0,1,KKT conditions numerically satisfied for barrier-golden solution
baseline,1222,1.05,3465.7,0.35,0.45,0.35,0.45,0.6,1.8,3B,1,0.916262,0.96873,15494.945866,2416.64628,none,0.316261686,0.883738314,0.3687296566,0.8312703434,1049.0537200371,0.0,0.0,0.0,0.0,0.0,0.0123465912,0.0046187853,0.0131822415,0.0,0.316261686,0.0,1,KKT conditions numerically satisfied for barrier-golden solution
baseline,1222,1.1,3630.733333,0.35,0.45,0.35,0.45,0.6,1.8,2B,1,0.916261,0.968729,14979.157115,3490.831291,none,0.3162607119,0.8837392881,0.3687292366,0.8312707634,139.9020420923,0.0,0.0,0.0,0.0,0.0,0.0033804562,-0.0008866018,0.0034947885,0.0,0.3162607119,0.0,1,KKT conditions numerically satisfied for barrier-golden solution
baseline,1222,1.1,3630.733333,0.35,0.45,0.35,0.45,0.6,1.8,3B,1,0.916262,0.96873,15494.945866,2416.646441,none,0.3162615999,0.8837384001,0.368729613,0.831270387,1214.0868922138,0.0,0.0,0.0,0.0,0.0,0.0115642099,0.0040437016,0.0122508152,0.0,0.3162615999,0.0,1,KKT conditions numerically satisfied for barrier-golden solution
baseline,1222,1.15,3795.766667,0.35,0.45,0.35,0.45,0.6,1.8,2B,1,0.916261,0.96873,14979.157115,3490.829279,none,0.3162612795,0.8837387205,0.3687297618,0.8312702382,304.9373873096,0.0,0.0,0.0,0.0,0.0,0.0083655793,0.0058048788,0.0101823149,0.0,0.3162612795,0.0,1,KKT conditions numerically satisfied for barrier-golden solution
baseline,1222,1.15,3795.766667,0.35,0.45,0.35,0.45,0.6,1.8,3B,1,0.916262,0.96873,15494.945866,2416.646496,none,0.3162615634,0.8837384366,0.368729604,0.831270396,1379.1201705671,0.0,0.0,0.0,0.0,0.0,0.0112327629,0.0039259813,0.0118990878,0.0,0.3162615634,0.0,1,KKT conditions numerically satisfied for barrier-golden solution
baseline,1222,1.2,3960.8,0.35,0.45,0.35,0.45,0.6,1.8,2B,1,0.916261,0.968729,14979.157115,3490.831366,none,0.3162606865,0.8837393135,0.3687292205,0.8312707795,469.9686336897,0.0,0.0,0.0,0.0,0.0,0.0031570278,-0.0010907762,0.0033401523,0.0,0.3162606865,0.0,1,KKT conditions numerically satisfied for barrier-golden solution
baseline,1222,1.2,3960.8,0.35,0.45,0.35,0.45,0.6,1.8,3B,1,0.916262,0.96873,15494.945866,2416.646579,none,0.3162615202,0.8837384798,0.3687295807,0.8312704193,1544.153421049,0.0,0.0,0.0,0.0,0.0,0.0108401022,0.003618696,0.0114281571,0.0,0.3162615202,0.0,1,KKT conditions numerically satisfied for barrier-golden solution
baseline,1222,1.25,4125.833333,0.35,0.45,0.35,0.45,0.6,1.8,2B,1,0.916261,0.968729,14979.157115,3490.831474,none,0.3162606058,0.8837393942,0.3687292346,0.8312707654,635.0018591841,0.0,0.0,0.0,0.0,0.0,0.0024480754,-0.0009122505,0.0026125226,0.0,0.3162606058,0.0,1,KKT conditions numerically satisfied for barrier-golden solution
baseline,1222,1.25,4125.833333,0.35,0.45,0.35,0.45,0.6,1.8,3B,1,0.916261,0.96873,15494.945866,2416.64662,none,0.3162614945,0.8837385055,0.368729573,0.831270427,1709.1867137935,0.0,0.0,0.0,0.0,0.0,0.0106072554,0.0035173871,0.0111752351,0.0,0.3162614945,0.0,1,KKT conditions numerically satisfied for barrier-golden solution
baseline,1222,1.3,4290.866667,0.35,0.45,0.35,0.45,0.6,1.8,2B,1,0.916261,0.968729,14979.157115,3490.831557,none,0.3162605527,0.8837394473,0.3687292379,0.8312707621,800.0351097219,0.0,0.0,0.0,0.0,0.0,0.0019817737,-0.0008700508,0.002164351,0.0,0.3162605527,0.0,1,KKT conditions numerically satisfied for barrier-golden solution
baseline,1222,1.3,4290.866667,0.35,0.45,0.35,0.45,0.6,1.8,3B,1,0.916261,0.96873,15494.945866,2416.646674,none,0.3162614644,0.8837385356,0.3687295593,0.8312704407,1874.2199928741,0.0,0.0,0.0,0.0,0.0,0.0103332657,0.0033366835,0.0108586296,0.0,0.3162614644,0.0,1,KKT conditions numerically satisfied for barrier-golden solution
baseline,1222,1.35,4455.9,0.35,0.45,0.35,0.45,0.6,1.8,2B,1,0.91626,0.968729,14979.157115,3490.83182,none,0.3162604716,0.8837395284,0.3687291748,0.8312708252,965.0681795792,0.0,0.0,0.0,0.0,0.0,0.0012690937,-0.0016736095,0.0021003732,0.0,0.3162604716,0.0,1,KKT conditions numerically satisfied for barrier-golden solution
baseline,1222,1.35,4455.9,0.35,0.45,0.35,0.45,0.6,1.8,3B,1,0.916261,0.96873,15494.945866,2416.646736,none,0.3162614313,0.8837385687,0.3687295419,0.8312704581,2039.2532635008,0.0,0.0,0.0,0.0,0.0,0.010033156,0.0031076662,0.0105034189,0.0,0.3162614313,0.0,1,KKT conditions numerically satisfied for barrier-golden solution
baseline,1222,1.4,4620.933333,0.35,0.45,0.35,0.45,0.6,1.8,2B,1,0.916262,0.96873,14979.157115,3490.82838,none,0.3162618643,0.8837381357,0.3687297189,0.8312702811,1130.1049532331,0.0,0.0,0.0,0.0,0.0,0.0135020196,0.0052591595,0.0144901102,0.0,0.3162618643,0.0,1,KKT conditions numerically satisfied for barrier-golden solution
baseline,1222,1.4,4620.933333,0.35,0.45,0.35,0.45,0.6,1.8,3B,1,0.916261,0.96873,15494.945866,2416.646754,none,0.3162614208,0.8837385792,0.3687295384,0.8312704616,2204.2865796521,0.0,0.0,0.0,0.0,0.0,0.0099372783,0.0030615084,0.0103981889,0.0,0.3162614208,0.0,1,KKT conditions numerically satisfied for barrier-golden solution
baseline,1222,1.5,4951.0,0.35,0.45,0.35,0.45,0.6,1.8,2B,1,0.916262,0.96873,14979.157115,3490.828692,none,0.3162617389,0.8837382611,0.368729669,0.831270331,1460.1713082483,0.0,0.0,0.0,0.0,0.0,0.0124007503,0.0046227605,0.013234369,0.0,0.3162617389,0.0,1,KKT conditions numerically satisfied for barrier-golden solution
baseline,1222,1.5,4951.0,0.35,0.45,0.35,0.45,0.6,1.8,3B,1,0.916261,0.96873,15494.945866,2416.646781,none,0.3162614019,0.8837385981,0.3687295345,0.8312704655,2534.3532187197,0.0,0.0,0.0,0.0,0.0,0.0097653282,0.0030091864,0.0102184557,0.0,0.3162614019,0.0,1,KKT conditions numerically satisfied for barrier-golden solution
baseline,2111,0.7,1368.733333,0.35,0.45,0.35,0.45,0.6,1.8,2B,1,1.430829,1.425199,9008.684188,1368.733308,deadline,0.8308289428,0.3691710572,0.8251985494,0.3748014506,2.57259e-05,0.0,0.0,0.0,0.0,4.0140723773,-0.0885028467,0.1317115345,0.1586842217,0.0001032654,2.57259e-05,0.0,1,KKT conditions numerically satisfied for barrier-golden solution
baseline,2111,0.7,1368.733333,0.35,0.45,0.35,0.45,0.6,1.8,3B,1,0.93301,0.982563,8430.110733,1368.732546,deadline,0.3330102741,0.8669897259,0.3825627321,0.8174372679,0.0007873077,0.0,0.0,0.0,0.0,0.126807586,-0.0103835098,0.0172736119,0.0201542785,9.98366e-05,0.0007873077,0.0,1,KKT conditions numerically satisfied for barrier-golden solution
baseline,2111,0.75,1466.5,0.35,0.45,0.35,0.45,0.6,1.8,2B,1,1.332515,1.334563,8669.766535,1466.499968,deadline,0.7325147663,0.4674852337,0.7345631434,0.4654368566,3.16725e-05,0.0,0.0,0.0,0.0,2.9672560649,-0.0410730971,0.0617992072,0.0742033781,9.39804e-05,3.16725e-05,0.0,1,KKT conditions numerically satisfied for barrier-golden solution
baseline,2111,0.75,1466.5,0.35,0.45,0.35,0.45,0.6,1.8,3B,1,0.916261,0.96873,8428.675107,1391.63048,none,0.316260759,0.883739241,0.3687299999,0.8312700001,74.8695196583,0.0,0.0,0.0,0.0,0.0,0.0029906959,0.0034837263,0.0045913626,0.0,0.316260759,0.0,1,KKT conditions numerically satisfied for barrier-golden solution
baseline,2111,0.8,1564.266667,0.35,0.45,0.35,0.45,0.6,1.8,2B,1,1.246084,1.25592,8420.505661,1564.266621,deadline,0.6460842511,0.5539157489,0.6559200783,0.5440799217,4.59098e-05,0.0,0.0,0.0,0.0,2.1662678886,-0.2341037884,0.3567211781,0.4266785472,9.94528e-05,4.59098e-05,0.0,1,KKT conditions numerically satisfied for barrier-golden solution
baseline,2111,0.8,1564.266667,0.35,0.45,0.35,0.45,0.6,1.8,3B,1,0.916261,0.96873,8428.675107,1391.62992,none,0.3162611201,0.8837388799,0.3687304036,0.8312695964,172.6367469738,0.0,0.0,0.0,0.0,0.0,0.0054910084,0.0055110662,0.0077796545,0.0,0.3162611201,0.0,1,KKT conditions numerically satisfied for barrier-golden solution
baseline,2111,0.85,1662.033333,0.35,0.45,0.35,0.45,0.6,1.8,2B,1,1.169525,1.187046,8240.399939,1662.033272,deadline,0.5695247731,0.6304752269,0.5870455046,0.6129544954,6.16687e-05,0.0,0.0,0.0,0.0,1.5432730966,-0.1135243785,0.1754269353,0.2089554836,9.51716e-05,6.16687e-05,0.0,1,KKT conditions numerically satisfied for barrier-golden solution
baseline,2111,0.85,1662.033333,0.35,0.45,0.35,0.45,0.6,1.8,3B,1,0.916261,0.96873,8428.675107,1391.630251,none,0.3162609201,0.8837390799,0.3687301433,0.8312698567,270.4030827569,0.0,0.0,0.0,0.0,0.0,0.004106299,0.0042040008,0.0058766754,0.0,0.3162609201,0.0,1,KKT conditions numerically satisfied for barrier-golden solution
baseline,2111,0.9,1759.8,0.35,0.45,0.35,0.45,0.6,1.8,2B,1,1.101088,1.126493,8114.474904,1759.799906,deadline,0.5010877131,0.6989122869,0.526493266,0.673506734,9.4322e-05,0.0,0.0,0.0,0.0,1.0514842468,-0.2302505776,0.3614975468,0.4285974858,9.91781e-05,9.4322e-05,0.0,1,KKT conditions numerically satisfied for barrier-golden solution
baseline,2111,0.9,1759.8,0.35,0.45,0.35,0.45,0.6,1.8,3B,1,0.916261,0.96873,8428.675107,1391.630421,none,0.3162608184,0.8837391816,0.3687300065,0.8312699935,368.1695786618,0.0,0.0,0.0,0.0,0.0,0.0034021729,0.0035166933,0.0048930473,0.0,0.3162608184,0.0,1,KKT conditions numerically satisfied for barrier-golden solution
baseline,2111,0.95,1857.566667,0.35,0.45,0.35,0.45,0.6,1.8,2B,1,1.039578,1.072839,8031.585346,1857.566519,deadline,0.4395779633,0.7604220367,0.472838681,0.727161319,0.0001480549,0.0,0.0,0.0,0.0,0.6583599816,-0.0562596981,0.0898759251,0.1060322382,9.74734e-05,0.0001480549,0.0,1,KKT conditions numerically satisfied for barrier-golden solution
baseline,2111,0.95,1857.566667,0.35,0.45,0.35,0.45,0.6,1.8,3B,1,0.916261,0.96873,8428.675107,1391.630497,none,0.3162607726,0.8837392274,0.3687299469,0.8312700531,465.936169518,0.0,0.0,0.0,0.0,0.0,0.0030845267,0.0032176972,0.00445734,0.0,0.3162607726,0.0,1,KKT conditions numerically satisfied for barrier-golden solution
baseline,2111,1.0,1955.333333,0.35,0.45,0.35,0.45,0.6,1.8,2B,1,0.98388,1.025196,7983.296567,1955.333038,deadline,0.3838798224,0.8161201776,0.425196059,0.774803941,0.0002948524,0.0,0.0,0.0,0.0,0.3404201526,-0.0244532908,0.0398252324,0.0467334202,0.0001003737,0.0002948524,0.0,1,KKT conditions numerically satisfied for barrier-golden solution
baseline,2111,1.0,1955.333333,0.35,0.45,0.35,0.45,0.6,1.8,3B,1,0.91626,0.96873,8428.675107,1391.631122,none,0.3162602877,0.8837397123,0.3687296349,0.8312703651,563.7022111826,0.0,0.0,0.0,0.0,0.0,-0.0002729383,0.0016510075,0.0016734159,0.0,0.3162602877,0.0,1,KKT conditions numerically satisfied for barrier-golden solution
baseline,2111,1.05,2053.1,0.35,0.45,0.35,0.45,0.6,1.8,2B,1,0.933178,0.982716,7963.128916,2053.098764,deadline,0.3331778723,0.8668221277,0.382716162,0.817283838,0.0012363723,0.0,0.0,0.0,0.0,0.0806775756,-0.0402108226,0.0668900544,0.0780460738,9.97475e-05,0.0012363723,0.0,1,KKT conditions numerically satisfied for barrier-golden solution
baseline,2111,1.05,2053.1,0.35,0.45,0.35,0.45,0.6,1.8,3B,1,0.91626,0.96873,8428.675107,1391.631096,none,0.3162603047,0.8837396953,0.3687296528,0.8312703472,661.4689036793,0.0,0.0,0.0,0.0,0.0,-0.00015478,0.0017408048,0.0017476722,0.0,0.3162603047,0.0,1,KKT conditions numerically satisfied for barrier-golden solution
baseline,2111,1.1,2150.866667,0.35,0.45,0.35,0.45,0.6,1.8,2B,1,0.916261,0.968731,7961.744718,2087.800743,none,0.3162610886,0.8837389114,0.3687305185,0.8312694815,63.0659232418,0.0,0.0,0.0,0.0,0.0,0.0049806279,0.0057507267,0.0076077271,0.0,0.3162610886,0.0,1,KKT conditions numerically satisfied for barrier-golden solution
baseline,2111,1.1,2150.866667,0.35,0.45,0.35,0.45,0.6,1.8,3B,1,0.91626,0.96873,8428.675107,1391.63112,none,0.3162602951,0.8837397049,0.368729627,0.831270373,759.2355470214,0.0,0.0,0.0,0.0,0.0,-0.0002217187,0.0016113686,0.0016265509,0.0,0.3162602951,0.0,1,KKT conditions numerically satisfied for barrier-golden solution
baseline,2111,1.15,2248.633333,0.35,0.45,0.35,0.45,0.6,1.8,2B,1,0.91626,0.96873,7961.744718,2087.802504,none,0.3162603239,0.8837396761,0.3687296882,0.8312703118,160.8308293141,0.0,0.0,0.0,0.0,0.0,-2.0532e-05,0.0018122135,0.0018123298,0.0,0.3162603239,0.0,1,KKT conditions numerically satisfied for barrier-golden solution
baseline,2111,1.15,2248.633333,0.35,0.45,0.35,0.45,0.6,1.8,3B,1,0.91626,0.96873,8428.675107,1391.631115,none,0.3162603015,0.8837396985,0.3687296243,0.8312703757,857.0022181546,0.0,0.0,0.0,0.0,0.0,-0.0001771504,0.0015975442,0.0016073362,0.0,0.3162603015,0.0,1,KKT conditions numerically satisfied for barrier-golden solution
baseline,2111,1.2,2346.4,0.35,0.45,0.35,0.45,0.6,1.8,2B,1,0.916261,0.96873,7961.744718,2087.80067,none,0.3162611704,0.8837388296,0.3687304694,0.8312695306,258.5993299204,0.0,0.0,0.0,0.0,0.0,0.0055152604,0.0055180124,0.0078017023,0.0,0.3162611704,0.0,1,KKT conditions numerically satisfied for barrier-golden solution
baseline,2111,1.2,2346.4,0.35,0.45,0.35,0.45,0.6,1.8,3B,1,0.91626,0.96873,8428.675107,1391.63113,none,0.316260296,0.883739704,0.3687296061,0.8312703939,954.7688696614,0.0,0.0,0.0,0.0,0.0,-0.0002148776,0.0015063881,0.0015216365,0.0,0.316260296,0.0,1,KKT conditions numerically satisfied for barrier-golden solution
baseline,2111,1.25,2444.166667,0.35,0.45,0.35,0.45,0.6,1.8,2B,1,0.916261,0.96873,7961.744718,2087.801084,none,0.3162610049,0.8837389951,0.3687302499,0.8312697501,356.3655824291,0.0,0.0,0.0,0.0,0.0,0.0044330706,0.0044768857,0.0063003667,0.0,0.3162610049,0.0,1,KKT conditions numerically satisfied for barrier-golden solution
baseline,2111,1.25,2444.166667,0.35,0.45,0.35,0.45,0.6,1.8,3B,1,0.91626,0.96873,8428.675107,1391.631129,none,0.3162603,0.8837397,0.3687296025,0.8312703975,1052.5355379892,0.0,0.0,0.0,0.0,0.0,-0.0001875987,0.0014882305,0.0015000078,0.0,0.3162603,0.0,1,KKT conditions numerically satisfied for barrier-golden solution
baseline,2111,1.3,2541.933333,0.35,0.45,0.35,0.45,0.6,1.8,2B,1,0.916261,0.96873,7961.744718,2087.801321,none,0.3162609087,0.8837390913,0.368730127,0.831269873,454.1320121993,0.0,0.0,0.0,0.0,0.0,0.0038039586,0.0038936534,0.0054434031,0.0,0.3162609087,0.0,1,KKT conditions numerically satisfied for barrier-golden solution
baseline,2111,1.3,2541.933333,0.35,0.45,0.35,0.45,0.6,1.8,3B,1,0.91626,0.96873,8428.675107,1391.631155,none,0.3162602868,0.8837397132,0.3687295767,0.8312704233,1150.3021780668,0.0,0.0,0.0,0.0,0.0,-0.0002785126,0.0013584407,0.0013866976,0.0,0.3162602868,0.0,1,KKT conditions numerically satisfied for barrier-golden solution
baseline,2111,1.35,2639.7,0.35,0.45,0.35,0.45,0.6,1.8,2B,1,0.916261,0.96873,7961.744718,2087.801464,none,0.3162608515,0.8837391485,0.368730051,0.831269949,551.8985355271,0.0,0.0,0.0,0.0,0.0,0.0034296382,0.0035330515,0.0049239081,0.0,0.3162608515,0.0,1,KKT conditions numerically satisfied for barrier-golden solution
baseline,2111,1.35,2639.7,0.35,0.45,0.35,0.45,0.6,1.8,3B,1,0.91626,0.96873,8428.675107,1391.631254,none,0.3162602101,0.8837397899,0.368729527,0.831270473,1248.0687456449,0.0,0.0,0.0,0.0,0.0,-0.0008101111,0.0011092068,0.0013735428,0.0,0.3162602101,0.0,1,KKT conditions numerically satisfied for barrier-golden solution
baseline,2111,1.4,2737.466667,0.35,0.45,0.35,0.45,0.6,1.8,2B,1,0.916261,0.96873,7961.744718,2087.801565,none,0.3162608107,0.8837391893,0.368729999,0.831270001,649.665101925,0.0,0.0,0.0,0.0,0.0,0.00316328,0.0032862908,0.0045613646,0.0,0.3162608107,0.0,1,KKT conditions numerically satisfied for barrier-golden solution
baseline,2111,1.4,2737.466667,0.35,0.45,0.35,0.45,0.6,1.8,3B,1,0.91626,0.96873,8428.675107,1391.631259,none,0.3162602089,0.8837397911,0.3687295208,0.8312704792,1345.8354077398,0.0,0.0,0.0,0.0,0.0,-0.0008185454,0.0010781379,0.001353661,0.0,0.3162602089,0.0,1,KKT conditions numerically satisfied for barrier-golden solution
baseline,2111,1.5,2933.0,0.35,0.45,0.35,0.45,0.6,1.8,2B,1,0.916261,0.96873,7961.744718,2087.801706,none,0.3162607545,0.8837392455,0.368729924,0.831270076,845.1982942428,0.0,0.0,0.0,0.0,0.0,0.0027956404,0.0029307881,0.004050324,0.0,0.3162607545,0.0,1,KKT conditions numerically satisfied for barrier-golden solution
baseline,2111,1.5,2933.0,0.35,0.45,0.35,0.45,0.6,1.8,3B,1,0.91626,0.96873,8428.675107,1391.631268,none,0.316260207,0.883739793,0.3687295084,0.8312704916,1541.3687324162,0.0,0.0,0.0,0.0,0.0,-0.0008316302,0.0010157966,0.0013128029,0.0,0.316260207,0.0,1,KKT conditions numerically satisfied for barrier-golden solution
baseline,2112,0.7,1703.1,0.35,0.45,0.35,0.45,0.6,1.8,2B,1,1.431412,1.425742,13333.88342,1703.099975,deadline,0.8314120872,0.3685879128,0.8257420635,0.3742579365,2.46275e-05,0.0,0.0,0.0,0.0,4.7867998149,-0.1910593195,0.1895486919,0.2691326256,0.0001178871,2.46275e-05,0.0,1,KKT conditions numerically satisfied for barrier-golden solution
baseline,2112,0.7,1703.1,0.35,0.45,0.35,0.45,0.6,1.8,3B,1,0.942087,0.990094,12346.476065,1703.099561,deadline,0.3420874608,0.8579125392,0.3900944058,0.8099055942,0.0004389878,0.0,0.0,0.0,0.0,0.2290487206,0.0113361766,-0.0125209526,0.0168903272,0.0001005496,0.0004389878,0.0,1,KKT conditions numerically satisfied for barrier-golden solution
baseline,2112,0.75,1824.75,0.35,0.45,0.35,0.45,0.6,1.8,2B,1,1.332321,1.334348,12831.532026,1824.749968,deadline,0.7323206349,0.4676793651,0.7343476187,0.4656523813,3.15985e-05,0.0,0.0,0.0,0.0,3.5300231545,0.0827473708,-0.082999345,0.1172007621,0.0001115436,3.15985e-05,0.0,1,KKT conditions numerically satisfied for barrier-golden solution
baseline,2112,0.75,1824.75,0.35,0.45,0.35,0.45,0.6,1.8,3B,1,0.916261,0.96873,12341.644103,1746.012286,none,0.3162608814,0.8837391186,0.3687296735,0.8312703265,78.7377143958,0.0,0.0,0.0,0.0,0.0,0.0046815641,0.0033747331,0.0057711234,0.0,0.3162608814,0.0,1,KKT conditions numerically satisfied for barrier-golden solution
baseline,2112,0.8,1946.4,0.35,0.45,0.35,0.45,0.6,1.8,2B,1,1.245145,1.254893,12463.108447,1946.399961,deadline,0.645144848,0.554855152,0.6548932141,0.5451067859,3.92331e-05,0.0,0.0,0.0,0.0,2.5685031984,0.3037242413,-0.3084986342,0.4329201104,0.0001007704,3.92331e-05,0.0,1,KKT conditions numerically satisfied for barrier-golden solution
baseline,2112,0.8,1946.4,0.35,0.45,0.35,0.45,0.6,1.8,3B,1,0.916261,0.96873,12341.644103,1746.011782,none,0.3162612028,0.8837387972,0.3687298887,0.8312701113,200.3882177501,0.0,0.0,0.0,0.0,0.0,0.0073958443,0.0053526405,0.0091295823,0.0,0.3162612028,0.0,1,KKT conditions numerically satisfied for barrier-golden solution
baseline,2112,0.85,2068.05,0.35,0.45,0.35,0.45,0.6,1.8,2B,1,1.167719,1.185354,12197.98379,2068.049946,deadline,0.5677193141,0.6322806859,0.585354085,0.614645915,5.3894e-05,0.0,0.0,0.0,0.0,1.8205997221,0.1236631052,-0.1274264024,0.1775670342,9.81194e-05,5.3894e-05,0.0,1,KKT conditions numerically satisfied for barrier-golden solution
baseline,2112,0.85,2068.05,0.35,0.45,0.35,0.45,0.6,1.8,3B,1,0.916261,0.96873,12341.644103,1746.012166,none,0.3162609615,0.8837390385,0.3687297203,0.8312702797,322.0378338369,0.0,0.0,0.0,0.0,0.0,0.0053579795,0.0038047395,0.0065714524,0.0,0.3162609615,0.0,1,KKT conditions numerically satisfied for barrier-golden solution
baseline,2112,0.9,2189.7,0.35,0.45,0.35,0.45,0.6,1.8,2B,1,1.09845,1.124067,12013.785377,2189.699912,deadline,0.4984502852,0.7015497148,0.524067291,0.675932709,8.80309e-05,0.0,0.0,0.0,0.0,1.230320362,0.0131537594,-0.0137744321,0.0190461641,0.0001083063,8.80309e-05,0.0,1,KKT conditions numerically satisfied for barrier-golden solution
baseline,2112,0.9,2189.7,0.35,0.45,0.35,0.45,0.6,1.8,3B,1,0.916261,0.968729,12341.644103,1746.012902,none,0.3162605226,0.8837394774,0.3687293712,0.8312706288,443.6870981891,0.0,0.0,0.0,0.0,0.0,0.0016510099,0.0005979543,0.0017559564,0.0,0.3162605226,0.0,1,KKT conditions numerically satisfied for barrier-golden solution
baseline,2112,0.95,2311.35,0.35,0.45,0.35,0.45,0.6,1.8,2B,1,1.036056,1.069746,11893.860538,2311.349866,deadline,0.4360561003,0.7639438997,0.4697461763,0.7302538237,0.0001336106,0.0,0.0,0.0,0.0,0.7584298266,0.1228126423,-0.1309296528,0.1795146765,0.0001013343,0.0001336106,0.0,1,KKT conditions numerically satisfied for barrier-golden solution
baseline,2112,0.95,2311.35,0.35,0.45,0.35,0.45,0.6,1.8,3B,1,0.91626,0.968729,12341.644103,1746.012945,none,0.3162604909,0.8837395091,0.3687293574,0.8312706426,565.3370550997,0.0,0.0,0.0,0.0,0.0,0.0013838895,0.0004709141,0.0014618175,0.0,0.3162604909,0.0,1,KKT conditions numerically satisfied for barrier-golden solution
baseline,2112,1.0,2433.0,0.35,0.45,0.35,0.45,0.6,1.8,2B,1,0.979455,1.021425,11825.604994,2432.999738,deadline,0.3794552254,0.8205447746,0.4214253478,0.7785746522,0.0002618557,0.0,0.0,0.0,0.0,0.3768902065,0.0717289941,-0.0780079433,0.1059730522,9.86908e-05,0.0002618557,0.0,1,KKT conditions numerically satisfied for barrier-golden solution
baseline,2112,1.0,2433.0,0.35,0.45,0.35,0.45,0.6,1.8,3B,1,0.91626,0.968729,12341.644103,1746.01307,none,0.3162604154,0.8837395846,0.3687292991,0.8312707009,686.9869299962,0.0,0.0,0.0,0.0,0.0,0.0007456257,-6.48686e-05,0.0007484421,0.0,0.3162604154,0.0,1,KKT conditions numerically satisfied for barrier-golden solution
baseline,2112,1.05,2554.65,0.35,0.45,0.35,0.45,0.6,1.8,2B,1,0.927831,0.978266,11799.334463,2554.648465,deadline,0.3278314991,0.8721685009,0.3782660261,0.8217339739,0.0015347724,0.0,0.0,0.0,0.0,0.0652739166,0.0210889304,-0.0234439222,0.0315334818,0.0001001806,0.0015347724,0.0,1,KKT conditions numerically satisfied for barrier-golden solution
baseline,2112,1.05,2554.65,0.35,0.45,0.35,0.45,0.6,1.8,3B,1,0.916262,0.96873,12341.644103,1746.011289,none,0.3162615573,0.8837384427,0.368730055,0.831269945,808.6387105774,0.0,0.0,0.0,0.0,0.0,0.0103893897,0.0068805447,0.0124611923,0.0,0.3162615573,0.0,1,KKT conditions numerically satisfied for barrier-golden solution
baseline,2112,1.1,2676.3,0.35,0.45,0.35,0.45,0.6,1.8,2B,1,0.916261,0.96873,11798.401647,2583.446552,none,0.3162610408,0.8837389592,0.3687297819,0.8312702181,92.8534481851,0.0,0.0,0.0,0.0,0.0,0.0057622375,0.0041784358,0.007117774,0.0,0.3162610408,0.0,1,KKT conditions numerically satisfied for barrier-golden solution
baseline,2112,1.1,2676.3,0.35,0.45,0.35,0.45,0.6,1.8,3B,1,0.916261,0.96873,12341.644103,1746.011381,none,0.3162614992,0.8837385008,0.3687300157,0.8312699843,930.2886191662,0.0,0.0,0.0,0.0,0.0,0.0098986802,0.0065186544,0.0118522878,0.0,0.3162614992,0.0,1,KKT conditions numerically satisfied for barrier-golden solution
baseline,2112,1.15,2797.95,0.35,0.45,0.35,0.45,0.6,1.8,2B,1,0.916261,0.96873,11798.401647,2583.445525,none,0.3162614804,0.8837385196,0.3687300828,0.8312699172,214.5044752857,0.0,0.0,0.0,0.0,0.0,0.0093114118,0.0068216188,0.0115428278,0.0,0.3162614804,0.0,1,KKT conditions numerically satisfied for barrier-golden solution
baseline,2112,1.15,2797.95,0.35,0.45,0.35,0.45,0.6,1.8,3B,1,0.916261,0.96873,12341.644103,1746.01146,none,0.3162614493,0.8837385507,0.3687299816,0.8312700184,1051.9385404476,0.0,0.0,0.0,0.0,0.0,0.0094771868,0.0062057007,0.0113281856,0.0,0.3162614493,0.0,1,KKT conditions numerically satisfied for barrier-golden solution
baseline,2112,1.2,2919.6,0.35,0.45,0.35,0.45,0.6,1.8,2B,1,0.916261,0.96873,11798.401647,2583.446261,none,0.3162611686,0.8837388314,0.3687298635,0.8312701365,336.1537391751,0.0,0.0,0.0,0.0,0.0,0.0067942167,0.0048951104,0.0083739767,0.0,0.3162611686,0.0,1,KKT conditions numerically satisfied for barrier-golden solution
baseline,2112,1.2,2919.6,0.35,0.45,0.35,0.45,0.6,1.8,3B,1,0.916261,0.96873,12341.644103,1746.011522,none,0.3162614097,0.8837385903,0.3687299548,0.8312700452,1173.588478216,0.0,0.0,0.0,0.0,0.0,0.0091428069,0.0059597086,0.0109137091,0.0,0.3162614097,0.0,1,KKT conditions numerically satisfied for barrier-golden solution
baseline,2112,1.25,3041.25,0.35,0.45,0.35,0.45,0.6,1.8,2B,1,0.916261,0.96873,11798.401647,2583.446609,none,0.3162610207,0.8837389793,0.3687297603,0.8312702397,457.8033910006,0.0,0.0,0.0,0.0,0.0,0.0055997777,0.0039885392,0.006875024,0.0,0.3162610207,0.0,1,KKT conditions numerically satisfied for barrier-golden solution
baseline,2112,1.25,3041.25,0.35,0.45,0.35,0.45,0.6,1.8,3B,1,0.916261,0.96873,12341.644103,1746.011543,none,0.3162613969,0.8837386031,0.3687299449,0.8312700551,1295.2384570345,0.0,0.0,0.0,0.0,0.0,0.0090350894,0.0058685708,0.0107737163,0.0,0.3162613969,0.0,1,KKT conditions numerically satisfied for barrier-golden solution
baseline,2112,1.3,3162.9,0.35,0.45,0.35,0.45,0.6,1.8,2B,1,0.916261,0.968729,11798.401647,2583.447791,none,0.3162605455,0.8837394545,0.3687293798,0.8312706202,579.4522093701,0.0,0.0,0.0,0.0,0.0,0.0017636445,0.000647283,0.0018786744,0.0,0.3162605455,0.0,1,KKT conditions numerically satisfied for barrier-golden solution
baseline,2112,1.3,3162.9,0.35,0.45,0.35,0.45,0.6,1.8,3B,1,0.916261,0.96873,12341.644103,1746.011616,none,0.3162613492,0.8837386508,0.3687299145,0.8312700855,1416.888383672,0.0,0.0,0.0,0.0,0.0,0.0086321305,0.0055892464,0.0102836449,0.0,0.3162613492,0.0,1,KKT conditions numerically satisfied for barrier-golden solution
baseline,2112,1.35,3284.55,0.35,0.45,0.35,0.45,0.6,1.8,2B,1,0.916261,0.968729,11798.401647,2583.447829,none,0.3162605259,0.8837394741,0.3687293722,0.8312706278,701.1021710291,0.0,0.0,0.0,0.0,0.0,0.0016052968,0.0005800614,0.0017068828,0.0,0.3162605259,0.0,1,KKT conditions numerically satisfied for barrier-golden solution
baseline,2112,1.35,3284.55,0.35,0.45,0.35,0.45,0.6,1.8,3B,1,0.916261,0.96873,12341.644103,1746.011627,none,0.3162613433,0.8837386567,0.3687299086,0.8312700914,1538.5383727279,0.0,0.0,0.0,0.0,0.0,0.0085822077,0.0055351851,0.0102123731,0.0,0.3162613433,0.0,1,KKT conditions numerically satisfied for barrier-golden solution
baseline,2112,1.4,3406.2,0.35,0.45,0.35,0.45,0.6,1.8,2B,1,0.91626,0.968729,11798.401647,2583.447883,none,0.3162604996,0.8837395004,0.3687293597,0.8312706403,822.7521166793,0.0,0.0,0.0,0.0,0.0,0.0013926899,0.0004703538,0.001469972,0.0,0.3162604996,0.0,1,KKT conditions numerically satisfied for barrier-golden solution
baseline,2112,1.4,3406.2,0.35,0.45,0.35,0.45,0.6,1.8,3B,1,0.916261,0.96873,12341.644103,1746.011674,none,0.3162613132,0.8837386868,0.3687298889,0.8312701111,1660.1883260116,0.0,0.0,0.0,0.0,0.0,0.0083281536,0.0053542202,0.0099007988,0.0,0.3162613132,0.0,1,KKT conditions numerically satisfied for barrier-golden solution
baseline,2112,1.5,3649.5,0.35,0.45,0.35,0.45,0.6,1.8,2B,1,0.91626,0.968729,11798.401647,2583.448086,none,0.3162604151,0.8837395849,0.3687292979,0.8312707021,1066.0519141137,0.0,0.0,0.0,0.0,0.0,0.0007103964,-7.24341e-05,0.0007140796,0.0,0.3162604151,0.0,1,KKT conditions numerically satisfied for barrier-golden solution
baseline,2112,1.5,3649.5,0.35,0.45,0.35,0.45,0.6,1.8,3B,1,0.916261,0.96873,12341.644103,1746.011694,none,0.316261301,0.883738699,0.36872988,0.83127012,1903.4883062632,0.0,0.0,0.0,0.0,0.0,0.0082249152,0.005272665,0.0097698632,0.0,0.316261301,0.0,1,KKT conditions numerically satisfied for barrier-golden solution
baseline,2121,0.7,1801.1,0.35,0.45,0.35,0.45,0.6,1.8,2B,1,1.431417,1.425737,11795.647444,1801.099971,deadline,0.8314169466,0.3685830534,0.8257372473,0.3742627527,2.90935e-05,0.0,0.0,0.0,0.0,4.0041695612,-0.1328177423,0.1317658221,0.1870903112,0.0001164952,2.90935e-05,0.0,1,KKT conditions numerically satisfied for barrier-golden solution
baseline,2121,0.7,1801.1,0.35,0.45,0.35,0.45,0.6,1.8,3B,1,0.946338,0.993631,10924.826578,1801.099548,deadline,0.3463378133,0.8536621867,0.3936307589,0.8063692411,0.0004521876,0.0,0.0,0.0,0.0,0.2232616603,0.0267876153,-0.0295319225,0.0398711773,0.0001009562,0.0004521876,0.0,1,KKT conditions numerically satisfied for barrier-golden solution
baseline,2121,0.75,1929.75,0.35,0.45,0.35,0.45,0.6,1.8,2B,1,1.332332,1.334336,11351.248779,1929.749965,deadline,0.7323322397,0.4676677603,0.7343359807,0.4656640193,3.48288e-05,0.0,0.0,0.0,0.0,2.9528695772,0.1597330061,-0.1602138235,0.2262368283,0.0001028448,3.48288e-05,0.0,1,KKT conditions numerically satisfied for barrier-golden solution
baseline,2121,0.75,1929.75,0.35,0.45,0.35,0.45,0.6,1.8,3B,1,0.916261,0.96873,10919.040388,1853.96541,none,0.3162610008,0.8837389992,0.3687297542,0.8312702458,75.7845896829,0.0,0.0,0.0,0.0,0.0,0.0050337632,0.0036422247,0.0062132578,0.0,0.3162610008,0.0,1,KKT conditions numerically satisfied for barrier-golden solution
baseline,2121,0.8,2058.4,0.35,0.45,0.35,0.45,0.6,1.8,2B,1,1.245116,1.254922,11025.327616,2058.399956,deadline,0.6451162683,0.5548837317,0.6549222474,0.5450777526,4.40022e-05,0.0,0.0,0.0,0.0,2.1485713946,0.0554338564,-0.0563104392,0.0790175803,9.45419e-05,4.40022e-05,0.0,1,KKT conditions numerically satisfied for barrier-golden solution
baseline,2121,0.8,2058.4,0.35,0.45,0.35,0.45,0.6,1.8,3B,1,0.916261,0.96873,10919.040388,1853.964839,none,0.3162613439,0.8837386561,0.3687299851,0.8312700149,204.4351613364,0.0,0.0,0.0,0.0,0.0,0.0075977608,0.0055192766,0.009390867,0.0,0.3162613439,0.0,1,KKT conditions numerically satisfied for barrier-golden solution
baseline,2121,0.85,2187.05,0.35,0.45,0.35,0.45,0.6,1.8,2B,1,1.16774,1.185333,10790.788544,2187.049935,deadline,0.5677401202,0.6322598798,0.5853326557,0.6146673443,6.54813e-05,0.0,0.0,0.0,0.0,1.5229298447,0.2646955501,-0.272731145,0.3800605369,9.97234e-05,6.54813e-05,0.0,1,KKT conditions numerically satisfied for barrier-golden solution
baseline,2121,0.85,2187.05,0.35,0.45,0.35,0.45,0.6,1.8,3B,1,0.916261,0.96873,10919.040388,1853.96529,none,0.3162610781,0.8837389219,0.3687297972,0.8312702028,333.0847100476,0.0,0.0,0.0,0.0,0.0,0.0056114231,0.0039914844,0.0068862193,0.0,0.3162610781,0.0,1,KKT conditions numerically satisfied for barrier-golden solution
baseline,2121,0.9,2315.7,0.35,0.45,0.35,0.45,0.6,1.8,2B,1,1.098457,1.12406,10627.839788,2315.6999,deadline,0.4984572597,0.7015427403,0.5240599946,0.6759400054,0.0001002801,0.0,0.0,0.0,0.0,1.0291644303,0.063712346,-0.0667169606,0.0922519152,0.0001032047,0.0001002801,0.0,1,KKT conditions numerically satisfied for barrier-golden solution
baseline,2121,0.9,2315.7,0.35,0.45,0.35,0.45,0.6,1.8,3B,1,0.916261,0.96873,10919.040388,1853.965538,none,0.3162609307,0.8837390693,0.3687296957,0.8312703043,461.7344623812,0.0,0.0,0.0,0.0,0.0,0.0045104878,0.0031662136,0.0055108446,0.0,0.3162609307,0.0,1,KKT conditions numerically satisfied for barrier-golden solution
baseline,2121,0.95,2444.35,0.35,0.45,0.35,0.45,0.6,1.8,2B,1,1.036054,1.069749,10521.749828,2444.34985,deadline,0.4360537793,0.7639462207,0.4697486585,0.7302513415,0.0001499495,0.0,0.0,0.0,0.0,0.6344294238,0.0912614523,-0.0972940492,0.133397094,9.51324e-05,0.0001499495,0.0,1,KKT conditions numerically satisfied for barrier-golden solution
baseline,2121,0.95,2444.35,0.35,0.45,0.35,0.45,0.6,1.8,3B,1,0.916261,0.968729,10919.040388,1853.966281,none,0.3162605125,0.8837394875,0.3687293644,0.8312706356,590.3837193346,0.0,0.0,0.0,0.0,0.0,0.0013853905,0.0004738808,0.0014641959,0.0,0.3162605125,0.0,1,KKT conditions numerically satisfied for barrier-golden solution
baseline,2121,1.0,2573.0,0.35,0.45,0.35,0.45,0.6,1.8,2B,1,0.979457,1.021424,10461.368451,2572.999687,deadline,0.3794567588,0.8205432412,0.4214237092,0.7785762908,0.0003126571,0.0,0.0,0.0,0.0,0.3152694459,0.0748158699,-0.0813645194,0.1105332502,9.85712e-05,0.0003126571,0.0,1,KKT conditions numerically satisfied for barrier-golden solution
baseline,2121,1.0,2573.0,0.35,0.45,0.35,0.45,0.6,1.8,3B,1,0.916261,0.968729,10919.040388,1853.966293,none,0.3162605025,0.8837394975,0.368729362,0.831270638,719.033706596,0.0,0.0,0.0,0.0,0.0,0.001310467,0.0004536845,0.001386778,0.0,0.3162605025,0.0,1,KKT conditions numerically satisfied for barrier-golden solution
baseline,2121,1.05,2701.65,0.35,0.45,0.35,0.45,0.6,1.8,2B,1,0.927832,0.978266,10438.128565,2701.64817,deadline,0.3278317666,0.8721682334,0.3782658825,0.8217341175,0.0018299539,0.0,0.0,0.0,0.0,0.0546021564,0.0200653211,-0.0223059875,0.030002903,9.99194e-05,0.0018299539,0.0,1,KKT conditions numerically satisfied for barrier-golden solution
baseline,2121,1.05,2701.65,0.35,0.45,0.35,0.45,0.6,1.8,3B,1,0.91626,0.968729,10919.040388,1853.966295,none,0.3162604998,0.8837395002,0.3687293627,0.8312706373,847.68370453,0.0,0.0,0.0,0.0,0.0,0.0012905506,0.0004598518,0.0013700308,0.0,0.3162604998,0.0,1,KKT conditions numerically satisfied for barrier-golden solution
baseline,2121,1.1,2830.3,0.35,0.45,0.35,0.45,0.6,1.8,2B,1,0.916261,0.96873,10437.30335,2732.103363,none,0.3162611246,0.8837388754,0.3687298368,0.8312701632,98.1966370261,0.0,0.0,0.0,0.0,0.0,0.0056962038,0.0041230914,0.0070318291,0.0,0.3162611246,0.0,1,KKT conditions numerically satisfied for barrier-golden solution
baseline,2121,1.1,2830.3,0.35,0.45,0.35,0.45,0.6,1.8,3B,1,0.91626,0.968729,10919.040388,1853.966461,none,0.3162604039,0.8837395961,0.3687292917,0.8312707083,976.33353875,0.0,0.0,0.0,0.0,0.0,0.0005740219,-0.0001173691,0.0005858981,0.0,0.3162604039,0.0,1,KKT conditions numerically satisfied for barrier-golden solution
baseline,2121,1.15,2958.95,0.35,0.45,0.35,0.45,0.6,1.8,2B,1,0.916262,0.96873,10437.30335,2732.102114,none,0.3162616296,0.8837383704,0.3687301836,0.8312698164,226.8478862788,0.0,0.0,0.0,0.0,0.0,0.0093027834,0.0068177685,0.0115335921,0.0,0.3162616296,0.0,1,KKT conditions numerically satisfied for barrier-golden solution
baseline,2121,1.15,2958.95,0.35,0.45,0.35,0.45,0.6,1.8,3B,1,0.91626,0.968729,10919.040388,1853.966435,none,0.3162604182,0.8837395818,0.368729304,0.831270696,1104.9835651002,0.0,0.0,0.0,0.0,0.0,0.000680975,-1.71854e-05,0.0006811918,0.0,0.3162604182,0.0,1,KKT conditions numerically satisfied for barrier-golden solution
baseline,2121,1.2,3087.6,0.35,0.45,0.35,0.45,0.6,1.8,2B,1,0.916261,0.96873,10437.30335,2732.103026,none,0.3162612633,0.8837387367,0.3687299274,0.8312700726,355.4969738845,0.0,0.0,0.0,0.0,0.0,0.0066869846,0.0048274829,0.0082474454,0.0,0.3162612633,0.0,1,KKT conditions numerically satisfied for barrier-golden solution
baseline,2121,1.2,3087.6,0.35,0.45,0.35,0.45,0.6,1.8,3B,1,0.916262,0.96873,10919.040388,1853.964593,none,0.3162615385,0.8837384615,0.3687300316,0.8312699684,1233.6354068491,0.0,0.0,0.0,0.0,0.0,0.0090514383,0.0058967666,0.0108027956,0.0,0.3162615385,0.0,1,KKT conditions numerically satisfied for barrier-golden solution
baseline,2121,1.25,3216.25,0.35,0.45,0.35,0.45,0.6,1.8,2B,1,0.916261,0.96873,10437.30335,2732.103425,none,0.3162611041,0.8837388959,0.3687298147,0.8312701853,484.1465752851,0.0,0.0,0.0,0.0,0.0,0.0055496746,0.0039513448,0.0068126363,0.0,0.3162611041,0.0,1,KKT conditions numerically satisfied for barrier-golden solution
baseline,2121,1.25,3216.25,0.35,0.45,0.35,0.45,0.6,1.8,3B,1,0.916262,0.96873,10919.040388,1853.964595,none,0.316261538,0.883738462,0.3687300298,0.8312699702,1362.2854046724,0.0,0.0,0.0,0.0,0.0,0.009047789,0.0058821846,0.010791783,0.0,0.316261538,0.0,1,KKT conditions numerically satisfied for barrier-golden solution
baseline,2121,1.3,3344.9,0.35,0.45,0.35,0.45,0.6,1.8,2B,1,0.916261,0.96873,10437.30335,2732.103661,none,0.3162610092,0.8837389908,0.3687297484,0.8312702516,612.7963389946,0.0,0.0,0.0,0.0,0.0,0.0048718851,0.003436334,0.00596185,0.0,0.3162610092,0.0,1,KKT conditions numerically satisfied for barrier-golden solution
baseline,2121,1.3,3344.9,0.35,0.45,0.35,0.45,0.6,1.8,3B,1,0.916261,0.96873,10919.040388,1853.964673,none,0.3162614914,0.8837385086,0.3687299989,0.8312700011,1490.9353274834,0.0,0.0,0.0,0.0,0.0,0.0086993501,0.0056314409,0.0103630024,0.0,0.3162614914,0.0,1,KKT conditions numerically satisfied for barrier-golden solution
baseline,2121,1.35,3473.55,0.35,0.45,0.35,0.45,0.6,1.8,2B,1,0.916261,0.96873,10437.30335,2732.103812,none,0.3162609494,0.8837390506,0.3687297054,0.8312702946,741.4461884828,0.0,0.0,0.0,0.0,0.0,0.0044450659,0.0031023031,0.0054205992,0.0,0.3162609494,0.0,1,KKT conditions numerically satisfied for barrier-golden solution
baseline,2121,1.35,3473.55,0.35,0.45,0.35,0.45,0.6,1.8,3B,1,0.916261,0.96873,10919.040388,1853.964693,none,0.3162614797,0.8837385203,0.3687299904,0.8312700096,1619.5853073633,0.0,0.0,0.0,0.0,0.0,0.0086119632,0.0055619023,0.0102518617,0.0,0.3162614797,0.0,1,KKT conditions numerically satisfied for barrier-golden solution
baseline,2121,1.4,3602.2,0.35,0.45,0.35,0.45,0.6,1.8,2B,1,0.916261,0.968729,10437.30335,2732.104886,none,0.3162605401,0.8837394599,0.3687293791,0.8312706209,870.0951139071,0.0,0.0,0.0,0.0,0.0,0.001521608,0.0005669375,0.0016237946,0.0,0.3162605401,0.0,1,KKT conditions numerically satisfied for barrier-golden solution
baseline,2121,1.4,3602.2,0.35,0.45,0.35,0.45,0.6,1.8,3B,1,0.916261,0.96873,10919.040388,1853.964769,none,0.3162614332,0.8837385668,0.3687299604,0.8312700396,1748.2352311384,0.0,0.0,0.0,0.0,0.0,0.0082647889,0.0053180448,0.0098279365,0.0,0.3162614332,0.0,1,KKT conditions numerically satisfied for barrier-golden solution
baseline,2121,1.5,3859.5,0.35,0.45,0.35,0.45,0.6,1.8,2B,1,0.916261,0.968729,10437.30335,2732.104915,none,0.3162605245,0.8837394755,0.3687293752,0.8312706248,1127.3950845943,0.0,0.0,0.0,0.0,0.0,0.0014097782,0.0005367909,0.0015085155,0.0,0.3162605245,0.0,1,KKT conditions numerically satisfied for barrier-golden solution
baseline,2121,1.5,3859.5,0.35,0.45,0.35,0.45,0.6,1.8,3B,1,0.916261,0.96873,10919.040388,1853.964776,none,0.3162614298,0.8837385702,0.368729956,0.831270044,2005.5352235351,0.0,0.0,0.0,0.0,0.0,0.0082392984,0.0052826062,0.009787337,0.0,0.3162614298,0.0,1,KKT conditions numerically satisfied for barrier-golden solution
baseline,2122,0.7,2157.4,0.35,0.45,0.35,0.45,0.6,1.8,2B,1,1.431913,1.426076,16460.888206,2157.399983,deadline,0.8319126071,0.3680873929,0.826075779,0.373924221,1.70746e-05,0.0,0.0,0.0,0.0,4.6732403553,0.5139951778,-0.3823600325,0.6406170754,7.97936e-05,1.70746e-05,0.0,1,KKT conditions numerically satisfied for barrier-golden solution
baseline,2122,0.7,2157.4,0.35,0.45,0.35,0.45,0.6,1.8,3B,1,1.045698,1.078035,15311.62407,2157.399916,deadline,0.4456983914,0.7543016086,0.4780354605,0.7219645395,8.36512e-05,0.0,0.0,0.0,0.0,1.1276333883,0.4062717106,-0.323840424,0.5195472289,9.43279e-05,8.36512e-05,0.0,1,KKT conditions numerically satisfied for barrier-golden solution
baseline,2122,0.75,2311.5,0.35,0.45,0.35,0.45,0.6,1.8,2B,1,1.332284,1.334121,15840.093274,2311.499974,deadline,0.7322842708,0.4677157292,0.7341212409,0.4658787591,2.55603e-05,0.0,0.0,0.0,0.0,3.440206265,1.2623087052,-0.9493440593,1.5794547826,8.79328e-05,2.55603e-05,0.0,1,KKT conditions numerically satisfied for barrier-golden solution
baseline,2122,0.75,2311.5,0.35,0.45,0.35,0.45,0.6,1.8,3B,1,0.968532,1.012189,15194.926224,2311.499764,deadline,0.368532377,0.831467623,0.4121887275,0.7878112725,0.0002362251,0.0,0.0,0.0,0.0,0.4196842106,0.2593632311,-0.2124537384,0.3352698564,9.914e-05,0.0002362251,0.0,1,KKT conditions numerically satisfied for barrier-golden solution
baseline,2122,0.8,2465.6,0.35,0.45,0.35,0.45,0.6,1.8,2B,1,1.244404,1.25423,15385.731592,2465.599958,deadline,0.6444037025,0.5555962975,0.6542304049,0.5457695951,4.21423e-05,0.0,0.0,0.0,0.0,2.4971190038,0.3668820771,-0.2795244617,0.4612335452,0.0001052343,4.21423e-05,0.0,1,KKT conditions numerically satisfied for barrier-golden solution
baseline,2122,0.8,2465.6,0.35,0.45,0.35,0.45,0.6,1.8,3B,1,0.916262,0.96873,15171.372394,2427.574651,none,0.3162617038,0.8837382962,0.3687298559,0.8312701441,38.0253492074,0.0,0.0,0.0,0.0,0.0,0.0122477291,0.0070936335,0.0141536746,0.0,0.3162617038,0.0,1,KKT conditions numerically satisfied for barrier-golden solution
baseline,2122,0.85,2619.7,0.35,0.45,0.35,0.45,0.6,1.8,2B,1,1.166468,1.184086,15059.74102,2619.699939,deadline,0.5664680869,0.6335319131,0.5840858167,0.6159141833,6.06569e-05,0.0,0.0,0.0,0.0,1.7632965276,1.0829631303,-0.8369423992,1.3686788232,0.0001069561,6.06569e-05,0.0,1,KKT conditions numerically satisfied for barrier-golden solution
baseline,2122,0.85,2619.7,0.35,0.45,0.35,0.45,0.6,1.8,3B,1,0.916261,0.96873,15171.372394,2427.575153,none,0.3162613458,0.8837386542,0.3687297968,0.8312702032,192.1248471007,0.0,0.0,0.0,0.0,0.0,0.0090623861,0.0063314502,0.0110550488,0.0,0.3162613458,0.0,1,KKT conditions numerically satisfied for barrier-golden solution
baseline,2122,0.9,2773.8,0.35,0.45,0.35,0.45,0.6,1.8,2B,1,1.096563,1.122278,14834.318113,2773.799915,deadline,0.4965627363,0.7034372637,0.5222783338,0.6777216662,8.48441e-05,0.0,0.0,0.0,0.0,1.1842679619,0.8164527395,-0.6413963799,1.0382602718,0.0001004782,8.48441e-05,0.0,1,KKT conditions numerically satisfied for barrier-golden solution
baseline,2122,0.9,2773.8,0.35,0.45,0.35,0.45,0.6,1.8,3B,1,0.916261,0.968729,15171.372394,2427.576741,none,0.3162606721,0.8837393279,0.3687292254,0.8312707746,346.223259086,0.0,0.0,0.0,0.0,0.0,0.0030690379,-0.0010418564,0.0032410583,0.0,0.3162606721,0.0,1,KKT conditions numerically satisfied for barrier-golden solution
baseline,2122,0.95,2927.9,0.35,0.45,0.35,0.45,0.6,1.8,2B,1,1.033476,1.067471,14688.767622,2927.899869,deadline,0.4334755365,0.7665244635,0.4674712918,0.7325287082,0.0001306882,0.0,0.0,0.0,0.0,0.7213992048,0.477646082,-0.3821901497,0.6117312238,9.42783e-05,0.0001306882,0.0,1,KKT conditions numerically satisfied for barrier-golden solution
baseline,2122,0.95,2927.9,0.35,0.45,0.35,0.45,0.6,1.8,3B,1,0.916261,0.968729,15171.372394,2427.57682,none,0.3162605852,0.8837394148,0.3687292415,0.8312707585,500.3231797589,0.0,0.0,0.0,0.0,0.0,0.0022960491,-0.0008342471,0.0024429101,0.0,0.3162605852,0.0,1,KKT conditions numerically satisfied for barrier-golden solution
baseline,2122,1.0,3082.0,0.35,0.45,0.35,0.45,0.6,1.8,2B,1,0.976172,1.018649,14607.424405,3081.99971,deadline,0.3761718078,0.8238281922,0.4186489569,0.7813510431,0.0002899055,0.0,0.0,0.0,0.0,0.3471671797,0.1183284327,-0.0966377797,0.1527759093,0.0001006457,0.0002899055,0.0,1,KKT conditions numerically satisfied for barrier-golden solution
baseline,2122,1.0,3082.0,0.35,0.45,0.35,0.45,0.6,1.8,3B,1,0.91626,0.968729,15171.372394,2427.577053,none,0.3162604621,0.8837395379,0.3687291781,0.8312708219,654.4229469073,0.0,0.0,0.0,0.0,0.0,0.0012009982,-0.0016524319,0.0020427745,0.0,0.3162604621,0.0,1,KKT conditions numerically satisfied for barrier-golden solution
baseline,2122,1.05,3236.1,0.35,0.45,0.35,0.45,0.6,1.8,2B,1,0.923846,0.974967,14578.251222,3236.097596,deadline,0.3238462867,0.8761537133,0.3749674461,0.8250325539,0.0024035783,0.0,0.0,0.0,0.0,0.0415128538,0.068981206,-0.0576199452,0.0898802807,9.97794e-05,0.0024035783,0.0,1,KKT conditions numerically satisfied for barrier-golden solution
baseline,2122,1.05,3236.1,0.35,0.45,0.35,0.45,0.6,1.8,3B,1,0.916262,0.96873,15171.372394,2427.574704,none,0.3162618316,0.8837381684,0.3687297105,0.8312702895,808.5252958051,0.0,0.0,0.0,0.0,0.0,0.0133844605,0.0052182331,0.014365714,0.0,0.3162618316,0.0,1,KKT conditions numerically satisfied for barrier-golden solution
baseline,2122,1.1,3390.2,0.35,0.45,0.35,0.45,0.6,1.8,2B,1,0.916261,0.968729,14577.766386,3259.56633,none,0.3162607312,0.8837392688,0.3687292374,0.8312707626,130.6336696135,0.0,0.0,0.0,0.0,0.0,0.0034547802,-0.000852985,0.0035585236,0.0,0.3162607312,0.0,1,KKT conditions numerically satisfied for barrier-golden solution
baseline,2122,1.1,3390.2,0.35,0.45,0.35,0.45,0.6,1.8,3B,1,0.916262,0.96873,15171.372394,2427.574878,none,0.3162617363,0.8837382637,0.3687296664,0.8312703336,962.6251224787,0.0,0.0,0.0,0.0,0.0,0.0125369062,0.0046486524,0.0133710129,0.0,0.3162617363,0.0,1,KKT conditions numerically satisfied for barrier-golden solution
baseline,2122,1.15,3544.3,0.35,0.45,0.35,0.45,0.6,1.8,2B,1,0.916261,0.96873,14577.766386,3259.56445,none,0.3162612903,0.8837387097,0.3687297708,0.8312702292,284.7355501455,0.0,0.0,0.0,0.0,0.0,0.008233243,0.0057608295,0.0100485545,0.0,0.3162612903,0.0,1,KKT conditions numerically satisfied for barrier-golden solution
baseline,2122,1.15,3544.3,0.35,0.45,0.35,0.45,0.6,1.8,3B,1,0.916262,0.96873,15171.372394,2427.575028,none,0.3162616522,0.8837383478,0.368729629,0.831270371,1116.7249716923,0.0,0.0,0.0,0.0,0.0,0.0117886466,0.0041664263,0.0125032515,0.0,0.3162616522,0.0,1,KKT conditions numerically satisfied for barrier-golden solution
baseline,2122,1.2,3698.4,0.35,0.45,0.35,0.45,0.6,1.8,2B,1,0.916261,0.968729,14577.766386,3259.566411,none,0.3162606991,0.8837393009,0.3687292212,0.8312707788,438.8335887262,0.0,0.0,0.0,0.0,0.0,0.003179693,-0.0010528852,0.0033494798,0.0,0.3162606991,0.0,1,KKT conditions numerically satisfied for barrier-golden solution
baseline,2122,1.2,3698.4,0.35,0.45,0.35,0.45,0.6,1.8,3B,1,0.916262,0.96873,15171.372394,2427.575097,none,0.3162616112,0.8837383888,0.3687296141,0.8312703859,1270.8249027751,0.0,0.0,0.0,0.0,0.0,0.0114232617,0.00397447,0.0120949295,0.0,0.3162616112,0.0,1,KKT conditions numerically satisfied for barrier-golden solution
baseline,2122,1.25,3852.5,0.35,0.45,0.35,0.45,0.6,1.8,2B,1,0.916261,0.968729,14577.766386,3259.566514,none,0.3162606198,0.8837393802,0.3687292328,0.8312707672,592.9334858136,0.0,0.0,0.0,0.0,0.0,0.0025023071,-0.000909082,0.0026623244,0.0,0.3162606198,0.0,1,KKT conditions numerically satisfied for barrier-golden solution
baseline,2122,1.25,3852.5,0.35,0.45,0.35,0.45,0.6,1.8,3B,1,0.916262,0.96873,15171.372394,2427.575176,none,0.3162615676,0.8837384324,0.3687295946,0.8312704054,1424.9248244529,0.0,0.0,0.0,0.0,0.0,0.011036249,0.003721981,0.0116469711,0.0,0.3162615676,0.0,1,KKT conditions numerically satisfied for barrier-golden solution
baseline,2122,1.3,4006.6,0.35,0.45,0.35,0.45,0.6,1.8,2B,1,0.916261,0.968729,14577.766386,3259.566555,none,0.3162605815,0.8837394185,0.3687292434,0.8312707566,747.0334453692,0.0,0.0,0.0,0.0,0.0,0.0021748234,-0.0007780551,0.0023098109,0.0,0.3162605815,0.0,1,KKT conditions numerically satisfied for barrier-golden solution
baseline,2122,1.3,4006.6,0.35,0.45,0.35,0.45,0.6,1.8,3B,1,0.916262,0.96873,15171.372394,2427.575202,none,0.3162615487,0.8837384513,0.3687295913,0.8312704087,1579.0247975799,0.0,0.0,0.0,0.0,0.0,0.010867387,0.0036792198,0.0114733063,0.0,0.3162615487,0.0,1,KKT conditions numerically satisfied for barrier-golden solution
baseline,2122,1.35,4160.7,0.35,0.45,0.35,0.45,0.6,1.8,2B,1,0.91626,0.968729,14577.766386,3259.566855,none,0.3162604734,0.8837395266,0.368729174,0.831270826,901.1331450217,0.0,0.0,0.0,0.0,0.0,0.0012507893,-0.0016387735,0.0020615656,0.0,0.3162604734,0.0,1,KKT conditions numerically satisfied for barrier-golden solution
baseline,2122,1.35,4160.7,0.35,0.45,0.35,0.45,0.6,1.8,3B,1,0.916262,0.96873,15171.372394,2427.575242,none,0.3162615251,0.8837384749,0.3687295824,0.8312704176,1733.1247576062,0.0,0.0,0.0,0.0,0.0,0.0106576304,0.0035652337,0.0112381483,0.0,0.3162615251,0.0,1,KKT conditions numerically satisfied for barrier-golden solution
baseline,2122,1.4,4314.8,0.35,0.45,0.35,0.45,0.6,1.8,2B,1,0.916262,0.96873,14577.766386,3259.563506,none,0.3162619252,0.8837380748,0.3687297411,0.8312702589,1055.2364935204,0.0,0.0,0.0,0.0,0.0,0.0136607729,0.0053934737,0.0146869423,0.0,0.3162619252,0.0,1,KKT conditions numerically satisfied for barrier-golden solution
baseline,2122,1.4,4314.8,0.35,0.45,0.35,0.45,0.6,1.8,3B,1,0.916261,0.96873,15171.372394,2427.575304,none,0.3162614907,0.8837385093,0.3687295674,0.8312704326,1887.224696286,0.0,0.0,0.0,0.0,0.0,0.0103515717,0.0033712735,0.0108867131,0.0,0.3162614907,0.0,1,KKT conditions numerically satisfied for barrier-golden solution
baseline,2122,1.5,4623.0,0.35,0.45,0.35,0.45,0.6,1.8,2B,1,0.916262,0.96873,14577.766386,3259.563866,none,0.3162617734,0.8837382266,0.3687296767,0.8312703233,1363.4361339014,0.0,0.0,0.0,0.0,0.0,0.0123635584,0.0045949607,0.0131898158,0.0,0.3162617734,0.0,1,KKT conditions numerically satisfied for barrier-golden solution
baseline,2122,1.5,4623.0,0.35,0.45,0.35,0.45,0.6,1.8,3B,1,0.916261,0.96873,15171.372394,2427.575383,none,0.3162614478,0.8837385522,0.3687295467,0.8312704533,2195.4246171121,0.0,0.0,0.0,0.0,0.0,0.0099699536,0.0031043609,0.0104420798,0.0,0.3162614478,0.0,1,KKT conditions numerically satisfied for barrier-golden solution
baseline,2211,0.7,1454.366667,0.35,0.45,0.35,0.45,0.6,1.8,2B,1,1.430464,1.424802,9960.572409,1454.366642,deadline,0.8304636145,0.3695363855,0.8248021072,0.3751978928,2.47407e-05,0.0,0.0,0.0,0.0,4.1700814535,0.0310018665,-0.061513906,0.0688845146,0.0001031706,2.47407e-05,0.0,1,KKT conditions numerically satisfied for barrier-golden solution
baseline,2211,0.7,1454.366667,0.35,0.45,0.35,0.45,0.6,1.8,3B,1,1.023466,1.059004,9292.902669,1454.366549,deadline,0.4234660578,0.7765339422,0.4590038478,0.7409961522,0.0001177873,0.0,0.0,0.0,0.0,0.8477465274,-0.1093883931,0.2342337255,0.2585174244,9.98538e-05,0.0001177873,0.0,1,KKT conditions numerically satisfied for barrier-golden solution
baseline,2211,0.75,1558.25,0.35,0.45,0.35,0.45,0.6,1.8,2B,1,1.332627,1.334748,9586.197054,1558.24997,deadline,0.732627094,0.467372906,0.7347481363,0.4652518637,2.96509e-05,0.0,0.0,0.0,0.0,3.0872544861,-0.1758439213,0.3528082437,0.3942013971,9.154e-05,2.96509e-05,0.0,1,KKT conditions numerically satisfied for barrier-golden solution
baseline,2211,0.75,1558.25,0.35,0.45,0.35,0.45,0.6,1.8,3B,1,0.951005,0.997587,9237.07655,1558.24961,deadline,0.3510048757,0.8489951243,0.3975868839,0.8024131161,0.0003900799,0.0,0.0,0.0,0.0,0.2544249796,-0.0938175689,0.2064667609,0.2267824059,9.92461e-05,0.0003900799,0.0,1,KKT conditions numerically satisfied for barrier-golden solution
baseline,2211,0.8,1662.133333,0.35,0.45,0.35,0.45,0.6,1.8,2B,1,1.246754,1.256543,9310.350564,1662.133288,deadline,0.6467540903,0.5532459097,0.6565428932,0.5434571068,4.57422e-05,0.0,0.0,0.0,0.0,2.2588642092,-0.2149012782,0.4365781813,0.4866036044,0.0001033255,4.57422e-05,0.0,1,KKT conditions numerically satisfied for barrier-golden solution
baseline,2211,0.8,1662.133333,0.35,0.45,0.35,0.45,0.6,1.8,3B,1,0.916261,0.96873,9230.242205,1613.246996,none,0.3162613234,0.8837386766,0.3687301039,0.8312698961,48.8863373145,0.0,0.0,0.0,0.0,0.0,0.0083955115,0.0036565632,0.0091572413,0.0,0.3162613234,0.0,1,KKT conditions numerically satisfied for barrier-golden solution
baseline,2211,0.85,1766.016667,0.35,0.45,0.35,0.45,0.6,1.8,2B,1,1.170727,1.188129,9110.506466,1766.016602,deadline,0.5707268968,0.6292731032,0.5881288521,0.6118711479,6.43282e-05,0.0,0.0,0.0,0.0,1.6145112757,-0.1080911102,0.2226567498,0.2475070026,0.0001038586,6.43282e-05,0.0,1,KKT conditions numerically satisfied for barrier-golden solution
baseline,2211,0.85,1766.016667,0.35,0.45,0.35,0.45,0.6,1.8,3B,1,0.916261,0.96873,9230.242205,1613.247884,none,0.3162606065,0.8837393935,0.368730045,0.831269955,152.7687822891,0.0,0.0,0.0,0.0,0.0,0.0023546952,0.0033868906,0.0041249991,0.0,0.3162606065,0.0,1,KKT conditions numerically satisfied for barrier-golden solution
baseline,2211,0.9,1869.9,0.35,0.45,0.35,0.45,0.6,1.8,2B,1,1.102845,1.128021,8970.211981,1869.899911,deadline,0.5028448047,0.6971551953,0.5280213024,0.6719786976,8.8758e-05,0.0,0.0,0.0,0.0,1.1057998857,-0.1554172817,0.3251884437,0.3604192772,9.81486e-05,8.8758e-05,0.0,1,KKT conditions numerically satisfied for barrier-golden solution
baseline,2211,0.9,1869.9,0.35,0.45,0.35,0.45,0.6,1.8,3B,1,0.91626,0.96873,9230.242205,1613.248386,none,0.316260326,0.883739674,0.368729734,0.831270266,256.6516140535,0.0,0.0,0.0,0.0,0.0,-8.681e-06,0.001961062,0.0019610812,0.0,0.316260326,0.0,1,KKT conditions numerically satisfied for barrier-golden solution
baseline,2211,0.95,1973.783333,0.35,0.45,0.35,0.45,0.6,1.8,2B,1,1.04185,1.074879,8877.222448,1973.783185,deadline,0.4418498609,0.7581501391,0.4748788679,0.7251211321,0.0001487005,0.0,0.0,0.0,0.0,0.6990428367,-0.1763741943,0.375468763,0.4148308672,0.000103948,0.0001487005,0.0,1,KKT conditions numerically satisfied for barrier-golden solution
baseline,2211,0.95,1973.783333,0.35,0.45,0.35,0.45,0.6,1.8,3B,1,0.916261,0.96873,9230.242205,1613.24717,none,0.3162611897,0.8837388103,0.3687300777,0.8312699223,360.5361635378,0.0,0.0,0.0,0.0,0.0,0.0072692328,0.0035364424,0.0080838215,0.0,0.3162611897,0.0,1,KKT conditions numerically satisfied for barrier-golden solution
baseline,2211,1.0,2077.666667,0.35,0.45,0.35,0.45,0.6,1.8,2B,1,0.986726,1.027649,8822.271746,2077.666394,deadline,0.3867261325,0.8132738675,0.4276491683,0.7723508317,0.0002725534,0.0,0.0,0.0,0.0,0.3700980869,-0.0890714221,0.1932256922,0.2127672116,0.0001008715,0.0002725534,0.0,1,KKT conditions numerically satisfied for barrier-golden solution
baseline,2211,1.0,2077.666667,0.35,0.45,0.35,0.45,0.6,1.8,3B,1,0.916261,0.96873,9230.242205,1613.247381,none,0.3162610587,0.8837389413,0.368729976,0.831270024,464.4192859399,0.0,0.0,0.0,0.0,0.0,0.0061654454,0.0030704501,0.0068876978,0.0,0.3162610587,0.0,1,KKT conditions numerically satisfied for barrier-golden solution
baseline,2211,1.05,2181.55,0.35,0.45,0.35,0.45,0.6,1.8,2B,1,0.936614,0.985565,8798.242477,2181.549018,deadline,0.3366137236,0.8633862764,0.3855648568,0.8144351432,0.0009824185,0.0,0.0,0.0,0.0,0.1013024967,-0.0290534256,0.0643393584,0.0705950039,9.95214e-05,0.0009824185,0.0,1,KKT conditions numerically satisfied for barrier-golden solution
baseline,2211,1.05,2181.55,0.35,0.45,0.35,0.45,0.6,1.8,3B,1,0.91626,0.96873,9230.242205,1613.248471,none,0.3162603529,0.8837396471,0.3687295152,0.8312704848,568.3015291948,0.0,0.0,0.0,0.0,0.0,0.0002178761,0.00095807,0.0009825315,0.0,0.3162603529,0.0,1,KKT conditions numerically satisfied for barrier-golden solution
baseline,2211,1.1,2285.433333,0.35,0.45,0.35,0.45,0.6,1.8,2B,1,0.916262,0.96873,8795.991222,2226.609059,none,0.3162615107,0.8837384893,0.3687302894,0.8312697106,58.8242739923,0.0,0.0,0.0,0.0,0.0,0.0095047774,0.0042952487,0.0104302423,0.0,0.3162615107,0.0,1,KKT conditions numerically satisfied for barrier-golden solution
baseline,2211,1.1,2285.433333,0.35,0.45,0.35,0.45,0.6,1.8,3B,1,0.91626,0.96873,9230.242205,1613.248486,none,0.3162603387,0.8837396613,0.3687295194,0.8312704806,672.1848477233,0.0,0.0,0.0,0.0,0.0,9.76415e-05,0.000977365,0.0009822302,0.0,0.3162603387,0.0,1,KKT conditions numerically satisfied for barrier-golden solution
baseline,2211,1.15,2389.316667,0.35,0.45,0.35,0.45,0.6,1.8,2B,1,0.916261,0.96873,8795.991222,2226.610468,none,0.3162606871,0.8837393129,0.3687302217,0.8312697783,162.7061984993,0.0,0.0,0.0,0.0,0.0,0.0028908996,0.003999283,0.0049347305,0.0,0.3162606871,0.0,1,KKT conditions numerically satisfied for barrier-golden solution
baseline,2211,1.15,2389.316667,0.35,0.45,0.35,0.45,0.6,1.8,3B,1,0.91626,0.96873,9230.242205,1613.248593,none,0.3162601181,0.8837398819,0.3687298107,0.8312701893,776.0680731701,0.0,0.0,0.0,0.0,0.0,-0.0017610007,0.0023127212,0.0029068545,0.0,0.3162601181,0.0,1,KKT conditions numerically satisfied for barrier-golden solution
baseline,2211,1.2,2493.2,0.35,0.45,0.35,0.45,0.6,1.8,2B,1,0.916261,0.96873,8795.991222,2226.61088,none,0.3162605535,0.8837394465,0.3687299623,0.8312700377,266.5891200482,0.0,0.0,0.0,0.0,0.0,0.0018182627,0.0028663097,0.0033943792,0.0,0.3162605535,0.0,1,KKT conditions numerically satisfied for barrier-golden solution
baseline,2211,1.2,2493.2,0.35,0.45,0.35,0.45,0.6,1.8,3B,1,0.91626,0.96873,9230.242205,1613.248647,none,0.316260099,0.883739901,0.3687297531,0.8312702469,879.9513528374,0.0,0.0,0.0,0.0,0.0,-0.001922119,0.0020485818,0.0028091331,0.0,0.316260099,0.0,1,KKT conditions numerically satisfied for barrier-golden solution
baseline,2211,1.25,2597.083333,0.35,0.45,0.35,0.45,0.6,1.8,2B,1,0.91626,0.96873,8795.991222,2226.611413,none,0.3162603274,0.8837396726,0.368729746,0.831270254,370.4719206886,0.0,0.0,0.0,0.0,0.0,2.5075e-06,0.0019213581,0.0019213598,0.0,0.3162603274,0.0,1,KKT conditions numerically satisfied for barrier-golden solution
baseline,2211,1.25,2597.083333,0.35,0.45,0.35,0.45,0.6,1.8,3B,1,0.916261,0.968731,9230.242205,1613.24692,none,0.3162610153,0.8837389847,0.3687309345,0.8312690655,983.8364132246,0.0,0.0,0.0,0.0,0.0,0.005799612,0.0074641411,0.0094524548,0.0,0.3162610153,0.0,1,KKT conditions numerically satisfied for barrier-golden solution
baseline,2211,1.3,2700.966667,0.35,0.45,0.35,0.45,0.6,1.8,2B,1,0.916261,0.96873,8795.991222,2226.609579,none,0.3162612625,0.8837387375,0.3687301401,0.8312698599,474.3570877034,0.0,0.0,0.0,0.0,0.0,0.0075122269,0.0036426602,0.0083488039,0.0,0.3162612625,0.0,1,KKT conditions numerically satisfied for barrier-golden solution
baseline,2211,1.3,2700.966667,0.35,0.45,0.35,0.45,0.6,1.8,3B,1,0.916261,0.968731,9230.242205,1613.246999,none,0.3162609555,0.8837390445,0.3687309205,0.8312690795,1087.7196675349,0.0,0.0,0.0,0.0,0.0,0.0052954924,0.0073997364,0.0090993593,0.0,0.3162609555,0.0,1,KKT conditions numerically satisfied for barrier-golden solution
baseline,2211,1.35,2804.85,0.35,0.45,0.35,0.45,0.6,1.8,2B,1,0.916261,0.96873,8795.991222,2226.609832,none,0.3162611522,0.8837388478,0.3687300438,0.8312699562,578.2401680371,0.0,0.0,0.0,0.0,0.0,0.0066264098,0.003222358,0.0073683715,0.0,0.3162611522,0.0,1,KKT conditions numerically satisfied for barrier-golden solution
baseline,2211,1.35,2804.85,0.35,0.45,0.35,0.45,0.6,1.8,3B,1,0.916261,0.968731,9230.242205,1613.247021,none,0.316260926,0.883739074,0.3687309448,0.8312690552,1191.6029786125,0.0,0.0,0.0,0.0,0.0,0.0050468251,0.0075113405,0.0090493469,0.0,0.316260926,0.0,1,KKT conditions numerically satisfied for barrier-golden solution
baseline,2211,1.4,2908.733333,0.35,0.45,0.35,0.45,0.6,1.8,2B,1,0.916261,0.96873,8795.991222,2226.610014,none,0.3162610657,0.8837389343,0.3687299904,0.8312700096,682.1233190512,0.0,0.0,0.0,0.0,0.0,0.005931102,0.0029887448,0.0066415786,0.0,0.3162610657,0.0,1,KKT conditions numerically satisfied for barrier-golden solution
baseline,2211,1.4,2908.733333,0.35,0.45,0.35,0.45,0.6,1.8,3B,1,0.916261,0.968731,9230.242205,1613.247067,none,0.3162608901,0.8837391099,0.3687309389,0.8312690611,1295.4862658666,0.0,0.0,0.0,0.0,0.0,0.0047442112,0.0074843113,0.0088612897,0.0,0.3162608901,0.0,1,KKT conditions numerically satisfied for barrier-golden solution
baseline,2211,1.5,3116.5,0.35,0.45,0.35,0.45,0.6,1.8,2B,1,0.91626,0.96873,8795.991222,2226.611558,none,0.31626034,0.88373966,0.3687295209,0.8312704791,889.8884421106,0.0,0.0,0.0,0.0,0.0,0.0001041514,0.0009380371,0.0009438014,0.0,0.31626034,0.0,1,KKT conditions numerically satisfied for barrier-golden solution
baseline,2211,1.5,3116.5,0.35,0.45,0.35,0.45,0.6,1.8,3B,1,0.916261,0.968731,9230.242205,1613.247121,none,0.3162608389,0.8837391611,0.3687309535,0.8312690465,1503.2528791563,0.0,0.0,0.0,0.0,0.0,0.0043130598,0.0075510314,0.0086960083,0.0,0.3162608389,0.0,1,KKT conditions numerically satisfied for barrier-golden solution
baseline,2212,0.7,1846.833333,0.35,0.45,0.35,0.45,0.6,1.8,2B,1,1.430907,1.425469,14902.205482,1846.83331,deadline,0.8309072193,0.3690927807,0.8254689193,0.3745310807,2.32364e-05,0.0,0.0,0.0,0.0,4.9244973786,-0.9631288614,1.2744291284,1.5974313153,0.0001144276,2.32364e-05,0.0,1,KKT conditions numerically satisfied for barrier-golden solution
baseline,2212,0.7,1846.833333,0.35,0.45,0.35,0.45,0.6,1.8,3B,1,0.952056,0.998431,13758.042545,1846.83303,deadline,0.3520557776,0.8479442224,0.3984309869,0.8015690131,0.0003032636,0.0,0.0,0.0,0.0,0.3278002081,-0.0828332954,0.1214660734,0.1470216372,9.94099e-05,0.0003032636,0.0,1,KKT conditions numerically satisfied for barrier-golden solution
baseline,2212,0.75,1978.75,0.35,0.45,0.35,0.45,0.6,1.8,2B,1,1.332349,1.334649,14341.338905,1978.749977,deadline,0.7323485489,0.4676514511,0.7346486826,0.4653513174,2.32561e-05,0.0,0.0,0.0,0.0,3.6377424405,-1.0347019845,1.3843701818,1.7283197033,8.45997e-05,2.32561e-05,0.0,1,KKT conditions numerically satisfied for barrier-golden solution
baseline,2212,0.75,1978.75,0.35,0.45,0.35,0.45,0.6,1.8,3B,1,0.916261,0.96873,13747.531839,1912.508512,none,0.3162607825,0.8837392175,0.3687299049,0.8312700951,66.2414881371,0.0,0.0,0.0,0.0,0.0,0.0048982081,0.0052540005,0.0071831027,0.0,0.3162607825,0.0,1,KKT conditions numerically satisfied for barrier-golden solution
baseline,2212,0.8,2110.666667,0.35,0.45,0.35,0.45,0.6,1.8,2B,1,1.245822,1.255614,13929.171619,2110.666631,deadline,0.6458222054,0.5541777946,0.6556142249,0.5443857751,3.56715e-05,0.0,0.0,0.0,0.0,2.6534005877,-0.1562832122,0.2116661377,0.263110236,9.46507e-05,3.56715e-05,0.0,1,KKT conditions numerically satisfied for barrier-golden solution
baseline,2212,0.8,2110.666667,0.35,0.45,0.35,0.45,0.6,1.8,3B,1,0.916261,0.96873,13747.531839,1912.508178,none,0.3162609434,0.8837390566,0.368730073,0.831269927,198.1584888935,0.0,0.0,0.0,0.0,0.0,0.0066280861,0.0067284355,0.0094447535,0.0,0.3162609434,0.0,1,KKT conditions numerically satisfied for barrier-golden solution
baseline,2212,0.85,2242.583333,0.35,0.45,0.35,0.45,0.6,1.8,2B,1,1.16903,1.18654,13631.699421,2242.583285,deadline,0.5690299015,0.6309700985,0.5865401629,0.6134598371,4.78541e-05,0.0,0.0,0.0,0.0,1.8876204868,0.0452132905,-0.0621038464,0.0768188087,9.03303e-05,4.78541e-05,0.0,1,KKT conditions numerically satisfied for barrier-golden solution
baseline,2212,0.85,2242.583333,0.35,0.45,0.35,0.45,0.6,1.8,3B,1,0.91626,0.96873,13747.531839,1912.509298,none,0.3162603572,0.8837396428,0.3687295797,0.8312704203,330.0740356345,0.0,0.0,0.0,0.0,0.0,0.0003241514,0.0024001062,0.0024218967,0.0,0.3162603572,0.0,1,KKT conditions numerically satisfied for barrier-golden solution
baseline,2212,0.9,2374.5,0.35,0.45,0.35,0.45,0.6,1.8,2B,1,1.100367,1.125768,13424.08458,2374.499917,deadline,0.5003668066,0.6996331934,0.5257676371,0.6742323629,8.29569e-05,0.0,0.0,0.0,0.0,1.2831737936,-0.0583997467,0.0815027489,0.1002657893,0.0001064481,8.29569e-05,0.0,1,KKT conditions numerically satisfied for barrier-golden solution
baseline,2212,0.9,2374.5,0.35,0.45,0.35,0.45,0.6,1.8,3B,1,0.91626,0.96873,13747.531839,1912.509324,none,0.3162603603,0.8837396397,0.3687295433,0.8312704567,461.9906762826,0.0,0.0,0.0,0.0,0.0,0.0003576359,0.0020807279,0.0021112395,0.0,0.3162603603,0.0,1,KKT conditions numerically satisfied for barrier-golden solution
baseline,2212,0.95,2506.416667,0.35,0.45,0.35,0.45,0.6,1.8,2B,1,1.038577,1.071974,13287.840663,2506.416537,deadline,0.4385767423,0.7614232577,0.4719741028,0.7280258972,0.0001294177,0.0,0.0,0.0,0.0,0.7999381977,-0.1022580304,0.1452538196,0.1776383317,0.0001035261,0.0001294177,0.0,1,KKT conditions numerically satisfied for barrier-golden solution
baseline,2212,0.95,2506.416667,0.35,0.45,0.35,0.45,0.6,1.8,3B,1,0.91626,0.968729,13747.531839,1912.509531,none,0.3162602599,0.8837397401,0.3687294399,0.8312705601,593.9071356236,0.0,0.0,0.0,0.0,0.0,-0.0007220838,0.0011732942,0.001377688,0.0,0.3162602599,0.0,1,KKT conditions numerically satisfied for barrier-golden solution
baseline,2212,1.0,2638.333333,0.35,0.45,0.35,0.45,0.6,1.8,2B,1,0.982623,1.024149,13208.97652,2638.333085,deadline,0.382622807,0.817377193,0.4241489747,0.7758510253,0.0002481532,0.0,0.0,0.0,0.0,0.4091817679,-0.1117757937,0.1618971069,0.1967345961,0.0001015398,0.0002481532,0.0,1,KKT conditions numerically satisfied for barrier-golden solution
baseline,2212,1.0,2638.333333,0.35,0.45,0.35,0.45,0.6,1.8,3B,1,0.916261,0.96873,13747.531839,1912.507634,none,0.3162611488,0.8837388512,0.3687304311,0.8312695689,725.8256997378,0.0,0.0,0.0,0.0,0.0,0.0088365382,0.0098709264,0.0132483808,0.0,0.3162611488,0.0,1,KKT conditions numerically satisfied for barrier-golden solution
baseline,2212,1.05,2770.25,0.35,0.45,0.35,0.45,0.6,1.8,2B,1,0.931674,0.981467,13176.743522,2770.248896,deadline,0.3316738654,0.8683261346,0.3814668932,0.8185331068,0.0011042117,0.0,0.0,0.0,0.0,0.0899922245,-0.0630195692,0.0932475972,0.1125459039,9.93705e-05,0.0011042117,0.0,1,KKT conditions numerically satisfied for barrier-golden solution
baseline,2212,1.05,2770.25,0.35,0.45,0.35,0.45,0.6,1.8,3B,1,0.916261,0.96873,13747.531839,1912.507776,none,0.3162610855,0.8837389145,0.3687303512,0.8312696488,857.7422236838,0.0,0.0,0.0,0.0,0.0,0.0081560927,0.0091698626,0.0122722544,0.0,0.3162610855,0.0,1,KKT conditions numerically satisfied for barrier-golden solution
baseline,2212,1.1,2902.166667,0.35,0.45,0.35,0.45,0.6,1.8,2B,1,0.916261,0.96873,13174.856501,2812.61685,none,0.3162608365,0.8837391635,0.3687299764,0.8312700236,89.5498168023,0.0,0.0,0.0,0.0,0.0,0.0052506998,0.0056362075,0.0077030308,0.0,0.3162608365,0.0,1,KKT conditions numerically satisfied for barrier-golden solution
baseline,2212,1.1,2902.166667,0.35,0.45,0.35,0.45,0.6,1.8,3B,1,0.916261,0.96873,13747.531839,1912.507878,none,0.3162610411,0.8837389589,0.3687302937,0.8312697063,989.6587890174,0.0,0.0,0.0,0.0,0.0,0.0076784221,0.0086654709,0.0115779339,0.0,0.3162610411,0.0,1,KKT conditions numerically satisfied for barrier-golden solution
baseline,2212,1.15,3034.083333,0.35,0.45,0.35,0.45,0.6,1.8,2B,1,0.916261,0.96873,13174.856501,2812.615957,none,0.3162611237,0.8837388763,0.3687302896,0.8312697104,221.4673765417,0.0,0.0,0.0,0.0,0.0,0.00821017,0.0082701617,0.0116534315,0.0,0.3162611237,0.0,1,KKT conditions numerically satisfied for barrier-golden solution
baseline,2212,1.15,3034.083333,0.35,0.45,0.35,0.45,0.6,1.8,3B,1,0.916261,0.96873,13747.531839,1912.50794,none,0.3162610142,0.8837389858,0.3687302573,0.8312697427,1121.5753930379,0.0,0.0,0.0,0.0,0.0,0.0073893579,0.0083460552,0.0111471632,0.0,0.3162610142,0.0,1,KKT conditions numerically satisfied for barrier-golden solution
baseline,2212,1.2,3166.0,0.35,0.45,0.35,0.45,0.6,1.8,2B,1,0.916261,0.96873,13174.856501,2812.616734,none,0.3162608853,0.8837391147,0.3687299996,0.8312700004,353.3832655492,0.0,0.0,0.0,0.0,0.0,0.005752908,0.005830973,0.0081912268,0.0,0.3162608853,0.0,1,KKT conditions numerically satisfied for barrier-golden solution
baseline,2212,1.2,3166.0,0.35,0.45,0.35,0.45,0.6,1.8,3B,1,0.916261,0.96873,13747.531839,1912.507997,none,0.316260989,0.883739011,0.3687302257,0.8312697743,1253.4920030247,0.0,0.0,0.0,0.0,0.0,0.0071182933,0.0080686491,0.0107597954,0.0,0.316260989,0.0,1,KKT conditions numerically satisfied for barrier-golden solution
baseline,2212,1.25,3297.916667,0.35,0.45,0.35,0.45,0.6,1.8,2B,1,0.916261,0.96873,13174.856501,2812.617037,none,0.3162607902,0.8837392098,0.3687298903,0.8312701097,485.2996299025,0.0,0.0,0.0,0.0,0.0,0.0047732158,0.0049124612,0.0068495156,0.0,0.3162607902,0.0,1,KKT conditions numerically satisfied for barrier-golden solution
baseline,2212,1.25,3297.916667,0.35,0.45,0.35,0.45,0.6,1.8,3B,1,0.916261,0.96873,13747.531839,1912.508036,none,0.3162609737,0.8837390263,0.3687302014,0.8312697986,1385.4086311502,0.0,0.0,0.0,0.0,0.0,0.0069542673,0.0078553415,0.0104913404,0.0,0.3162609737,0.0,1,KKT conditions numerically satisfied for barrier-golden solution
baseline,2212,1.3,3429.833333,0.35,0.45,0.35,0.45,0.6,1.8,2B,1,0.91626,0.96873,13174.856501,2812.618215,none,0.3162603577,0.8837396423,0.3687295567,0.8312704433,617.2151179742,0.0,0.0,0.0,0.0,0.0,0.0003159326,0.0021072564,0.002130808,0.0,0.3162603577,0.0,1,KKT conditions numerically satisfied for barrier-golden solution
baseline,2212,1.3,3429.833333,0.35,0.45,0.35,0.45,0.6,1.8,3B,1,0.916261,0.96873,13747.531839,1912.508089,none,0.3162609485,0.8837390515,0.3687301734,0.8312698266,1517.325244119,0.0,0.0,0.0,0.0,0.0,0.0066829062,0.007610234,0.0101280254,0.0,0.3162609485,0.0,1,KKT conditions numerically satisfied for barrier-golden solution
baseline,2212,1.35,3561.75,0.35,0.45,0.35,0.45,0.6,1.8,2B,1,0.91626,0.96873,13174.856501,2812.618238,none,0.3162603585,0.8837396415,0.3687295371,0.8312704629,749.1317623996,0.0,0.0,0.0,0.0,0.0,0.0003242641,0.0019418993,0.0019687864,0.0,0.3162603585,0.0,1,KKT conditions numerically satisfied for barrier-golden solution
baseline,2212,1.35,3561.75,0.35,0.45,0.35,0.45,0.6,1.8,3B,1,0.916261,0.96873,13747.531839,1912.508089,none,0.3162609488,0.8837390512,0.3687301731,0.8312698269,1649.2419107998,0.0,0.0,0.0,0.0,0.0,0.0066855808,0.0076071332,0.010127461,0.0,0.3162609488,0.0,1,KKT conditions numerically satisfied for barrier-golden solution
baseline,2212,1.4,3693.666667,0.35,0.45,0.35,0.45,0.6,1.8,2B,1,0.91626,0.968729,13174.856501,2812.618487,none,0.3162602716,0.8837397284,0.3687294599,0.8312705401,881.0481799347,0.0,0.0,0.0,0.0,0.0,-0.000572078,0.0012931916,0.0014140784,0.0,0.3162602716,0.0,1,KKT conditions numerically satisfied for barrier-golden solution
baseline,2212,1.4,3693.666667,0.35,0.45,0.35,0.45,0.6,1.8,3B,1,0.916261,0.96873,13747.531839,1912.50816,none,0.3162609184,0.8837390816,0.3687301314,0.8312698686,1781.1585062887,0.0,0.0,0.0,0.0,0.0,0.0063596562,0.0072411682,0.0096374138,0.0,0.3162609184,0.0,1,KKT conditions numerically satisfied for barrier-golden solution
baseline,2212,1.5,3957.5,0.35,0.45,0.35,0.45,0.6,1.8,2B,1,0.916261,0.96873,13174.856501,2812.615707,none,0.3162611577,0.8837388423,0.3687304462,0.8312695538,1144.8842927834,0.0,0.0,0.0,0.0,0.0,0.0085600864,0.0095864604,0.0128520544,0.0,0.3162611577,0.0,1,KKT conditions numerically satisfied for barrier-golden solution
baseline,2212,1.5,3957.5,0.35,0.45,0.35,0.45,0.6,1.8,3B,1,0.916261,0.96873,13747.531839,1912.508187,none,0.3162609064,0.8837390936,0.3687301168,0.8312698832,2044.9918130005,0.0,0.0,0.0,0.0,0.0,0.0062303581,0.007113289,0.0094560162,0.0,0.3162609064,0.0,1,KKT conditions numerically satisfied for barrier-golden solution
baseline,2221,0.7,1800.633333,0.35,0.45,0.35,0.45,0.6,1.8,2B,1,1.430926,1.425444,12056.27856,1800.633312,deadline,0.8309262366,0.3690737634,0.8254437531,0.3745562469,2.10261e-05,0.0,0.0,0.0,0.0,4.0862959238,-0.6392350833,0.8457948097,1.0601841122,8.59189e-05,2.10261e-05,0.0,1,KKT conditions numerically satisfied for barrier-golden solution
baseline,2221,0.7,1800.633333,0.35,0.45,0.35,0.45,0.6,1.8,3B,1,0.951984,0.99837,11170.849784,1800.632963,deadline,0.3519837474,0.8480162526,0.3983701497,0.8016298503,0.0003702979,0.0,0.0,0.0,0.0,0.2724340568,-0.0651539,0.0955439651,0.1156446278,0.0001008818,0.0003702979,0.0,1,KKT conditions numerically satisfied for barrier-golden solution
baseline,2221,0.75,1929.25,0.35,0.45,0.35,0.45,0.6,1.8,2B,1,1.332437,1.33453,11602.522612,1929.249965,deadline,0.7324371366,0.4675628634,0.7345301961,0.4654698039,3.51662e-05,0.0,0.0,0.0,0.0,3.0186467664,-0.1858833394,0.2486237173,0.3104293296,0.0001061543,3.51662e-05,0.0,1,KKT conditions numerically satisfied for barrier-golden solution
baseline,2221,0.75,1929.25,0.35,0.45,0.35,0.45,0.6,1.8,3B,1,0.916261,0.96873,11162.349724,1864.535677,none,0.3162608772,0.8837391228,0.3687300306,0.8312699694,64.7143227123,0.0,0.0,0.0,0.0,0.0,0.0048035279,0.0051612846,0.0070507262,0.0,0.3162608772,0.0,1,KKT conditions numerically satisfied for barrier-golden solution
baseline,2221,0.8,2057.866667,0.35,0.45,0.35,0.45,0.6,1.8,2B,1,1.245834,1.255598,11269.068472,2057.866625,deadline,0.6458343227,0.5541656773,0.6555978244,0.5444021756,4.20921e-05,0.0,0.0,0.0,0.0,2.2017625609,-0.0374767087,0.0507552189,0.0630919641,9.26768e-05,4.20921e-05,0.0,1,KKT conditions numerically satisfied for barrier-golden solution
baseline,2221,0.8,2057.866667,0.35,0.45,0.35,0.45,0.6,1.8,3B,1,0.916261,0.96873,11162.349724,1864.535223,none,0.3162610985,0.8837389015,0.3687302688,0.8312697312,193.3314431775,0.0,0.0,0.0,0.0,0.0,0.0067362782,0.0068586819,0.0096134781,0.0,0.3162610985,0.0,1,KKT conditions numerically satisfied for barrier-golden solution
baseline,2221,0.85,2186.483333,0.35,0.45,0.35,0.45,0.6,1.8,2B,1,1.169002,1.186578,11028.405612,2186.483269,deadline,0.569002446,0.630997554,0.5865779002,0.6134220998,6.46587e-05,0.0,0.0,0.0,0.0,1.5662920593,-0.1648709659,0.2264876835,0.2801412254,0.0001012745,6.46587e-05,0.0,1,KKT conditions numerically satisfied for barrier-golden solution
baseline,2221,0.85,2186.483333,0.35,0.45,0.35,0.45,0.6,1.8,3B,1,0.916261,0.96873,11162.349724,1864.535736,none,0.3162608639,0.8837391361,0.3687299764,0.8312700236,321.9475969227,0.0,0.0,0.0,0.0,0.0,0.0046872708,0.0047753005,0.0066913379,0.0,0.3162608639,0.0,1,KKT conditions numerically satisfied for barrier-golden solution
baseline,2221,0.9,2315.1,0.35,0.45,0.35,0.45,0.6,1.8,2B,1,1.100355,1.125784,10860.439689,2315.099912,deadline,0.5003550218,0.6996449782,0.5257840925,0.6742159075,8.78787e-05,0.0,0.0,0.0,0.0,1.0647474769,-0.1335792809,0.1864328307,0.2293482606,9.35687e-05,8.78787e-05,0.0,1,KKT conditions numerically satisfied for barrier-golden solution
baseline,2221,0.9,2315.1,0.35,0.45,0.35,0.45,0.6,1.8,3B,1,0.91626,0.96873,11162.349724,1864.536652,none,0.3162603578,0.8837396422,0.3687295844,0.8312704156,450.5633479904,0.0,0.0,0.0,0.0,0.0,0.0002684111,0.0019820584,0.00200015,0.0,0.3162603578,0.0,1,KKT conditions numerically satisfied for barrier-golden solution
baseline,2221,0.95,2443.716667,0.35,0.45,0.35,0.45,0.6,1.8,2B,1,1.038575,1.071977,10750.214758,2443.71652,deadline,0.4385746729,0.7614253271,0.4719770631,0.7280229369,0.0001462075,0.0,0.0,0.0,0.0,0.6637745456,-0.0979259033,0.139101513,0.170113825,9.70488e-05,0.0001462075,0.0,1,KKT conditions numerically satisfied for barrier-golden solution
baseline,2221,0.95,2443.716667,0.35,0.45,0.35,0.45,0.6,1.8,3B,1,0.91626,0.96873,11162.349724,1864.536649,none,0.3162603706,0.8837396294,0.3687295685,0.8312704315,579.1800172027,0.0,0.0,0.0,0.0,0.0,0.000380117,0.0018689215,0.0019071855,0.0,0.3162603706,0.0,1,KKT conditions numerically satisfied for barrier-golden solution
baseline,2221,1.0,2572.333333,0.35,0.45,0.35,0.45,0.6,1.8,2B,1,0.982619,1.024154,10686.411583,2572.333041,deadline,0.382619248,0.817380752,0.4241541774,0.7758458226,0.0002920553,0.0,0.0,0.0,0.0,0.339530223,-0.1165556628,0.1688232523,0.205149977,9.91616e-05,0.0002920553,0.0,1,KKT conditions numerically satisfied for barrier-golden solution
baseline,2221,1.0,2572.333333,0.35,0.45,0.35,0.45,0.6,1.8,3B,1,0.91626,0.96873,11162.349724,1864.536725,none,0.3162603422,0.8837396578,0.3687295156,0.8312704844,707.7966078747,0.0,0.0,0.0,0.0,0.0,0.0001324689,0.0014922273,0.0014980956,0.0,0.3162603422,0.0,1,KKT conditions numerically satisfied for barrier-golden solution
baseline,2221,1.05,2700.95,0.35,0.45,0.35,0.45,0.6,1.8,2B,1,0.931677,0.981463,10660.334235,2700.948667,deadline,0.3316765506,0.8683234494,0.3814631437,0.8185368563,0.0013325874,0.0,0.0,0.0,0.0,0.0746762116,-0.0321305681,0.0475417103,0.0573810737,9.95126e-05,0.0013325874,0.0,1,KKT conditions numerically satisfied for barrier-golden solution
baseline,2221,1.05,2700.95,0.35,0.45,0.35,0.45,0.6,1.8,3B,1,0.91626,0.968729,11162.349724,1864.536852,none,0.316260272,0.883739728,0.3687294617,0.8312705383,836.4131478976,0.0,0.0,0.0,0.0,0.0,-0.0004807401,0.0011083061,0.0012080785,0.0,0.316260272,0.0,1,KKT conditions numerically satisfied for barrier-golden solution
baseline,2221,1.1,2829.566667,0.35,0.45,0.35,0.45,0.6,1.8,2B,1,0.916261,0.96873,10658.807566,2742.256588,none,0.3162609641,0.8837390359,0.3687301451,0.8312698549,87.3100785217,0.0,0.0,0.0,0.0,0.0,0.0053111316,0.0057072406,0.0077961986,0.0,0.3162609641,0.0,1,KKT conditions numerically satisfied for barrier-golden solution
baseline,2221,1.1,2829.566667,0.35,0.45,0.35,0.45,0.6,1.8,3B,1,0.916261,0.968731,11162.349724,1864.534903,none,0.3162612033,0.8837387967,0.3687305143,0.8312694857,965.0317640066,0.0,0.0,0.0,0.0,0.0,0.0076512093,0.0086077715,0.0115167155,0.0,0.3162612033,0.0,1,KKT conditions numerically satisfied for barrier-golden solution
baseline,2221,1.15,2958.183333,0.35,0.45,0.35,0.45,0.6,1.8,2B,1,0.916261,0.968731,10658.807566,2742.255506,none,0.3162613201,0.8837386799,0.3687305359,0.8312694641,215.9278276231,0.0,0.0,0.0,0.0,0.0,0.0082793721,0.0083662244,0.0117703744,0.0,0.3162613201,0.0,1,KKT conditions numerically satisfied for barrier-golden solution
baseline,2221,1.15,2958.183333,0.35,0.45,0.35,0.45,0.6,1.8,3B,1,0.916261,0.96873,11162.349724,1864.534993,none,0.3162611625,0.8837388375,0.3687304624,0.8312695376,1093.6483405174,0.0,0.0,0.0,0.0,0.0,0.0072944381,0.0082374646,0.0110029382,0.0,0.3162611625,0.0,1,KKT conditions numerically satisfied for barrier-golden solution
baseline,2221,1.2,3086.8,0.35,0.45,0.35,0.45,0.6,1.8,2B,1,0.916261,0.96873,10658.807566,2742.256455,none,0.3162610224,0.8837389776,0.3687301716,0.8312698284,344.5435451354,0.0,0.0,0.0,0.0,0.0,0.0057974983,0.005887634,0.0082628821,0.0,0.3162610224,0.0,1,KKT conditions numerically satisfied for barrier-golden solution
baseline,2221,1.2,3086.8,0.35,0.45,0.35,0.45,0.6,1.8,3B,1,0.916261,0.96873,11162.349724,1864.53503,none,0.3162611449,0.8837388551,0.3687304418,0.8312695582,1222.2649698406,0.0,0.0,0.0,0.0,0.0,0.0071410001,0.0080909623,0.0107915501,0.0,0.3162611449,0.0,1,KKT conditions numerically satisfied for barrier-golden solution
baseline,2221,1.25,3215.416667,0.35,0.45,0.35,0.45,0.6,1.8,2B,1,0.916261,0.96873,10658.807566,2742.25688,none,0.316260888,0.883739112,0.3687300097,0.8312699903,473.1597863448,0.0,0.0,0.0,0.0,0.0,0.0046769793,0.0047863649,0.0066920419,0.0,0.316260888,0.0,1,KKT conditions numerically satisfied for barrier-golden solution
baseline,2221,1.25,3215.416667,0.35,0.45,0.35,0.45,0.6,1.8,3B,1,0.916261,0.96873,11162.349724,1864.535128,none,0.3162611017,0.8837388983,0.3687303834,0.8312696166,1350.8815384566,0.0,0.0,0.0,0.0,0.0,0.0067640335,0.0076747957,0.010230085,0.0,0.3162611017,0.0,1,KKT conditions numerically satisfied for barrier-golden solution
baseline,2221,1.3,3344.033333,0.35,0.45,0.35,0.45,0.6,1.8,2B,1,0.916261,0.96873,10658.807566,2742.257104,none,0.3162608171,0.8837391829,0.3687299249,0.8312700751,601.776229157,0.0,0.0,0.0,0.0,0.0,0.0040854237,0.0042093565,0.0058659499,0.0,0.3162608171,0.0,1,KKT conditions numerically satisfied for barrier-golden solution
baseline,2221,1.3,3344.033333,0.35,0.45,0.35,0.45,0.6,1.8,3B,1,0.916261,0.96873,11162.349724,1864.535135,none,0.316261099,0.883738901,0.3687303783,0.8312696217,1479.4981978843,0.0,0.0,0.0,0.0,0.0,0.0067405022,0.007638841,0.0101875543,0.0,0.316261099,0.0,1,KKT conditions numerically satisfied for barrier-golden solution
baseline,2221,1.35,3472.65,0.35,0.45,0.35,0.45,0.6,1.8,2B,1,0.91626,0.96873,10658.807566,2742.258293,none,0.3162603645,0.8837396355,0.3687295876,0.8312704124,730.3917072442,0.0,0.0,0.0,0.0,0.0,0.0003118387,0.0019150287,0.0019402521,0.0,0.3162603645,0.0,1,KKT conditions numerically satisfied for barrier-golden solution
baseline,2221,1.35,3472.65,0.35,0.45,0.35,0.45,0.6,1.8,3B,1,0.916261,0.96873,11162.349724,1864.535177,none,0.3162610798,0.8837389202,0.3687303553,0.8312696447,1608.1148232326,0.0,0.0,0.0,0.0,0.0,0.0065723265,0.0074748069,0.0099533016,0.0,0.3162610798,0.0,1,KKT conditions numerically satisfied for barrier-golden solution
baseline,2221,1.4,3601.266667,0.35,0.45,0.35,0.45,0.6,1.8,2B,1,0.91626,0.96873,10658.807566,2742.258303,none,0.3162603679,0.8837396321,0.3687295743,0.8312704257,859.0083641658,0.0,0.0,0.0,0.0,0.0,0.0003402229,0.0018240754,0.001855533,0.0,0.3162603679,0.0,1,KKT conditions numerically satisfied for barrier-golden solution
baseline,2221,1.4,3601.266667,0.35,0.45,0.35,0.45,0.6,1.8,3B,1,0.916261,0.96873,11162.349724,1864.535239,none,0.3162610525,0.8837389475,0.368730318,0.831269682,1736.7314275938,0.0,0.0,0.0,0.0,0.0,0.006334082,0.0072087809,0.0095962033,0.0,0.3162610525,0.0,1,KKT conditions numerically satisfied for barrier-golden solution
baseline,2221,1.5,3858.5,0.35,0.45,0.35,0.45,0.6,1.8,2B,1,0.91626,0.96873,10658.807566,2742.258346,none,0.3162603621,0.8837396379,0.3687295455,0.8312704545,1116.2416535672,0.0,0.0,0.0,0.0,0.0,0.0002920192,0.0016282766,0.0016542551,0.0,0.3162603621,0.0,1,KKT conditions numerically satisfied for barrier-golden solution
baseline,2221,1.5,3858.5,0.35,0.45,0.35,0.45,0.6,1.8,3B,1,0.916261,0.96873,11162.349724,1864.535284,none,0.3162610322,0.8837389678,0.3687302918,0.8312697082,1993.9647158713,0.0,0.0,0.0,0.0,0.0,0.0061571845,0.0070220148,0.0093391441,0.0,0.3162610322,0.0,1,KKT conditions numerically satisfied for barrier-golden solution
baseline,2222,0.7,2187.5,0.35,0.45,0.35,0.45,0.6,1.8,2B,1,1.431425,1.42573,16984.845519,2187.499981,deadline,0.8314245715,0.3685754285,0.8257296618,0.3742703382,1.91568e-05,0.0,0.0,0.0,0.0,4.7472447198,-0.1092959007,0.1084279652,0.1539552453,9.0942e-05,1.91568e-05,0.0,1,KKT conditions numerically satisfied for barrier-golden solution
baseline,2222,0.7,2187.5,0.35,0.45,0.35,0.45,0.6,1.8,3B,1,1.025941,1.06105,15720.413145,2187.499896,deadline,0.4259411332,0.7740588668,0.4610495783,0.7389504217,0.00010375,0.0,0.0,0.0,0.0,0.9694990294,0.1048582406,-0.1121576848,0.1535402125,0.0001005855,0.00010375,0.0,1,KKT conditions numerically satisfied for barrier-golden solution
baseline,2222,0.75,2343.75,0.35,0.45,0.35,0.45,0.6,1.8,2B,1,1.332322,1.334347,16344.944861,2343.749976,deadline,0.732321632,0.467678368,0.7343465999,0.4656534001,2.4184e-05,0.0,0.0,0.0,0.0,3.5008581325,0.1162157485,-0.1165692848,0.1646040654,8.46646e-05,2.4184e-05,0.0,1,KKT conditions numerically satisfied for barrier-golden solution
baseline,2222,0.75,2343.75,0.35,0.45,0.35,0.45,0.6,1.8,3B,1,0.950945,0.997473,15625.045039,2343.749643,deadline,0.3509450855,0.8490549145,0.3974729551,0.8025270449,0.0003572668,0.0,0.0,0.0,0.0,0.2830838884,0.0557319232,-0.0613190492,0.0828617708,0.0001011365,0.0003572668,0.0,1,KKT conditions numerically satisfied for barrier-golden solution
baseline,2222,0.8,2500.0,0.35,0.45,0.35,0.45,0.6,1.8,2B,1,1.245146,1.254892,15875.642933,2499.999961,deadline,0.6451458489,0.5548541511,0.6548921864,0.5451078136,3.94556e-05,0.0,0.0,0.0,0.0,2.5472821882,0.3977033154,-0.4039537011,0.5668743421,0.0001005045,3.94556e-05,0.0,1,KKT conditions numerically satisfied for barrier-golden solution
baseline,2222,0.8,2500.0,0.35,0.45,0.35,0.45,0.6,1.8,3B,1,0.916261,0.96873,15614.064848,2423.109589,none,0.3162609274,0.8837390726,0.3687297065,0.8312702935,76.89041137,0.0,0.0,0.0,0.0,0.0,0.006414419,0.0046534926,0.0079246303,0.0,0.3162609274,0.0,1,KKT conditions numerically satisfied for barrier-golden solution
baseline,2222,0.85,2656.25,0.35,0.45,0.35,0.45,0.6,1.8,2B,1,1.167745,1.185328,15537.92429,2656.24994,deadline,0.5677449774,0.6322550226,0.5853276339,0.6146723661,6.03254e-05,0.0,0.0,0.0,0.0,1.8055477789,0.4334550824,-0.4466063588,0.622366892,0.0001089204,6.03254e-05,0.0,1,KKT conditions numerically satisfied for barrier-golden solution
baseline,2222,0.85,2656.25,0.35,0.45,0.35,0.45,0.6,1.8,3B,1,0.916261,0.96873,15614.064848,2423.109189,none,0.3162611105,0.8837388895,0.3687298304,0.8312701696,233.1408108616,0.0,0.0,0.0,0.0,0.0,0.0083707482,0.0060936827,0.0103538589,0.0,0.3162611105,0.0,1,KKT conditions numerically satisfied for barrier-golden solution
baseline,2222,0.9,2812.5,0.35,0.45,0.35,0.45,0.6,1.8,2B,1,1.098485,1.12403,15303.290331,2812.499915,deadline,0.4984854536,0.7015145464,0.5240304427,0.6759695573,8.47734e-05,0.0,0.0,0.0,0.0,1.2201427237,0.3952032998,-0.4137977157,0.5722011863,0.0001034357,8.47734e-05,0.0,1,KKT conditions numerically satisfied for barrier-golden solution
baseline,2222,0.9,2812.5,0.35,0.45,0.35,0.45,0.6,1.8,3B,1,0.916261,0.968729,15614.064848,2423.110533,none,0.3162605291,0.8837394709,0.3687293752,0.8312706248,389.3894672432,0.0,0.0,0.0,0.0,0.0,0.0021586207,0.0008027919,0.0023030671,0.0,0.3162605291,0.0,1,KKT conditions numerically satisfied for barrier-golden solution
baseline,2222,0.95,2968.75,0.35,0.45,0.35,0.45,0.6,1.8,2B,1,1.036051,1.069751,15150.528755,2968.749871,deadline,0.43605144,0.76394856,0.4697511137,0.7302488863,0.0001293647,0.0,0.0,0.0,0.0,0.7521652444,0.1064429878,-0.1134801532,0.1555887361,9.73036e-05,0.0001293647,0.0,1,KKT conditions numerically satisfied for barrier-golden solution
baseline,2222,0.95,2968.75,0.35,0.45,0.35,0.45,0.6,1.8,3B,1,0.91626,0.968729,15614.064848,2423.110605,none,0.3162604899,0.8837395101,0.36872936,0.83127064,545.6393954818,0.0,0.0,0.0,0.0,0.0,0.0017402335,0.0006255263,0.0018492419,0.0,0.3162604899,0.0,1,KKT conditions numerically satisfied for barrier-golden solution
baseline,2222,1.0,3125.0,0.35,0.45,0.35,0.45,0.6,1.8,2B,1,0.979453,1.021428,15063.584111,3124.999725,deadline,0.3794529954,0.8205470046,0.4214277323,0.7785722677,0.0002753132,0.0,0.0,0.0,0.0,0.3737769421,0.0675697298,-0.0734852668,0.0998286173,0.0001029057,0.0002753132,0.0,1,KKT conditions numerically satisfied for barrier-golden solution
baseline,2222,1.0,3125.0,0.35,0.45,0.35,0.45,0.6,1.8,3B,1,0.916262,0.96873,15614.064848,2423.108386,none,0.3162615122,0.8837384878,0.3687300423,0.8312699577,701.8916144596,0.0,0.0,0.0,0.0,0.0,0.0126625772,0.0085570786,0.0152828157,0.0,0.3162615122,0.0,1,KKT conditions numerically satisfied for barrier-golden solution
baseline,2222,1.05,3281.25,0.35,0.45,0.35,0.45,0.6,1.8,2B,1,0.927832,0.978265,15030.120419,3281.248449,deadline,0.3278317619,0.8721682381,0.3782654764,0.8217345236,0.0015509141,0.0,0.0,0.0,0.0,0.0647337742,0.0311301886,-0.0346064249,0.0465477528,0.0001003965,0.0015509141,0.0,1,KKT conditions numerically satisfied for barrier-golden solution
baseline,2222,1.05,3281.25,0.35,0.45,0.35,0.45,0.6,1.8,3B,1,0.916261,0.96873,15614.064848,2423.108604,none,0.3162614122,0.8837385878,0.3687299743,0.8312700257,858.1413958052,0.0,0.0,0.0,0.0,0.0,0.0115936024,0.0077666452,0.0139546549,0.0,0.3162614122,0.0,1,KKT conditions numerically satisfied for barrier-golden solution
baseline,2222,1.1,3437.5,0.35,0.45,0.35,0.45,0.6,1.8,2B,1,0.916261,0.96873,15028.932215,3318.237395,none,0.3162608874,0.8837391126,0.3687296801,0.8312703199,119.2626052208,0.0,0.0,0.0,0.0,0.0,0.0057621636,0.0041836994,0.0071208054,0.0,0.3162608874,0.0,1,KKT conditions numerically satisfied for barrier-golden solution
baseline,2222,1.1,3437.5,0.35,0.45,0.35,0.45,0.6,1.8,3B,1,0.916261,0.96873,15614.064848,2423.108751,none,0.3162613453,0.8837386547,0.3687299287,0.8312700713,1014.3912494686,0.0,0.0,0.0,0.0,0.0,0.0108796615,0.007235839,0.0130661548,0.0,0.3162613453,0.0,1,KKT conditions numerically satisfied for barrier-golden solution
baseline,2222,1.15,3593.75,0.35,0.45,0.35,0.45,0.6,1.8,2B,1,0.916261,0.96873,15028.932215,3318.236342,none,0.3162612387,0.8837387613,0.3687299199,0.8312700801,275.5136584078,0.0,0.0,0.0,0.0,0.0,0.0093752016,0.0068670145,0.0116211141,0.0,0.3162612387,0.0,1,KKT conditions numerically satisfied for barrier-golden solution
baseline,2222,1.15,3593.75,0.35,0.45,0.35,0.45,0.6,1.8,3B,1,0.916261,0.96873,15614.064848,2423.108905,none,0.3162612742,0.8837387258,0.3687298814,0.8312701186,1170.6410953391,0.0,0.0,0.0,0.0,0.0,0.0101198502,0.0066863134,0.0121292273,0.0,0.3162612742,0.0,1,KKT conditions numerically satisfied for barrier-golden solution
baseline,2222,1.2,3750.0,0.35,0.45,0.35,0.45,0.6,1.8,2B,1,0.916261,0.96873,15028.932215,3318.237131,none,0.3162609777,0.8837390223,0.3687297379,0.8312702621,431.7628694851,0.0,0.0,0.0,0.0,0.0,0.0066906741,0.0048303225,0.0082520988,0.0,0.3162609777,0.0,1,KKT conditions numerically satisfied for barrier-golden solution
baseline,2222,1.2,3750.0,0.35,0.45,0.35,0.45,0.6,1.8,3B,1,0.916261,0.96873,15614.064848,2423.108955,none,0.3162612521,0.8837387479,0.3687298649,0.8312701351,1326.8910453242,0.0,0.0,0.0,0.0,0.0,0.0098837035,0.0064953308,0.0118269573,0.0,0.3162612521,0.0,1,KKT conditions numerically satisfied for barrier-golden solution
baseline,2222,1.25,3906.25,0.35,0.45,0.35,0.45,0.6,1.8,2B,1,0.916261,0.968729,15028.932215,3318.238572,none,0.3162605272,0.8837394728,0.3687293754,0.8312706246,588.0114275556,0.0,0.0,0.0,0.0,0.0,0.0020577351,0.0007750718,0.0021988656,0.0,0.3162605272,0.0,1,KKT conditions numerically satisfied for barrier-golden solution
baseline,2222,1.25,3906.25,0.35,0.45,0.35,0.45,0.6,1.8,3B,1,0.916261,0.96873,15614.064848,2423.109024,none,0.3162612207,0.8837387793,0.3687298431,0.8312701569,1483.140975975,0.0,0.0,0.0,0.0,0.0,0.0095477843,0.0062408395,0.0114065009,0.0,0.3162612207,0.0,1,KKT conditions numerically satisfied for barrier-golden solution
baseline,2222,1.3,4062.5,0.35,0.45,0.35,0.45,0.6,1.8,2B,1,0.916261,0.968729,15028.932215,3318.238639,none,0.3162605001,0.8837394999,0.3687293655,0.8312706345,744.2613606826,0.0,0.0,0.0,0.0,0.0,0.0017799291,0.0006635426,0.0018995885,0.0,0.3162605001,0.0,1,KKT conditions numerically satisfied for barrier-golden solution
baseline,2222,1.3,4062.5,0.35,0.45,0.35,0.45,0.6,1.8,3B,1,0.916261,0.96873,15614.064848,2423.109085,none,0.3162611921,0.8837388079,0.3687298248,0.8312701752,1639.3909149982,0.0,0.0,0.0,0.0,0.0,0.009242784,0.006028791,0.0110351881,0.0,0.3162611921,0.0,1,KKT conditions numerically satisfied for barrier-golden solution
baseline,2222,1.35,4218.75,0.35,0.45,0.35,0.45,0.6,1.8,2B,1,0.91626,0.968729,15028.932215,3318.238923,none,0.3162604087,0.8837395913,0.3687292976,0.8312707024,900.5110773609,0.0,0.0,0.0,0.0,0.0,0.0008389923,-9.60284e-05,0.00084447,0.0,0.3162604087,0.0,1,KKT conditions numerically satisfied for barrier-golden solution
baseline,2222,1.35,4218.75,0.35,0.45,0.35,0.45,0.6,1.8,3B,1,0.916261,0.96873,15614.064848,2423.109153,none,0.3162611611,0.8837388389,0.3687298038,0.8312701962,1795.6408472173,0.0,0.0,0.0,0.0,0.0,0.0089111472,0.0057840852,0.0106237558,0.0,0.3162611611,0.0,1,KKT conditions numerically satisfied for barrier-golden solution
baseline,2222,1.4,4375.0,0.35,0.45,0.35,0.45,0.6,1.8,2B,1,0.916262,0.96873,15028.932215,3318.235622,none,0.3162615164,0.8837384836,0.3687300418,0.8312699582,1056.7643782353,0.0,0.0,0.0,0.0,0.0,0.0122314492,0.008230586,0.0147428252,0.0,0.3162615164,0.0,1,KKT conditions numerically satisfied for barrier-golden solution
baseline,2222,1.4,4375.0,0.35,0.45,0.35,0.45,0.6,1.8,3B,1,0.916261,0.96873,15614.064848,2423.109186,none,0.3162611462,0.8837388538,0.3687297932,0.8312702068,1951.8908141869,0.0,0.0,0.0,0.0,0.0,0.0087524615,0.0056612801,0.0104238033,0.0,0.3162611462,0.0,1,KKT conditions numerically satisfied for barrier-golden solution
baseline,2222,1.5,4687.5,0.35,0.45,0.35,0.45,0.6,1.8,2B,1,0.916261,0.96873,15028.932215,3318.235999,none,0.3162613899,0.8837386101,0.3687299568,0.8312700432,1369.2640011199,0.0,0.0,0.0,0.0,0.0,0.0109297928,0.0072794172,0.0131320328,0.0,0.3162613899,0.0,1,KKT conditions numerically satisfied for barrier-golden solution
baseline,2222,1.5,4687.5,0.35,0.45,0.35,0.45,0.6,1.8,3B,1,0.916261,0.96873,15614.064848,2423.109253,none,0.3162611152,0.8837388848,0.3687297726,0.8312702274,2264.3907469547,0.0,0.0,0.0,0.0,0.0,0.0084208722,0.0054217627,0.0100153183,0.0,0.3162611152,0.0,1,KKT conditions numerically satisfied for barrier-golden solution
low_slow_penalty,1111,0.7,1304.8,0.25,0.35,0.35,0.45,0.6,1.8,2B,1,1.439645,1.417667,9607.783303,1304.799981,deadline,0.8396453358,0.3603546642,0.8176666259,0.3823333741,1.93068e-05,0.0,0.0,0.0,0.0,5.6613944521,-0.2951303357,0.2861877589,0.4111026008,0.0001093036,1.93068e-05,0.0,1,KKT conditions numerically satisfied for barrier-golden solution
low_slow_penalty,1111,0.7,1304.8,0.25,0.35,0.35,0.45,0.6,1.8,3B,1,0.854496,0.90076,8255.511514,1304.799826,deadline,0.2544964221,0.9455035779,0.3007595426,0.8992404574,0.0001735757,0.0,0.0,0.0,0.0,0.5723306762,0.0355738486,-0.0395301168,0.0531801546,9.93427e-05,0.0001735757,0.0,1,KKT conditions numerically satisfied for barrier-golden solution
low_slow_penalty,1111,0.75,1398.0,0.25,0.35,0.35,0.45,0.6,1.8,2B,1,1.340456,1.326286,9143.439761,1397.999976,deadline,0.7404559065,0.4595440935,0.7262860968,0.4737139032,2.35909e-05,0.0,0.0,0.0,0.0,4.362877674,-0.3427091079,0.3355019241,0.4795946973,0.0001029242,2.35909e-05,0.0,1,KKT conditions numerically satisfied for barrier-golden solution
low_slow_penalty,1111,0.75,1398.0,0.25,0.35,0.35,0.45,0.6,1.8,3B,1,0.789783,0.849494,8226.986422,1397.998427,deadline,0.1897830762,1.0102169238,0.2494943931,0.9505056069,0.0015725339,0.0,0.0,0.0,0.0,0.0636738111,0.0286690634,-0.03316797,0.043840956,0.0001001292,0.0015725339,0.0,1,KKT conditions numerically satisfied for barrier-golden solution
low_slow_penalty,1111,0.8,1491.2,0.25,0.35,0.35,0.45,0.6,1.8,2B,1,1.253293,1.246724,8785.118684,1491.199971,deadline,0.6532930869,0.5467069131,0.6467242214,0.5532757786,2.89364e-05,0.0,0.0,0.0,0.0,3.3692583281,-0.132479851,0.1310947613,0.1863779691,9.74941e-05,2.89364e-05,0.0,1,KKT conditions numerically satisfied for barrier-golden solution
low_slow_penalty,1111,0.8,1491.2,0.25,0.35,0.35,0.45,0.6,1.8,3B,1,0.780897,0.842631,8226.552201,1411.727628,none,0.1808974807,1.0191025193,0.2426313883,0.9573686117,79.4723720133,0.0,0.0,0.0,0.0,0.0,0.0054208005,0.0034503706,0.0064257401,0.0,0.1808974807,0.0,1,KKT conditions numerically satisfied for barrier-golden solution
low_slow_penalty,1111,0.85,1584.4,0.25,0.35,0.35,0.45,0.6,1.8,2B,1,1.175993,1.176949,8508.586557,1584.399957,deadline,0.5759925002,0.6240074998,0.5769491284,0.6230508716,4.25584e-05,0.0,0.0,0.0,0.0,2.5962126116,0.1379508824,-0.13817541,0.1952508384,0.0001104908,4.25584e-05,0.0,1,KKT conditions numerically satisfied for barrier-golden solution
low_slow_penalty,1111,0.85,1584.4,0.25,0.35,0.35,0.45,0.6,1.8,3B,1,0.780897,0.842631,8226.552201,1411.728092,none,0.1808971558,1.0191028442,0.2426311913,0.9573688087,172.6719083617,0.0,0.0,0.0,0.0,0.0,0.0032601602,0.0019899112,0.0038194753,0.0,0.1808971558,0.0,1,KKT conditions numerically satisfied for barrier-golden solution
low_slow_penalty,1111,0.9,1677.6,0.25,0.35,0.35,0.45,0.6,1.8,2B,1,1.106859,1.115396,8296.143653,1677.59995,deadline,0.5068594378,0.6931405622,0.5153956405,0.6846043595,5.02433e-05,0.0,0.0,0.0,0.0,1.9859470492,0.2269620873,-0.2304762915,0.3234673245,9.97805e-05,5.02433e-05,0.0,1,KKT conditions numerically satisfied for barrier-golden solution
low_slow_penalty,1111,0.9,1677.6,0.25,0.35,0.35,0.45,0.6,1.8,3B,1,0.780897,0.842631,8226.552201,1411.72856,none,0.1808968479,1.0191031521,0.2426309688,0.9573690312,265.8714400971,0.0,0.0,0.0,0.0,0.0,0.0012121121,0.0003409508,0.0012591518,0.0,0.1808968479,0.0,1,KKT conditions numerically satisfied for barrier-golden solution
low_slow_penalty,1111,0.95,1770.8,0.25,0.35,0.35,0.45,0.6,1.8,2B,1,1.044577,1.060812,8134.617212,1770.799936,deadline,0.4445767045,0.7554232955,0.46081172,0.73918828,6.35289e-05,0.0,0.0,0.0,0.0,1.4979361597,0.0680518655,-0.0701836549,0.0977588964,9.51623e-05,6.35289e-05,0.0,1,KKT conditions numerically satisfied for barrier-golden solution
low_slow_penalty,1111,0.95,1770.8,0.25,0.35,0.35,0.45,0.6,1.8,3B,1,0.780898,0.842632,8226.552201,1411.727193,none,0.1808978066,1.0191021934,0.2426315491,0.9573684509,359.0728073322,0.0,0.0,0.0,0.0,0.0,0.0075882262,0.0046414786,0.0088951954,0.0,0.1808978066,0.0,1,KKT conditions numerically satisfied for barrier-golden solution
low_slow_penalty,1111,1.0,1864.0,0.25,0.35,0.35,0.45,0.6,1.8,2B,1,0.988172,1.012115,8014.038398,1863.999913,deadline,0.3881717399,0.8118282601,0.4121149509,0.7878850491,8.69084e-05,0.0,0.0,0.0,0.0,1.1031668648,0.1360101655,-0.1426810151,0.1971208695,9.58745e-05,8.69084e-05,0.0,1,KKT conditions numerically satisfied for barrier-golden solution
low_slow_penalty,1111,1.0,1864.0,0.25,0.35,0.35,0.45,0.6,1.8,3B,1,0.780898,0.842631,8226.552201,1411.727329,none,0.1808977116,1.0191022884,0.2426314901,0.9573685099,452.2726706402,0.0,0.0,0.0,0.0,0.0,0.0069563038,0.0042043351,0.0081281361,0.0,0.1808977116,0.0,1,KKT conditions numerically satisfied for barrier-golden solution
low_slow_penalty,1111,1.05,1957.2,0.25,0.35,0.35,0.45,0.6,1.8,2B,1,0.936752,0.968541,7926.749296,1957.199868,deadline,0.336751629,0.863248371,0.3685407962,0.8314592038,0.0001324178,0.0,0.0,0.0,0.0,0.7805643285,0.0932841471,-0.0997228698,0.1365524913,0.0001033606,0.0001324178,0.0,1,KKT conditions numerically satisfied for barrier-golden solution
low_slow_penalty,1111,1.05,1957.2,0.25,0.35,0.35,0.45,0.6,1.8,3B,1,0.780898,0.842631,8226.552201,1411.727386,none,0.1808976736,1.0191023264,0.2426314636,0.9573685364,545.4726136092,0.0,0.0,0.0,0.0,0.0,0.006703333,0.0040080895,0.0078102148,0.0,0.1808976736,0.0,1,KKT conditions numerically satisfied for barrier-golden solution
low_slow_penalty,1111,1.1,2050.4,0.25,0.35,0.35,0.45,0.6,1.8,2B,1,0.889657,0.929393,7866.787379,2050.399809,deadline,0.2896565969,0.9103434031,0.3293934349,0.8706065651,0.0001907112,0.0,0.0,0.0,0.0,0.5145116709,0.1195554481,-0.1304739365,0.1769659665,9.81232e-05,0.0001907112,0.0,1,KKT conditions numerically satisfied for barrier-golden solution
low_slow_penalty,1111,1.1,2050.4,0.25,0.35,0.35,0.45,0.6,1.8,3B,1,0.780898,0.842631,8226.552201,1411.727462,none,0.1808976206,1.0191023794,0.2426314315,0.9573685685,638.6725380171,0.0,0.0,0.0,0.0,0.0,0.0063511652,0.0037698579,0.0073857381,0.0,0.1808976206,0.0,1,KKT conditions numerically satisfied for barrier-golden solution
low_slow_penalty,1111,1.15,2143.6,0.25,0.35,0.35,0.45,0.6,1.8,2B,1,0.846295,0.894151,7829.453114,2143.59966,deadline,0.2462951068,0.9537048932,0.2941514926,0.9058485074,0.0003403333,0.0,0.0,0.0,0.0,0.2933052142,0.0325675748,-0.0363549852,0.0488091372,9.98215e-05,0.0003403333,0.0,1,KKT conditions numerically satisfied for barrier-golden solution
low_slow_penalty,1111,1.15,2143.6,0.25,0.35,0.35,0.45,0.6,1.8,3B,1,0.780898,0.842631,8226.552201,1411.727497,none,0.180897597,1.019102403,0.2426314156,0.9573685844,731.8725030867,0.0,0.0,0.0,0.0,0.0,0.0061942475,0.0036522276,0.0071907905,0.0,0.180897597,0.0,1,KKT conditions numerically satisfied for barrier-golden solution
low_slow_penalty,1111,1.2,2236.8,0.25,0.35,0.35,0.45,0.6,1.8,2B,1,0.806231,0.862322,7811.000927,2236.799078,deadline,0.2062311748,0.9937688252,0.2623217358,0.9376782642,0.0009224957,0.0,0.0,0.0,0.0,0.1080276372,0.0415587859,-0.047542536,0.0631460641,9.9655e-05,0.0009224957,0.0,1,KKT conditions numerically satisfied for barrier-golden solution
low_slow_penalty,1111,1.2,2236.8,0.25,0.35,0.35,0.45,0.6,1.8,3B,1,0.780898,0.842631,8226.552201,1411.727522,none,0.1808975803,1.0191024197,0.2426314045,0.9573685955,825.0724784555,0.0,0.0,0.0,0.0,0.0,0.0060832386,0.0035697459,0.0070532884,0.0,0.1808975803,0.0,1,KKT conditions numerically satisfied for barrier-golden solution
low_slow_penalty,1111,1.25,2330.0,0.25,0.35,0.35,0.45,0.6,1.8,2B,1,0.780898,0.842631,7807.675061,2299.557185,none,0.1808975924,1.0191024076,0.2426314981,0.9573685019,30.442815319,0.0,0.0,0.0,0.0,0.0,0.0058496191,0.0040469124,0.0071130545,0.0,0.1808975924,0.0,1,KKT conditions numerically satisfied for barrier-golden solution
low_slow_penalty,1111,1.25,2330.0,0.25,0.35,0.35,0.45,0.6,1.8,3B,1,0.780898,0.842631,8226.552201,1411.727567,none,0.1808975475,1.0191024525,0.2426313858,0.9573686142,918.2724325818,0.0,0.0,0.0,0.0,0.0,0.0058646161,0.0034315385,0.0067947905,0.0,0.1808975475,0.0,1,KKT conditions numerically satisfied for barrier-golden solution
low_slow_penalty,1111,1.3,2423.2,0.25,0.35,0.35,0.45,0.6,1.8,2B,1,0.780898,0.842631,7807.675061,2299.557384,none,0.1808975315,1.0191024685,0.2426314176,0.9573685824,123.642616495,0.0,0.0,0.0,0.0,0.0,0.0054650671,0.0034805262,0.0064792763,0.0,0.1808975315,0.0,1,KKT conditions numerically satisfied for barrier-golden solution
low_slow_penalty,1111,1.3,2423.2,0.25,0.35,0.35,0.45,0.6,1.8,3B,1,0.780898,0.842631,8226.552201,1411.727586,none,0.1808975348,1.0191024652,0.2426313769,0.9573686231,1011.4724135878,0.0,0.0,0.0,0.0,0.0,0.0057807278,0.0033657092,0.0066891563,0.0,0.1808975348,0.0,1,KKT conditions numerically satisfied for barrier-golden solution
low_slow_penalty,1111,1.35,2516.4,0.25,0.35,0.35,0.45,0.6,1.8,2B,1,0.780897,0.842631,7807.675061,2299.55798,none,0.1808972747,1.0191027253,0.242631262,0.957368738,216.8420198376,0.0,0.0,0.0,0.0,0.0,0.0038446819,0.0023859237,0.0045248437,0.0,0.1808972747,0.0,1,KKT conditions numerically satisfied for barrier-golden solution
low_slow_penalty,1111,1.35,2516.4,0.25,0.35,0.35,0.45,0.6,1.8,3B,1,0.780898,0.842631,8226.552201,1411.727591,none,0.1808975327,1.0191024673,0.2426313743,0.9573686257,1104.6724094883,0.0,0.0,0.0,0.0,0.0,0.0057666674,0.0033462528,0.0066672229,0.0,0.1808975327,0.0,1,KKT conditions numerically satisfied for barrier-golden solution
low_slow_penalty,1111,1.4,2609.6,0.25,0.35,0.35,0.45,0.6,1.8,2B,1,0.780897,0.842631,7807.675061,2299.558244,none,0.1808971609,1.0191028391,0.2426311932,0.9573688068,310.041755641,0.0,0.0,0.0,0.0,0.0,0.0031262323,0.0019024745,0.0036596089,0.0,0.1808971609,0.0,1,KKT conditions numerically satisfied for barrier-golden solution
low_slow_penalty,1111,1.4,2609.6,0.25,0.35,0.35,0.45,0.6,1.8,3B,1,0.780898,0.842631,8226.552201,1411.727592,none,0.1808975318,1.0191024682,0.242631373,0.957368627,1197.872407584,0.0,0.0,0.0,0.0,0.0,0.0057607034,0.0033364788,0.0066571612,0.0,0.1808975318,0.0,1,KKT conditions numerically satisfied for barrier-golden solution
low_slow_penalty,1111,1.5,2796.0,0.25,0.35,0.35,0.45,0.6,1.8,2B,1,0.780897,0.842631,7807.675061,2299.55907,none,0.1808968248,1.0191031752,0.2426309557,0.9573690443,496.4409301399,0.0,0.0,0.0,0.0,0.0,0.0010048781,0.0002316803,0.0010312399,0.0,0.1808968248,0.0,1,KKT conditions numerically satisfied for barrier-golden solution
low_slow_penalty,1111,1.5,2796.0,0.25,0.35,0.35,0.45,0.6,1.8,3B,1,0.780897,0.842631,8226.552201,1411.72764,none,0.1808974978,1.0191025022,0.2426313535,0.9573686465,1384.272359981,0.0,0.0,0.0,0.0,0.0,0.0055346168,0.0031920534,0.0063891461,0.0,0.1808974978,0.0,1,KKT conditions numerically satisfied for barrier-golden solution
low_slow_penalty,1112,0.7,1673.233333,0.25,0.35,0.35,0.45,0.6,1.8,2B,1,1.441951,1.419789,14477.725987,1673.233321,deadline,0.8419512927,0.3580487073,0.8197886354,0.3802113646,1.27561e-05,0.0,0.0,0.0,0.0,6.690068989,-0.413953728,0.2675511049,0.4928907411,8.53395e-05,1.27561e-05,0.0,1,KKT conditions numerically satisfied for barrier-golden solution
low_slow_penalty,1112,0.7,1673.233333,0.25,0.35,0.35,0.45,0.6,1.8,3B,1,0.986515,1.010651,12579.252159,1673.233285,deadline,0.3865153737,0.8134846263,0.4106514232,0.7893485768,4.88222e-05,0.0,0.0,0.0,0.0,1.9073064656,0.5336135557,-0.3733624719,0.6512625909,9.31188e-05,4.88222e-05,0.0,1,KKT conditions numerically satisfied for barrier-golden solution
low_slow_penalty,1112,0.75,1792.75,0.25,0.35,0.35,0.45,0.6,1.8,2B,1,1.342049,1.327585,13774.575937,1792.749984,deadline,0.7420494606,0.4579505394,0.7275852277,0.4724147723,1.55855e-05,0.0,0.0,0.0,0.0,5.1474856399,0.37571133,-0.245104233,0.4485923412,8.02261e-05,1.55855e-05,0.0,1,KKT conditions numerically satisfied for barrier-golden solution
low_slow_penalty,1112,0.75,1792.75,0.25,0.35,0.35,0.45,0.6,1.8,3B,1,0.913061,0.948729,12400.30054,1792.749912,deadline,0.3130612504,0.8869387496,0.3487294269,0.8512705731,8.8383e-05,0.0,0.0,0.0,0.0,1.1234625952,0.3031622629,-0.2182070609,0.3735260086,9.9295e-05,8.8383e-05,0.0,1,KKT conditions numerically satisfied for barrier-golden solution
low_slow_penalty,1112,0.8,1912.266667,0.25,0.35,0.35,0.45,0.6,1.8,2B,1,1.254164,1.247239,13232.913561,1912.266639,deadline,0.6541638136,0.5458361864,0.6472394797,0.5527605203,2.71863e-05,0.0,0.0,0.0,0.0,3.9670573993,1.3843162418,-0.9127150721,1.658125526,0.0001078497,2.71863e-05,0.0,1,KKT conditions numerically satisfied for barrier-golden solution
low_slow_penalty,1112,0.8,1912.266667,0.25,0.35,0.35,0.45,0.6,1.8,3B,1,0.847862,0.895383,12303.319469,1912.266481,deadline,0.2478622716,0.9521377284,0.2953832253,0.9046167747,0.0001858807,0.0,0.0,0.0,0.0,0.5254119996,0.2411541863,-0.179296096,0.3005036299,9.7664e-05,0.0001858807,0.0,1,KKT conditions numerically satisfied for barrier-golden solution
low_slow_penalty,1112,0.85,2031.783333,0.25,0.35,0.35,0.45,0.6,1.8,2B,1,1.17594,1.176825,12815.828871,2031.783298,deadline,0.5759401018,0.6240598982,0.5768245457,0.6231754543,3.50429e-05,0.0,0.0,0.0,0.0,3.0490885949,0.686360133,-0.4582619778,0.8252843586,0.000106849,3.50429e-05,0.0,1,KKT conditions numerically satisfied for barrier-golden solution
low_slow_penalty,1112,0.85,2031.783333,0.25,0.35,0.35,0.45,0.6,1.8,3B,1,0.789415,0.849208,12269.353106,2031.781725,deadline,0.1894145296,1.0105854704,0.2492078314,0.9507921686,0.0016087768,0.0,0.0,0.0,0.0,0.0620660723,0.0547005054,-0.0422005227,0.0690871146,9.98505e-05,0.0016087768,0.0,1,KKT conditions numerically satisfied for barrier-golden solution
low_slow_penalty,1112,0.9,2151.3,0.25,0.35,0.35,0.45,0.6,1.8,2B,1,1.106012,1.114537,12496.364114,2151.299951,deadline,0.5060121206,0.6939878794,0.5145366805,0.6854633195,4.88657e-05,0.0,0.0,0.0,0.0,2.3241624332,1.0323091524,-0.6988556462,1.2466199904,0.0001135718,4.88657e-05,0.0,1,KKT conditions numerically satisfied for barrier-golden solution
low_slow_penalty,1112,0.9,2151.3,0.25,0.35,0.35,0.45,0.6,1.8,3B,1,0.780898,0.842631,12268.782735,2050.271671,none,0.1808975892,1.0191024108,0.242631103,0.957368897,101.0283285048,0.0,0.0,0.0,0.0,0.0,0.0073186192,0.0023868909,0.007698015,0.0,0.1808975892,0.0,1,KKT conditions numerically satisfied for barrier-golden solution
low_slow_penalty,1112,0.95,2270.816667,0.25,0.35,0.35,0.45,0.6,1.8,2B,1,1.042848,1.059257,12254.455228,2270.816607,deadline,0.4428477618,0.7571522382,0.459256801,0.740743199,5.93594e-05,0.0,0.0,0.0,0.0,1.7446315223,0.4168765333,-0.286732476,0.5059659641,0.0001035604,5.93594e-05,0.0,1,KKT conditions numerically satisfied for barrier-golden solution
low_slow_penalty,1112,0.95,2270.816667,0.25,0.35,0.35,0.45,0.6,1.8,3B,1,0.780897,0.842631,12268.782735,2050.272832,none,0.1808968763,1.0191031237,0.242630836,0.957369164,220.5438342957,0.0,0.0,0.0,0.0,0.0,0.0016695648,-0.00114863,0.0020265235,0.0,0.1808968763,0.0,1,KKT conditions numerically satisfied for barrier-golden solution
low_slow_penalty,1112,1.0,2390.333333,0.25,0.35,0.35,0.45,0.6,1.8,2B,1,0.985571,1.009856,12074.918015,2390.33325,deadline,0.3855712824,0.8144287176,0.4098562242,0.7901437758,8.36031e-05,0.0,0.0,0.0,0.0,1.2757308861,0.4418118367,-0.3092353257,0.539281175,0.000106655,8.36031e-05,0.0,1,KKT conditions numerically satisfied for barrier-golden solution
low_slow_penalty,1112,1.0,2390.333333,0.25,0.35,0.35,0.45,0.6,1.8,3B,1,0.780898,0.842631,12268.782735,2050.271027,none,0.1808980867,1.0191019133,0.2426311725,0.9573688275,340.0623067167,0.0,0.0,0.0,0.0,0.0,0.0112604794,0.0033080966,0.0117363495,0.0,0.1808980867,0.0,1,KKT conditions numerically satisfied for barrier-golden solution
low_slow_penalty,1112,1.05,2509.85,0.25,0.35,0.35,0.45,0.6,1.8,2B,1,0.933267,0.965565,11946.087145,2509.849892,deadline,0.3332669773,0.8667330227,0.3655646578,0.8344353422,0.0001075702,0.0,0.0,0.0,0.0,0.8925495056,0.4786602359,-0.3415757382,0.5880387796,9.60117e-05,0.0001075702,0.0,1,KKT conditions numerically satisfied for barrier-golden solution
low_slow_penalty,1112,1.05,2509.85,0.25,0.35,0.35,0.45,0.6,1.8,3B,1,0.780898,0.842631,12268.782735,2050.271211,none,0.1808979753,1.0191020247,0.2426311284,0.9573688716,459.5787886237,0.0,0.0,0.0,0.0,0.0,0.0103779689,0.0027239046,0.0107294871,0.0,0.1808979753,0.0,1,KKT conditions numerically satisfied for barrier-golden solution
low_slow_penalty,1112,1.1,2629.366667,0.25,0.35,0.35,0.45,0.6,1.8,2B,1,0.885233,0.925724,11858.878935,2629.366488,deadline,0.2852333874,0.9147666126,0.325723516,0.874276484,0.0001791349,0.0,0.0,0.0,0.0,0.5765738122,0.4287279908,-0.3125630249,0.5305688783,0.0001032845,0.0001791349,0.0,1,KKT conditions numerically satisfied for barrier-golden solution
low_slow_penalty,1112,1.1,2629.366667,0.25,0.35,0.35,0.45,0.6,1.8,3B,1,0.780898,0.842631,12268.782735,2050.27134,none,0.1808978989,1.0191021011,0.2426310969,0.9573689031,579.0953268308,0.0,0.0,0.0,0.0,0.0,0.0097729372,0.0023066227,0.0100414546,0.0,0.1808978989,0.0,1,KKT conditions numerically satisfied for barrier-golden solution
low_slow_penalty,1112,1.15,2748.883333,0.25,0.35,0.35,0.45,0.6,1.8,2B,1,0.840909,0.88978,11806.132451,2748.883021,deadline,0.2409087695,0.9590912305,0.2897799712,0.9102200288,0.0003119049,0.0,0.0,0.0,0.0,0.3138880113,0.3490172358,-0.260509223,0.4355204773,9.79032e-05,0.0003119049,0.0,1,KKT conditions numerically satisfied for barrier-golden solution
low_slow_penalty,1112,1.15,2748.883333,0.25,0.35,0.35,0.45,0.6,1.8,3B,1,0.780898,0.842631,12268.782735,2050.271432,none,0.1808978413,1.0191021587,0.2426310762,0.9573689238,698.611900932,0.0,0.0,0.0,0.0,0.0,0.0093160065,0.0020331274,0.009535281,0.0,0.1808978413,0.0,1,KKT conditions numerically satisfied for barrier-golden solution
low_slow_penalty,1112,1.2,2868.4,0.25,0.35,0.35,0.45,0.6,1.8,2B,1,0.799812,0.857287,11782.138859,2868.398942,deadline,0.1998122362,1.0001877638,0.2572871538,0.9427128462,0.0010578159,0.0,0.0,0.0,0.0,0.0939347621,0.1341702141,-0.102764094,0.1690032703,9.93657e-05,0.0010578159,0.0,1,KKT conditions numerically satisfied for barrier-golden solution
low_slow_penalty,1112,1.2,2868.4,0.25,0.35,0.35,0.45,0.6,1.8,3B,1,0.780898,0.842631,12268.782735,2050.271484,none,0.1808978088,1.0191021912,0.2426310651,0.9573689349,818.1285160745,0.0,0.0,0.0,0.0,0.0,0.0090584703,0.0018850417,0.0092525275,0.0,0.1808978088,0.0,1,KKT conditions numerically satisfied for barrier-golden solution
low_slow_penalty,1112,1.25,2987.916667,0.25,0.35,0.35,0.45,0.6,1.8,2B,1,0.780898,0.842631,11779.44903,2926.450892,none,0.1808984314,1.0191015686,0.2426313237,0.9573686763,61.4657744993,0.0,0.0,0.0,0.0,0.0,0.0134339157,0.0050986866,0.014368949,0.0,0.1808984314,0.0,1,KKT conditions numerically satisfied for barrier-golden solution
low_slow_penalty,1112,1.25,2987.916667,0.25,0.35,0.35,0.45,0.6,1.8,3B,1,0.780898,0.842631,12268.782735,2050.271522,none,0.1808977826,1.0191022174,0.2426310583,0.9573689417,937.6451443668,0.0,0.0,0.0,0.0,0.0,0.0088508186,0.0017953052,0.0090310636,0.0,0.1808977826,0.0,1,KKT conditions numerically satisfied for barrier-golden solution
low_slow_penalty,1112,1.3,3107.433333,0.25,0.35,0.35,0.45,0.6,1.8,2B,1,0.780897,0.842631,11779.44903,2926.453162,none,0.1808972595,1.0191027405,0.2426311094,0.9573688906,180.9801708651,0.0,0.0,0.0,0.0,0.0,0.0045181308,0.0023736772,0.0051037094,0.0,0.1808972595,0.0,1,KKT conditions numerically satisfied for barrier-golden solution
low_slow_penalty,1112,1.3,3107.433333,0.25,0.35,0.35,0.45,0.6,1.8,3B,1,0.780898,0.842631,12268.782735,2050.271584,none,0.1808977515,1.0191022485,0.2426310388,0.9573689612,1057.1617493416,0.0,0.0,0.0,0.0,0.0,0.0086043625,0.0015376831,0.0087406821,0.0,0.1808977515,0.0,1,KKT conditions numerically satisfied for barrier-golden solution
low_slow_penalty,1112,1.35,3226.95,0.25,0.35,0.35,0.45,0.6,1.8,2B,1,0.780897,0.842631,11779.44903,2926.454305,none,0.1808968905,1.0191031095,0.2426308304,0.9573691696,300.4956954197,0.0,0.0,0.0,0.0,0.0,0.0017107686,-0.0011741027,0.0020749088,0.0,0.1808968905,0.0,1,KKT conditions numerically satisfied for barrier-golden solution
low_slow_penalty,1112,1.35,3226.95,0.25,0.35,0.35,0.45,0.6,1.8,3B,1,0.780898,0.842631,12268.782735,2050.271599,none,0.1808977396,1.0191022604,0.2426310373,0.9573689627,1176.6784007735,0.0,0.0,0.0,0.0,0.0,0.0085101524,0.0015173304,0.0086443615,0.0,0.1808977396,0.0,1,KKT conditions numerically satisfied for barrier-golden solution
low_slow_penalty,1112,1.4,3346.466667,0.25,0.35,0.35,0.45,0.6,1.8,2B,1,0.780898,0.842631,11779.44903,2926.451455,none,0.1808982205,1.0191017795,0.2426312089,0.9573687911,420.0152119774,0.0,0.0,0.0,0.0,0.0,0.0118293714,0.0036391286,0.0123764811,0.0,0.1808982205,0.0,1,KKT conditions numerically satisfied for barrier-golden solution
low_slow_penalty,1112,1.4,3346.466667,0.25,0.35,0.35,0.45,0.6,1.8,3B,1,0.780898,0.842631,12268.782735,2050.271625,none,0.1808977216,1.0191022784,0.2426310331,0.9573689669,1296.1950417838,0.0,0.0,0.0,0.0,0.0,0.0083678314,0.0014618606,0.0084945652,0.0,0.1808977216,0.0,1,KKT conditions numerically satisfied for barrier-golden solution
low_slow_penalty,1112,1.5,3585.5,0.25,0.35,0.35,0.45,0.6,1.8,2B,1,0.780898,0.842631,11779.44903,2926.451891,none,0.1808980331,1.0191019669,0.2426311383,0.9573688617,659.0481089435,0.0,0.0,0.0,0.0,0.0,0.0104038247,0.0027415378,0.0107589776,0.0,0.1808980331,0.0,1,KKT conditions numerically satisfied for barrier-golden solution
low_slow_penalty,1112,1.5,3585.5,0.25,0.35,0.35,0.45,0.6,1.8,3B,1,0.780898,0.842631,12268.782735,2050.271663,none,0.1808976976,1.0191023024,0.2426310247,0.9573689753,1535.2283368574,0.0,0.0,0.0,0.0,0.0,0.0081772872,0.0013510013,0.0082881379,0.0,0.1808976976,0.0,1,KKT conditions numerically satisfied for barrier-golden solution
low_slow_penalty,1121,0.7,1638.7,0.25,0.35,0.35,0.45,0.6,1.8,2B,1,1.441971,1.419776,11801.490634,1638.699984,deadline,0.8419710265,0.3580289735,0.8197758855,0.3802241145,1.55261e-05,0.0,0.0,0.0,0.0,5.5682660194,-0.1908589966,0.1233524841,0.2272509448,8.64535e-05,1.55261e-05,0.0,1,KKT conditions numerically satisfied for barrier-golden solution
low_slow_penalty,1121,0.7,1638.7,0.25,0.35,0.35,0.45,0.6,1.8,3B,1,0.990846,1.014428,10293.893242,1638.699942,deadline,0.3908458363,0.8091541637,0.4144278468,0.7855721532,5.83756e-05,0.0,0.0,0.0,0.0,1.6278750215,0.0726754351,-0.050783956,0.0886607526,9.50282e-05,5.83756e-05,0.0,1,KKT conditions numerically satisfied for barrier-golden solution
low_slow_penalty,1121,0.75,1755.75,0.25,0.35,0.35,0.45,0.6,1.8,2B,1,1.342084,1.327563,11228.319251,1755.74998,deadline,0.7420835822,0.4579164178,0.7275629751,0.4724370249,2.04647e-05,0.0,0.0,0.0,0.0,4.2843056118,0.5602560428,-0.3654655343,0.6689184481,8.7677e-05,2.04647e-05,0.0,1,KKT conditions numerically satisfied for barrier-golden solution
low_slow_penalty,1121,0.75,1755.75,0.25,0.35,0.35,0.45,0.6,1.8,3B,1,0.917218,0.952164,10143.748729,1755.749895,deadline,0.317217954,0.882782046,0.3521640522,0.8478359478,0.0001054009,0.0,0.0,0.0,0.0,0.9681123812,0.3673038946,-0.2638838078,0.4522685209,0.0001020399,0.0001054009,0.0,1,KKT conditions numerically satisfied for barrier-golden solution
low_slow_penalty,1121,0.8,1872.8,0.25,0.35,0.35,0.45,0.6,1.8,2B,1,1.254063,1.247306,10786.784058,1872.799971,deadline,0.654063402,0.545936598,0.647305695,0.552694305,2.90084e-05,0.0,0.0,0.0,0.0,3.3020988733,0.378974403,-0.2499340585,0.4539698577,9.57887e-05,2.90084e-05,0.0,1,KKT conditions numerically satisfied for barrier-golden solution
low_slow_penalty,1121,0.8,1872.8,0.25,0.35,0.35,0.45,0.6,1.8,3B,1,0.851805,0.898558,10061.164463,1872.79979,deadline,0.2518050572,0.9481949428,0.2985576428,0.9014423572,0.0002099128,0.0,0.0,0.0,0.0,0.4648145042,0.2052313921,-0.1522523443,0.2555400177,9.75705e-05,0.0002099128,0.0,1,KKT conditions numerically satisfied for barrier-golden solution
low_slow_penalty,1121,0.85,1989.85,0.25,0.35,0.35,0.45,0.6,1.8,2B,1,1.175922,1.176837,10446.798365,1989.849963,deadline,0.5759217117,0.6240782883,0.5768368271,0.6231631729,3.68753e-05,0.0,0.0,0.0,0.0,2.5378712423,0.4218102729,-0.2816446955,0.5071958604,9.35847e-05,3.68753e-05,0.0,1,KKT conditions numerically satisfied for barrier-golden solution
low_slow_penalty,1121,0.85,1989.85,0.25,0.35,0.35,0.45,0.6,1.8,3B,1,0.793192,0.852129,10030.522045,1989.848662,deadline,0.1931922057,1.0068077943,0.2521290173,0.9478709827,0.0013383879,0.0,0.0,0.0,0.0,0.0748028459,0.108874785,-0.083770264,0.1373723987,0.0001001152,0.0013383879,0.0,1,KKT conditions numerically satisfied for barrier-golden solution
low_slow_penalty,1121,0.9,2106.9,0.25,0.35,0.35,0.45,0.6,1.8,2B,1,1.105963,1.11457,10186.387244,2106.89995,deadline,0.5059626505,0.6940373495,0.5145701755,0.6854298245,5.02325e-05,0.0,0.0,0.0,0.0,1.9345459623,0.4699271537,-0.318180233,0.5675122822,9.7177e-05,5.02325e-05,0.0,1,KKT conditions numerically satisfied for barrier-golden solution
low_slow_penalty,1121,0.9,2106.9,0.25,0.35,0.35,0.45,0.6,1.8,3B,1,0.780898,0.842631,10029.552685,2015.991293,none,0.1808978482,1.0191021518,0.2426311593,0.9573688407,90.908706693,0.0,0.0,0.0,0.0,0.0,0.0076606219,0.0025616693,0.0080775787,0.0,0.1808978482,0.0,1,KKT conditions numerically satisfied for barrier-golden solution
low_slow_penalty,1121,0.95,2223.95,0.25,0.35,0.35,0.45,0.6,1.8,2B,1,1.042838,1.059263,9989.195735,2223.949929,deadline,0.4428382758,0.7571617242,0.4592633357,0.7407366643,7.05885e-05,0.0,0.0,0.0,0.0,1.4521173264,0.2682517651,-0.1845122837,0.3255822358,0.0001025028,7.05885e-05,0.0,1,KKT conditions numerically satisfied for barrier-golden solution
low_slow_penalty,1121,0.95,2223.95,0.25,0.35,0.35,0.45,0.6,1.8,3B,1,0.780897,0.842631,10029.552685,2015.992146,none,0.1808971437,1.0191028563,0.2426310937,0.9573689063,207.9578544064,0.0,0.0,0.0,0.0,0.0,0.0030969979,0.0018509758,0.0036079783,0.0,0.1808971437,0.0,1,KKT conditions numerically satisfied for barrier-golden solution
low_slow_penalty,1121,1.0,2341.0,0.25,0.35,0.35,0.45,0.6,1.8,2B,1,0.985576,1.009853,9842.846317,2340.99991,deadline,0.3855760285,0.8144239715,0.4098529082,0.7901470918,8.99285e-05,0.0,0.0,0.0,0.0,1.0618175291,0.3960457849,-0.2771980135,0.4834159724,9.54876e-05,8.99285e-05,0.0,1,KKT conditions numerically satisfied for barrier-golden solution
low_slow_penalty,1121,1.0,2341.0,0.25,0.35,0.35,0.45,0.6,1.8,3B,1,0.780897,0.842631,10029.552685,2015.992793,none,0.1808968588,1.0191031412,0.2426308494,0.9573691506,325.0072067333,0.0,0.0,0.0,0.0,0.0,0.0012513724,-0.000794026,0.0014820291,0.0,0.1808968588,0.0,1,KKT conditions numerically satisfied for barrier-golden solution
low_slow_penalty,1121,1.05,2458.05,0.25,0.35,0.35,0.45,0.6,1.8,2B,1,0.933285,0.965552,9737.830099,2458.04987,deadline,0.3332846579,0.8667153421,0.3655520573,0.8344479427,0.0001297434,0.0,0.0,0.0,0.0,0.7428692911,0.5245925323,-0.3743294351,0.644453141,9.63824e-05,0.0001297434,0.0,1,KKT conditions numerically satisfied for barrier-golden solution
low_slow_penalty,1121,1.05,2458.05,0.25,0.35,0.35,0.45,0.6,1.8,3B,1,0.780898,0.842631,10029.552685,2015.99083,none,0.180898259,1.019101741,0.2426311735,0.9573688265,442.0591700495,0.0,0.0,0.0,0.0,0.0,0.0103215307,0.0027147212,0.010672568,0.0,0.180898259,0.0,1,KKT conditions numerically satisfied for barrier-golden solution
low_slow_penalty,1121,1.1,2575.1,0.25,0.35,0.35,0.45,0.6,1.8,2B,1,0.885224,0.925731,9666.742472,2575.099796,deadline,0.2852235673,0.9147764327,0.3257306926,0.8742693074,0.000203531,0.0,0.0,0.0,0.0,0.4799094456,0.2742983699,-0.1999840496,0.339460183,9.76765e-05,0.000203531,0.0,1,KKT conditions numerically satisfied for barrier-golden solution
low_slow_penalty,1121,1.1,2575.1,0.25,0.35,0.35,0.45,0.6,1.8,3B,1,0.780898,0.842631,10029.552685,2015.990999,none,0.1808981548,1.0191018452,0.242631133,0.957368867,559.1090012532,0.0,0.0,0.0,0.0,0.0,0.0096467964,0.0022767311,0.0099118205,0.0,0.1808981548,0.0,1,KKT conditions numerically satisfied for barrier-golden solution
low_slow_penalty,1121,1.15,2692.15,0.25,0.35,0.35,0.45,0.6,1.8,2B,1,0.840902,0.889785,9623.746286,2692.149615,deadline,0.2409018497,0.9590981503,0.289785181,0.910214819,0.0003849589,0.0,0.0,0.0,0.0,0.2612651739,0.2310530257,-0.1724646623,0.2883219736,0.0001005763,0.0003849589,0.0,1,KKT conditions numerically satisfied for barrier-golden solution
low_slow_penalty,1121,1.15,2692.15,0.25,0.35,0.35,0.45,0.6,1.8,3B,1,0.780898,0.842631,10029.552685,2015.991068,none,0.1808981112,1.0191018888,0.242631117,0.957368883,676.1589319087,0.0,0.0,0.0,0.0,0.0,0.009364399,0.0021035494,0.0095977544,0.0,0.1808981112,0.0,1,KKT conditions numerically satisfied for barrier-golden solution
low_slow_penalty,1121,1.2,2809.2,0.25,0.35,0.35,0.45,0.6,1.8,2B,1,0.799813,0.857287,9604.187956,2809.198724,deadline,0.199812822,1.000187178,0.2572868309,0.9427131691,0.0012763323,0.0,0.0,0.0,0.0,0.0781841775,0.1132744102,-0.0867593183,0.1426824142,9.9789e-05,0.0012763323,0.0,1,KKT conditions numerically satisfied for barrier-golden solution
low_slow_penalty,1121,1.2,2809.2,0.25,0.35,0.35,0.45,0.6,1.8,3B,1,0.780898,0.842631,10029.552685,2015.991123,none,0.180898072,1.019101928,0.2426311079,0.9573688921,793.2088769362,0.0,0.0,0.0,0.0,0.0,0.0091105004,0.0020052219,0.0093285654,0.0,0.180898072,0.0,1,KKT conditions numerically satisfied for barrier-golden solution
low_slow_penalty,1121,1.25,2926.25,0.25,0.35,0.35,0.45,0.6,1.8,2B,1,0.780897,0.842631,9601.995329,2866.055012,none,0.1808971875,1.0191028125,0.24263117,0.95736883,60.1949877096,0.0,0.0,0.0,0.0,0.0,0.0032364939,0.0025630084,0.0041284264,0.0,0.1808971875,0.0,1,KKT conditions numerically satisfied for barrier-golden solution
low_slow_penalty,1121,1.25,2926.25,0.25,0.35,0.35,0.45,0.6,1.8,3B,1,0.780898,0.842631,10029.552685,2015.991223,none,0.1808980206,1.0191019794,0.2426310759,0.9573689241,910.2587767563,0.0,0.0,0.0,0.0,0.0,0.0087773603,0.0016579436,0.0089325713,0.0,0.1808980206,0.0,1,KKT conditions numerically satisfied for barrier-golden solution
low_slow_penalty,1121,1.3,3043.3,0.25,0.35,0.35,0.45,0.6,1.8,2B,1,0.780898,0.842631,9601.995329,2866.054353,none,0.1808976897,1.0191023103,0.2426311137,0.9573688863,177.2456474379,0.0,0.0,0.0,0.0,0.0,0.0063510262,0.0019790212,0.0066522221,0.0,0.1808976897,0.0,1,KKT conditions numerically satisfied for barrier-golden solution
low_slow_penalty,1121,1.3,3043.3,0.25,0.35,0.35,0.45,0.6,1.8,3B,1,0.780898,0.842631,10029.552685,2015.991249,none,0.1808980011,1.0191019989,0.2426310724,0.9573689276,1027.3087508892,0.0,0.0,0.0,0.0,0.0,0.0086510338,0.001620571,0.0088015133,0.0,0.1808980011,0.0,1,KKT conditions numerically satisfied for barrier-golden solution
low_slow_penalty,1121,1.35,3160.35,0.25,0.35,0.35,0.45,0.6,1.8,2B,1,0.780897,0.842631,9601.995329,2866.055222,none,0.1808971553,1.0191028447,0.2426310889,0.9573689111,294.2947778656,0.0,0.0,0.0,0.0,0.0,0.0030366498,0.001722733,0.0034912821,0.0,0.1808971553,0.0,1,KKT conditions numerically satisfied for barrier-golden solution
low_slow_penalty,1121,1.35,3160.35,0.25,0.35,0.35,0.45,0.6,1.8,3B,1,0.780898,0.842631,10029.552685,2015.991249,none,0.1808979942,1.0191020058,0.2426310778,0.9573689222,1144.3587509945,0.0,0.0,0.0,0.0,0.0,0.0086065085,0.0016791586,0.0087687834,0.0,0.1808979942,0.0,1,KKT conditions numerically satisfied for barrier-golden solution
low_slow_penalty,1121,1.4,3277.4,0.25,0.35,0.35,0.45,0.6,1.8,2B,1,0.780897,0.842631,9601.995329,2866.056129,none,0.1808968822,1.0191031178,0.2426308424,0.9573691576,411.3438708723,0.0,0.0,0.0,0.0,0.0,0.0013433648,-0.0008328912,0.0015806128,0.0,0.1808968822,0.0,1,KKT conditions numerically satisfied for barrier-golden solution
low_slow_penalty,1121,1.4,3277.4,0.25,0.35,0.35,0.45,0.6,1.8,3B,1,0.780898,0.842631,10029.552685,2015.991276,none,0.1808979738,1.0191020262,0.2426310739,0.9573689261,1261.4087235699,0.0,0.0,0.0,0.0,0.0,0.0084744956,0.0016370446,0.0086311639,0.0,0.1808979738,0.0,1,KKT conditions numerically satisfied for barrier-golden solution
low_slow_penalty,1121,1.5,3511.5,0.25,0.35,0.35,0.45,0.6,1.8,2B,1,0.780897,0.842631,9601.995329,2866.056161,none,0.1808968372,1.0191031628,0.2426308611,0.9573691389,645.4438386371,0.0,0.0,0.0,0.0,0.0,0.001063851,-0.0006391506,0.0012410852,0.0,0.1808968372,0.0,1,KKT conditions numerically satisfied for barrier-golden solution
low_slow_penalty,1121,1.5,3511.5,0.25,0.35,0.35,0.45,0.6,1.8,3B,1,0.780898,0.842631,10029.552685,2015.991376,none,0.1808979244,1.0191020756,0.2426310406,0.9573689594,1495.508623742,0.0,0.0,0.0,0.0,0.0,0.0081540417,0.0012760457,0.0082532835,0.0,0.1808979244,0.0,1,KKT conditions numerically satisfied for barrier-golden solution
low_slow_penalty,1122,0.7,2005.266667,0.25,0.35,0.35,0.45,0.6,1.8,2B,1,1.443541,1.421203,16755.980382,2005.266651,deadline,0.8435408462,0.3564591538,0.8212025593,0.3787974407,1.53112e-05,0.0,0.0,0.0,0.0,6.4850416739,-0.087805437,0.0425544734,0.0975739615,9.92936e-05,1.53112e-05,0.0,1,KKT conditions numerically satisfied for barrier-golden solution
low_slow_penalty,1122,0.7,2005.266667,0.25,0.35,0.35,0.45,0.6,1.8,3B,1,1.075379,1.087577,14851.44409,2005.266632,deadline,0.4753793276,0.7246206724,0.4875765585,0.7124234415,3.45293e-05,0.0,0.0,0.0,0.0,2.685793007,1.1473812595,-0.5867783287,1.2887174096,9.27385e-05,3.45293e-05,0.0,1,KKT conditions numerically satisfied for barrier-golden solution
low_slow_penalty,1122,0.75,2148.5,0.25,0.35,0.35,0.45,0.6,1.8,2B,1,1.343077,1.328514,15939.491048,2148.499984,deadline,0.7430774569,0.4569225431,0.7285141155,0.4714858845,1.6072e-05,0.0,0.0,0.0,0.0,4.9846582493,0.5061175835,-0.2476005797,0.5634368246,8.01134e-05,1.6072e-05,0.0,1,KKT conditions numerically satisfied for barrier-golden solution
low_slow_penalty,1122,0.75,2148.5,0.25,0.35,0.35,0.45,0.6,1.8,3B,1,0.996254,1.018916,14533.540832,2148.499946,deadline,0.3962539666,0.8037460334,0.4189158286,0.7810841714,5.40059e-05,0.0,0.0,0.0,0.0,1.7937140892,1.1193962561,-0.585450721,1.2632499851,9.68711e-05,5.40059e-05,0.0,1,KKT conditions numerically satisfied for barrier-golden solution
low_slow_penalty,1122,0.8,2291.733333,0.25,0.35,0.35,0.45,0.6,1.8,2B,1,1.254538,1.247743,15311.247358,2291.733303,deadline,0.6545377167,0.5454622833,0.6477434539,0.5522565461,3.02423e-05,0.0,0.0,0.0,0.0,3.8367552029,0.4681043824,-0.2315239196,0.5222308284,0.0001160323,3.02423e-05,0.0,1,KKT conditions numerically satisfied for barrier-golden solution
low_slow_penalty,1122,0.8,2291.733333,0.25,0.35,0.35,0.45,0.6,1.8,3B,1,0.925983,0.959475,14327.504325,2291.733246,deadline,0.3259827839,0.8740172161,0.3594753798,0.8405246202,8.69379e-05,0.0,0.0,0.0,0.0,1.1123388456,0.5082787064,-0.2728561621,0.5768862354,9.67044e-05,8.69379e-05,0.0,1,KKT conditions numerically satisfied for barrier-golden solution
low_slow_penalty,1122,0.85,2434.966667,0.25,0.35,0.35,0.45,0.6,1.8,2B,1,1.175822,1.176795,14828.228168,2434.966634,deadline,0.575821731,0.624178269,0.5767953089,0.6232046911,3.2338e-05,0.0,0.0,0.0,0.0,2.9436876884,0.2622469871,-0.1313407234,0.2932982575,9.5193e-05,3.2338e-05,0.0,1,KKT conditions numerically satisfied for barrier-golden solution
low_slow_penalty,1122,0.85,2434.966667,0.25,0.35,0.35,0.45,0.6,1.8,3B,1,0.863092,0.907624,14207.603542,2434.966498,deadline,0.2630922651,0.9369077349,0.3076235551,0.8923764449,0.0001685819,0.0,0.0,0.0,0.0,0.5832208592,0.7456811986,-0.4123065793,0.8520781451,9.83205e-05,0.0001685819,0.0,1,KKT conditions numerically satisfied for barrier-golden solution
low_slow_penalty,1122,0.9,2578.2,0.25,0.35,0.35,0.45,0.6,1.8,2B,1,1.105385,1.113996,14459.011894,2578.19996,deadline,0.5053854667,0.6946145333,0.5139962605,0.6860037395,4.04347e-05,0.0,0.0,0.0,0.0,2.2383609195,1.0673450739,-0.5420193858,1.1970841747,9.05074e-05,4.04347e-05,0.0,1,KKT conditions numerically satisfied for barrier-golden solution
low_slow_penalty,1122,0.9,2578.2,0.25,0.35,0.35,0.45,0.6,1.8,3B,1,0.806175,0.862243,14155.019593,2578.199396,deadline,0.2061748509,0.9938251491,0.2622434537,0.9377565463,0.0006041226,0.0,0.0,0.0,0.0,0.1669501586,0.3363666265,-0.1923907659,0.387500599,0.0001008584,0.0006041226,0.0,1,KKT conditions numerically satisfied for barrier-golden solution
low_slow_penalty,1122,0.95,2721.433333,0.25,0.35,0.35,0.45,0.6,1.8,2B,1,1.041666,1.058201,14180.212642,2721.433274,deadline,0.4416662178,0.7583337822,0.4582013246,0.7417986754,5.92792e-05,0.0,0.0,0.0,0.0,1.6745632454,0.6545516829,-0.3377484699,0.7365540948,9.92667e-05,5.92792e-05,0.0,1,KKT conditions numerically satisfied for barrier-golden solution
low_slow_penalty,1122,0.95,2721.433333,0.25,0.35,0.35,0.45,0.6,1.8,3B,1,0.780898,0.842631,14149.427535,2646.375834,none,0.1808984601,1.0191015399,0.2426312631,0.9573687369,75.0574997018,0.0,0.0,0.0,0.0,0.0,0.0136543287,0.0057711734,0.0148238704,0.0,0.1808984601,0.0,1,KKT conditions numerically satisfied for barrier-golden solution
low_slow_penalty,1122,1.0,2864.666667,0.25,0.35,0.35,0.45,0.6,1.8,2B,1,0.983967,1.008214,13974.132375,2864.666584,deadline,0.3839668278,0.8160331722,0.4082141781,0.7917858219,8.27782e-05,0.0,0.0,0.0,0.0,1.2180377246,2.3230366224,-1.21946895,2.6236622628,0.000100827,8.27782e-05,0.0,1,KKT conditions numerically satisfied for barrier-golden solution
low_slow_penalty,1122,1.0,2864.666667,0.25,0.35,0.35,0.45,0.6,1.8,3B,1,0.780897,0.842631,14149.427535,2646.378101,none,0.1808971464,1.0191028536,0.2426309163,0.9573690837,218.2885653351,0.0,0.0,0.0,0.0,0.0,0.0036585448,-0.0001100465,0.0036601995,0.0,0.1808971464,0.0,1,KKT conditions numerically satisfied for barrier-golden solution
low_slow_penalty,1122,1.05,3007.9,0.25,0.35,0.35,0.45,0.6,1.8,2B,1,0.93086,0.963519,13827.173143,3007.899883,deadline,0.3308599125,0.8691400875,0.3635190605,0.8364809395,0.0001169788,0.0,0.0,0.0,0.0,0.845577947,0.7381156011,-0.3954088217,0.8373546302,9.89147e-05,0.0001169788,0.0,1,KKT conditions numerically satisfied for barrier-golden solution
low_slow_penalty,1122,1.05,3007.9,0.25,0.35,0.35,0.45,0.6,1.8,3B,1,0.780897,0.842631,14149.427535,2646.378075,none,0.1808969987,1.0191030013,0.2426310151,0.9573689849,361.5219248652,0.0,0.0,0.0,0.0,0.0,0.0025345821,0.0015659754,0.0029793263,0.0,0.1808969987,0.0,1,KKT conditions numerically satisfied for barrier-golden solution
low_slow_penalty,1122,1.1,3151.133333,0.25,0.35,0.35,0.45,0.6,1.8,2B,1,0.882131,0.923198,13728.747627,3151.133142,deadline,0.282131276,0.917868724,0.3231983544,0.8768016456,0.0001914722,0.0,0.0,0.0,0.0,0.5382018472,0.3620894917,-0.1982939794,0.4128308398,0.0001030507,0.0001914722,0.0,1,KKT conditions numerically satisfied for barrier-golden solution
low_slow_penalty,1122,1.1,3151.133333,0.25,0.35,0.35,0.45,0.6,1.8,3B,1,0.780897,0.842631,14149.427535,2646.378006,none,0.1808969511,1.0191030489,0.2426310767,0.9573689233,504.7553272805,0.0,0.0,0.0,0.0,0.0,0.0021723383,0.0026101997,0.0033959087,0.0,0.1808969511,0.0,1,KKT conditions numerically satisfied for barrier-golden solution
low_slow_penalty,1122,1.15,3294.366667,0.25,0.35,0.35,0.45,0.6,1.8,2B,1,0.837129,0.886745,13670.507862,3294.366321,deadline,0.237129263,0.962870737,0.286744547,0.913255453,0.0003453184,0.0,0.0,0.0,0.0,0.282570492,0.4667145405,-0.261838402,0.5351465324,9.75768e-05,0.0003453184,0.0,1,KKT conditions numerically satisfied for barrier-golden solution
low_slow_penalty,1122,1.15,3294.366667,0.25,0.35,0.35,0.45,0.6,1.8,3B,1,0.780897,0.842631,14149.427535,2646.377914,none,0.1808969481,1.0191030519,0.2426311233,0.9573688767,647.9887522188,0.0,0.0,0.0,0.0,0.0,0.002149735,0.0034009841,0.004023438,0.0,0.1808969481,0.0,1,KKT conditions numerically satisfied for barrier-golden solution
low_slow_penalty,1122,1.2,3437.6,0.25,0.35,0.35,0.45,0.6,1.8,2B,1,0.795277,0.853762,13645.797916,3437.598537,deadline,0.1952765401,1.0047234599,0.2537616341,0.9462383659,0.0014628553,0.0,0.0,0.0,0.0,0.0685798194,0.0709982443,-0.0409123608,0.0819424918,0.0001003224,0.0014628553,0.0,1,KKT conditions numerically satisfied for barrier-golden solution
low_slow_penalty,1122,1.2,3437.6,0.25,0.35,0.35,0.45,0.6,1.8,3B,1,0.780897,0.842631,14149.427535,2646.377863,none,0.1808969564,1.0191030436,0.2426311435,0.9573688565,791.222136577,0.0,0.0,0.0,0.0,0.0,0.0022123233,0.00374392,0.0043487138,0.0,0.1808969564,0.0,1,KKT conditions numerically satisfied for barrier-golden solution
low_slow_penalty,1122,1.25,3580.833333,0.25,0.35,0.35,0.45,0.6,1.8,2B,1,0.780899,0.842631,13644.044348,3489.253054,none,0.180898641,1.019101359,0.2426313009,0.9573686991,91.5802794779,0.0,0.0,0.0,0.0,0.0,0.014493734,0.0061835124,0.0157576696,0.0,0.180898641,0.0,1,KKT conditions numerically satisfied for barrier-golden solution
low_slow_penalty,1122,1.25,3580.833333,0.25,0.35,0.35,0.45,0.6,1.8,3B,1,0.780897,0.842631,14149.427535,2646.377812,none,0.1808969628,1.0191030372,0.2426311651,0.9573688349,934.4555215587,0.0,0.0,0.0,0.0,0.0,0.0022613495,0.0041096341,0.0046907136,0.0,0.1808969628,0.0,1,KKT conditions numerically satisfied for barrier-golden solution
low_slow_penalty,1122,1.3,3724.066667,0.25,0.35,0.35,0.45,0.6,1.8,2B,1,0.780897,0.842631,13644.044348,3489.256292,none,0.180897291,1.019102709,0.2426308831,0.9573691169,234.8103749992,0.0,0.0,0.0,0.0,0.0,0.0045886025,-0.000648749,0.0046342366,0.0,0.180897291,0.0,1,KKT conditions numerically satisfied for barrier-golden solution
low_slow_penalty,1122,1.3,3724.066667,0.25,0.35,0.35,0.45,0.6,1.8,3B,1,0.780897,0.842631,14149.427535,2646.377873,none,0.1808973356,1.0191026644,0.2426309181,0.9573690819,1077.6887937163,0.0,0.0,0.0,0.0,0.0,0.0050979949,-7.92348e-05,0.0050986106,0.0,0.1808973356,0.0,1,KKT conditions numerically satisfied for barrier-golden solution
low_slow_penalty,1122,1.35,3867.3,0.25,0.35,0.35,0.45,0.6,1.8,2B,1,0.780897,0.842631,13644.044348,3489.256422,none,0.1808970762,1.0191029238,0.2426309597,0.9573690403,378.0435782203,0.0,0.0,0.0,0.0,0.0,0.0030127871,0.000604777,0.0030728881,0.0,0.1808970762,0.0,1,KKT conditions numerically satisfied for barrier-golden solution
low_slow_penalty,1122,1.35,3867.3,0.25,0.35,0.35,0.45,0.6,1.8,3B,1,0.780897,0.842631,14149.427535,2646.377846,none,0.1808973472,1.0191026528,0.2426309246,0.9573690754,1220.922154111,0.0,0.0,0.0,0.0,0.0,0.0051858827,3.1682e-05,0.0051859795,0.0,0.1808973472,0.0,1,KKT conditions numerically satisfied for barrier-golden solution
low_slow_penalty,1122,1.4,4010.533333,0.25,0.35,0.35,0.45,0.6,1.8,2B,1,0.780897,0.842631,13644.044348,3489.256421,none,0.1808969639,1.0191030361,0.2426310253,0.9573689747,521.2769121364,0.0,0.0,0.0,0.0,0.0,0.0021887374,0.0016774677,0.0027576202,0.0,0.1808969639,0.0,1,KKT conditions numerically satisfied for barrier-golden solution
low_slow_penalty,1122,1.4,4010.533333,0.25,0.35,0.35,0.45,0.6,1.8,3B,1,0.780897,0.842631,14149.427535,2646.377533,none,0.1808970287,1.0191029713,0.2426312632,0.9573687368,1364.1557999888,0.0,0.0,0.0,0.0,0.0,0.0027627355,0.0057735467,0.0064005116,0.0,0.1808970287,0.0,1,KKT conditions numerically satisfied for barrier-golden solution
low_slow_penalty,1122,1.5,4297.0,0.25,0.35,0.35,0.45,0.6,1.8,2B,1,0.780897,0.842631,13644.044348,3489.256166,none,0.1808969612,1.0191030388,0.2426311219,0.9573688781,807.7438341981,0.0,0.0,0.0,0.0,0.0,0.0021686598,0.0032561285,0.0039122191,0.0,0.1808969612,0.0,1,KKT conditions numerically satisfied for barrier-golden solution
low_slow_penalty,1122,1.5,4297.0,0.25,0.35,0.35,0.45,0.6,1.8,3B,1,0.780897,0.842631,14149.427535,2646.377513,none,0.1808970413,1.0191029587,0.2426312656,0.9573687344,1650.622486513,0.0,0.0,0.0,0.0,0.0,0.0028588919,0.0058138539,0.0064787468,0.0,0.1808970413,0.0,1,KKT conditions numerically satisfied for barrier-golden solution
low_slow_penalty,1211,0.7,1512.233333,0.25,0.35,0.35,0.45,0.6,1.8,2B,1,1.43741,1.415516,10069.502027,1512.233311,deadline,0.837409985,0.362590015,0.8155155867,0.3844844133,2.20224e-05,0.0,0.0,0.0,0.0,5.0911537716,-0.0048222217,0.0070146568,0.0085122989,0.0001121193,2.20224e-05,0.0,1,KKT conditions numerically satisfied for barrier-golden solution
low_slow_penalty,1211,0.7,1512.233333,0.25,0.35,0.35,0.45,0.6,1.8,3B,1,0.902518,0.940105,8651.906647,1512.233217,deadline,0.3025183011,0.8974816989,0.3401053086,0.8598946914,0.0001168276,0.0,0.0,0.0,0.0,0.8634712845,-0.1924569004,0.3132317103,0.3676326465,0.0001008773,0.0001168276,0.0,1,KKT conditions numerically satisfied for barrier-golden solution
low_slow_penalty,1211,0.75,1620.25,0.25,0.35,0.35,0.45,0.6,1.8,2B,1,1.339005,1.324915,9585.202162,1620.249976,deadline,0.7390053139,0.4609946861,0.7249149419,0.4750850581,2.43788e-05,0.0,0.0,0.0,0.0,3.9293833112,-0.1541818248,0.2264309743,0.2739398132,9.57938e-05,2.43788e-05,0.0,1,KKT conditions numerically satisfied for barrier-golden solution
low_slow_penalty,1211,0.75,1620.25,0.25,0.35,0.35,0.45,0.6,1.8,3B,1,0.836812,0.8866,8586.74726,1620.249731,deadline,0.2368123015,0.9631876985,0.286599791,0.913400209,0.0002686003,0.0,0.0,0.0,0.0,0.366121508,-0.1134911722,0.1910963879,0.2222567787,9.83404e-05,0.0002686003,0.0,1,KKT conditions numerically satisfied for barrier-golden solution
low_slow_penalty,1211,0.8,1728.266667,0.25,0.35,0.35,0.45,0.6,1.8,2B,1,1.252575,1.246157,9210.836432,1728.266637,deadline,0.6525748949,0.5474251051,0.6461574997,0.5538425003,2.98874e-05,0.0,0.0,0.0,0.0,3.0403985948,-0.3341666092,0.496126901,0.5981715679,9.08696e-05,2.98874e-05,0.0,1,KKT conditions numerically satisfied for barrier-golden solution
low_slow_penalty,1211,0.8,1728.266667,0.25,0.35,0.35,0.45,0.6,1.8,3B,1,0.780899,0.842635,8568.536264,1724.104758,none,0.1808994957,1.0191005043,0.24263523,0.95736477,4.1619091137,0.0,0.0,0.0,0.0,0.0,0.0235557558,0.0266314744,0.0355543115,0.0,0.1808994957,0.0,1,KKT conditions numerically satisfied for barrier-golden solution
low_slow_penalty,1211,0.85,1836.283333,0.25,0.35,0.35,0.45,0.6,1.8,2B,1,1.17604,1.177118,8921.279067,1836.283295,deadline,0.5760397073,0.6239602927,0.577117564,0.622882436,3.87277e-05,0.0,0.0,0.0,0.0,2.3488089158,-0.2363897681,0.3552349135,0.4266989176,9.09641e-05,3.87277e-05,0.0,1,KKT conditions numerically satisfied for barrier-golden solution
low_slow_penalty,1211,0.85,1836.283333,0.25,0.35,0.35,0.45,0.6,1.8,3B,1,0.780897,0.842632,8568.536263,1724.110902,none,0.1808970899,1.0191029101,0.2426315685,0.9573684315,112.1724314599,0.0,0.0,0.0,0.0,0.0,0.0035309889,0.003992759,0.0053301038,0.0,0.1808970899,0.0,1,KKT conditions numerically satisfied for barrier-golden solution
low_slow_penalty,1211,0.9,1944.3,0.25,0.35,0.35,0.45,0.6,1.8,2B,1,1.107677,1.116302,8698.179409,1944.299943,deadline,0.5076774333,0.6923225667,0.5163018117,0.6836981883,5.71069e-05,0.0,0.0,0.0,0.0,1.8027740185,-0.3212098264,0.4893467688,0.5853511875,0.0001029509,5.71069e-05,0.0,1,KKT conditions numerically satisfied for barrier-golden solution
low_slow_penalty,1211,0.9,1944.3,0.25,0.35,0.35,0.45,0.6,1.8,3B,1,0.780897,0.842631,8568.536263,1724.111757,none,0.180896671,1.019103329,0.2426312058,0.9573687942,220.1882430198,0.0,0.0,0.0,0.0,0.0,4.44508e-05,0.0017499166,0.001750481,0.0,0.180896671,0.0,1,KKT conditions numerically satisfied for barrier-golden solution
low_slow_penalty,1211,0.95,2052.316667,0.25,0.35,0.35,0.45,0.6,1.8,2B,1,1.046257,1.06234,8527.880696,2052.316596,deadline,0.4462573617,0.7537426383,0.4623399684,0.7376600316,7.03272e-05,0.0,0.0,0.0,0.0,1.3661353864,-0.1240597347,0.1918545468,0.2284709717,9.60765e-05,7.03272e-05,0.0,1,KKT conditions numerically satisfied for barrier-golden solution
low_slow_penalty,1211,0.95,2052.316667,0.25,0.35,0.35,0.45,0.6,1.8,3B,1,0.780897,0.842632,8568.536263,1724.110098,none,0.1808974432,1.0191025568,0.2426319807,0.9573680193,328.2065691549,0.0,0.0,0.0,0.0,0.0,0.0064723446,0.0065413962,0.0092022339,0.0,0.1808974432,0.0,1,KKT conditions numerically satisfied for barrier-golden solution
low_slow_penalty,1211,1.0,2160.333333,0.25,0.35,0.35,0.45,0.6,1.8,2B,1,0.99072,1.014251,8400.048705,2160.333236,deadline,0.3907200612,0.8092799388,0.4142506344,0.7857493656,9.77438e-05,0.0,0.0,0.0,0.0,1.0129253848,0.2238941457,-0.3519837863,0.4171584523,9.90072e-05,9.77438e-05,0.0,1,KKT conditions numerically satisfied for barrier-golden solution
low_slow_penalty,1211,1.0,2160.333333,0.25,0.35,0.35,0.45,0.6,1.8,3B,1,0.780897,0.842632,8568.536263,1724.110297,none,0.1808973569,1.0191026431,0.2426318763,0.9573681237,436.2230363785,0.0,0.0,0.0,0.0,0.0,0.0057534001,0.0058960017,0.0082379882,0.0,0.1808973569,0.0,1,KKT conditions numerically satisfied for barrier-golden solution
low_slow_penalty,1211,1.05,2268.35,0.25,0.35,0.35,0.45,0.6,1.8,2B,1,0.940096,0.971423,8306.745564,2268.349867,deadline,0.3400960252,0.8599039748,0.3714225352,0.8285774648,0.0001328346,0.0,0.0,0.0,0.0,0.7241304479,-0.1214296807,0.1944858581,0.229281304,9.61896e-05,0.0001328346,0.0,1,KKT conditions numerically satisfied for barrier-golden solution
low_slow_penalty,1211,1.05,2268.35,0.25,0.35,0.35,0.45,0.6,1.8,3B,1,0.780897,0.842632,8568.536263,1724.110427,none,0.1808973028,1.0191026972,0.2426318038,0.9573681962,544.2395725684,0.0,0.0,0.0,0.0,0.0,0.0053034321,0.0054473531,0.0076026343,0.0,0.1808973028,0.0,1,KKT conditions numerically satisfied for barrier-golden solution
low_slow_penalty,1211,1.1,2376.366667,0.25,0.35,0.35,0.45,0.6,1.8,2B,1,0.893863,0.932931,8241.791812,2376.366457,deadline,0.2938631755,0.9061368245,0.3329310476,0.8670689524,0.0002093959,0.0,0.0,0.0,0.0,0.4859629002,-0.1077980786,0.1761405223,0.2065088602,0.0001017586,0.0002093959,0.0,1,KKT conditions numerically satisfied for barrier-golden solution
low_slow_penalty,1211,1.1,2376.366667,0.25,0.35,0.35,0.45,0.6,1.8,3B,1,0.780897,0.842632,8568.536263,1724.110531,none,0.1808972621,1.0191027379,0.2426317429,0.9573682571,652.2561360797,0.0,0.0,0.0,0.0,0.0,0.0049643929,0.0050709738,0.0070964761,0.0,0.1808972621,0.0,1,KKT conditions numerically satisfied for barrier-golden solution
low_slow_penalty,1211,1.15,2484.383333,0.25,0.35,0.35,0.45,0.6,1.8,2B,1,0.851405,0.898307,8200.317898,2484.382986,deadline,0.2514046621,0.9485953379,0.2983070127,0.9016929873,0.0003473635,0.0,0.0,0.0,0.0,0.2878799119,-0.0847524084,0.141520984,0.1649580542,9.9999e-05,0.0003473635,0.0,1,KKT conditions numerically satisfied for barrier-golden solution
low_slow_penalty,1211,1.15,2484.383333,0.25,0.35,0.35,0.45,0.6,1.8,3B,1,0.780897,0.842632,8568.536263,1724.110591,none,0.1808972353,1.0191027647,0.242631712,0.957368288,760.2727420574,0.0,0.0,0.0,0.0,0.0,0.0047415035,0.0048799305,0.0068040853,0.0,0.1808972353,0.0,1,KKT conditions numerically satisfied for barrier-golden solution
low_slow_penalty,1211,1.2,2592.4,0.25,0.35,0.35,0.45,0.6,1.8,2B,1,0.812253,0.867089,8178.443921,2592.399186,deadline,0.212253397,0.987746603,0.2670885764,0.9329114236,0.0008139807,0.0,0.0,0.0,0.0,0.1219075524,-0.0549190961,0.0938768473,0.1087610665,9.92304e-05,0.0008139807,0.0,1,KKT conditions numerically satisfied for barrier-golden solution
low_slow_penalty,1211,1.2,2592.4,0.25,0.35,0.35,0.45,0.6,1.8,3B,1,0.780897,0.842632,8568.536263,1724.110635,none,0.180897217,1.019102783,0.2426316877,0.9573683123,868.2893648375,0.0,0.0,0.0,0.0,0.0,0.0045894559,0.0047299314,0.0065905505,0.0,0.180897217,0.0,1,KKT conditions numerically satisfied for barrier-golden solution
low_slow_penalty,1211,1.25,2700.416667,0.25,0.35,0.35,0.45,0.6,1.8,2B,1,0.780898,0.842633,8172.910701,2685.399728,none,0.1808979633,1.0191020367,0.2426329039,0.9573670961,15.0169389022,0.0,0.0,0.0,0.0,0.0,0.0103023129,0.011683585,0.0155770283,0.0,0.1808979633,0.0,1,KKT conditions numerically satisfied for barrier-golden solution
low_slow_penalty,1211,1.25,2700.416667,0.25,0.35,0.35,0.45,0.6,1.8,3B,1,0.780897,0.842632,8568.536263,1724.110665,none,0.1808972035,1.0191027965,0.2426316734,0.9573683266,976.3060018587,0.0,0.0,0.0,0.0,0.0,0.0044771565,0.0046410499,0.006448587,0.0,0.1808972035,0.0,1,KKT conditions numerically satisfied for barrier-golden solution
low_slow_penalty,1211,1.3,2808.433333,0.25,0.35,0.35,0.45,0.6,1.8,2B,1,0.780897,0.842632,8172.910701,2685.4026,none,0.1808972473,1.0191027527,0.2426317945,0.9573682055,123.0307334144,0.0,0.0,0.0,0.0,0.0,0.0046176981,0.0051412014,0.0069105056,0.0,0.1808972473,0.0,1,KKT conditions numerically satisfied for barrier-golden solution
low_slow_penalty,1211,1.3,2808.433333,0.25,0.35,0.35,0.45,0.6,1.8,3B,1,0.780897,0.842632,8568.536263,1724.110703,none,0.1808971888,1.0191028112,0.2426316507,0.9573683493,1084.3226307642,0.0,0.0,0.0,0.0,0.0,0.0043548408,0.0045009457,0.0062628389,0.0,0.1808971888,0.0,1,KKT conditions numerically satisfied for barrier-golden solution
low_slow_penalty,1211,1.35,2916.45,0.25,0.35,0.35,0.45,0.6,1.8,2B,1,0.780897,0.842632,8172.910701,2685.403386,none,0.1808970451,1.0191029549,0.2426315017,0.9573684983,231.046613968,0.0,0.0,0.0,0.0,0.0,0.0030125207,0.0034144905,0.0045534631,0.0,0.1808970451,0.0,1,KKT conditions numerically satisfied for barrier-golden solution
low_slow_penalty,1211,1.35,2916.45,0.25,0.35,0.35,0.45,0.6,1.8,3B,1,0.780897,0.842632,8568.536263,1724.110713,none,0.1808971838,1.0191028162,0.2426316456,0.9573683544,1192.3392866108,0.0,0.0,0.0,0.0,0.0,0.0043132424,0.004469298,0.0062111742,0.0,0.1808971838,0.0,1,KKT conditions numerically satisfied for barrier-golden solution
low_slow_penalty,1211,1.4,3024.466667,0.25,0.35,0.35,0.45,0.6,1.8,2B,1,0.780897,0.842631,8172.910701,2685.404505,none,0.1808966769,1.0191033231,0.2426312257,0.9573687743,339.0621619985,0.0,0.0,0.0,0.0,0.0,8.92188e-05,0.0017866275,0.0017888538,0.0,0.1808966769,0.0,1,KKT conditions numerically satisfied for barrier-golden solution
low_slow_penalty,1211,1.4,3024.466667,0.25,0.35,0.35,0.45,0.6,1.8,3B,1,0.780897,0.842632,8568.536263,1724.110763,none,0.1808971636,1.0191028364,0.2426316175,0.9573683825,1300.3559037826,0.0,0.0,0.0,0.0,0.0,0.0041450137,0.0042959148,0.0059695915,0.0,0.1808971636,0.0,1,KKT conditions numerically satisfied for barrier-golden solution
low_slow_penalty,1211,1.5,3240.5,0.25,0.35,0.35,0.45,0.6,1.8,2B,1,0.780897,0.842632,8172.910701,2685.401934,none,0.1808974506,1.0191025494,0.2426319866,0.9573680134,555.0980661404,0.0,0.0,0.0,0.0,0.0,0.0062320084,0.0062743105,0.0088433535,0.0,0.1808974506,0.0,1,KKT conditions numerically satisfied for barrier-golden solution
low_slow_penalty,1211,1.5,3240.5,0.25,0.35,0.35,0.45,0.6,1.8,3B,1,0.780897,0.842632,8568.536263,1724.11076,none,0.180897161,1.019102839,0.2426316258,0.9573683742,1516.3892400519,0.0,0.0,0.0,0.0,0.0,0.0041233801,0.0043472149,0.005991706,0.0,0.180897161,0.0,1,KKT conditions numerically satisfied for barrier-golden solution
low_slow_penalty,1212,0.7,1882.533333,0.25,0.35,0.35,0.45,0.6,1.8,2B,1,1.439685,1.417628,15001.6475,1882.533317,deadline,0.8396847884,0.3603152116,0.8176283535,0.3823716465,1.62426e-05,0.0,0.0,0.0,0.0,6.1268618492,-0.0503858104,0.0488537829,0.0701813507,9.95159e-05,1.62426e-05,0.0,1,KKT conditions numerically satisfied for barrier-golden solution
low_slow_penalty,1212,0.7,1882.533333,0.25,0.35,0.35,0.45,0.6,1.8,3B,1,0.864026,0.90846,12717.419149,1882.533189,deadline,0.2640263004,0.9359736996,0.3084596155,0.8915403845,0.0001439307,0.0,0.0,0.0,0.0,0.6908368011,0.14631701,-0.1617529258,0.2181116146,9.94327e-05,0.0001439307,0.0,1,KKT conditions numerically satisfied for barrier-golden solution
low_slow_penalty,1212,0.75,2017.0,0.25,0.35,0.35,0.45,0.6,1.8,2B,1,1.340493,1.32625,14276.61887,2016.999975,deadline,0.7404926944,0.4595073056,0.7262500726,0.4737499274,2.49021e-05,0.0,0.0,0.0,0.0,4.7215824043,-0.1522284551,0.149010811,0.2130204787,0.0001175772,2.49021e-05,0.0,1,KKT conditions numerically satisfied for barrier-golden solution
low_slow_penalty,1212,0.75,2017.0,0.25,0.35,0.35,0.45,0.6,1.8,3B,1,0.798791,0.856502,12663.504657,2016.999265,deadline,0.198790834,1.001209166,0.2565023183,0.9434976817,0.000735305,0.0,0.0,0.0,0.0,0.1370213712,0.0517007609,-0.0594412419,0.0787796288,0.0001007525,0.000735305,0.0,1,KKT conditions numerically satisfied for barrier-golden solution
low_slow_penalty,1212,0.8,2151.466667,0.25,0.35,0.35,0.45,0.6,1.8,2B,1,1.253282,1.246735,13717.134335,2151.466636,deadline,0.6532818447,0.5467181553,0.6467353337,0.5532646663,3.08603e-05,0.0,0.0,0.0,0.0,3.6462983776,-0.3238412983,0.3204669677,0.455600992,0.0001125258,3.08603e-05,0.0,1,KKT conditions numerically satisfied for barrier-golden solution
low_slow_penalty,1212,0.8,2151.466667,0.25,0.35,0.35,0.45,0.6,1.8,3B,1,0.780897,0.842631,12660.805087,2056.936509,none,0.1808972732,1.0191027268,0.2426312726,0.9573687274,94.5301575942,0.0,0.0,0.0,0.0,0.0,0.006218892,0.0039900115,0.0073888301,0.0,0.1808972732,0.0,1,KKT conditions numerically satisfied for barrier-golden solution
low_slow_penalty,1212,0.85,2285.933333,0.25,0.35,0.35,0.45,0.6,1.8,2B,1,1.176017,1.176925,13285.355477,2285.933297,deadline,0.5760170358,0.6239829642,0.5769245284,0.6230754716,3.67259e-05,0.0,0.0,0.0,0.0,2.8096683632,0.4711962913,-0.4719237844,0.6668867995,0.0001031877,3.67259e-05,0.0,1,KKT conditions numerically satisfied for barrier-golden solution
low_slow_penalty,1212,0.85,2285.933333,0.25,0.35,0.35,0.45,0.6,1.8,3B,1,0.780898,0.842632,12660.805087,2056.935501,none,0.1808977668,1.0191022332,0.2426315561,0.9573684439,228.9978318543,0.0,0.0,0.0,0.0,0.0,0.0112705012,0.0072230861,0.0133864547,0.0,0.1808977668,0.0,1,KKT conditions numerically satisfied for barrier-golden solution
low_slow_penalty,1212,0.9,2420.4,0.25,0.35,0.35,0.45,0.6,1.8,2B,1,1.106861,1.115394,12953.645919,2420.399951,deadline,0.5068614261,0.6931385739,0.5153935996,0.6846064004,4.87746e-05,0.0,0.0,0.0,0.0,2.1492377785,0.3752334299,-0.3810406541,0.5347822987,0.0001048281,4.87746e-05,0.0,1,KKT conditions numerically satisfied for barrier-golden solution
low_slow_penalty,1212,0.9,2420.4,0.25,0.35,0.35,0.45,0.6,1.8,3B,1,0.780898,0.842631,12660.805087,2056.935985,none,0.1808975374,1.0191024626,0.2426314114,0.9573685886,363.4640151598,0.0,0.0,0.0,0.0,0.0,0.0089230569,0.0055736383,0.0105207599,0.0,0.1808975374,0.0,1,KKT conditions numerically satisfied for barrier-golden solution
low_slow_penalty,1212,0.95,2554.866667,0.25,0.35,0.35,0.45,0.6,1.8,2B,1,1.044587,1.060801,12701.437607,2554.866612,deadline,0.444586832,0.755413168,0.4608012446,0.7391987554,5.48286e-05,0.0,0.0,0.0,0.0,1.621097072,0.2121174496,-0.2187536682,0.3047080238,8.88825e-05,5.48286e-05,0.0,1,KKT conditions numerically satisfied for barrier-golden solution
low_slow_penalty,1212,0.95,2554.866667,0.25,0.35,0.35,0.45,0.6,1.8,3B,1,0.780897,0.842631,12660.805087,2056.936201,none,0.1808974355,1.0191025645,0.2426313459,0.9573686541,497.9304655379,0.0,0.0,0.0,0.0,0.0,0.0078797621,0.0048263371,0.0092403561,0.0,0.1808974355,0.0,1,KKT conditions numerically satisfied for barrier-golden solution
low_slow_penalty,1212,1.0,2689.333333,0.25,0.35,0.35,0.45,0.6,1.8,2B,1,0.988167,1.01212,12513.165169,2689.333246,deadline,0.3881671129,0.8118328871,0.4121197759,0.7878802241,8.73213e-05,0.0,0.0,0.0,0.0,1.1938751756,0.1641932764,-0.1722496699,0.2379692854,0.0001042507,8.73213e-05,0.0,1,KKT conditions numerically satisfied for barrier-golden solution
low_slow_penalty,1212,1.0,2689.333333,0.25,0.35,0.35,0.45,0.6,1.8,3B,1,0.780897,0.842631,12660.805087,2056.936339,none,0.18089737,1.01910263,0.242631305,0.957368695,632.3969946458,0.0,0.0,0.0,0.0,0.0,0.0072092755,0.0043600795,0.0084251971,0.0,0.18089737,0.0,1,KKT conditions numerically satisfied for barrier-golden solution
low_slow_penalty,1212,1.05,2823.8,0.25,0.35,0.35,0.45,0.6,1.8,2B,1,0.936754,0.968538,12376.871455,2823.79988,deadline,0.3367544206,0.8632455794,0.3685377626,0.8314622374,0.0001202962,0.0,0.0,0.0,0.0,0.844743929,0.1751145529,-0.1871991419,0.2563369372,0.0001016195,0.0001202962,0.0,1,KKT conditions numerically satisfied for barrier-golden solution
low_slow_penalty,1212,1.05,2823.8,0.25,0.35,0.35,0.45,0.6,1.8,3B,1,0.780897,0.842631,12660.805087,2056.93644,none,0.1808973214,1.0191026786,0.2426312755,0.9573687245,766.8635602736,0.0,0.0,0.0,0.0,0.0,0.0067121649,0.0040236128,0.0078257663,0.0,0.1808973214,0.0,1,KKT conditions numerically satisfied for barrier-golden solution
low_slow_penalty,1212,1.1,2958.266667,0.25,0.35,0.35,0.45,0.6,1.8,2B,1,0.889645,0.929406,12283.246584,2958.266478,deadline,0.2896451641,0.9103548359,0.3294058565,0.8705941435,0.0001886399,0.0,0.0,0.0,0.0,0.5568206601,0.0673013964,-0.0734515966,0.0996223619,0.0001050386,0.0001886399,0.0,1,KKT conditions numerically satisfied for barrier-golden solution
low_slow_penalty,1212,1.1,2958.266667,0.25,0.35,0.35,0.45,0.6,1.8,3B,1,0.780897,0.842631,12660.805087,2056.936494,none,0.1808972959,1.0191027041,0.2426312593,0.9573687407,901.3301730374,0.0,0.0,0.0,0.0,0.0,0.006451165,0.0038386601,0.007506853,0.0,0.1808972959,0.0,1,KKT conditions numerically satisfied for barrier-golden solution
low_slow_penalty,1212,1.15,3092.733333,0.25,0.35,0.35,0.45,0.6,1.8,2B,1,0.846293,0.894154,12224.952643,3092.733026,deadline,0.2462930228,0.9537069772,0.2941537095,0.9058462905,0.0003068989,0.0,0.0,0.0,0.0,0.3174222243,0.0296071024,-0.0330505546,0.0443725103,9.74165e-05,0.0003068989,0.0,1,KKT conditions numerically satisfied for barrier-golden solution
low_slow_penalty,1212,1.15,3092.733333,0.25,0.35,0.35,0.45,0.6,1.8,3B,1,0.780897,0.842631,12660.805087,2056.936547,none,0.1808972705,1.0191027295,0.242631243,0.957368757,1035.7967858958,0.0,0.0,0.0,0.0,0.0,0.0061914094,0.0036530123,0.0071887446,0.0,0.1808972705,0.0,1,KKT conditions numerically satisfied for barrier-golden solution
low_slow_penalty,1212,1.2,3227.2,0.25,0.35,0.35,0.45,0.6,1.8,2B,1,0.806231,0.862322,12196.141296,3227.199146,deadline,0.2062308267,0.9937691733,0.2623218703,0.9376781297,0.0008538941,0.0,0.0,0.0,0.0,0.1169094807,0.062672231,-0.0716960381,0.0952267316,9.98283e-05,0.0008538941,0.0,1,KKT conditions numerically satisfied for barrier-golden solution
low_slow_penalty,1212,1.2,3227.2,0.25,0.35,0.35,0.45,0.6,1.8,3B,1,0.780897,0.842631,12660.805087,2056.936561,none,0.180897265,1.019102735,0.2426312377,0.9573687623,1170.2634387148,0.0,0.0,0.0,0.0,0.0,0.006134301,0.0035925981,0.0071088965,0.0,0.180897265,0.0,1,KKT conditions numerically satisfied for barrier-golden solution
low_slow_penalty,1212,1.25,3361.666667,0.25,0.35,0.35,0.45,0.6,1.8,2B,1,0.780897,0.842631,12190.948326,3317.745637,none,0.1808972632,1.0191027368,0.2426312928,0.9573687072,43.9210299591,0.0,0.0,0.0,0.0,0.0,0.0058888496,0.0040638992,0.0071549862,0.0,0.1808972632,0.0,1,KKT conditions numerically satisfied for barrier-golden solution
low_slow_penalty,1212,1.25,3361.666667,0.25,0.35,0.35,0.45,0.6,1.8,3B,1,0.780897,0.842631,12660.805087,2056.936606,none,0.1808972429,1.0191027571,0.2426312256,0.9573687744,1304.7300609872,0.0,0.0,0.0,0.0,0.0,0.0059089408,0.0034537667,0.0068442739,0.0,0.1808972429,0.0,1,KKT conditions numerically satisfied for barrier-golden solution
low_slow_penalty,1212,1.3,3496.133333,0.25,0.35,0.35,0.45,0.6,1.8,2B,1,0.780897,0.842631,12190.948326,3317.745795,none,0.1808972316,1.0191027684,0.242631246,0.957368754,178.3875382693,0.0,0.0,0.0,0.0,0.0,0.0055775351,0.0035495552,0.0066112208,0.0,0.1808972316,0.0,1,KKT conditions numerically satisfied for barrier-golden solution
low_slow_penalty,1212,1.3,3496.133333,0.25,0.35,0.35,0.45,0.6,1.8,3B,1,0.780897,0.842631,12660.805087,2056.93661,none,0.1808972412,1.0191027588,0.2426312238,0.9573687762,1439.1967231934,0.0,0.0,0.0,0.0,0.0,0.0058915084,0.0034330574,0.0068187795,0.0,0.1808972412,0.0,1,KKT conditions numerically satisfied for barrier-golden solution
low_slow_penalty,1212,1.35,3630.6,0.25,0.35,0.35,0.45,0.6,1.8,2B,1,0.780897,0.842631,12190.948326,3317.747274,none,0.1808968134,1.0191031866,0.2426309518,0.9573690482,312.8527258619,0.0,0.0,0.0,0.0,0.0,0.001456749,0.000319364,0.0014913453,0.0,0.1808968134,0.0,1,KKT conditions numerically satisfied for barrier-golden solution
low_slow_penalty,1212,1.35,3630.6,0.25,0.35,0.35,0.45,0.6,1.8,3B,1,0.780897,0.842631,12660.805087,2056.936647,none,0.1808972231,1.0191027769,0.2426312132,0.9573687868,1573.6633525665,0.0,0.0,0.0,0.0,0.0,0.0057054203,0.0033122458,0.0065971807,0.0,0.1808972231,0.0,1,KKT conditions numerically satisfied for barrier-golden solution
low_slow_penalty,1212,1.4,3765.066667,0.25,0.35,0.35,0.45,0.6,1.8,2B,1,0.780898,0.842631,12190.948326,3317.744325,none,0.1808976803,1.0191023197,0.2426314999,0.9573685001,447.3223420314,0.0,0.0,0.0,0.0,0.0,0.0099999881,0.0063382233,0.011839461,0.0,0.1808976803,0.0,1,KKT conditions numerically satisfied for barrier-golden solution
low_slow_penalty,1212,1.4,3765.066667,0.25,0.35,0.35,0.45,0.6,1.8,3B,1,0.780897,0.842631,12660.805087,2056.936646,none,0.1808972238,1.0191027762,0.2426312136,0.9573687864,1708.1300207543,0.0,0.0,0.0,0.0,0.0,0.005713097,0.0033170611,0.0066062373,0.0,0.1808972238,0.0,1,KKT conditions numerically satisfied for barrier-golden solution
low_slow_penalty,1212,1.5,4034.0,0.25,0.35,0.35,0.45,0.6,1.8,2B,1,0.780897,0.842631,12190.948326,3317.744992,none,0.1808974841,1.0191025159,0.2426313758,0.9573686242,716.2550077064,0.0,0.0,0.0,0.0,0.0,0.0080665358,0.00497523,0.0094774424,0.0,0.1808974841,0.0,1,KKT conditions numerically satisfied for barrier-golden solution
low_slow_penalty,1212,1.5,4034.0,0.25,0.35,0.35,0.45,0.6,1.8,3B,1,0.780897,0.842631,12660.805087,2056.936704,none,0.1808971955,1.0191028045,0.2426311969,0.9573688031,1977.0632958009,0.0,0.0,0.0,0.0,0.0,0.0054229824,0.0031273008,0.0062600918,0.0,0.1808971955,0.0,1,KKT conditions numerically satisfied for barrier-golden solution
low_slow_penalty,1221,0.7,1959.766667,0.25,0.35,0.35,0.45,0.6,1.8,2B,1,1.439662,1.41765,13353.400239,1959.766647,deadline,0.839662153,0.360337847,0.817650305,0.382349695,1.95046e-05,0.0,0.0,0.0,0.0,5.2387859745,-0.2544287095,0.246707965,0.3543991933,0.0001021802,1.95046e-05,0.0,1,KKT conditions numerically satisfied for barrier-golden solution
low_slow_penalty,1221,0.7,1959.766667,0.25,0.35,0.35,0.45,0.6,1.8,3B,1,0.923229,0.9572,11454.631613,1959.766568,deadline,0.3232292013,0.8767707987,0.3572002238,0.8427997762,9.9155e-05,0.0,0.0,0.0,0.0,1.0280122845,0.2393084368,-0.2572435698,0.3513442502,0.0001019326,9.9155e-05,0.0,1,KKT conditions numerically satisfied for barrier-golden solution
low_slow_penalty,1221,0.75,2099.75,0.25,0.35,0.35,0.45,0.6,1.8,2B,1,1.3405,1.326243,12708.031278,2099.749972,deadline,0.7405001244,0.4594998756,0.7262428024,0.4737571976,2.80676e-05,0.0,0.0,0.0,0.0,4.0371816432,-0.0666925944,0.0652814774,0.0933250955,0.0001133141,2.80676e-05,0.0,1,KKT conditions numerically satisfied for barrier-golden solution
low_slow_penalty,1221,0.75,2099.75,0.25,0.35,0.35,0.45,0.6,1.8,3B,1,0.854751,0.90096,11350.089854,2099.74979,deadline,0.2547509819,0.9452490181,0.3009599617,0.8990400383,0.0002101595,0.0,0.0,0.0,0.0,0.4906516978,0.0751406784,-0.0834846976,0.1123201508,0.0001031151,0.0002101595,0.0,1,KKT conditions numerically satisfied for barrier-golden solution
low_slow_penalty,1221,0.8,2239.733333,0.25,0.35,0.35,0.45,0.6,1.8,2B,1,1.25332,1.246697,12210.017905,2239.733299,deadline,0.6533204598,0.5466795402,0.6466971253,0.5533028747,3.38395e-05,0.0,0.0,0.0,0.0,3.117743851,0.0696271714,-0.0688932082,0.0979500747,0.0001055028,3.38395e-05,0.0,1,KKT conditions numerically satisfied for barrier-golden solution
low_slow_penalty,1221,0.8,2239.733333,0.25,0.35,0.35,0.45,0.6,1.8,3B,1,0.794093,0.852842,11311.3217,2239.732102,deadline,0.1940928941,1.0059071059,0.2528423948,0.9471576052,0.0012317807,0.0,0.0,0.0,0.0,0.0812163964,0.0402291639,-0.0464019198,0.0614127332,0.0001000408,0.0012317807,0.0,1,KKT conditions numerically satisfied for barrier-golden solution
low_slow_penalty,1221,0.85,2379.716667,0.25,0.35,0.35,0.45,0.6,1.8,2B,1,1.175983,1.176958,11825.679051,2379.716626,deadline,0.5759832495,0.6240167505,0.5769583716,0.6230416284,4.10319e-05,0.0,0.0,0.0,0.0,2.4024221107,0.1060433413,-0.1062192759,0.1500923876,9.85759e-05,4.10319e-05,0.0,1,KKT conditions numerically satisfied for barrier-golden solution
low_slow_penalty,1221,0.85,2379.716667,0.25,0.35,0.35,0.45,0.6,1.8,3B,1,0.780897,0.842631,11310.007488,2272.417124,none,0.1808973345,1.0191026655,0.2426313083,0.9573686917,107.2995426111,0.0,0.0,0.0,0.0,0.0,0.0061157528,0.0039279757,0.007268523,0.0,0.1808973345,0.0,1,KKT conditions numerically satisfied for barrier-golden solution
low_slow_penalty,1221,0.9,2519.7,0.25,0.35,0.35,0.45,0.6,1.8,2B,1,1.106842,1.115413,11530.414785,2519.699948,deadline,0.5068424021,0.6931575979,0.5154129194,0.6845870806,5.16533e-05,0.0,0.0,0.0,0.0,1.8377130118,0.1574224934,-0.1598698441,0.2243662373,9.49239e-05,5.16533e-05,0.0,1,KKT conditions numerically satisfied for barrier-golden solution
low_slow_penalty,1221,0.9,2519.7,0.25,0.35,0.35,0.45,0.6,1.8,3B,1,0.780897,0.842631,11310.007488,2272.418338,none,0.1808968286,1.0191031714,0.2426309612,0.9573690388,247.2816616137,0.0,0.0,0.0,0.0,0.0,0.0014898003,0.0003921228,0.0015405406,0.0,0.1808968286,0.0,1,KKT conditions numerically satisfied for barrier-golden solution
low_slow_penalty,1221,0.95,2659.683333,0.25,0.35,0.35,0.45,0.6,1.8,2B,1,1.044584,1.060804,11305.916904,2659.683259,deadline,0.4445842272,0.7554157728,0.4608039445,0.7391960555,7.40333e-05,0.0,0.0,0.0,0.0,1.3861192158,0.1645482862,-0.1696979857,0.236375855,0.000102619,7.40333e-05,0.0,1,KKT conditions numerically satisfied for barrier-golden solution
low_slow_penalty,1221,0.95,2659.683333,0.25,0.35,0.35,0.45,0.6,1.8,3B,1,0.780898,0.842631,11310.007488,2272.41643,none,0.1808976507,1.0191023493,0.2426314751,0.9573685249,387.2669031945,0.0,0.0,0.0,0.0,0.0,0.0090069718,0.0056270428,0.0106202237,0.0,0.1808976507,0.0,1,KKT conditions numerically satisfied for barrier-golden solution
low_slow_penalty,1221,1.0,2799.666667,0.25,0.35,0.35,0.45,0.6,1.8,2B,1,0.98817,1.012117,11138.330143,2799.666574,deadline,0.3881700097,0.8118299903,0.4121167383,0.7878832617,9.2609e-05,0.0,0.0,0.0,0.0,1.0208212195,0.1730818107,-0.1815721792,0.2508500936,9.45373e-05,9.2609e-05,0.0,1,KKT conditions numerically satisfied for barrier-golden solution
low_slow_penalty,1221,1.0,2799.666667,0.25,0.35,0.35,0.45,0.6,1.8,3B,1,0.780898,0.842631,11310.007488,2272.416719,none,0.1808975263,1.0191024737,0.2426313974,0.9573686026,527.2499478258,0.0,0.0,0.0,0.0,0.0,0.0078692194,0.0048356482,0.0092362388,0.0,0.1808975263,0.0,1,KKT conditions numerically satisfied for barrier-golden solution
low_slow_penalty,1221,1.05,2939.65,0.25,0.35,0.35,0.45,0.6,1.8,2B,1,0.936748,0.968545,11017.011172,2939.649863,deadline,0.3367476976,0.8632523024,0.3685449578,0.8314550422,0.0001373843,0.0,0.0,0.0,0.0,0.7223000884,0.0932604566,-0.0996992378,0.1365190492,9.92327e-05,0.0001373843,0.0,1,KKT conditions numerically satisfied for barrier-golden solution
low_slow_penalty,1221,1.05,2939.65,0.25,0.35,0.35,0.45,0.6,1.8,3B,1,0.780897,0.842631,11310.007488,2272.416872,none,0.1808974609,1.0191025391,0.2426313554,0.9573686446,667.233128018,0.0,0.0,0.0,0.0,0.0,0.0072715942,0.0044082108,0.0085034349,0.0,0.1808974609,0.0,1,KKT conditions numerically satisfied for barrier-golden solution
low_slow_penalty,1221,1.1,3079.633333,0.25,0.35,0.35,0.45,0.6,1.8,2B,1,0.889653,0.929397,10933.672971,3079.633115,deadline,0.2896530828,0.9103469172,0.3293972277,0.8706027723,0.0002179413,0.0,0.0,0.0,0.0,0.4761067775,0.1336263579,-0.1458322246,0.1977954531,0.0001037633,0.0002179413,0.0,1,KKT conditions numerically satisfied for barrier-golden solution
low_slow_penalty,1221,1.1,3079.633333,0.25,0.35,0.35,0.45,0.6,1.8,3B,1,0.780897,0.842631,11310.007488,2272.416981,none,0.180897414,1.019102586,0.2426313262,0.9573686738,807.2163525302,0.0,0.0,0.0,0.0,0.0,0.0068426701,0.0041099975,0.0079821184,0.0,0.180897414,0.0,1,KKT conditions numerically satisfied for barrier-golden solution
low_slow_penalty,1221,1.15,3219.616667,0.25,0.35,0.35,0.45,0.6,1.8,2B,1,0.8463,0.894146,10881.783854,3219.61629,deadline,0.2462998313,0.9537001687,0.2941461421,0.9058538579,0.0003769619,0.0,0.0,0.0,0.0,0.2714098321,0.0897107246,-0.1001412182,0.1344480483,0.0001023112,0.0003769619,0.0,1,KKT conditions numerically satisfied for barrier-golden solution
low_slow_penalty,1221,1.15,3219.616667,0.25,0.35,0.35,0.45,0.6,1.8,3B,1,0.780897,0.842631,11310.007488,2272.417083,none,0.1808973699,1.0191026301,0.2426312992,0.9573687008,947.1995841627,0.0,0.0,0.0,0.0,0.0,0.0064390294,0.0038349052,0.0074945044,0.0,0.1808973699,0.0,1,KKT conditions numerically satisfied for barrier-golden solution
low_slow_penalty,1221,1.2,3359.6,0.25,0.35,0.35,0.45,0.6,1.8,2B,1,0.80623,0.862323,10856.138034,3359.599008,deadline,0.2062301622,0.9937698378,0.262322685,0.937677315,0.0009916033,0.0,0.0,0.0,0.0,0.099963682,0.0493149895,-0.0564157653,0.074931347,9.91243e-05,0.0009916033,0.0,1,KKT conditions numerically satisfied for barrier-golden solution
low_slow_penalty,1221,1.2,3359.6,0.25,0.35,0.35,0.45,0.6,1.8,3B,1,0.780897,0.842631,11310.007488,2272.41709,none,0.180897368,1.019102632,0.2426312956,0.9573687044,1087.1829099965,0.0,0.0,0.0,0.0,0.0,0.0064216033,0.0037986112,0.0074609943,0.0,0.180897368,0.0,1,KKT conditions numerically satisfied for barrier-golden solution
low_slow_penalty,1221,1.25,3499.583333,0.25,0.35,0.35,0.45,0.6,1.8,2B,1,0.780897,0.842631,10851.515611,3453.860099,none,0.1808973448,1.0191026552,0.2426313438,0.9573686562,45.7232342978,0.0,0.0,0.0,0.0,0.0,0.0059579744,0.0041162583,0.0072416187,0.0,0.1808973448,0.0,1,KKT conditions numerically satisfied for barrier-golden solution
low_slow_penalty,1221,1.25,3499.583333,0.25,0.35,0.35,0.45,0.6,1.8,3B,1,0.780897,0.842631,11310.007488,2272.417147,none,0.1808973425,1.0191026575,0.242631281,0.957368719,1227.1661858501,0.0,0.0,0.0,0.0,0.0,0.0061884057,0.003649706,0.0071844777,0.0,0.1808973425,0.0,1,KKT conditions numerically satisfied for barrier-golden solution
low_slow_penalty,1221,1.3,3639.566667,0.25,0.35,0.35,0.45,0.6,1.8,2B,1,0.780897,0.842631,10851.515611,3453.860378,none,0.1808972828,1.0191027172,0.2426312745,0.9573687255,185.7062887999,0.0,0.0,0.0,0.0,0.0,0.0054145048,0.0034388911,0.0064142681,0.0,0.1808972828,0.0,1,KKT conditions numerically satisfied for barrier-golden solution
low_slow_penalty,1221,1.3,3639.566667,0.25,0.35,0.35,0.45,0.6,1.8,3B,1,0.780897,0.842631,11310.007488,2272.417196,none,0.1808973213,1.0191026787,0.2426312679,0.9573687321,1367.1494704095,0.0,0.0,0.0,0.0,0.0,0.0059954251,0.0035170002,0.006950857,0.0,0.1808973213,0.0,1,KKT conditions numerically satisfied for barrier-golden solution
low_slow_penalty,1221,1.35,3779.55,0.25,0.35,0.35,0.45,0.6,1.8,2B,1,0.780897,0.842631,10851.515611,3453.862013,none,0.1808968403,1.0191031597,0.2426309605,0.9573690395,325.6879870984,0.0,0.0,0.0,0.0,0.0,0.0015323389,0.0003690202,0.0015761467,0.0,0.1808968403,0.0,1,KKT conditions numerically satisfied for barrier-golden solution
low_slow_penalty,1221,1.35,3779.55,0.25,0.35,0.35,0.45,0.6,1.8,3B,1,0.780897,0.842631,11310.007488,2272.417209,none,0.1808973161,1.0191026839,0.2426312644,0.9573687356,1507.1327911902,0.0,0.0,0.0,0.0,0.0,0.0059475612,0.0034805084,0.0068911119,0.0,0.1808973161,0.0,1,KKT conditions numerically satisfied for barrier-golden solution
low_slow_penalty,1221,1.4,3919.533333,0.25,0.35,0.35,0.45,0.6,1.8,2B,1,0.780898,0.842632,10851.515611,3453.858542,none,0.1808978205,1.0191021795,0.2426315795,0.9573684205,465.6747909367,0.0,0.0,0.0,0.0,0.0,0.0101310216,0.0064200338,0.0119939331,0.0,0.1808978205,0.0,1,KKT conditions numerically satisfied for barrier-golden solution
low_slow_penalty,1221,1.4,3919.533333,0.25,0.35,0.35,0.45,0.6,1.8,3B,1,0.780897,0.842631,11310.007488,2272.417257,none,0.1808972954,1.0191027046,0.2426312516,0.9573687484,1647.1160767111,0.0,0.0,0.0,0.0,0.0,0.0057583694,0.0033504395,0.0066621515,0.0,0.1808972954,0.0,1,KKT conditions numerically satisfied for barrier-golden solution
low_slow_penalty,1221,1.5,4199.5,0.25,0.35,0.35,0.45,0.6,1.8,2B,1,0.780898,0.842631,10851.515611,3453.859314,none,0.1808976026,1.0191023974,0.2426314419,0.9573685581,745.6406860899,0.0,0.0,0.0,0.0,0.0,0.0082195468,0.0050747769,0.0096599333,0.0,0.1808976026,0.0,1,KKT conditions numerically satisfied for barrier-golden solution
low_slow_penalty,1221,1.5,4199.5,0.25,0.35,0.35,0.45,0.6,1.8,3B,1,0.780897,0.842631,11310.007488,2272.417293,none,0.1808972796,1.0191027204,0.2426312416,0.9573687584,1927.0827065003,0.0,0.0,0.0,0.0,0.0,0.0056137086,0.0032484803,0.0064858575,0.0,0.1808972796,0.0,1,KKT conditions numerically satisfied for barrier-golden solution
low_slow_penalty,1222,0.7,2310.466667,0.25,0.35,0.35,0.45,0.6,1.8,2B,1,1.44132,1.419157,17999.398237,2310.466648,deadline,0.8413200248,0.3586799752,0.8191570265,0.3808429735,1.85381e-05,0.0,0.0,0.0,0.0,6.0136752838,-0.1732483728,0.1259709749,0.214204774,0.0001114821,1.85381e-05,0.0,1,KKT conditions numerically satisfied for barrier-golden solution
low_slow_penalty,1222,0.7,2310.466667,0.25,0.35,0.35,0.45,0.6,1.8,3B,1,0.974412,1.000191,15487.15584,2310.466607,deadline,0.3744117647,0.8255882353,0.4001912113,0.7998087887,6.01165e-05,0.0,0.0,0.0,0.0,1.6006025495,1.6629770076,-1.3141003731,2.1195170012,9.62226e-05,6.01165e-05,0.0,1,KKT conditions numerically satisfied for barrier-golden solution
low_slow_penalty,1222,0.75,2475.5,0.25,0.35,0.35,0.45,0.6,1.8,2B,1,1.341337,1.327393,17126.438547,2475.499978,deadline,0.7413367594,0.4586632406,0.7273931831,0.4726068169,2.23077e-05,0.0,0.0,0.0,0.0,4.6297847477,-2.8505833297,2.0937195928,3.5368753234,0.0001032799,2.23077e-05,0.0,1,KKT conditions numerically satisfied for barrier-golden solution
low_slow_penalty,1222,0.75,2475.5,0.25,0.35,0.35,0.45,0.6,1.8,3B,1,0.901991,0.939494,15281.849465,2475.49989,deadline,0.3019906284,0.8980093716,0.3394939191,0.8605060809,0.0001098856,0.0,0.0,0.0,0.0,0.9187763049,0.8018308215,-0.6524209613,1.0337242268,0.0001009602,0.0001098856,0.0,1,KKT conditions numerically satisfied for barrier-golden solution
low_slow_penalty,1222,0.8,2640.533333,0.25,0.35,0.35,0.45,0.6,1.8,2B,1,1.253837,1.247138,16453.631072,2640.533309,deadline,0.6538367438,0.5461632562,0.6471378366,0.5528621634,2.4728e-05,0.0,0.0,0.0,0.0,3.5699057473,0.3012658858,-0.223541492,0.3751425496,8.82768e-05,2.4728e-05,0.0,1,KKT conditions numerically satisfied for barrier-golden solution
low_slow_penalty,1222,0.8,2640.533333,0.25,0.35,0.35,0.45,0.6,1.8,3B,1,0.837759,0.887277,15175.001187,2640.533086,deadline,0.2377586803,0.9622413197,0.287276618,0.912723382,0.0002470642,0.0,0.0,0.0,0.0,0.3986792696,0.2934972034,-0.246913839,0.3835453718,9.84994e-05,0.0002470642,0.0,1,KKT conditions numerically satisfied for barrier-golden solution
low_slow_penalty,1222,0.85,2805.566667,0.25,0.35,0.35,0.45,0.6,1.8,2B,1,1.17599,1.176832,15935.229334,2805.566634,deadline,0.5759895096,0.6240104904,0.5768316796,0.6231683204,3.27174e-05,0.0,0.0,0.0,0.0,2.7456451361,1.1135984501,-0.8363955001,1.3927163892,8.98303e-05,3.27174e-05,0.0,1,KKT conditions numerically satisfied for barrier-golden solution
low_slow_penalty,1222,0.85,2805.566667,0.25,0.35,0.35,0.45,0.6,1.8,3B,1,0.780908,0.842635,15143.817429,2803.595749,none,0.1809081694,1.0190918306,0.2426347839,0.9573652161,1.970917189,0.0,0.0,0.0,0.0,0.0,0.1206000034,0.0601397651,0.1347633191,0.0,0.1809081694,0.0,0,KKT residual is reported for numerical inspection
low_slow_penalty,1222,0.9,2970.6,0.25,0.35,0.35,0.45,0.6,1.8,2B,1,1.106266,1.114773,15537.818897,2970.599946,deadline,0.506265988,0.693734012,0.5147729323,0.6852270677,5.39113e-05,0.0,0.0,0.0,0.0,2.0950302858,1.1823549676,-0.9004567407,1.4861983755,0.0001129457,5.39113e-05,0.0,1,KKT conditions numerically satisfied for barrier-golden solution
low_slow_penalty,1222,0.9,2970.6,0.25,0.35,0.35,0.45,0.6,1.8,3B,1,0.780897,0.842631,15143.817428,2803.621008,none,0.1808969486,1.0191030514,0.2426308475,0.9573691525,166.9789923721,0.0,0.0,0.0,0.0,0.0,0.002966965,-0.0011716195,0.0031899175,0.0,0.1808969486,0.0,1,KKT conditions numerically satisfied for barrier-golden solution
low_slow_penalty,1222,0.95,3135.633333,0.25,0.35,0.35,0.45,0.6,1.8,2B,1,1.043339,1.05971,15236.531414,3135.63326,deadline,0.4433392477,0.7566607523,0.4597102251,0.7402897749,7.38155e-05,0.0,0.0,0.0,0.0,1.5748482003,0.3226411946,-0.2496342903,0.40793948,0.0001162482,7.38155e-05,0.0,1,KKT conditions numerically satisfied for barrier-golden solution
low_slow_penalty,1222,0.95,3135.633333,0.25,0.35,0.35,0.45,0.6,1.8,3B,1,0.780898,0.842631,15143.817428,2803.619007,none,0.1808977155,1.0191022845,0.2426312655,0.9573687345,332.0143258743,0.0,0.0,0.0,0.0,0.0,0.0110065107,0.005338707,0.0122329502,0.0,0.1808977155,0.0,1,KKT conditions numerically satisfied for barrier-golden solution
low_slow_penalty,1222,1.0,3300.666667,0.25,0.35,0.35,0.45,0.6,1.8,2B,1,0.986318,1.010513,15012.546704,3300.666582,deadline,0.3863181683,0.8136818317,0.410513137,0.789486863,8.51494e-05,0.0,0.0,0.0,0.0,1.1539743553,0.4058717767,-0.31952142,0.5165518725,9.82603e-05,8.51494e-05,0.0,1,KKT conditions numerically satisfied for barrier-golden solution
low_slow_penalty,1222,1.0,3300.666667,0.25,0.35,0.35,0.45,0.6,1.8,3B,1,0.780898,0.842631,15143.817428,2803.619464,none,0.1808975358,1.0191024642,0.242631174,0.957368826,497.0472024838,0.0,0.0,0.0,0.0,0.0,0.0091228198,0.0039142943,0.0099271114,0.0,0.1808975358,0.0,1,KKT conditions numerically satisfied for barrier-golden solution
low_slow_penalty,1222,1.05,3465.7,0.25,0.35,0.35,0.45,0.6,1.8,2B,1,0.934291,0.966415,14851.406442,3465.699883,deadline,0.3342905011,0.8657094989,0.3664153676,0.8335846324,0.0001167898,0.0,0.0,0.0,0.0,0.8100289872,0.6398989437,-0.5134952665,0.8204559993,9.46031e-05,0.0001167898,0.0,1,KKT conditions numerically satisfied for barrier-golden solution
low_slow_penalty,1222,1.05,3465.7,0.25,0.35,0.35,0.45,0.6,1.8,3B,1,0.780897,0.842631,15143.817428,2803.61964,none,0.1808974667,1.0191025333,0.2426311385,0.9573688615,662.0803595398,0.0,0.0,0.0,0.0,0.0,0.0083986776,0.0033607808,0.0090461391,0.0,0.1808974667,0.0,1,KKT conditions numerically satisfied for barrier-golden solution
low_slow_penalty,1222,1.1,3630.733333,0.25,0.35,0.35,0.45,0.6,1.8,2B,1,0.886521,0.926787,14741.852243,3630.733136,deadline,0.2865212379,0.9134787621,0.3267870877,0.8732129123,0.0001978284,0.0,0.0,0.0,0.0,0.5264315014,0.4746118834,-0.3890286013,0.6136771891,0.0001041431,0.0001978284,0.0,1,KKT conditions numerically satisfied for barrier-golden solution
low_slow_penalty,1222,1.1,3630.733333,0.25,0.35,0.35,0.45,0.6,1.8,3B,1,0.780897,0.842631,15143.817428,2803.620874,none,0.1808970633,1.0191029367,0.24263082,0.95736918,827.11245922,0.0,0.0,0.0,0.0,0.0,0.0041694033,-0.0016008549,0.0044661684,0.0,0.1808970633,0.0,1,KKT conditions numerically satisfied for barrier-golden solution
low_slow_penalty,1222,1.15,3795.766667,0.25,0.35,0.35,0.45,0.6,1.8,2B,1,0.842483,0.891048,14675.009295,3795.766319,deadline,0.2424831129,0.9575168871,0.2910477935,0.9089522065,0.0003481399,0.0,0.0,0.0,0.0,0.2906504306,0.3838564473,-0.3220399068,0.501054362,0.000101187,0.0003481399,0.0,1,KKT conditions numerically satisfied for barrier-golden solution
low_slow_penalty,1222,1.15,3795.766667,0.25,0.35,0.35,0.45,0.6,1.8,3B,1,0.780897,0.842631,15143.817428,2803.619867,none,0.1808972599,1.0191027401,0.2426311958,0.9573688042,992.1467993502,0.0,0.0,0.0,0.0,0.0,0.0062303928,0.0042525469,0.0075433381,0.0,0.1808972599,0.0,1,KKT conditions numerically satisfied for barrier-golden solution
low_slow_penalty,1222,1.2,3960.8,0.25,0.35,0.35,0.45,0.6,1.8,2B,1,0.801692,0.858753,14643.802893,3960.798925,deadline,0.2016924898,0.9983075102,0.2587534152,0.9412465848,0.0010745839,0.0,0.0,0.0,0.0,0.0932106748,0.1875276589,-0.1613793342,0.2474063708,0.0001001627,0.0010745839,0.0,1,KKT conditions numerically satisfied for barrier-golden solution
low_slow_penalty,1222,1.2,3960.8,0.25,0.35,0.35,0.45,0.6,1.8,3B,1,0.780897,0.842631,15143.817428,2803.619923,none,0.1808972319,1.0191027681,0.24263119,0.95736881,1157.1800771607,0.0,0.0,0.0,0.0,0.0,0.0059368513,0.0041631278,0.0072510576,0.0,0.1808972319,0.0,1,KKT conditions numerically satisfied for barrier-golden solution
low_slow_penalty,1222,1.25,4125.833333,0.25,0.35,0.35,0.45,0.6,1.8,2B,1,0.780898,0.842631,14639.716882,4049.807352,none,0.1808979992,1.0191020008,0.242631348,0.957368652,76.0259813114,0.0,0.0,0.0,0.0,0.0,0.0135157355,0.0064028176,0.0149556404,0.0,0.1808979992,0.0,1,KKT conditions numerically satisfied for barrier-golden solution
low_slow_penalty,1222,1.25,4125.833333,0.25,0.35,0.35,0.45,0.6,1.8,3B,1,0.780897,0.842631,15143.817428,2803.619956,none,0.1808972242,1.0191027758,0.242631179,0.957368821,1322.2133777729,0.0,0.0,0.0,0.0,0.0,0.0058556775,0.0039913036,0.0070865692,0.0,0.1808972242,0.0,1,KKT conditions numerically satisfied for barrier-golden solution
low_slow_penalty,1222,1.3,4290.866667,0.25,0.35,0.35,0.45,0.6,1.8,2B,1,0.780897,0.842631,14639.716882,4049.811092,none,0.1808969624,1.0191030376,0.2426308455,0.9573691545,241.0555745815,0.0,0.0,0.0,0.0,0.0,0.0030073482,-0.0011632465,0.0032244822,0.0,0.1808969624,0.0,1,KKT conditions numerically satisfied for barrier-golden solution
low_slow_penalty,1222,1.3,4290.866667,0.25,0.35,0.35,0.45,0.6,1.8,3B,1,0.780897,0.842631,15143.817428,2803.61999,none,0.1808972063,1.0191027937,0.2426311756,0.9573688244,1487.2466762104,0.0,0.0,0.0,0.0,0.0,0.0056682193,0.0039389555,0.0069024691,0.0,0.1808972063,0.0,1,KKT conditions numerically satisfied for barrier-golden solution
low_slow_penalty,1222,1.35,4455.9,0.25,0.35,0.35,0.45,0.6,1.8,2B,1,0.780898,0.842631,14639.716882,4049.807813,none,0.1808978341,1.0191021659,0.2426313187,0.9573686813,406.0921869202,0.0,0.0,0.0,0.0,0.0,0.0118417185,0.0059613035,0.0132575803,0.0,0.1808978341,0.0,1,KKT conditions numerically satisfied for barrier-golden solution
low_slow_penalty,1222,1.35,4455.9,0.25,0.35,0.35,0.45,0.6,1.8,3B,1,0.780897,0.842631,15143.817428,2803.620007,none,0.1808972027,1.0191027973,0.2426311696,0.9573688304,1652.2799927682,0.0,0.0,0.0,0.0,0.0,0.0056309438,0.0038452324,0.0068186025,0.0,0.1808972027,0.0,1,KKT conditions numerically satisfied for barrier-golden solution
low_slow_penalty,1222,1.4,4620.933333,0.25,0.35,0.35,0.45,0.6,1.8,2B,1,0.780898,0.842631,14639.716882,4049.80845,none,0.1808976597,1.0191023403,0.2426312312,0.9573687688,571.124883492,0.0,0.0,0.0,0.0,0.0,0.0100743889,0.0046449075,0.0110936233,0.0,0.1808976597,0.0,1,KKT conditions numerically satisfied for barrier-golden solution
low_slow_penalty,1222,1.4,4620.933333,0.25,0.35,0.35,0.45,0.6,1.8,3B,1,0.780897,0.842631,15143.817428,2803.620064,none,0.1808971756,1.0191028244,0.2426311623,0.9573688377,1817.3132689239,0.0,0.0,0.0,0.0,0.0,0.0053460142,0.0037306239,0.0065190047,0.0,0.1808971756,0.0,1,KKT conditions numerically satisfied for barrier-golden solution
low_slow_penalty,1222,1.5,4951.0,0.25,0.35,0.35,0.45,0.6,1.8,2B,1,0.780898,0.842631,14639.716882,4049.809022,none,0.1808975047,1.0191024953,0.2426311511,0.9573688489,901.1909778586,0.0,0.0,0.0,0.0,0.0,0.0085037179,0.0034387498,0.0091726887,0.0,0.1808975047,0.0,1,KKT conditions numerically satisfied for barrier-golden solution
low_slow_penalty,1222,1.5,4951.0,0.25,0.35,0.35,0.45,0.6,1.8,3B,1,0.780897,0.842631,15143.817428,2803.620089,none,0.1808971642,1.0191028358,0.2426311587,0.9573688413,2147.3799109389,0.0,0.0,0.0,0.0,0.0,0.0052272587,0.0036759061,0.0063903458,0.0,0.1808971642,0.0,1,KKT conditions numerically satisfied for barrier-golden solution
low_slow_penalty,2111,0.7,1368.733333,0.25,0.35,0.35,0.45,0.6,1.8,2B,1,1.437405,1.415523,9571.680339,1368.733317,deadline,0.8374049337,0.3625950663,0.8155229255,0.3844770745,1.63673e-05,0.0,0.0,0.0,0.0,5.3468181685,-0.0360223836,0.0524009618,0.063588308,8.7513e-05,1.63673e-05,0.0,1,KKT conditions numerically satisfied for barrier-golden solution
low_slow_penalty,2111,0.7,1368.733333,0.25,0.35,0.35,0.45,0.6,1.8,3B,1,0.939912,0.971295,8358.869284,1368.733252,deadline,0.339912063,0.860087937,0.3712948961,0.8287051039,8.08952e-05,0.0,0.0,0.0,0.0,1.2062714818,-0.1941279986,0.3109619152,0.366582859,9.75816e-05,8.08952e-05,0.0,1,KKT conditions numerically satisfied for barrier-golden solution
low_slow_penalty,2111,0.75,1466.5,0.25,0.35,0.35,0.45,0.6,1.8,2B,1,1.338941,1.32501,9111.323655,1466.499977,deadline,0.7389407449,0.4610592551,0.7250097815,0.4749902185,2.31572e-05,0.0,0.0,0.0,0.0,4.1265847278,-0.5481402332,0.8051900373,0.9740578584,9.55603e-05,2.31572e-05,0.0,1,KKT conditions numerically satisfied for barrier-golden solution
low_slow_penalty,2111,0.75,1466.5,0.25,0.35,0.35,0.45,0.6,1.8,3B,1,0.872043,0.915014,8270.071055,1466.499846,deadline,0.2720425072,0.9279574928,0.3150138711,0.8849861289,0.0001541178,0.0,0.0,0.0,0.0,0.6366947389,-0.020201713,0.0333625704,0.0390021834,9.8126e-05,0.0001541178,0.0,1,KKT conditions numerically satisfied for barrier-golden solution
low_slow_penalty,2111,0.8,1564.266667,0.25,0.35,0.35,0.45,0.6,1.8,2B,1,1.252577,1.246155,8755.465952,1564.266639,deadline,0.6525769009,0.5474230991,0.6461545224,0.5538454776,2.7493e-05,0.0,0.0,0.0,0.0,3.1930900574,-0.3051905204,0.4531033756,0.5463002129,8.77876e-05,2.7493e-05,0.0,1,KKT conditions numerically satisfied for barrier-golden solution
low_slow_penalty,2111,0.8,1564.266667,0.25,0.35,0.35,0.45,0.6,1.8,3B,1,0.812105,0.866958,8229.985776,1564.26617,deadline,0.2121051283,0.9878948717,0.2669575224,0.9330424776,0.000497126,0.0,0.0,0.0,0.0,0.2023116586,-0.0183036185,0.0312895521,0.0362499451,0.0001005744,0.000497126,0.0,1,KKT conditions numerically satisfied for barrier-golden solution
low_slow_penalty,2111,0.85,1662.033333,0.25,0.35,0.35,0.45,0.6,1.8,2B,1,1.176072,1.177069,8480.223889,1662.033292,deadline,0.5760717308,0.6239282692,0.5770694551,0.6229305449,4.13265e-05,0.0,0.0,0.0,0.0,2.4668162063,-0.0261530675,0.0392961906,0.0472035331,0.0001019449,4.13265e-05,0.0,1,KKT conditions numerically satisfied for barrier-golden solution
low_slow_penalty,2111,0.85,1662.033333,0.25,0.35,0.35,0.45,0.6,1.8,3B,1,0.780898,0.842632,8224.471737,1620.107812,none,0.1808976019,1.0191023981,0.2426323176,0.9573676824,41.9255213282,0.0,0.0,0.0,0.0,0.0,0.0074795785,0.0082779126,0.0111565196,0.0,0.1808976019,0.0,1,KKT conditions numerically satisfied for barrier-golden solution
low_slow_penalty,2111,0.9,1759.8,0.25,0.35,0.35,0.45,0.6,1.8,2B,1,1.107673,1.116309,8268.15397,1759.799942,deadline,0.5076728457,0.6923271543,0.5163088105,0.6836911895,5.77255e-05,0.0,0.0,0.0,0.0,1.8933022797,-0.3337467942,0.5084567864,0.6082065654,0.0001092919,5.77255e-05,0.0,1,KKT conditions numerically satisfied for barrier-golden solution
low_slow_penalty,2111,0.9,1759.8,0.25,0.35,0.35,0.45,0.6,1.8,3B,1,0.780897,0.842632,8224.471737,1620.109102,none,0.180897054,1.019102946,0.2426315182,0.9573684818,139.6908984975,0.0,0.0,0.0,0.0,0.0,0.0031028532,0.0035337384,0.0047026594,0.0,0.180897054,0.0,1,KKT conditions numerically satisfied for barrier-golden solution
low_slow_penalty,2111,0.95,1857.566667,0.25,0.35,0.35,0.45,0.6,1.8,2B,1,1.046259,1.062338,8106.27458,1857.566591,deadline,0.4462588457,0.7537411543,0.4623376905,0.7376623095,7.55565e-05,0.0,0.0,0.0,0.0,1.4347442184,-0.1088023151,0.1682582198,0.2003715856,0.0001084043,7.55565e-05,0.0,1,KKT conditions numerically satisfied for barrier-golden solution
low_slow_penalty,2111,0.95,1857.566667,0.25,0.35,0.35,0.45,0.6,1.8,3B,1,0.780897,0.842631,8224.471737,1620.109821,none,0.1808966742,1.0191033258,0.2426312013,0.9573687987,237.4568454422,0.0,0.0,0.0,0.0,0.0,6.85132e-05,0.0016532582,0.0016546772,0.0,0.1808966742,0.0,1,KKT conditions numerically satisfied for barrier-golden solution
low_slow_penalty,2111,1.0,1955.333333,0.25,0.35,0.35,0.45,0.6,1.8,2B,1,0.990698,1.014286,7984.762393,1955.333243,deadline,0.3906976625,0.8093023375,0.4142858525,0.7857141475,9.07859e-05,0.0,0.0,0.0,0.0,1.0637683203,0.0747148952,-0.1174726889,0.1392197838,9.65751e-05,9.07859e-05,0.0,1,KKT conditions numerically satisfied for barrier-golden solution
low_slow_penalty,2111,1.0,1955.333333,0.25,0.35,0.35,0.45,0.6,1.8,3B,1,0.780897,0.842632,8224.471737,1620.108246,none,0.180897449,1.019102551,0.2426319938,0.9573680062,335.2250876685,0.0,0.0,0.0,0.0,0.0,0.0062587454,0.0063567005,0.0089207363,0.0,0.180897449,0.0,1,KKT conditions numerically satisfied for barrier-golden solution
low_slow_penalty,2111,1.05,2053.1,0.25,0.35,0.35,0.45,0.6,1.8,2B,1,0.940097,0.97142,7896.072039,2053.099873,deadline,0.3400974443,0.8599025557,0.3714202709,0.8285797291,0.0001273335,0.0,0.0,0.0,0.0,0.7604975641,-0.1067208859,0.170926445,0.2015073127,9.68368e-05,0.0001273335,0.0,1,KKT conditions numerically satisfied for barrier-golden solution
low_slow_penalty,2111,1.05,2053.1,0.25,0.35,0.35,0.45,0.6,1.8,3B,1,0.780897,0.842632,8224.471737,1620.108423,none,0.1808973713,1.0191026287,0.2426318885,0.9573681115,432.9915773579,0.0,0.0,0.0,0.0,0.0,0.0056380415,0.0057315595,0.0080397939,0.0,0.1808973713,0.0,1,KKT conditions numerically satisfied for barrier-golden solution
low_slow_penalty,2111,1.1,2150.866667,0.25,0.35,0.35,0.45,0.6,1.8,2B,1,0.893866,0.932927,7834.329502,2150.866475,deadline,0.2938659176,0.9061340824,0.332926569,0.867073431,0.0001912701,0.0,0.0,0.0,0.0,0.5103704474,-0.0856533652,0.1399541743,0.1640843377,9.76186e-05,0.0001912701,0.0,1,KKT conditions numerically satisfied for barrier-golden solution
low_slow_penalty,2111,1.1,2150.866667,0.25,0.35,0.35,0.45,0.6,1.8,3B,1,0.780897,0.842632,8224.471737,1620.108516,none,0.180897326,1.019102674,0.2426318409,0.9573681591,530.758150835,0.0,0.0,0.0,0.0,0.0,0.0052754659,0.0054487492,0.0075841551,0.0,0.180897326,0.0,1,KKT conditions numerically satisfied for barrier-golden solution
low_slow_penalty,2111,1.15,2248.633333,0.25,0.35,0.35,0.45,0.6,1.8,2B,1,0.851396,0.898322,7794.906008,2248.633,deadline,0.2513957556,0.9486042444,0.2983219051,0.9016780949,0.0003334991,0.0,0.0,0.0,0.0,0.3023293165,-0.1350962262,0.2255981296,0.2629553315,0.0001008266,0.0003334991,0.0,1,KKT conditions numerically satisfied for barrier-golden solution
low_slow_penalty,2111,1.15,2248.633333,0.25,0.35,0.35,0.45,0.6,1.8,3B,1,0.780897,0.842632,8224.471737,1620.108615,none,0.1808972853,1.0191027147,0.2426317767,0.9573682233,628.5247182861,0.0,0.0,0.0,0.0,0.0,0.0049506798,0.0050682031,0.0070849074,0.0,0.1808972853,0.0,1,KKT conditions numerically satisfied for barrier-golden solution
low_slow_penalty,2111,1.2,2346.4,0.25,0.35,0.35,0.45,0.6,1.8,2B,1,0.812259,0.867079,7774.113445,2346.399214,deadline,0.2122588166,0.9877411834,0.2670793603,0.9329206397,0.0007863905,0.0,0.0,0.0,0.0,0.1280341847,-0.0192585297,0.0329187409,0.0381383595,0.0001006849,0.0007863905,0.0,1,KKT conditions numerically satisfied for barrier-golden solution
low_slow_penalty,2111,1.2,2346.4,0.25,0.35,0.35,0.45,0.6,1.8,3B,1,0.780897,0.842632,8224.471737,1620.108682,none,0.180897254,1.019102746,0.2426317409,0.9573682591,726.291318473,0.0,0.0,0.0,0.0,0.0,0.0047002823,0.0048557379,0.0067580207,0.0,0.180897254,0.0,1,KKT conditions numerically satisfied for barrier-golden solution
low_slow_penalty,2111,1.25,2444.166667,0.25,0.35,0.35,0.45,0.6,1.8,2B,1,0.780898,0.842633,7768.853774,2430.574486,none,0.1808980288,1.0191019712,0.242633008,0.957366992,13.5921807148,0.0,0.0,0.0,0.0,0.0,0.01028699,0.0116896871,0.0155714787,0.0,0.1808980288,0.0,1,KKT conditions numerically satisfied for barrier-golden solution
low_slow_penalty,2111,1.25,2444.166667,0.25,0.35,0.35,0.45,0.6,1.8,3B,1,0.780897,0.842632,8224.471737,1620.108722,none,0.1808972357,1.0191027643,0.2426317183,0.9573682817,824.0579450535,0.0,0.0,0.0,0.0,0.0,0.0045541714,0.0047213003,0.0065598135,0.0,0.1808972357,0.0,1,KKT conditions numerically satisfied for barrier-golden solution
low_slow_penalty,2111,1.3,2541.933333,0.25,0.35,0.35,0.45,0.6,1.8,2B,1,0.780897,0.842632,7768.853774,2430.577227,none,0.1808972746,1.0191027254,0.242631837,0.957368163,111.3561065228,0.0,0.0,0.0,0.0,0.0,0.0045957168,0.0051251753,0.0068838968,0.0,0.1808972746,0.0,1,KKT conditions numerically satisfied for barrier-golden solution
low_slow_penalty,2111,1.3,2541.933333,0.25,0.35,0.35,0.45,0.6,1.8,3B,1,0.780897,0.842632,8224.471737,1620.108735,none,0.1808972295,1.0191027705,0.2426317106,0.9573682894,921.8245981869,0.0,0.0,0.0,0.0,0.0,0.0045047857,0.0046759891,0.0064929168,0.0,0.1808972295,0.0,1,KKT conditions numerically satisfied for barrier-golden solution
low_slow_penalty,2111,1.35,2639.7,0.25,0.35,0.35,0.45,0.6,1.8,2B,1,0.780897,0.842632,7768.853774,2430.57802,none,0.1808970494,1.0191029506,0.2426315105,0.9573684895,209.1219802575,0.0,0.0,0.0,0.0,0.0,0.0028960587,0.003295042,0.0043868505,0.0,0.1808970494,0.0,1,KKT conditions numerically satisfied for barrier-golden solution
low_slow_penalty,2111,1.35,2639.7,0.25,0.35,0.35,0.45,0.6,1.8,3B,1,0.780897,0.842632,8224.471737,1620.108779,none,0.1808972121,1.0191027879,0.2426316816,0.9573683184,1019.5912212212,0.0,0.0,0.0,0.0,0.0,0.0043658913,0.0045035262,0.0062723803,0.0,0.1808972121,0.0,1,KKT conditions numerically satisfied for barrier-golden solution
low_slow_penalty,2111,1.4,2737.466667,0.25,0.35,0.35,0.45,0.6,1.8,2B,1,0.780897,0.842631,7768.853774,2430.579063,none,0.1808966683,1.0191033317,0.2426312294,0.9573687706,306.8876041142,0.0,0.0,0.0,0.0,0.0,2.02695e-05,0.0017191994,0.0017193189,0.0,0.1808966683,0.0,1,KKT conditions numerically satisfied for barrier-golden solution
low_slow_penalty,2111,1.4,2737.466667,0.25,0.35,0.35,0.45,0.6,1.8,3B,1,0.780897,0.842632,8224.471737,1620.108811,none,0.1808971973,1.0191028027,0.2426316634,0.9573683366,1117.3578555969,0.0,0.0,0.0,0.0,0.0,0.0042476956,0.0043958772,0.006112827,0.0,0.1808971973,0.0,1,KKT conditions numerically satisfied for barrier-golden solution
low_slow_penalty,2111,1.5,2933.0,0.25,0.35,0.35,0.45,0.6,1.8,2B,1,0.780897,0.842631,7768.853774,2430.579181,none,0.180896652,1.019103348,0.2426311502,0.9573688498,502.4208187676,0.0,0.0,0.0,0.0,0.0,-0.0001028484,0.0012749605,0.0012791021,0.0,0.180896652,0.0,1,KKT conditions numerically satisfied for barrier-golden solution
low_slow_penalty,2111,1.5,2933.0,0.25,0.35,0.35,0.45,0.6,1.8,3B,1,0.780897,0.842632,8224.471737,1620.108842,none,0.180897182,1.019102818,0.2426316481,0.9573683519,1312.8911579756,0.0,0.0,0.0,0.0,0.0,0.0041252551,0.0043045366,0.0059621108,0.0,0.180897182,0.0,1,KKT conditions numerically satisfied for barrier-golden solution
low_slow_penalty,2112,0.7,1703.1,0.25,0.35,0.35,0.45,0.6,1.8,2B,1,1.439683,1.417631,14180.12111,1703.099983,deadline,0.8396825592,0.3603174408,0.8176305181,0.3823694819,1.65902e-05,0.0,0.0,0.0,0.0,6.4014997332,-0.0695589978,0.0674444065,0.0968875748,0.0001062024,1.65902e-05,0.0,1,KKT conditions numerically satisfied for barrier-golden solution
low_slow_penalty,2112,0.7,1703.1,0.25,0.35,0.35,0.45,0.6,1.8,3B,1,0.950943,0.980498,12271.529417,1703.099936,deadline,0.3509432357,0.8490567643,0.3804976604,0.8195023396,6.37548e-05,0.0,0.0,0.0,0.0,1.5159674597,0.0880138068,-0.0935695933,0.1284589389,9.66503e-05,6.37548e-05,0.0,1,KKT conditions numerically satisfied for barrier-golden solution
low_slow_penalty,2112,0.75,1824.75,0.25,0.35,0.35,0.45,0.6,1.8,2B,1,1.340443,1.326298,13494.796819,1824.749978,deadline,0.7404432576,0.4595567424,0.7262984672,0.4737015328,2.19536e-05,0.0,0.0,0.0,0.0,4.9332647628,-0.630150583,0.6169216461,0.8818628435,0.0001083029,2.19536e-05,0.0,1,KKT conditions numerically satisfied for barrier-golden solution
low_slow_penalty,2112,0.75,1824.75,0.25,0.35,0.35,0.45,0.6,1.8,3B,1,0.880948,0.922255,12131.438886,1824.749881,deadline,0.2809475392,0.9190524608,0.322254853,0.877745147,0.0001191264,0.0,0.0,0.0,0.0,0.8195868095,0.1434701885,-0.1572401588,0.2128571411,9.76344e-05,0.0001191264,0.0,1,KKT conditions numerically satisfied for barrier-golden solution
low_slow_penalty,2112,0.8,1946.4,0.25,0.35,0.35,0.45,0.6,1.8,2B,1,1.253306,1.246711,12965.950941,1946.399978,deadline,0.6533064143,0.5466935857,0.646711014,0.553288986,2.23684e-05,0.0,0.0,0.0,0.0,3.8097265559,-0.064255438,0.0635809418,0.0903952293,8.52175e-05,2.23684e-05,0.0,1,KKT conditions numerically satisfied for barrier-golden solution
low_slow_penalty,2112,0.8,1946.4,0.25,0.35,0.35,0.45,0.6,1.8,3B,1,0.818953,0.872348,12065.443695,1946.399657,deadline,0.2189532249,0.9810467751,0.2723477594,0.9276522406,0.0003432299,0.0,0.0,0.0,0.0,0.2886441102,0.039124097,-0.0443920737,0.0591722162,9.90713e-05,0.0003432299,0.0,1,KKT conditions numerically satisfied for barrier-golden solution
low_slow_penalty,2112,0.85,2068.05,0.25,0.35,0.35,0.45,0.6,1.8,2B,1,1.175995,1.176947,12557.817363,2068.049962,deadline,0.5759948212,0.6240051788,0.5769467832,0.6230532168,3.76303e-05,0.0,0.0,0.0,0.0,2.935624957,0.2265669024,-0.2269338604,0.3206735696,0.0001104685,3.76303e-05,0.0,1,KKT conditions numerically satisfied for barrier-golden solution
low_slow_penalty,2112,0.85,2068.05,0.25,0.35,0.35,0.45,0.6,1.8,3B,1,0.780898,0.842632,12053.920301,2028.560727,none,0.1808979606,1.0191020394,0.2426316885,0.9573683115,39.4892733891,0.0,0.0,0.0,0.0,0.0,0.0126191033,0.0083148478,0.0151121958,0.0,0.1808979606,0.0,1,KKT conditions numerically satisfied for barrier-golden solution
low_slow_penalty,2112,0.9,2189.7,0.25,0.35,0.35,0.45,0.6,1.8,2B,1,1.106867,1.115388,12244.273035,2189.699952,deadline,0.5068665842,0.6931334158,0.5153883651,0.6846116349,4.75381e-05,0.0,0.0,0.0,0.0,2.2455743249,0.4055096233,-0.411777708,0.57792641,0.0001067503,4.75381e-05,0.0,1,KKT conditions numerically satisfied for barrier-golden solution
low_slow_penalty,2112,0.9,2189.7,0.25,0.35,0.35,0.45,0.6,1.8,3B,1,0.780897,0.842631,12053.920301,2028.563054,none,0.1808968527,1.0191031473,0.2426309689,0.9573690311,161.1369463668,0.0,0.0,0.0,0.0,0.0,0.0018233044,0.0005007484,0.0018908167,0.0,0.1808968527,0.0,1,KKT conditions numerically satisfied for barrier-golden solution
low_slow_penalty,2112,0.95,2311.35,0.25,0.35,0.35,0.45,0.6,1.8,2B,1,1.044599,1.060789,12005.876268,2311.349941,deadline,0.4445990893,0.7554009107,0.4607886125,0.7392113875,5.86551e-05,0.0,0.0,0.0,0.0,1.6937565619,0.3213748058,-0.3314135337,0.4616456391,9.93475e-05,5.86551e-05,0.0,1,KKT conditions numerically satisfied for barrier-golden solution
low_slow_penalty,2112,0.95,2311.35,0.25,0.35,0.35,0.45,0.6,1.8,3B,1,0.780898,0.842631,12053.920301,2028.561328,none,0.1808976787,1.0191023213,0.2426314974,0.9573685026,282.7886720107,0.0,0.0,0.0,0.0,0.0,0.0098717239,0.0062401506,0.0116786306,0.0,0.1808976787,0.0,1,KKT conditions numerically satisfied for barrier-golden solution
low_slow_penalty,2112,1.0,2433.0,0.25,0.35,0.35,0.45,0.6,1.8,2B,1,0.988166,1.012121,11827.914059,2432.999923,deadline,0.3881659885,0.8118340115,0.4121209539,0.7878790461,7.71932e-05,0.0,0.0,0.0,0.0,1.2473909946,0.1441079155,-0.1511794861,0.20885959,9.62902e-05,7.71932e-05,0.0,1,KKT conditions numerically satisfied for barrier-golden solution
low_slow_penalty,2112,1.0,2433.0,0.25,0.35,0.35,0.45,0.6,1.8,3B,1,0.780898,0.842631,12053.920301,2028.561654,none,0.1808975213,1.0191024787,0.2426313989,0.9573686011,404.4383457025,0.0,0.0,0.0,0.0,0.0,0.0083383486,0.0051697485,0.0098109305,0.0,0.1808975213,0.0,1,KKT conditions numerically satisfied for barrier-golden solution
low_slow_penalty,2112,1.05,2554.65,0.25,0.35,0.35,0.45,0.6,1.8,2B,1,0.93675,0.968543,11699.084127,2554.649882,deadline,0.3367497386,0.8632502614,0.3685427746,0.8314572254,0.0001176304,0.0,0.0,0.0,0.0,0.8826114264,0.1192138153,-0.1274433085,0.1745099729,0.0001038219,0.0001176304,0.0,1,KKT conditions numerically satisfied for barrier-golden solution
low_slow_penalty,2112,1.05,2554.65,0.25,0.35,0.35,0.45,0.6,1.8,3B,1,0.780897,0.842631,12053.920301,2028.561852,none,0.1808974252,1.0191025748,0.24263134,0.95736866,526.0881478861,0.0,0.0,0.0,0.0,0.0,0.0074012632,0.0045305933,0.0086778437,0.0,0.1808974252,0.0,1,KKT conditions numerically satisfied for barrier-golden solution
low_slow_penalty,2112,1.1,2676.3,0.25,0.35,0.35,0.45,0.6,1.8,2B,1,0.889643,0.929408,11610.586376,2676.299822,deadline,0.2896431486,0.9103568514,0.3294080614,0.8705919386,0.0001779643,0.0,0.0,0.0,0.0,0.5817808606,0.0436464578,-0.0476354417,0.0646076511,0.0001035362,0.0001779643,0.0,1,KKT conditions numerically satisfied for barrier-golden solution
low_slow_penalty,2112,1.1,2676.3,0.25,0.35,0.35,0.45,0.6,1.8,3B,1,0.780897,0.842631,12053.920301,2028.561965,none,0.1808973711,1.0191026289,0.2426313053,0.9573686947,647.7380348316,0.0,0.0,0.0,0.0,0.0,0.006874766,0.0041535545,0.0080320871,0.0,0.1808973711,0.0,1,KKT conditions numerically satisfied for barrier-golden solution
low_slow_penalty,2112,1.15,2797.95,0.25,0.35,0.35,0.45,0.6,1.8,2B,1,0.846301,0.894145,11555.484757,2797.949702,deadline,0.2463007138,0.9536992862,0.2941451377,0.9058548623,0.0002981585,0.0,0.0,0.0,0.0,0.3316480048,0.1041064512,-0.1162102048,0.1560223218,9.88837e-05,0.0002981585,0.0,1,KKT conditions numerically satisfied for barrier-golden solution
low_slow_penalty,2112,1.15,2797.95,0.25,0.35,0.35,0.45,0.6,1.8,3B,1,0.780897,0.842631,12053.920301,2028.562004,none,0.1808973537,1.0191026463,0.2426312922,0.9573687078,769.387996193,0.0,0.0,0.0,0.0,0.0,0.0067047915,0.0040117636,0.0078133524,0.0,0.1808973537,0.0,1,KKT conditions numerically satisfied for barrier-golden solution
low_slow_penalty,2112,1.2,2919.6,0.25,0.35,0.35,0.45,0.6,1.8,2B,1,0.806232,0.862321,11528.251187,2919.599175,deadline,0.206232012,0.993767988,0.2623205467,0.9376794533,0.000825435,0.0,0.0,0.0,0.0,0.1221496416,0.0708312267,-0.0810293127,0.1076234742,0.0001008266,0.000825435,0.0,1,KKT conditions numerically satisfied for barrier-golden solution
low_slow_penalty,2112,1.2,2919.6,0.25,0.35,0.35,0.45,0.6,1.8,3B,1,0.780897,0.842631,12053.920301,2028.562066,none,0.1808973238,1.0191026762,0.2426312737,0.9573687263,891.0379343938,0.0,0.0,0.0,0.0,0.0,0.0064134346,0.0038102764,0.0074599162,0.0,0.1808973238,0.0,1,KKT conditions numerically satisfied for barrier-golden solution
low_slow_penalty,2112,1.25,3041.25,0.25,0.35,0.35,0.45,0.6,1.8,2B,1,0.780897,0.842631,11523.34259,3001.515195,none,0.1808972959,1.0191027041,0.2426313132,0.9573686868,39.7348049532,0.0,0.0,0.0,0.0,0.0,0.0058711227,0.004053221,0.0071343312,0.0,0.1808972959,0.0,1,KKT conditions numerically satisfied for barrier-golden solution
low_slow_penalty,2112,1.25,3041.25,0.25,0.35,0.35,0.45,0.6,1.8,3B,1,0.780897,0.842631,12053.920301,2028.562089,none,0.1808973126,1.0191026874,0.2426312662,0.9573687338,1012.6879106908,0.0,0.0,0.0,0.0,0.0,0.0063045964,0.0037292197,0.0073249584,0.0,0.1808973126,0.0,1,KKT conditions numerically satisfied for barrier-golden solution
low_slow_penalty,2112,1.3,3162.9,0.25,0.35,0.35,0.45,0.6,1.8,2B,1,0.780897,0.842631,11523.34259,3001.515381,none,0.1808972509,1.0191027491,0.242631257,0.957368743,161.3846189616,0.0,0.0,0.0,0.0,0.0,0.0054523267,0.003469737,0.0064627349,0.0,0.1808972509,0.0,1,KKT conditions numerically satisfied for barrier-golden solution
low_slow_penalty,2112,1.3,3162.9,0.25,0.35,0.35,0.45,0.6,1.8,3B,1,0.780897,0.842631,12053.920301,2028.562139,none,0.1808972884,1.0191027116,0.2426312516,0.9573687484,1134.337861222,0.0,0.0,0.0,0.0,0.0,0.006069057,0.0035709384,0.0070416655,0.0,0.1808972884,0.0,1,KKT conditions numerically satisfied for barrier-golden solution
low_slow_penalty,2112,1.35,3284.55,0.25,0.35,0.35,0.45,0.6,1.8,2B,1,0.780897,0.842631,11523.34259,3001.516726,none,0.1808968326,1.0191031674,0.2426309594,0.9573690406,283.0332744786,0.0,0.0,0.0,0.0,0.0,0.0015554184,0.0003800625,0.0016011789,0.0,0.1808968326,0.0,1,KKT conditions numerically satisfied for barrier-golden solution
low_slow_penalty,2112,1.35,3284.55,0.25,0.35,0.35,0.45,0.6,1.8,3B,1,0.780897,0.842631,12053.920301,2028.562175,none,0.1808972703,1.0191027297,0.242631241,0.957368759,1255.9878245157,0.0,0.0,0.0,0.0,0.0,0.0058925892,0.0034556909,0.0068311352,0.0,0.1808972703,0.0,1,KKT conditions numerically satisfied for barrier-golden solution
low_slow_penalty,2112,1.4,3406.2,0.25,0.35,0.35,0.45,0.6,1.8,2B,1,0.780898,0.842632,11523.34259,3001.513898,none,0.1808977508,1.0191022492,0.2426315402,0.9573684598,404.6861015361,0.0,0.0,0.0,0.0,0.0,0.0101095194,0.0064096317,0.011970203,0.0,0.1808977508,0.0,1,KKT conditions numerically satisfied for barrier-golden solution
low_slow_penalty,2112,1.4,3406.2,0.25,0.35,0.35,0.45,0.6,1.8,3B,1,0.780897,0.842631,12053.920301,2028.562168,none,0.180897275,1.019102725,0.2426312423,0.9573687577,1377.6378324342,0.0,0.0,0.0,0.0,0.0,0.0059385634,0.003470296,0.0068781894,0.0,0.180897275,0.0,1,KKT conditions numerically satisfied for barrier-golden solution
low_slow_penalty,2112,1.5,3649.5,0.25,0.35,0.35,0.45,0.6,1.8,2B,1,0.780898,0.842631,11523.34259,3001.514571,none,0.1808975316,1.0191024684,0.2426314029,0.9573685971,647.9854288941,0.0,0.0,0.0,0.0,0.0,0.0080674481,0.0049838295,0.0094827357,0.0,0.1808975316,0.0,1,KKT conditions numerically satisfied for barrier-golden solution
low_slow_penalty,2112,1.5,3649.5,0.25,0.35,0.35,0.45,0.6,1.8,3B,1,0.780897,0.842631,12053.920301,2028.562229,none,0.1808972453,1.0191027547,0.2426312241,0.9573687759,1620.9377712042,0.0,0.0,0.0,0.0,0.0,0.0056486377,0.0032722896,0.0065280156,0.0,0.1808972453,0.0,1,KKT conditions numerically satisfied for barrier-golden solution
low_slow_penalty,2121,0.7,1801.1,0.25,0.35,0.35,0.45,0.6,1.8,2B,1,1.439674,1.417638,12544.260665,1801.099981,deadline,0.8396743625,0.3603256375,0.8176384681,0.3823615319,1.91415e-05,0.0,0.0,0.0,0.0,5.3548791486,-0.1328334496,0.128798228,0.185023536,0.0001025005,1.91415e-05,0.0,1,KKT conditions numerically satisfied for barrier-golden solution
low_slow_penalty,2121,0.7,1801.1,0.25,0.35,0.35,0.45,0.6,1.8,3B,1,0.955177,0.984069,10866.366887,1801.099925,deadline,0.355176994,0.844823006,0.384068696,0.815931304,7.49735e-05,0.0,0.0,0.0,0.0,1.3010752043,0.1049395663,-0.1113838926,0.1530316441,9.75462e-05,7.49735e-05,0.0,1,KKT conditions numerically satisfied for barrier-golden solution
low_slow_penalty,2121,0.75,1929.75,0.25,0.35,0.35,0.45,0.6,1.8,2B,1,1.340476,1.326267,11937.997378,1929.749973,deadline,0.7404758085,0.4595241915,0.7262666063,0.4737333937,2.69472e-05,0.0,0.0,0.0,0.0,4.1266694263,-0.2742444596,0.2684612269,0.3837726592,0.0001112023,2.69472e-05,0.0,1,KKT conditions numerically satisfied for barrier-golden solution
low_slow_penalty,2121,0.75,1929.75,0.25,0.35,0.35,0.45,0.6,1.8,3B,1,0.884934,0.925538,10738.5265,1929.749863,deadline,0.2849338229,0.9150661771,0.3255377651,0.8744622349,0.0001369165,0.0,0.0,0.0,0.0,0.7136480614,0.0516138431,-0.0564589629,0.076495773,9.77102e-05,0.0001369165,0.0,1,KKT conditions numerically satisfied for barrier-golden solution
low_slow_penalty,2121,0.8,2058.4,0.25,0.35,0.35,0.45,0.6,1.8,2B,1,1.253301,1.246717,11470.160745,2058.399971,deadline,0.6533006825,0.5466993175,0.6467166925,0.5532833075,2.92035e-05,0.0,0.0,0.0,0.0,3.1868506182,-0.1067791484,0.1056602051,0.1502193912,9.30671e-05,2.92035e-05,0.0,1,KKT conditions numerically satisfied for barrier-golden solution
low_slow_penalty,2121,0.8,2058.4,0.25,0.35,0.35,0.45,0.6,1.8,3B,1,0.822747,0.875345,10676.788661,2058.39963,deadline,0.2227474957,0.9772525043,0.2753452785,0.9246547215,0.0003703734,0.0,0.0,0.0,0.0,0.2657236692,0.0681266339,-0.07711566,0.1028983152,9.8417e-05,0.0003703734,0.0,1,KKT conditions numerically satisfied for barrier-golden solution
low_slow_penalty,2121,0.85,2187.05,0.25,0.35,0.35,0.45,0.6,1.8,2B,1,1.176022,1.17692,11109.11065,2187.049962,deadline,0.5760216051,0.6239783949,0.5769199554,0.6230800446,3.80898e-05,0.0,0.0,0.0,0.0,2.4556451767,0.4338091579,-0.4344721754,0.6139677977,9.3535e-05,3.80898e-05,0.0,1,KKT conditions numerically satisfied for barrier-golden solution
low_slow_penalty,2121,0.85,2187.05,0.25,0.35,0.35,0.45,0.6,1.8,3B,1,0.780897,0.842631,10664.482098,2153.985075,none,0.1808972671,1.0191027329,0.2426312941,0.9573687059,33.0649248192,0.0,0.0,0.0,0.0,0.0,0.0051852202,0.003567949,0.0062941852,0.0,0.1808972671,0.0,1,KKT conditions numerically satisfied for barrier-golden solution
low_slow_penalty,2121,0.9,2315.7,0.25,0.35,0.35,0.45,0.6,1.8,2B,1,1.106858,1.115397,10831.737698,2315.69995,deadline,0.5068577052,0.6931422948,0.515397381,0.684602619,4.96755e-05,0.0,0.0,0.0,0.0,1.8784334909,0.2813090388,-0.2856665187,0.4009241016,9.3312e-05,4.96755e-05,0.0,1,KKT conditions numerically satisfied for barrier-golden solution
low_slow_penalty,2121,0.9,2315.7,0.25,0.35,0.35,0.45,0.6,1.8,3B,1,0.780897,0.842631,10664.482098,2153.985315,none,0.180897173,1.019102827,0.2426312083,0.9573687917,161.7146847198,0.0,0.0,0.0,0.0,0.0,0.0043746912,0.0027436079,0.0051638462,0.0,0.180897173,0.0,1,KKT conditions numerically satisfied for barrier-golden solution
low_slow_penalty,2121,0.95,2444.35,0.25,0.35,0.35,0.45,0.6,1.8,2B,1,1.044709,1.060675,10620.843281,2444.349925,deadline,0.4447089419,0.7552910581,0.4606753635,0.7393246365,7.47901e-05,0.0,0.0,0.0,0.0,1.4167868188,1.2430194372,-1.2813042272,1.7851716567,0.0001059617,7.47901e-05,0.0,1,KKT conditions numerically satisfied for barrier-golden solution
low_slow_penalty,2121,0.95,2444.35,0.25,0.35,0.35,0.45,0.6,1.8,3B,1,0.780897,0.842631,10664.482098,2153.986124,none,0.1808968218,1.0191031782,0.2426309598,0.9573690402,290.3638762652,0.0,0.0,0.0,0.0,0.0,0.0013464385,0.000355935,0.0013926903,0.0,0.1808968218,0.0,1,KKT conditions numerically satisfied for barrier-golden solution
low_slow_penalty,2121,1.0,2573.0,0.25,0.35,0.35,0.45,0.6,1.8,2B,1,0.988173,1.012114,10463.411145,2572.999901,deadline,0.3881731001,0.8118268999,0.4121135076,0.7878864924,9.93894e-05,0.0,0.0,0.0,0.0,1.0434435695,0.1895360811,-0.1988310857,0.2746956983,0.0001037072,9.93894e-05,0.0,1,KKT conditions numerically satisfied for barrier-golden solution
low_slow_penalty,2121,1.0,2573.0,0.25,0.35,0.35,0.45,0.6,1.8,3B,1,0.780898,0.842631,10664.482098,2153.984308,none,0.1808976511,1.0191023489,0.2426314708,0.9573685292,419.0156917621,0.0,0.0,0.0,0.0,0.0,0.0084958756,0.0052648847,0.0099949444,0.0,0.1808976511,0.0,1,KKT conditions numerically satisfied for barrier-golden solution
low_slow_penalty,2121,1.05,2701.65,0.25,0.35,0.35,0.45,0.6,1.8,2B,1,0.936753,0.968539,10349.443399,2701.649866,deadline,0.3367533212,0.8632466788,0.368538952,0.831461048,0.0001342854,0.0,0.0,0.0,0.0,0.7383058137,0.1367522162,-0.1461901371,0.2001817295,9.91437e-05,0.0001342854,0.0,1,KKT conditions numerically satisfied for barrier-golden solution
low_slow_penalty,2121,1.05,2701.65,0.25,0.35,0.35,0.45,0.6,1.8,3B,1,0.780898,0.842631,10664.482098,2153.984547,none,0.1808975418,1.0191024582,0.2426314034,0.9573685966,547.6654525035,0.0,0.0,0.0,0.0,0.0,0.0075537502,0.0046178508,0.0088534563,0.0,0.1808975418,0.0,1,KKT conditions numerically satisfied for barrier-golden solution
low_slow_penalty,2121,1.1,2830.3,0.25,0.35,0.35,0.45,0.6,1.8,2B,1,0.889648,0.929403,10271.155009,2830.299798,deadline,0.2896475015,0.9103524985,0.3294033199,0.8705966801,0.0002017797,0.0,0.0,0.0,0.0,0.4866600323,0.0766706881,-0.0836761853,0.1134905212,9.81981e-05,0.0002017797,0.0,1,KKT conditions numerically satisfied for barrier-golden solution
low_slow_penalty,2121,1.1,2830.3,0.25,0.35,0.35,0.45,0.6,1.8,3B,1,0.780897,0.842631,10664.482098,2153.984692,none,0.1808974755,1.0191025245,0.2426313627,0.9573686373,676.3153075977,0.0,0.0,0.0,0.0,0.0,0.0069825597,0.0042267522,0.008162204,0.0,0.1808974755,0.0,1,KKT conditions numerically satisfied for barrier-golden solution
low_slow_penalty,2121,1.15,2958.95,0.25,0.35,0.35,0.45,0.6,1.8,2B,1,0.846299,0.894147,10222.410077,2958.949645,deadline,0.2462988908,0.9537011092,0.294147197,0.905852803,0.0003546251,0.0,0.0,0.0,0.0,0.2774251114,0.0760095093,-0.0848473777,0.1139145425,9.83819e-05,0.0003546251,0.0,1,KKT conditions numerically satisfied for barrier-golden solution
low_slow_penalty,2121,1.15,2958.95,0.25,0.35,0.35,0.45,0.6,1.8,3B,1,0.780897,0.842631,10664.482098,2153.984738,none,0.180897457,1.019102543,0.2426313473,0.9573686527,804.9652620625,0.0,0.0,0.0,0.0,0.0,0.0068224923,0.0040786526,0.0079486985,0.0,0.180897457,0.0,1,KKT conditions numerically satisfied for barrier-golden solution
low_slow_penalty,2121,1.2,3087.6,0.25,0.35,0.35,0.45,0.6,1.8,2B,1,0.806229,0.862324,10198.318252,3087.59903,deadline,0.2062292612,0.9937707388,0.2623237495,0.9376762505,0.0009697415,0.0,0.0,0.0,0.0,0.1021794008,0.038267064,-0.043777275,0.058144802,9.90876e-05,0.0009697415,0.0,1,KKT conditions numerically satisfied for barrier-golden solution
low_slow_penalty,2121,1.2,3087.6,0.25,0.35,0.35,0.45,0.6,1.8,3B,1,0.780897,0.842631,10664.482098,2153.984846,none,0.1808974067,1.0191025933,0.242631318,0.957368682,933.6151539862,0.0,0.0,0.0,0.0,0.0,0.0063888127,0.0037968994,0.0074319158,0.0,0.1808974067,0.0,1,KKT conditions numerically satisfied for barrier-golden solution
low_slow_penalty,2121,1.25,3216.25,0.25,0.35,0.35,0.45,0.6,1.8,2B,1,0.780897,0.842631,10193.975915,3174.22849,none,0.1808973822,1.0191026178,0.2426313674,0.9573686326,42.021510424,0.0,0.0,0.0,0.0,0.0,0.0059048897,0.0040830928,0.0071790925,0.0,0.1808973822,0.0,1,KKT conditions numerically satisfied for barrier-golden solution
low_slow_penalty,2121,1.25,3216.25,0.25,0.35,0.35,0.45,0.6,1.8,3B,1,0.780897,0.842631,10664.482098,2153.984902,none,0.1808973808,1.0191026192,0.2426313022,0.9573686978,1062.2650975255,0.0,0.0,0.0,0.0,0.0,0.0061654813,0.0036455173,0.0071626082,0.0,0.1808973808,0.0,1,KKT conditions numerically satisfied for barrier-golden solution
low_slow_penalty,2121,1.3,3344.9,0.25,0.35,0.35,0.45,0.6,1.8,2B,1,0.780897,0.842631,10193.975915,3174.22872,none,0.1808973295,1.0191026705,0.2426313018,0.9573686982,170.6712804189,0.0,0.0,0.0,0.0,0.0,0.0054710134,0.003480349,0.0064841974,0.0,0.1808973295,0.0,1,KKT conditions numerically satisfied for barrier-golden solution
low_slow_penalty,2121,1.3,3344.9,0.25,0.35,0.35,0.45,0.6,1.8,3B,1,0.780897,0.842631,10664.482098,2153.984949,none,0.1808973591,1.0191026409,0.2426312896,0.9573687104,1190.9150509496,0.0,0.0,0.0,0.0,0.0,0.0059787524,0.0035238787,0.0069399713,0.0,0.1808973591,0.0,1,KKT conditions numerically satisfied for barrier-golden solution
low_slow_penalty,2121,1.35,3473.55,0.25,0.35,0.35,0.45,0.6,1.8,2B,1,0.780897,0.842631,10193.975915,3174.229407,none,0.1808971153,1.0191028847,0.2426311719,0.9573688281,299.3205932193,0.0,0.0,0.0,0.0,0.0,0.0037054703,0.0022882843,0.0043550838,0.0,0.1808971153,0.0,1,KKT conditions numerically satisfied for barrier-golden solution
low_slow_penalty,2121,1.35,3473.55,0.25,0.35,0.35,0.45,0.6,1.8,3B,1,0.780897,0.842631,10664.482098,2153.984948,none,0.1808973606,1.0191026394,0.2426312887,0.9573687113,1319.5650520485,0.0,0.0,0.0,0.0,0.0,0.0059914235,0.0035160244,0.0069469118,0.0,0.1808973606,0.0,1,KKT conditions numerically satisfied for barrier-golden solution
low_slow_penalty,2121,1.4,3602.2,0.25,0.35,0.35,0.45,0.6,1.8,2B,1,0.780897,0.842631,10193.975915,3174.230426,none,0.1808968183,1.0191031817,0.242630955,0.957369045,427.9695736466,0.0,0.0,0.0,0.0,0.0,0.0012582846,0.0002961333,0.001292662,0.0,0.1808968183,0.0,1,KKT conditions numerically satisfied for barrier-golden solution
low_slow_penalty,2121,1.4,3602.2,0.25,0.35,0.35,0.45,0.6,1.8,3B,1,0.780897,0.842631,10664.482098,2153.98499,none,0.1808973412,1.0191026588,0.2426312772,0.9573687228,1448.2150101094,0.0,0.0,0.0,0.0,0.0,0.0058244863,0.0034049349,0.0067467194,0.0,0.1808973412,0.0,1,KKT conditions numerically satisfied for barrier-golden solution
low_slow_penalty,2121,1.5,3859.5,0.25,0.35,0.35,0.45,0.6,1.8,2B,1,0.780898,0.842631,10193.975915,3174.22778,none,0.1808976375,1.0191023625,0.2426314617,0.9573685383,685.2722201499,0.0,0.0,0.0,0.0,0.0,0.0080095659,0.0049493198,0.0094153551,0.0,0.1808976375,0.0,1,KKT conditions numerically satisfied for barrier-golden solution
low_slow_penalty,2121,1.5,3859.5,0.25,0.35,0.35,0.45,0.6,1.8,3B,1,0.780897,0.842631,10664.482098,2153.985026,none,0.1808973249,1.0191026751,0.2426312665,0.9573687335,1705.5149735668,0.0,0.0,0.0,0.0,0.0,0.0056834305,0.0033024304,0.0065732357,0.0,0.1808973249,0.0,1,KKT conditions numerically satisfied for barrier-golden solution
low_slow_penalty,2122,0.7,2157.4,0.25,0.35,0.35,0.45,0.6,1.8,2B,1,1.441325,1.419153,17517.075271,2157.399981,deadline,0.8413253828,0.3586746172,0.8191531321,0.3808468679,1.85171e-05,0.0,0.0,0.0,0.0,6.2677497882,-0.1068918533,0.0777213473,0.1321607964,0.0001160606,1.85171e-05,0.0,1,KKT conditions numerically satisfied for barrier-golden solution
low_slow_penalty,2122,0.7,2157.4,0.25,0.35,0.35,0.45,0.6,1.8,3B,1,1.055559,1.070305,15486.798188,2157.399952,deadline,0.4555592544,0.7444407456,0.4703045737,0.7296954263,4.8127e-05,0.0,0.0,0.0,0.0,2.4336619703,0.7164459524,-0.5524515852,0.904708548,0.0001171248,4.8127e-05,0.0,1,KKT conditions numerically satisfied for barrier-golden solution
low_slow_penalty,2122,0.75,2311.5,0.25,0.35,0.35,0.45,0.6,1.8,2B,1,1.341403,1.327344,16667.507698,2311.499978,deadline,0.7414033265,0.4585966735,0.7273442953,0.4726557047,2.15402e-05,0.0,0.0,0.0,0.0,4.8252495577,-2.0059583142,1.4730978118,2.4887518802,0.0001039369,2.15402e-05,0.0,1,KKT conditions numerically satisfied for barrier-golden solution
low_slow_penalty,2122,0.75,2311.5,0.25,0.35,0.35,0.45,0.6,1.8,3B,1,0.978727,1.003992,15178.641134,2311.499939,deadline,0.3787271718,0.8212728282,0.4039915806,0.7960084194,6.10333e-05,0.0,0.0,0.0,0.0,1.6039456982,0.7116907054,-0.5616805795,0.9066359433,9.78941e-05,6.10333e-05,0.0,1,KKT conditions numerically satisfied for barrier-golden solution
low_slow_penalty,2122,0.8,2465.6,0.25,0.35,0.35,0.45,0.6,1.8,2B,1,1.253895,1.247095,16012.729489,2465.599976,deadline,0.6538948518,0.5461051482,0.6470947241,0.5529052759,2.37467e-05,0.0,0.0,0.0,0.0,3.7206228772,0.9651619844,-0.7160413726,1.2017707367,8.83524e-05,2.37467e-05,0.0,1,KKT conditions numerically satisfied for barrier-golden solution
low_slow_penalty,2122,0.8,2465.6,0.25,0.35,0.35,0.45,0.6,1.8,3B,1,0.910664,0.946755,14982.403024,2465.599894,deadline,0.3106643519,0.8893356481,0.3467550029,0.8532449971,0.0001055882,0.0,0.0,0.0,0.0,0.9703367148,0.2356634382,-0.191034593,0.3033668931,0.0001024561,0.0001055882,0.0,1,KKT conditions numerically satisfied for barrier-golden solution
low_slow_penalty,2122,0.85,2619.7,0.25,0.35,0.35,0.45,0.6,1.8,2B,1,1.175907,1.176894,15508.219033,2619.699967,deadline,0.5759071091,0.6240928909,0.5768935783,0.6231064217,3.32404e-05,0.0,0.0,0.0,0.0,2.861802719,0.1286025484,-0.0966138063,0.1608503746,9.51274e-05,3.32404e-05,0.0,1,KKT conditions numerically satisfied for barrier-golden solution
low_slow_penalty,2122,0.85,2619.7,0.25,0.35,0.35,0.45,0.6,1.8,3B,1,0.849866,0.897013,14872.309002,2619.699791,deadline,0.2498661456,0.9501338544,0.2970134983,0.9029865017,0.0002094594,0.0,0.0,0.0,0.0,0.4786417313,0.1579264328,-0.1319510915,0.205795648,0.000100256,0.0002094594,0.0,1,KKT conditions numerically satisfied for barrier-golden solution
low_slow_penalty,2122,0.9,2773.8,0.25,0.35,0.35,0.45,0.6,1.8,2B,1,1.106279,1.114763,15121.457948,2773.799949,deadline,0.5062791541,0.6937208459,0.5147629058,0.6852370942,5.07606e-05,0.0,0.0,0.0,0.0,2.1835275465,1.3036902082,-0.9928216225,1.6386893949,0.0001108372,5.07606e-05,0.0,1,KKT conditions numerically satisfied for barrier-golden solution
low_slow_penalty,2122,0.9,2773.8,0.25,0.35,0.35,0.45,0.6,1.8,3B,1,0.795085,0.85361,14829.508624,2773.798919,deadline,0.1950851017,1.0049148983,0.2536102722,0.9463897278,0.0010808804,0.0,0.0,0.0,0.0,0.0918722241,0.0931101985,-0.080491598,0.1230788626,9.93029e-05,0.0010808804,0.0,1,KKT conditions numerically satisfied for barrier-golden solution
low_slow_penalty,2122,0.95,2927.9,0.25,0.35,0.35,0.45,0.6,1.8,2B,1,1.043336,1.059713,14828.243918,2927.899934,deadline,0.443335734,0.756664266,0.4597129419,0.7402870581,6.60251e-05,0.0,0.0,0.0,0.0,1.6413935168,0.2730484248,-0.2112658256,0.3452371523,0.0001083732,6.60251e-05,0.0,1,KKT conditions numerically satisfied for barrier-golden solution
low_slow_penalty,2122,0.95,2927.9,0.25,0.35,0.35,0.45,0.6,1.8,3B,1,0.780897,0.842631,14827.576402,2816.298407,none,0.180897401,1.019102599,0.2426311379,0.9573688621,111.6015932003,0.0,0.0,0.0,0.0,0.0,0.0075486483,0.0032814454,0.0082310373,0.0,0.180897401,0.0,1,KKT conditions numerically satisfied for barrier-golden solution
low_slow_penalty,2122,1.0,3082.0,0.25,0.35,0.35,0.45,0.6,1.8,2B,1,0.986404,1.010445,14610.261375,3081.999918,deadline,0.3864041976,0.8135958024,0.4104454227,0.7895545773,8.22988e-05,0.0,0.0,0.0,0.0,1.2026155409,1.401218328,-1.102764993,1.783116214,9.89738e-05,8.22988e-05,0.0,1,KKT conditions numerically satisfied for barrier-golden solution
low_slow_penalty,2122,1.0,3082.0,0.25,0.35,0.35,0.45,0.6,1.8,3B,1,0.780898,0.842631,14827.576402,2816.297292,none,0.180897864,1.019102136,0.2426313369,0.9573686631,265.7027075685,0.0,0.0,0.0,0.0,0.0,0.0123007619,0.0063157074,0.0138273968,0.0,0.180897864,0.0,1,KKT conditions numerically satisfied for barrier-golden solution
low_slow_penalty,2122,1.05,3236.1,0.25,0.35,0.35,0.45,0.6,1.8,2B,1,0.934271,0.966431,14453.438995,3236.099875,deadline,0.3342710244,0.8657289756,0.3664310057,0.8335689943,0.0001245937,0.0,0.0,0.0,0.0,0.8442783614,0.394034179,-0.3162212915,0.5052314711,0.0001051918,0.0001245937,0.0,1,KKT conditions numerically satisfied for barrier-golden solution
low_slow_penalty,2122,1.05,3236.1,0.25,0.35,0.35,0.45,0.6,1.8,3B,1,0.780898,0.842631,14827.576402,2816.297871,none,0.1808976377,1.0191023623,0.2426312215,0.9573687785,419.8021294671,0.0,0.0,0.0,0.0,0.0,0.0099785631,0.0045560139,0.0109694568,0.0,0.1808976377,0.0,1,KKT conditions numerically satisfied for barrier-golden solution
low_slow_penalty,2122,1.1,3390.2,0.25,0.35,0.35,0.45,0.6,1.8,2B,1,0.886511,0.926795,14346.820476,3390.199812,deadline,0.2865109809,0.9134890191,0.3267954967,0.8732045033,0.0001875226,0.0,0.0,0.0,0.0,0.5486859297,0.3409662541,-0.2794938478,0.4408795724,0.000102891,0.0001875226,0.0,1,KKT conditions numerically satisfied for barrier-golden solution
low_slow_penalty,2122,1.1,3390.2,0.25,0.35,0.35,0.45,0.6,1.8,3B,1,0.780898,0.842631,14827.576402,2816.298183,none,0.1808975145,1.0191024855,0.24263116,0.95736884,573.9018170879,0.0,0.0,0.0,0.0,0.0,0.0087136549,0.0036182614,0.0094350197,0.0,0.1808975145,0.0,1,KKT conditions numerically satisfied for barrier-golden solution
low_slow_penalty,2122,1.15,3544.3,0.25,0.35,0.35,0.45,0.6,1.8,2B,1,0.842475,0.891054,14281.768695,3544.299671,deadline,0.2424753518,0.9575246482,0.2910543065,0.9089456935,0.0003287352,0.0,0.0,0.0,0.0,0.3029391915,0.2816486612,-0.2362995498,0.3676458154,9.95868e-05,0.0003287352,0.0,1,KKT conditions numerically satisfied for barrier-golden solution
low_slow_penalty,2122,1.15,3544.3,0.25,0.35,0.35,0.45,0.6,1.8,3B,1,0.780897,0.842631,14827.576402,2816.298378,none,0.1808974383,1.0191025617,0.2426311211,0.9573688789,728.0016222545,0.0,0.0,0.0,0.0,0.0,0.0079316963,0.003024328,0.0084887199,0.0,0.1808974383,0.0,1,KKT conditions numerically satisfied for barrier-golden solution
low_slow_penalty,2122,1.2,3698.4,0.25,0.35,0.35,0.45,0.6,1.8,2B,1,0.801683,0.858762,14251.398522,3698.39897,deadline,0.2016828217,0.9983171783,0.2587617465,0.9412382535,0.0010298376,0.0,0.0,0.0,0.0,0.0971586216,0.0673559055,-0.0579665119,0.0888646977,0.0001000576,0.0010298376,0.0,1,KKT conditions numerically satisfied for barrier-golden solution
low_slow_penalty,2122,1.2,3698.4,0.25,0.35,0.35,0.45,0.6,1.8,3B,1,0.780897,0.842631,14827.576402,2816.298435,none,0.1808974154,1.0191025846,0.2426311099,0.9573688901,882.1015645773,0.0,0.0,0.0,0.0,0.0,0.0076958685,0.002854137,0.0082080747,0.0,0.1808974154,0.0,1,KKT conditions numerically satisfied for barrier-golden solution
low_slow_penalty,2122,1.25,3852.5,0.25,0.35,0.35,0.45,0.6,1.8,2B,1,0.780898,0.842631,14247.422002,3781.510564,none,0.1808980374,1.0191019626,0.2426313624,0.9573686376,70.9894360418,0.0,0.0,0.0,0.0,0.0,0.0135297973,0.0064426399,0.0149854271,0.0,0.1808980374,0.0,1,KKT conditions numerically satisfied for barrier-golden solution
low_slow_penalty,2122,1.25,3852.5,0.25,0.35,0.35,0.45,0.6,1.8,3B,1,0.780897,0.842631,14827.576402,2816.29959,none,0.1808970399,1.0191029601,0.2426308127,0.9573691873,1036.2004099,0.0,0.0,0.0,0.0,0.0,0.0038416756,-0.0016778909,0.0041921104,0.0,0.1808970399,0.0,1,KKT conditions numerically satisfied for barrier-golden solution
low_slow_penalty,2122,1.3,4006.6,0.25,0.35,0.35,0.45,0.6,1.8,2B,1,0.780897,0.842631,14247.422002,3781.514131,none,0.1808969797,1.0191030203,0.2426308478,0.9573691522,225.0858687007,0.0,0.0,0.0,0.0,0.0,0.0030976679,-0.0010976847,0.0032864051,0.0,0.1808969797,0.0,1,KKT conditions numerically satisfied for barrier-golden solution
low_slow_penalty,2122,1.3,4006.6,0.25,0.35,0.35,0.45,0.6,1.8,3B,1,0.780897,0.842631,14827.576402,2816.298545,none,0.1808972533,1.0191027467,0.242631192,0.957368808,1190.3014547735,0.0,0.0,0.0,0.0,0.0,0.0060324617,0.0041057939,0.0072971322,0.0,0.1808972533,0.0,1,KKT conditions numerically satisfied for barrier-golden solution
low_slow_penalty,2122,1.35,4160.7,0.25,0.35,0.35,0.45,0.6,1.8,2B,1,0.780898,0.842631,14247.422002,3781.510976,none,0.1808978781,1.0191021219,0.2426313353,0.9573686647,379.1890237894,0.0,0.0,0.0,0.0,0.0,0.0119583875,0.0060459128,0.0133998542,0.0,0.1808978781,0.0,1,KKT conditions numerically satisfied for barrier-golden solution
low_slow_penalty,2122,1.35,4160.7,0.25,0.35,0.35,0.45,0.6,1.8,3B,1,0.780897,0.842631,14827.576402,2816.298592,none,0.1808972368,1.0191027632,0.2426311809,0.9573688191,1344.401407701,0.0,0.0,0.0,0.0,0.0,0.0058626629,0.0039374838,0.0070621947,0.0,0.1808972368,0.0,1,KKT conditions numerically satisfied for barrier-golden solution
low_slow_penalty,2122,1.4,4314.8,0.25,0.35,0.35,0.45,0.6,1.8,2B,1,0.780898,0.842631,14247.422002,3781.51164,none,0.1808976848,1.0191023152,0.2426312365,0.9573687635,533.2883600025,0.0,0.0,0.0,0.0,0.0,0.0100522622,0.0045974302,0.0110537025,0.0,0.1808976848,0.0,1,KKT conditions numerically satisfied for barrier-golden solution
low_slow_penalty,2122,1.4,4314.8,0.25,0.35,0.35,0.45,0.6,1.8,3B,1,0.780897,0.842631,14827.576402,2816.298664,none,0.1808971986,1.0191028014,0.2426311754,0.9573688246,1498.5013359243,0.0,0.0,0.0,0.0,0.0,0.0054710323,0.0038530354,0.0066916423,0.0,0.1808971986,0.0,1,KKT conditions numerically satisfied for barrier-golden solution
low_slow_penalty,2122,1.5,4623.0,0.25,0.35,0.35,0.45,0.6,1.8,2B,1,0.780898,0.842631,14247.422002,3781.512163,none,0.1808975313,1.0191024687,0.2426311596,0.9573688404,841.4878368132,0.0,0.0,0.0,0.0,0.0,0.0085378137,0.0034714019,0.0092165554,0.0,0.1808975313,0.0,1,KKT conditions numerically satisfied for barrier-golden solution
low_slow_penalty,2122,1.5,4623.0,0.25,0.35,0.35,0.45,0.6,1.8,3B,1,0.780897,0.842631,14827.576402,2816.298659,none,0.1808972033,1.0191027967,0.2426311742,0.9573688258,1806.701341389,0.0,0.0,0.0,0.0,0.0,0.0055192426,0.0038356008,0.0067211511,0.0,0.1808972033,0.0,1,KKT conditions numerically satisfied for barrier-golden solution
low_slow_penalty,2211,0.7,1454.366667,0.25,0.35,0.35,0.45,0.6,1.8,2B,1,1.435668,1.414586,10576.659107,1454.366651,deadline,0.835668466,0.364331534,0.814585837,0.385414163,1.54095e-05,0.0,0.0,0.0,0.0,5.5387729333,-1.4356114155,2.7875148333,3.1354774887,8.53497e-05,1.54095e-05,0.0,1,KKT conditions numerically satisfied for barrier-golden solution
low_slow_penalty,2211,0.7,1454.366667,0.25,0.35,0.35,0.45,0.6,1.8,3B,1,1.028984,1.047381,9350.873647,1454.36662,deadline,0.4289838025,0.7710161975,0.4473808641,0.7526191359,4.70523e-05,0.0,0.0,0.0,0.0,1.980949609,-0.1874098975,0.3883423118,0.4311985863,9.32082e-05,4.70523e-05,0.0,1,KKT conditions numerically satisfied for barrier-golden solution
low_slow_penalty,2211,0.75,1558.25,0.25,0.35,0.35,0.45,0.6,1.8,2B,1,1.334281,1.331441,10069.806334,1558.249976,deadline,0.7342813474,0.4657186526,0.7314414018,0.4685585982,2.38539e-05,0.0,0.0,0.0,0.0,4.263877438,-22.4059069902,44.6212579507,49.9307653572,0.0001017103,2.38539e-05,0.0,1,KKT conditions numerically satisfied for barrier-golden solution
low_slow_penalty,2211,0.75,1558.25,0.25,0.35,0.35,0.45,0.6,1.8,3B,1,0.956656,0.985374,9182.640938,1558.249925,deadline,0.3566561019,0.8433438981,0.3853742881,0.8146257119,7.52405e-05,0.0,0.0,0.0,0.0,1.2897600705,-0.0685405531,0.1454348073,0.1607765238,9.70421e-05,7.52405e-05,0.0,1,KKT conditions numerically satisfied for barrier-golden solution
low_slow_penalty,2211,0.8,1662.133333,0.25,0.35,0.35,0.45,0.6,1.8,2B,1,1.252077,1.245866,9677.188222,1662.133306,deadline,0.6520771712,0.5479228288,0.6458663256,0.5541336744,2.6986e-05,0.0,0.0,0.0,0.0,3.3158005203,-0.5866697008,1.1617277285,1.3014578953,8.94802e-05,2.6986e-05,0.0,1,KKT conditions numerically satisfied for barrier-golden solution
low_slow_penalty,2211,0.8,1662.133333,0.25,0.35,0.35,0.45,0.6,1.8,3B,1,0.892958,0.932191,9077.269756,1662.133202,deadline,0.2929577291,0.9070422709,0.3321914706,0.8678085294,0.0001312902,0.0,0.0,0.0,0.0,0.76172285,-0.0971829564,0.2118207739,0.233050568,0.0001000067,0.0001312902,0.0,1,KKT conditions numerically satisfied for barrier-golden solution
low_slow_penalty,2211,0.85,1766.016667,0.25,0.35,0.35,0.45,0.6,1.8,2B,1,1.176115,1.177182,9373.229661,1766.016631,deadline,0.5761150264,0.6238849736,0.5771824287,0.6228175713,3.56397e-05,0.0,0.0,0.0,0.0,2.5660235061,-0.1738716428,0.3483747722,0.3893537338,9.14524e-05,3.56397e-05,0.0,1,KKT conditions numerically satisfied for barrier-golden solution
low_slow_penalty,2211,0.85,1766.016667,0.25,0.35,0.35,0.45,0.6,1.8,3B,1,0.836391,0.886294,9020.295746,1766.01638,deadline,0.2363913194,0.9636086806,0.286294045,0.913705955,0.0002869793,0.0,0.0,0.0,0.0,0.3518330088,-0.1461743665,0.3282750265,0.3593486308,0.0001009688,0.0002869793,0.0,1,KKT conditions numerically satisfied for barrier-golden solution
low_slow_penalty,2211,0.9,1869.9,0.25,0.35,0.35,0.45,0.6,1.8,2B,1,1.108289,1.116799,9138.58666,1869.899947,deadline,0.5082889008,0.6917110992,0.516798968,0.683201032,5.31242e-05,0.0,0.0,0.0,0.0,1.9738617124,-0.1543312625,0.3134208937,0.3493576894,0.0001048598,5.31242e-05,0.0,1,KKT conditions numerically satisfied for barrier-golden solution
low_slow_penalty,2211,0.9,1869.9,0.25,0.35,0.35,0.45,0.6,1.8,3B,1,0.785815,0.846442,9001.147732,1869.896584,deadline,0.185815362,1.014184638,0.2464418229,0.9535581771,0.0034156535,0.0,0.0,0.0,0.0,0.0292602672,-0.0256134116,0.0594361435,0.0647201824,9.99429e-05,0.0034156535,0.0,1,KKT conditions numerically satisfied for barrier-golden solution
low_slow_penalty,2211,0.95,1973.783333,0.25,0.35,0.35,0.45,0.6,1.8,2B,1,1.047337,1.063383,8959.019046,1973.783271,deadline,0.4473372764,0.7526627236,0.4633825024,0.7366174976,6.23337e-05,0.0,0.0,0.0,0.0,1.5001675937,-0.3008075022,0.6201897108,0.6892898018,9.3511e-05,6.23337e-05,0.0,1,KKT conditions numerically satisfied for barrier-golden solution
low_slow_penalty,2211,0.95,1973.783333,0.25,0.35,0.35,0.45,0.6,1.8,3B,1,0.780897,0.842632,9000.991382,1880.620222,none,0.1808973247,1.0191026753,0.2426315216,0.9573684784,93.1631116695,0.0,0.0,0.0,0.0,0.0,0.0064089094,0.0032442913,0.0071832824,0.0,0.1808973247,0.0,1,KKT conditions numerically satisfied for barrier-golden solution
low_slow_penalty,2211,1.0,2077.666667,0.25,0.35,0.35,0.45,0.6,1.8,2B,1,0.992282,1.015802,8823.751654,2077.666577,deadline,0.3922819209,0.8077180791,0.4158021766,0.7841978234,9.00686e-05,0.0,0.0,0.0,0.0,1.1169850005,-0.2612072452,0.5474737937,0.6065944112,0.0001006052,9.00686e-05,0.0,1,KKT conditions numerically satisfied for barrier-golden solution
low_slow_penalty,2211,1.0,2077.666667,0.25,0.35,0.35,0.45,0.6,1.8,3B,1,0.780897,0.842632,9000.991382,1880.620649,none,0.1808969891,1.0191030109,0.2426316979,0.9573683021,197.0460172273,0.0,0.0,0.0,0.0,0.0,0.0031454288,0.0041992778,0.0052466805,0.0,0.1808969891,0.0,1,KKT conditions numerically satisfied for barrier-golden solution
low_slow_penalty,2211,1.05,2181.55,0.25,0.35,0.35,0.45,0.6,1.8,2B,1,0.942258,0.973294,8724.508769,2181.549877,deadline,0.3422579342,0.8577420658,0.3732940173,0.8267059827,0.0001230832,0.0,0.0,0.0,0.0,0.8037604062,-0.196972225,0.420323322,0.4641871955,9.89294e-05,0.0001230832,0.0,1,KKT conditions numerically satisfied for barrier-golden solution
low_slow_penalty,2211,1.05,2181.55,0.25,0.35,0.35,0.45,0.6,1.8,3B,1,0.780897,0.842632,9000.991382,1880.620901,none,0.1808968995,1.0191031005,0.2426315503,0.9573684497,300.9290987792,0.0,0.0,0.0,0.0,0.0,0.0022743343,0.003399408,0.0040900576,0.0,0.1808968995,0.0,1,KKT conditions numerically satisfied for barrier-golden solution
low_slow_penalty,2211,1.1,2285.433333,0.25,0.35,0.35,0.45,0.6,1.8,2B,1,0.896559,0.935236,8654.848568,2285.433153,deadline,0.296558868,0.903441132,0.335236479,0.864763521,0.0001804489,0.0,0.0,0.0,0.0,0.5453012459,-0.2429268573,0.5286774452,0.5818189573,9.8399e-05,0.0001804489,0.0,1,KKT conditions numerically satisfied for barrier-golden solution
low_slow_penalty,2211,1.1,2285.433333,0.25,0.35,0.35,0.45,0.6,1.8,3B,1,0.780897,0.842631,9000.991382,1880.620989,none,0.1808968764,1.0191031236,0.2426314797,0.9573685203,404.8123442201,0.0,0.0,0.0,0.0,0.0,0.0020494511,0.0030174309,0.003647621,0.0,0.1808968764,0.0,1,KKT conditions numerically satisfied for barrier-golden solution
low_slow_penalty,2211,1.15,2389.316667,0.25,0.35,0.35,0.45,0.6,1.8,2B,1,0.854657,0.900999,8609.695479,2389.316366,deadline,0.2546567587,0.9453432413,0.3009992526,0.8990007474,0.0003004167,0.0,0.0,0.0,0.0,0.3303109285,-0.1942207508,0.4317089208,0.4733859866,9.92309e-05,0.0003004167,0.0,1,KKT conditions numerically satisfied for barrier-golden solution
low_slow_penalty,2211,1.15,2389.316667,0.25,0.35,0.35,0.45,0.6,1.8,3B,1,0.780897,0.842631,9000.991382,1880.621459,none,0.180896657,1.019103343,0.2426313259,0.9573686741,508.6952078388,0.0,0.0,0.0,0.0,0.0,-8.36004e-05,0.0021842761,0.0021858754,0.0,0.180896657,0.0,1,KKT conditions numerically satisfied for barrier-golden solution
low_slow_penalty,2211,1.2,2493.2,0.25,0.35,0.35,0.45,0.6,1.8,2B,1,0.81609,0.870104,8585.006229,2493.199328,deadline,0.2160898172,0.9839101828,0.2701036314,0.9298963686,0.00067165,0.0,0.0,0.0,0.0,0.1501425722,-0.0215036062,0.0488885703,0.0534087763,0.0001008433,0.00067165,0.0,1,KKT conditions numerically satisfied for barrier-golden solution
low_slow_penalty,2211,1.2,2493.2,0.25,0.35,0.35,0.45,0.6,1.8,3B,1,0.780897,0.842631,9000.991382,1880.621432,none,0.1808966822,1.0191033178,0.2426313053,0.9573686947,612.5785681108,0.0,0.0,0.0,0.0,0.0,0.0001616483,0.0020725836,0.0020788778,0.0,0.1808966822,0.0,1,KKT conditions numerically satisfied for barrier-golden solution
low_slow_penalty,2211,1.25,2597.083333,0.25,0.35,0.35,0.45,0.6,1.8,2B,1,0.780911,0.842654,8577.52586,2595.586894,none,0.180910556,1.019089444,0.2426541576,0.9573458424,1.4964389134,0.0,0.0,0.0,0.0,0.0,0.128704765,0.1199452498,0.1759311783,0.0,0.180910556,0.0,0,KKT residual is reported for numerical inspection
low_slow_penalty,2211,1.25,2597.083333,0.25,0.35,0.35,0.45,0.6,1.8,3B,1,0.780898,0.842632,9000.991382,1880.619727,none,0.1808975377,1.0191024623,0.2426317255,0.9573682745,716.4636061791,0.0,0.0,0.0,0.0,0.0,0.0084795143,0.0043485347,0.0095295287,0.0,0.1808975377,0.0,1,KKT conditions numerically satisfied for barrier-golden solution
low_slow_penalty,2211,1.3,2700.966667,0.25,0.35,0.35,0.45,0.6,1.8,2B,1,0.780897,0.842632,8577.525858,2595.638535,none,0.1808974787,1.0191025213,0.2426316668,0.9573683332,105.3281319416,0.0,0.0,0.0,0.0,0.0,0.0075341587,0.0038409332,0.0084567319,0.0,0.1808974787,0.0,1,KKT conditions numerically satisfied for barrier-golden solution
low_slow_penalty,2211,1.3,2700.966667,0.25,0.35,0.35,0.45,0.6,1.8,3B,1,0.780897,0.842632,9000.991382,1880.619809,none,0.1808974923,1.0191025077,0.2426317151,0.9573682849,820.3468575165,0.0,0.0,0.0,0.0,0.0,0.0080383813,0.0042923268,0.009112609,0.0,0.1808974923,0.0,1,KKT conditions numerically satisfied for barrier-golden solution
low_slow_penalty,2211,1.35,2804.85,0.25,0.35,0.35,0.45,0.6,1.8,2B,1,0.780897,0.842631,8577.525858,2595.639553,none,0.1808971535,1.0191028465,0.2426313804,0.9573686196,209.2104472921,0.0,0.0,0.0,0.0,0.0,0.0045209382,0.0023625368,0.0051010256,0.0,0.1808971535,0.0,1,KKT conditions numerically satisfied for barrier-golden solution
low_slow_penalty,2211,1.35,2804.85,0.25,0.35,0.35,0.45,0.6,1.8,3B,1,0.780897,0.842632,9000.991382,1880.619904,none,0.1808974522,1.0191025478,0.2426316742,0.9573683258,924.2300959712,0.0,0.0,0.0,0.0,0.0,0.0076484672,0.0040709124,0.0086643741,0.0,0.1808974522,0.0,1,KKT conditions numerically satisfied for barrier-golden solution
low_slow_penalty,2211,1.4,2908.733333,0.25,0.35,0.35,0.45,0.6,1.8,2B,1,0.780897,0.842632,8577.525858,2595.639716,none,0.1808969565,1.0191030435,0.2426316717,0.9573683283,313.0936172539,0.0,0.0,0.0,0.0,0.0,0.0026953692,0.0038664157,0.0047131927,0.0,0.1808969565,0.0,1,KKT conditions numerically satisfied for barrier-golden solution
low_slow_penalty,2211,1.4,2908.733333,0.25,0.35,0.35,0.45,0.6,1.8,3B,1,0.780897,0.842632,9000.991382,1880.619956,none,0.1808974255,1.0191025745,0.2426316628,0.9573683372,1028.1133772781,0.0,0.0,0.0,0.0,0.0,0.0073886446,0.0040092006,0.0084062928,0.0,0.1808974255,0.0,1,KKT conditions numerically satisfied for barrier-golden solution
low_slow_penalty,2211,1.5,3116.5,0.25,0.35,0.35,0.45,0.6,1.8,2B,1,0.780897,0.842632,8577.525858,2595.639997,none,0.1808968967,1.0191031033,0.2426315228,0.9573684772,520.8600029032,0.0,0.0,0.0,0.0,0.0,0.0021412737,0.0030979857,0.0037659751,0.0,0.1808968967,0.0,1,KKT conditions numerically satisfied for barrier-golden solution
low_slow_penalty,2211,1.5,3116.5,0.25,0.35,0.35,0.45,0.6,1.8,3B,1,0.780897,0.842632,9000.991382,1880.62004,none,0.1808973841,1.0191026159,0.2426316403,0.9573683597,1235.879959833,0.0,0.0,0.0,0.0,0.0,0.0069856053,0.0038873497,0.0079943836,0.0,0.1808973841,0.0,1,KKT conditions numerically satisfied for barrier-golden solution
low_slow_penalty,2212,0.7,1846.833333,0.25,0.35,0.35,0.45,0.6,1.8,2B,1,1.43804,1.416139,15837.63522,1846.833319,deadline,0.8380400875,0.3619599125,0.8161388516,0.3838611484,1.43499e-05,0.0,0.0,0.0,0.0,6.5671259656,-0.2014798347,0.2605193659,0.3293394355,9.42373e-05,1.43499e-05,0.0,1,KKT conditions numerically satisfied for barrier-golden solution
low_slow_penalty,2212,0.7,1846.833333,0.25,0.35,0.35,0.45,0.6,1.8,3B,1,0.95949,0.987729,13689.864756,1846.833277,deadline,0.3594903784,0.8405096216,0.3877290572,0.8122709428,5.65845e-05,0.0,0.0,0.0,0.0,1.6426492949,0.0553804723,-0.0782509834,0.0958655992,9.29485e-05,5.65845e-05,0.0,1,KKT conditions numerically satisfied for barrier-golden solution
low_slow_penalty,2212,0.75,1978.75,0.25,0.35,0.35,0.45,0.6,1.8,2B,1,1.339367,1.325372,15074.858812,1978.74998,deadline,0.7393674364,0.4606325636,0.7253719632,0.4746280368,1.9827e-05,0.0,0.0,0.0,0.0,5.0662953132,-0.8694365738,1.1351486287,1.4298539664,0.0001004496,1.9827e-05,0.0,1,KKT conditions numerically satisfied for barrier-golden solution
low_slow_penalty,2212,0.75,1978.75,0.25,0.35,0.35,0.45,0.6,1.8,3B,1,0.890033,0.929755,13522.813249,1978.749897,deadline,0.2900325427,0.9099674573,0.329754839,0.870245161,0.0001034904,0.0,0.0,0.0,0.0,0.9234450303,-0.0877066529,0.1276134344,0.1548471685,9.55677e-05,0.0001034904,0.0,1,KKT conditions numerically satisfied for barrier-golden solution
low_slow_penalty,2212,0.8,2110.666667,0.25,0.35,0.35,0.45,0.6,1.8,2B,1,1.252788,1.246303,14485.519338,2110.666645,deadline,0.6527875535,0.5472124465,0.646302532,0.553697468,2.20907e-05,0.0,0.0,0.0,0.0,3.9180258613,-0.3562624729,0.4701115371,0.5898540556,8.65518e-05,2.20907e-05,0.0,1,KKT conditions numerically satisfied for barrier-golden solution
low_slow_penalty,2212,0.8,2110.666667,0.25,0.35,0.35,0.45,0.6,1.8,3B,1,0.828691,0.880099,13438.758086,2110.666397,deadline,0.228690593,0.971309407,0.280099088,0.919900912,0.000269715,0.0,0.0,0.0,0.0,0.3748686239,-0.0918630454,0.13815223,0.1659061716,0.0001011077,0.000269715,0.0,1,KKT conditions numerically satisfied for barrier-golden solution
low_slow_penalty,2212,0.85,2242.583333,0.25,0.35,0.35,0.45,0.6,1.8,2B,1,1.176026,1.177064,14029.976232,2242.583303,deadline,0.5760257239,0.6239742761,0.5770643017,0.6229356983,3.02906e-05,0.0,0.0,0.0,0.0,3.0246121813,-0.2201738858,0.2940839196,0.367371599,9.16173e-05,3.02906e-05,0.0,1,KKT conditions numerically satisfied for barrier-golden solution
low_slow_penalty,2212,0.85,2242.583333,0.25,0.35,0.35,0.45,0.6,1.8,3B,1,0.780897,0.842632,13418.058298,2225.222891,none,0.1808973532,1.0191026468,0.2426316852,0.9573683148,17.360442827,0.0,0.0,0.0,0.0,0.0,0.0085317717,0.0079062912,0.0116318773,0.0,0.1808973532,0.0,1,KKT conditions numerically satisfied for barrier-golden solution
low_slow_penalty,2212,0.9,2374.5,0.25,0.35,0.35,0.45,0.6,1.8,2B,1,1.107458,1.11602,13679.277189,2374.49995,deadline,0.5074580893,0.6925419107,0.5160195155,0.6839804845,4.99632e-05,0.0,0.0,0.0,0.0,2.3192857068,-0.1438832694,0.1948220069,0.2421941569,0.0001158789,4.99632e-05,0.0,1,KKT conditions numerically satisfied for barrier-golden solution
low_slow_penalty,2212,0.9,2374.5,0.25,0.35,0.35,0.45,0.6,1.8,3B,1,0.780897,0.842631,13418.058298,2225.224594,none,0.1808967056,1.0191032944,0.2426311174,0.9573688826,149.2754060385,0.0,0.0,0.0,0.0,0.0,0.0004963592,0.0020184353,0.00207857,0.0,0.1808967056,0.0,1,KKT conditions numerically satisfied for barrier-golden solution
low_slow_penalty,2212,0.95,2506.416667,0.25,0.35,0.35,0.45,0.6,1.8,2B,1,1.045792,1.061892,13411.875456,2506.416609,deadline,0.4457915459,0.7542084541,0.4618920885,0.7381079115,5.79974e-05,0.0,0.0,0.0,0.0,1.755220038,-0.0176998484,0.0243320556,0.0300887614,0.0001017982,5.79974e-05,0.0,1,KKT conditions numerically satisfied for barrier-golden solution
low_slow_penalty,2212,0.95,2506.416667,0.25,0.35,0.35,0.45,0.6,1.8,3B,1,0.780897,0.842632,13418.058298,2225.222801,none,0.1808973789,1.0191026211,0.2426317282,0.9573682718,281.1938659512,0.0,0.0,0.0,0.0,0.0,0.0088508021,0.0083522591,0.0121695083,0.0,0.1808973789,0.0,1,KKT conditions numerically satisfied for barrier-golden solution
low_slow_penalty,2212,1.0,2638.333333,0.25,0.35,0.35,0.45,0.6,1.8,2B,1,0.989988,1.013669,13211.465837,2638.33326,deadline,0.3899879042,0.8100120958,0.413668852,0.786331148,7.34592e-05,0.0,0.0,0.0,0.0,1.2989201104,0.1827427834,-0.2554532302,0.3140880095,9.54176e-05,7.34592e-05,0.0,1,KKT conditions numerically satisfied for barrier-golden solution
low_slow_penalty,2212,1.0,2638.333333,0.25,0.35,0.35,0.45,0.6,1.8,3B,1,0.780897,0.842632,13418.058298,2225.223184,none,0.1808972461,1.0191027539,0.2426315799,0.9573684201,413.1101489394,0.0,0.0,0.0,0.0,0.0,0.0072035464,0.0068151384,0.0099165111,0.0,0.1808972461,0.0,1,KKT conditions numerically satisfied for barrier-golden solution
low_slow_penalty,2212,1.05,2770.25,0.25,0.35,0.35,0.45,0.6,1.8,2B,1,0.939163,0.970595,13065.523816,2770.249896,deadline,0.339162758,0.860837242,0.3705951543,0.8294048457,0.0001036893,0.0,0.0,0.0,0.0,0.9259649994,-0.0130080131,0.0185244027,0.0226354125,9.60126e-05,0.0001036893,0.0,1,KKT conditions numerically satisfied for barrier-golden solution
low_slow_penalty,2212,1.05,2770.25,0.25,0.35,0.35,0.45,0.6,1.8,3B,1,0.780897,0.842632,13418.058298,2225.223386,none,0.1808971766,1.0191028234,0.2426315016,0.9573684984,545.0266138225,0.0,0.0,0.0,0.0,0.0,0.0063401601,0.0060029285,0.0087311386,0.0,0.1808971766,0.0,1,KKT conditions numerically satisfied for barrier-golden solution
low_slow_penalty,2212,1.1,2902.166667,0.25,0.35,0.35,0.45,0.6,1.8,2B,1,0.892682,0.931931,12964.298757,2902.166512,deadline,0.2926824629,0.9073175371,0.3319308559,0.8680691441,0.0001547888,0.0,0.0,0.0,0.0,0.6183579544,-0.0622116192,0.0904031614,0.1097406814,9.57149e-05,0.0001547888,0.0,1,KKT conditions numerically satisfied for barrier-golden solution
low_slow_penalty,2212,1.1,2902.166667,0.25,0.35,0.35,0.45,0.6,1.8,3B,1,0.780897,0.842631,13418.058298,2225.2235,none,0.1808971365,1.0191028635,0.2426314587,0.9573685413,676.9431666266,0.0,0.0,0.0,0.0,0.0,0.0058425314,0.0055581555,0.0080640105,0.0,0.1808971365,0.0,1,KKT conditions numerically satisfied for barrier-golden solution
low_slow_penalty,2212,1.15,3034.083333,0.25,0.35,0.35,0.45,0.6,1.8,2B,1,0.849973,0.897137,12900.106543,3034.083062,deadline,0.2499732991,0.9500267009,0.2971374776,0.9028625224,0.0002718323,0.0,0.0,0.0,0.0,0.362548165,-0.0764901474,0.1136191843,0.1369673746,9.85523e-05,0.0002718323,0.0,1,KKT conditions numerically satisfied for barrier-golden solution
low_slow_penalty,2212,1.15,3034.083333,0.25,0.35,0.35,0.45,0.6,1.8,3B,1,0.780897,0.842631,13418.058298,2225.223546,none,0.1808971201,1.0191028799,0.242631442,0.957368558,808.859787698,0.0,0.0,0.0,0.0,0.0,0.0056397128,0.005384653,0.0077974899,0.0,0.1808971201,0.0,1,KKT conditions numerically satisfied for barrier-golden solution
low_slow_penalty,2212,1.2,3166.0,0.25,0.35,0.35,0.45,0.6,1.8,2B,1,0.810566,0.865757,12866.824161,3165.999332,deadline,0.2105660994,0.9894339006,0.2657570132,0.9342429868,0.0006684435,0.0,0.0,0.0,0.0,0.1482344833,-0.0817370796,0.1243291653,0.1487907642,9.90864e-05,0.0006684435,0.0,1,KKT conditions numerically satisfied for barrier-golden solution
low_slow_penalty,2212,1.2,3166.0,0.25,0.35,0.35,0.45,0.6,1.8,3B,1,0.780897,0.842631,13418.058298,2225.223604,none,0.1808971004,1.0191028996,0.2426314191,0.9573685809,940.7763963775,0.0,0.0,0.0,0.0,0.0,0.0053948545,0.0051470215,0.0074562917,0.0,0.1808971004,0.0,1,KKT conditions numerically satisfied for barrier-golden solution
low_slow_penalty,2212,1.25,3297.916667,0.25,0.35,0.35,0.45,0.6,1.8,2B,1,0.780897,0.842632,12859.107704,3272.508089,none,0.1808973815,1.0191026185,0.2426317164,0.9573682836,25.4085778462,0.0,0.0,0.0,0.0,0.0,0.0085125868,0.0078878326,0.011605259,0.0,0.1808973815,0.0,1,KKT conditions numerically satisfied for barrier-golden solution
low_slow_penalty,2212,1.25,3297.916667,0.25,0.35,0.35,0.45,0.6,1.8,3B,1,0.780897,0.842631,13418.058298,2225.223657,none,0.1808970813,1.0191029187,0.2426313995,0.9573686005,1072.6930096651,0.0,0.0,0.0,0.0,0.0,0.0051575276,0.0049437489,0.0071442805,0.0,0.1808970813,0.0,1,KKT conditions numerically satisfied for barrier-golden solution
low_slow_penalty,2212,1.3,3429.833333,0.25,0.35,0.35,0.45,0.6,1.8,2B,1,0.780897,0.842631,12859.107704,3272.50926,none,0.1808970935,1.0191029065,0.2426314278,0.9573685722,157.3240728723,0.0,0.0,0.0,0.0,0.0,0.0050883229,0.0050188827,0.0071470423,0.0,0.1808970935,0.0,1,KKT conditions numerically satisfied for barrier-golden solution
low_slow_penalty,2212,1.3,3429.833333,0.25,0.35,0.35,0.45,0.6,1.8,3B,1,0.780897,0.842631,13418.058298,2225.22367,none,0.1808970773,1.0191029227,0.2426313934,0.9573686066,1204.6096631293,0.0,0.0,0.0,0.0,0.0,0.005108805,0.0048805285,0.0070653696,0.0,0.1808970773,0.0,1,KKT conditions numerically satisfied for barrier-golden solution
low_slow_penalty,2212,1.35,3561.75,0.25,0.35,0.35,0.45,0.6,1.8,2B,1,0.780897,0.842631,12859.107704,3272.5107,none,0.1808967167,1.0191032833,0.242631109,0.957368891,289.239300303,0.0,0.0,0.0,0.0,0.0,0.0006075327,0.0018507573,0.0019479216,0.0,0.1808967167,0.0,1,KKT conditions numerically satisfied for barrier-golden solution
low_slow_penalty,2212,1.35,3561.75,0.25,0.35,0.35,0.45,0.6,1.8,3B,1,0.780897,0.842631,13418.058298,2225.223696,none,0.180897068,1.019102932,0.2426313839,0.9573686161,1336.5263038873,0.0,0.0,0.0,0.0,0.0,0.0049929537,0.0047827215,0.0069140445,0.0,0.180897068,0.0,1,KKT conditions numerically satisfied for barrier-golden solution
low_slow_penalty,2212,1.4,3693.666667,0.25,0.35,0.35,0.45,0.6,1.8,2B,1,0.780897,0.842632,12859.107704,3272.507973,none,0.1808974033,1.0191025967,0.2426317551,0.9573682449,421.1586934301,0.0,0.0,0.0,0.0,0.0,0.0087721549,0.0082723691,0.0120574787,0.0,0.1808974033,0.0,1,KKT conditions numerically satisfied for barrier-golden solution
low_slow_penalty,2212,1.4,3693.666667,0.25,0.35,0.35,0.45,0.6,1.8,3B,1,0.780897,0.842631,13418.058298,2225.224534,none,0.1808967194,1.0191032806,0.2426311511,0.9573688489,1468.4421324388,0.0,0.0,0.0,0.0,0.0,0.0006676223,0.0023682754,0.0024605788,0.0,0.1808967194,0.0,1,KKT conditions numerically satisfied for barrier-golden solution
low_slow_penalty,2212,1.5,3957.5,0.25,0.35,0.35,0.45,0.6,1.8,2B,1,0.780897,0.842632,12859.107704,3272.508654,none,0.1808972425,1.0191027575,0.2426315775,0.9573684225,684.9913463103,0.0,0.0,0.0,0.0,0.0,0.0068600157,0.0065068276,0.0094550844,0.0,0.1808972425,0.0,1,KKT conditions numerically satisfied for barrier-golden solution
low_slow_penalty,2212,1.5,3957.5,0.25,0.35,0.35,0.45,0.6,1.8,3B,1,0.780897,0.842631,13418.058298,2225.224543,none,0.1808967181,1.0191032819,0.2426311448,0.9573688552,1732.2754566464,0.0,0.0,0.0,0.0,0.0,0.0006508924,0.0023025888,0.0023928176,0.0,0.1808967181,0.0,1,KKT conditions numerically satisfied for barrier-golden solution
low_slow_penalty,2221,0.7,1800.633333,0.25,0.35,0.35,0.45,0.6,1.8,2B,1,1.437959,1.416244,12813.066136,1800.633318,deadline,0.8379586969,0.3620413031,0.816244108,0.383755892,1.52081e-05,0.0,0.0,0.0,0.0,5.4491837104,-0.8654317708,1.1193218451,1.414868737,8.28716e-05,1.52081e-05,0.0,1,KKT conditions numerically satisfied for barrier-golden solution
low_slow_penalty,2221,0.7,1800.633333,0.25,0.35,0.35,0.45,0.6,1.8,3B,1,0.959409,0.987681,11115.35548,1800.633259,deadline,0.3594091272,0.8405908728,0.387680879,0.812319121,7.44445e-05,0.0,0.0,0.0,0.0,1.36739159,-0.0369309403,0.0521860833,0.0639318516,0.0001017948,7.44445e-05,0.0,1,KKT conditions numerically satisfied for barrier-golden solution
low_slow_penalty,2221,0.75,1929.25,0.25,0.35,0.35,0.45,0.6,1.8,2B,1,1.339439,1.325278,12195.959646,1929.249979,deadline,0.7394392183,0.4605607817,0.7252782574,0.4747217426,2.05617e-05,0.0,0.0,0.0,0.0,4.2040190898,-0.0843935941,0.1101580764,0.1387698833,8.64419e-05,2.05617e-05,0.0,1,KKT conditions numerically satisfied for barrier-golden solution
low_slow_penalty,2221,0.75,1929.25,0.25,0.35,0.35,0.45,0.6,1.8,3B,1,0.889962,0.929703,10979.785641,1929.249868,deadline,0.2899615308,0.9100384692,0.3297034448,0.8702965552,0.0001315386,0.0,0.0,0.0,0.0,0.7685401798,-0.0987492676,0.1436875142,0.1743488446,0.0001010927,0.0001315386,0.0,1,KKT conditions numerically satisfied for barrier-golden solution
low_slow_penalty,2221,0.8,2057.866667,0.25,0.35,0.35,0.45,0.6,1.8,2B,1,1.252791,1.246298,11719.168511,2057.866637,deadline,0.6527913449,0.5472086551,0.6462975408,0.5537024592,2.98914e-05,0.0,0.0,0.0,0.0,3.2511199663,-0.2556049798,0.3372826759,0.4231944106,9.71804e-05,2.98914e-05,0.0,1,KKT conditions numerically satisfied for barrier-golden solution
low_slow_penalty,2221,0.8,2057.866667,0.25,0.35,0.35,0.45,0.6,1.8,3B,1,0.828625,0.88005,10911.595306,2057.866351,deadline,0.2286250913,0.9713749087,0.2800497422,0.9199502578,0.0003158693,0.0,0.0,0.0,0.0,0.3117609428,-0.0853491764,0.1283619635,0.1541469286,9.84757e-05,0.0003158693,0.0,1,KKT conditions numerically satisfied for barrier-golden solution
low_slow_penalty,2221,0.85,2186.483333,0.25,0.35,0.35,0.45,0.6,1.8,2B,1,1.176029,1.17706,11350.622097,2186.483288,deadline,0.576029259,0.623970741,0.5770595999,0.6229404001,4.54789e-05,0.0,0.0,0.0,0.0,2.5097787612,-0.1477760982,0.1973802006,0.2465699065,0.0001141419,4.54789e-05,0.0,1,KKT conditions numerically satisfied for barrier-golden solution
low_slow_penalty,2221,0.85,2186.483333,0.25,0.35,0.35,0.45,0.6,1.8,3B,1,0.780897,0.842632,10894.832693,2169.405859,none,0.1808974971,1.0191025029,0.2426318441,0.9573681559,17.0774742279,0.0,0.0,0.0,0.0,0.0,0.0083777468,0.007757733,0.0114179273,0.0,0.1808974971,0.0,1,KKT conditions numerically satisfied for barrier-golden solution
low_slow_penalty,2221,0.9,2315.1,0.25,0.35,0.35,0.45,0.6,1.8,2B,1,1.107451,1.116029,11066.897253,2315.099952,deadline,0.5074514053,0.6925485947,0.5160285649,0.6839714351,4.77515e-05,0.0,0.0,0.0,0.0,1.92450086,-0.1738663053,0.2354265433,0.29266901,9.18977e-05,4.77515e-05,0.0,1,KKT conditions numerically satisfied for barrier-golden solution
low_slow_penalty,2221,0.9,2315.1,0.25,0.35,0.35,0.45,0.6,1.8,3B,1,0.780897,0.842631,10894.832693,2169.40705,none,0.1808970621,1.0191029379,0.2426313917,0.9573686083,145.6929503205,0.0,0.0,0.0,0.0,0.0,0.003994943,0.0039483589,0.0056168592,0.0,0.1808970621,0.0,1,KKT conditions numerically satisfied for barrier-golden solution
low_slow_penalty,2221,0.95,2443.716667,0.25,0.35,0.35,0.45,0.6,1.8,2B,1,1.045814,1.061862,10850.562202,2443.716594,deadline,0.445813726,0.754186274,0.461861615,0.738138385,7.23072e-05,0.0,0.0,0.0,0.0,1.4564709028,0.1760895544,-0.2420468861,0.2993229464,0.0001053133,7.23072e-05,0.0,1,KKT conditions numerically satisfied for barrier-golden solution
low_slow_penalty,2221,0.95,2443.716667,0.25,0.35,0.35,0.45,0.6,1.8,3B,1,0.780897,0.842631,10894.832693,2169.40794,none,0.1808967098,1.0191032902,0.2426310956,0.9573689044,274.3087269049,0.0,0.0,0.0,0.0,0.0,0.000444903,0.0014551884,0.0015216806,0.0,0.1808967098,0.0,1,KKT conditions numerically satisfied for barrier-golden solution
low_slow_penalty,2221,1.0,2572.333333,0.25,0.35,0.35,0.45,0.6,1.8,2B,1,0.98996,1.013707,10688.425515,2572.333235,deadline,0.3899603272,0.8100396728,0.413707429,0.786292571,9.84881e-05,0.0,0.0,0.0,0.0,1.0778041919,-0.0887315766,0.1240528118,0.152520139,0.0001061509,9.84881e-05,0.0,1,KKT conditions numerically satisfied for barrier-golden solution
low_slow_penalty,2221,1.0,2572.333333,0.25,0.35,0.35,0.45,0.6,1.8,3B,1,0.780897,0.842632,10894.832693,2169.406153,none,0.1808973859,1.0191026141,0.242631738,0.957368262,402.927180032,0.0,0.0,0.0,0.0,0.0,0.0072574457,0.0068648042,0.0099897976,0.0,0.1808973859,0.0,1,KKT conditions numerically satisfied for barrier-golden solution
low_slow_penalty,2221,1.05,2700.95,0.25,0.35,0.35,0.45,0.6,1.8,2B,1,0.939154,0.970608,10570.354557,2700.949867,deadline,0.3391536592,0.8608463408,0.370608139,0.829391861,0.0001326122,0.0,0.0,0.0,0.0,0.7683453807,-0.0885288068,0.126077589,0.1540548866,0.0001018919,0.0001326122,0.0,1,KKT conditions numerically satisfied for barrier-golden solution
low_slow_penalty,2221,1.05,2700.95,0.25,0.35,0.35,0.45,0.6,1.8,3B,1,0.780897,0.842632,10894.832693,2169.406377,none,0.1808973058,1.0191026942,0.2426316506,0.9573683494,531.5436230821,0.0,0.0,0.0,0.0,0.0,0.0064503353,0.0061284569,0.0088974609,0.0,0.1808973058,0.0,1,KKT conditions numerically satisfied for barrier-golden solution
low_slow_penalty,2221,1.1,2829.566667,0.25,0.35,0.35,0.45,0.6,1.8,2B,1,0.892678,0.931938,10488.460803,2829.566471,deadline,0.2926775087,0.9073224913,0.3319380903,0.8680619097,0.0001955136,0.0,0.0,0.0,0.0,0.5131008329,-0.0928095544,0.1348703126,0.1637180949,0.0001003182,0.0001955136,0.0,1,KKT conditions numerically satisfied for barrier-golden solution
low_slow_penalty,2221,1.1,2829.566667,0.25,0.35,0.35,0.45,0.6,1.8,3B,1,0.780897,0.842632,10894.832693,2169.406539,none,0.1808972486,1.0191027514,0.2426315856,0.9573684144,660.1601273753,0.0,0.0,0.0,0.0,0.0,0.0058737084,0.0055815347,0.0081027144,0.0,0.1808972486,0.0,1,KKT conditions numerically satisfied for barrier-golden solution
low_slow_penalty,2221,1.15,2958.183333,0.25,0.35,0.35,0.45,0.6,1.8,2B,1,0.849972,0.89714,10436.527602,2958.182995,deadline,0.2499719658,0.9500280342,0.2971395116,0.9028604884,0.0003383687,0.0,0.0,0.0,0.0,0.3008361141,-0.0734585318,0.1091168312,0.1315394951,0.0001017935,0.0003383687,0.0,1,KKT conditions numerically satisfied for barrier-golden solution
low_slow_penalty,2221,1.15,2958.183333,0.25,0.35,0.35,0.45,0.6,1.8,3B,1,0.780897,0.842632,10894.832693,2169.406611,none,0.1808972226,1.0191027774,0.2426315583,0.9573684417,788.7767224853,0.0,0.0,0.0,0.0,0.0,0.0056114515,0.0053510746,0.0077538628,0.0,0.1808972226,0.0,1,KKT conditions numerically satisfied for barrier-golden solution
low_slow_penalty,2221,1.2,3086.8,0.25,0.35,0.35,0.45,0.6,1.8,2B,1,0.810569,0.865753,10409.601271,3086.799187,deadline,0.2105689581,0.9894310419,0.2657527748,0.9342472252,0.0008134825,0.0,0.0,0.0,0.0,0.1230042202,-0.0421860823,0.0641675977,0.0767928781,0.0001000618,0.0008134825,0.0,1,KKT conditions numerically satisfied for barrier-golden solution
low_slow_penalty,2221,1.2,3086.8,0.25,0.35,0.35,0.45,0.6,1.8,3B,1,0.780897,0.842632,10894.832693,2169.406688,none,0.1808971954,1.0191028046,0.2426315274,0.9573684726,917.3933121171,0.0,0.0,0.0,0.0,0.0,0.0053379727,0.0050914814,0.007376797,0.0,0.1808971954,0.0,1,KKT conditions numerically satisfied for barrier-golden solution
low_slow_penalty,2221,1.25,3215.416667,0.25,0.35,0.35,0.45,0.6,1.8,2B,1,0.780898,0.842632,10403.358434,3190.64298,none,0.1808975563,1.0191024437,0.2426319119,0.9573680881,24.7736870918,0.0,0.0,0.0,0.0,0.0,0.0085689415,0.0079532396,0.0116910555,0.0,0.1808975563,0.0,1,KKT conditions numerically satisfied for barrier-golden solution
low_slow_penalty,2221,1.25,3215.416667,0.25,0.35,0.35,0.45,0.6,1.8,3B,1,0.780897,0.842632,10894.832693,2169.406755,none,0.1808971715,1.0191028285,0.2426315013,0.9573684987,1046.0099119257,0.0,0.0,0.0,0.0,0.0,0.0050964305,0.0048716201,0.0070502685,0.0,0.1808971715,0.0,1,KKT conditions numerically satisfied for barrier-golden solution
low_slow_penalty,2221,1.3,3344.033333,0.25,0.35,0.35,0.45,0.6,1.8,2B,1,0.780897,0.842632,10403.358434,3190.644411,none,0.1808971956,1.0191028044,0.2426315499,0.9573684501,153.3889222573,0.0,0.0,0.0,0.0,0.0,0.0050988293,0.0050426999,0.0071712539,0.0,0.1808971956,0.0,1,KKT conditions numerically satisfied for barrier-golden solution
low_slow_penalty,2221,1.3,3344.033333,0.25,0.35,0.35,0.45,0.6,1.8,3B,1,0.780897,0.842631,10894.832693,2169.406775,none,0.1808971636,1.0191028364,0.2426314939,0.9573685061,1174.6265578442,0.0,0.0,0.0,0.0,0.0,0.005016794,0.0048094607,0.0069497579,0.0,0.1808971636,0.0,1,KKT conditions numerically satisfied for barrier-golden solution
low_slow_penalty,2221,1.35,3472.65,0.25,0.35,0.35,0.45,0.6,1.8,2B,1,0.780897,0.842631,10403.358434,3190.645241,none,0.1808969995,1.0191030005,0.2426313197,0.9573686803,282.0047586909,0.0,0.0,0.0,0.0,0.0,0.0032122129,0.0031912423,0.0045279509,0.0,0.1808969995,0.0,1,KKT conditions numerically satisfied for barrier-golden solution
low_slow_penalty,2221,1.35,3472.65,0.25,0.35,0.35,0.45,0.6,1.8,3B,1,0.780897,0.842631,10894.832693,2169.406797,none,0.1808971557,1.0191028443,0.2426314858,0.9573685142,1303.2432031365,0.0,0.0,0.0,0.0,0.0,0.0049380974,0.0047410861,0.0068456339,0.0,0.1808971557,0.0,1,KKT conditions numerically satisfied for barrier-golden solution
low_slow_penalty,2221,1.4,3601.266667,0.25,0.35,0.35,0.45,0.6,1.8,2B,1,0.780897,0.842631,10403.358434,3190.646254,none,0.1808967165,1.0191032835,0.2426311065,0.9573688935,410.6204121692,0.0,0.0,0.0,0.0,0.0,0.0004891449,0.0014776221,0.00155648,0.0,0.1808967165,0.0,1,KKT conditions numerically satisfied for barrier-golden solution
low_slow_penalty,2221,1.4,3601.266667,0.25,0.35,0.35,0.45,0.6,1.8,3B,1,0.780897,0.842631,10894.832693,2169.40684,none,0.180897141,1.019102859,0.2426314678,0.9573685322,1431.8598265774,0.0,0.0,0.0,0.0,0.0,0.004789347,0.0045893206,0.0066332276,0.0,0.180897141,0.0,1,KKT conditions numerically satisfied for barrier-golden solution
low_slow_penalty,2221,1.5,3858.5,0.25,0.35,0.35,0.45,0.6,1.8,2B,1,0.780897,0.842632,10403.358434,3190.643718,none,0.1808973717,1.0191026283,0.2426317226,0.9573682774,667.8562816263,0.0,0.0,0.0,0.0,0.0,0.0067933625,0.0064311943,0.0093546798,0.0,0.1808973717,0.0,1,KKT conditions numerically satisfied for barrier-golden solution
low_slow_penalty,2221,1.5,3858.5,0.25,0.35,0.35,0.45,0.6,1.8,3B,1,0.780897,0.842631,10894.832693,2169.406862,none,0.1808971333,1.0191028667,0.2426314589,0.9573685411,1689.093137852,0.0,0.0,0.0,0.0,0.0,0.0047114855,0.0045144046,0.0065251778,0.0,0.1808971333,0.0,1,KKT conditions numerically satisfied for barrier-golden solution
low_slow_penalty,2222,0.7,2187.5,0.25,0.35,0.35,0.45,0.6,1.8,2B,1,1.439469,1.417838,18062.792902,2187.499984,deadline,0.8394686517,0.3605313483,0.8178379765,0.3821620235,1.55122e-05,0.0,0.0,0.0,0.0,6.3487970911,-2.7670683101,2.6845325069,3.8553056706,9.84838e-05,1.55122e-05,0.0,1,KKT conditions numerically satisfied for barrier-golden solution
low_slow_penalty,2222,0.7,2187.5,0.25,0.35,0.35,0.45,0.6,1.8,3B,1,1.034546,1.052,15842.956848,2187.499951,deadline,0.4345457495,0.7654542505,0.4520003094,0.7479996906,4.87673e-05,0.0,0.0,0.0,0.0,2.2721244269,0.786203852,-0.8129568615,1.1309356107,0.0001108053,4.87673e-05,0.0,1,KKT conditions numerically satisfied for barrier-golden solution
low_slow_penalty,2222,0.75,2343.75,0.25,0.35,0.35,0.45,0.6,1.8,2B,1,1.340509,1.326234,17189.818729,2343.74998,deadline,0.7405091163,0.4594908837,0.7262339885,0.4737660115,2.02498e-05,0.0,0.0,0.0,0.0,4.8924568111,0.0225355105,-0.0220581032,0.0315342536,9.90714e-05,2.02498e-05,0.0,1,KKT conditions numerically satisfied for barrier-golden solution
low_slow_penalty,2222,0.75,2343.75,0.25,0.35,0.35,0.45,0.6,1.8,3B,1,0.95976,0.987955,15553.587474,2343.749935,deadline,0.3597598338,0.8402401662,0.3879550417,0.8120449583,6.46489e-05,0.0,0.0,0.0,0.0,1.46895597,0.0928233125,-0.098357229,0.1352416794,9.49665e-05,6.46489e-05,0.0,1,KKT conditions numerically satisfied for barrier-golden solution
low_slow_penalty,2222,0.8,2500.0,0.25,0.35,0.35,0.45,0.6,1.8,2B,1,1.253308,1.246709,16516.169203,2499.999968,deadline,0.6533083931,0.5466916069,0.646709059,0.553290941,3.1745e-05,0.0,0.0,0.0,0.0,3.7782499954,-0.057061071,0.0564617394,0.0802738677,0.0001199405,3.1745e-05,0.0,1,KKT conditions numerically satisfied for barrier-golden solution
low_slow_penalty,2222,0.8,2500.0,0.25,0.35,0.35,0.45,0.6,1.8,3B,1,0.893712,0.932721,15374.059064,2499.999885,deadline,0.293711916,0.906288084,0.3327213411,0.8672786589,0.0001149003,0.0,0.0,0.0,0.0,0.8556613136,0.3013397824,-0.3282201206,0.4455716688,9.83158e-05,0.0001149003,0.0,1,KKT conditions numerically satisfied for barrier-golden solution
low_slow_penalty,2222,0.85,2656.25,0.25,0.35,0.35,0.45,0.6,1.8,2B,1,1.175981,1.17696,15996.284182,2656.249958,deadline,0.575981439,0.624018561,0.5769601815,0.6230398185,4.16916e-05,0.0,0.0,0.0,0.0,2.9113793926,0.1207519543,-0.1209530361,0.1709112969,0.00012138,4.16916e-05,0.0,1,KKT conditions numerically satisfied for barrier-golden solution
low_slow_penalty,2222,0.85,2656.25,0.25,0.35,0.35,0.45,0.6,1.8,3B,1,0.834764,0.88491,15279.054146,2656.249744,deadline,0.2347642124,0.9652357876,0.2849099701,0.9150900299,0.0002562884,0.0,0.0,0.0,0.0,0.3799198507,0.0781011425,-0.0877663262,0.1174849628,9.7369e-05,0.0002562884,0.0,1,KKT conditions numerically satisfied for barrier-golden solution
low_slow_penalty,2222,0.9,2812.5,0.25,0.35,0.35,0.45,0.6,1.8,2B,1,1.106842,1.115413,15596.887986,2812.499952,deadline,0.5068423645,0.6931576355,0.5154129495,0.6845870505,4.75647e-05,0.0,0.0,0.0,0.0,2.2270348557,0.2125227717,-0.2158267588,0.3028978677,0.0001059283,4.75647e-05,0.0,1,KKT conditions numerically satisfied for barrier-golden solution
low_slow_penalty,2222,0.9,2812.5,0.25,0.35,0.35,0.45,0.6,1.8,3B,1,0.781782,0.843313,15250.058315,2812.482871,deadline,0.1817823683,1.0182176317,0.2433127745,0.9566872255,0.0171288543,0.0,0.0,0.0,0.0,0.0058385833,0.0069816392,-0.0081238709,0.0107117022,0.0001000082,0.0171288543,0.0,1,KKT conditions numerically satisfied for barrier-golden solution
low_slow_penalty,2222,0.95,2968.75,0.25,0.35,0.35,0.45,0.6,1.8,2B,1,1.044614,1.060773,15293.215642,2968.749934,deadline,0.4446139282,0.7553860718,0.4607733038,0.7392266962,6.60242e-05,0.0,0.0,0.0,0.0,1.6797557684,0.5958836744,-0.6144619938,0.8559444463,0.0001109046,6.60242e-05,0.0,1,KKT conditions numerically satisfied for barrier-golden solution
low_slow_penalty,2222,0.95,2968.75,0.25,0.35,0.35,0.45,0.6,1.8,3B,1,0.780897,0.842631,15250.050291,2815.232668,none,0.1808968476,1.0191031524,0.242630964,0.957369036,153.517332068,0.0,0.0,0.0,0.0,0.0,0.0022440281,0.0005663382,0.00231439,0.0,0.1808968476,0.0,1,KKT conditions numerically satisfied for barrier-golden solution
low_slow_penalty,2222,1.0,3125.0,0.25,0.35,0.35,0.45,0.6,1.8,2B,1,0.988157,1.01213,15066.525418,3124.999921,deadline,0.3881572841,0.8118427159,0.4121300722,0.7878699278,7.86335e-05,0.0,0.0,0.0,0.0,1.2370890968,0.0741777947,-0.0778205726,0.1075099379,9.72766e-05,7.86335e-05,0.0,1,KKT conditions numerically satisfied for barrier-golden solution
low_slow_penalty,2222,1.0,3125.0,0.25,0.35,0.35,0.45,0.6,1.8,3B,1,0.780898,0.842631,15250.050291,2815.230497,none,0.1808975876,1.0191024124,0.2426314531,0.9573685469,309.7695026976,0.0,0.0,0.0,0.0,0.0,0.0113665998,0.0072860349,0.0135013294,0.0,0.1808975876,0.0,1,KKT conditions numerically satisfied for barrier-golden solution
low_slow_penalty,2222,1.05,3281.25,0.25,0.35,0.35,0.45,0.6,1.8,2B,1,0.936792,0.968498,14902.420482,3281.249889,deadline,0.3367920428,0.8632079572,0.3684975303,0.8315024697,0.0001113583,0.0,0.0,0.0,0.0,0.8753021391,0.6846475207,-0.7317752028,1.0021163481,9.74722e-05,0.0001113583,0.0,1,KKT conditions numerically satisfied for barrier-golden solution
low_slow_penalty,2222,1.05,3281.25,0.25,0.35,0.35,0.45,0.6,1.8,3B,1,0.780897,0.842631,15250.050291,2815.231014,none,0.1808974081,1.0191025919,0.2426313404,0.9573686596,466.0189855247,0.0,0.0,0.0,0.0,0.0,0.0091530622,0.0057369009,0.0108023414,0.0,0.1808974081,0.0,1,KKT conditions numerically satisfied for barrier-golden solution
low_slow_penalty,2222,1.1,3437.5,0.25,0.35,0.35,0.45,0.6,1.8,2B,1,0.889649,0.929402,14789.691058,3437.499817,deadline,0.2896488886,0.9103511114,0.3294017719,0.8705982281,0.0001833631,0.0,0.0,0.0,0.0,0.5769720681,0.1281081188,-0.139812617,0.1896292645,0.0001057954,0.0001833631,0.0,1,KKT conditions numerically satisfied for barrier-golden solution
low_slow_penalty,2222,1.1,3437.5,0.25,0.35,0.35,0.45,0.6,1.8,3B,1,0.780897,0.842631,15250.050291,2815.231268,none,0.1808973204,1.0191026796,0.2426312848,0.9573687152,622.2687321431,0.0,0.0,0.0,0.0,0.0,0.0080720653,0.0049733892,0.0094811834,0.0,0.1808973204,0.0,1,KKT conditions numerically satisfied for barrier-golden solution
low_slow_penalty,2222,1.15,3593.75,0.25,0.35,0.35,0.45,0.6,1.8,2B,1,0.846296,0.89415,14719.502012,3593.749702,deadline,0.2462964727,0.9537035273,0.2941498284,0.9058501716,0.000298117,0.0,0.0,0.0,0.0,0.3289093241,0.0793800576,-0.0886108583,0.1189667086,9.80535e-05,0.000298117,0.0,1,KKT conditions numerically satisfied for barrier-golden solution
low_slow_penalty,2222,1.15,3593.75,0.25,0.35,0.35,0.45,0.6,1.8,3B,1,0.780897,0.842631,15250.050291,2815.231424,none,0.1808972667,1.0191027333,0.2426312504,0.9573687496,778.5185763754,0.0,0.0,0.0,0.0,0.0,0.0074100929,0.0045006747,0.0086698068,0.0,0.1808972667,0.0,1,KKT conditions numerically satisfied for barrier-golden solution
low_slow_penalty,2222,1.2,3750.0,0.25,0.35,0.35,0.45,0.6,1.8,2B,1,0.80623,0.862323,14684.811596,3749.999169,deadline,0.2062300918,0.9937699082,0.2623226344,0.9376773656,0.000831065,0.0,0.0,0.0,0.0,0.1211407814,0.0666770813,-0.0762777975,0.1013120701,0.0001006759,0.000831065,0.0,1,KKT conditions numerically satisfied for barrier-golden solution
low_slow_penalty,2222,1.2,3750.0,0.25,0.35,0.35,0.45,0.6,1.8,3B,1,0.780897,0.842631,15250.050291,2815.231523,none,0.1808972322,1.0191027678,0.2426312289,0.9573687711,934.7684772763,0.0,0.0,0.0,0.0,0.0,0.0069847866,0.0042053322,0.0081530401,0.0,0.1808972322,0.0,1,KKT conditions numerically satisfied for barrier-golden solution
low_slow_penalty,2222,1.25,3906.25,0.25,0.35,0.35,0.45,0.6,1.8,2B,1,0.780898,0.842632,14678.559,3855.210397,none,0.1808981631,1.0191018369,0.2426318143,0.9573681857,51.0396033601,0.0,0.0,0.0,0.0,0.0,0.0177698835,0.011788684,0.0213246765,0.0,0.1808981631,0.0,1,KKT conditions numerically satisfied for barrier-golden solution
low_slow_penalty,2222,1.25,3906.25,0.25,0.35,0.35,0.45,0.6,1.8,3B,1,0.780897,0.842631,15250.050291,2815.231598,none,0.1808972059,1.0191027941,0.2426312126,0.9573687874,1091.0184019262,0.0,0.0,0.0,0.0,0.0,0.0066608791,0.003981451,0.0077601071,0.0,0.1808972059,0.0,1,KKT conditions numerically satisfied for barrier-golden solution
low_slow_penalty,2222,1.3,4062.5,0.25,0.35,0.35,0.45,0.6,1.8,2B,1,0.780897,0.842631,14678.559,3855.21443,none,0.180897128,1.019102872,0.2426311869,0.9573688131,207.2855704874,0.0,0.0,0.0,0.0,0.0,0.0054869125,0.0034934153,0.006504626,0.0,0.180897128,0.0,1,KKT conditions numerically satisfied for barrier-golden solution
low_slow_penalty,2222,1.3,4062.5,0.25,0.35,0.35,0.45,0.6,1.8,3B,1,0.780897,0.842631,15250.050291,2815.232627,none,0.1808968666,1.0191031334,0.2426309673,0.9573690327,1247.2673727962,0.0,0.0,0.0,0.0,0.0,0.0024774864,0.0006116074,0.0025518626,0.0,0.1808968666,0.0,1,KKT conditions numerically satisfied for barrier-golden solution
low_slow_penalty,2222,1.35,4218.75,0.25,0.35,0.35,0.45,0.6,1.8,2B,1,0.780898,0.842632,14678.559,3855.212158,none,0.180897717,1.019102283,0.2426315332,0.9573684668,363.5378416804,0.0,0.0,0.0,0.0,0.0,0.0124763862,0.0080715524,0.0148596827,0.0,0.180897717,0.0,1,KKT conditions numerically satisfied for barrier-golden solution
low_slow_penalty,2222,1.35,4218.75,0.25,0.35,0.35,0.45,0.6,1.8,3B,1,0.780897,0.842631,15250.050291,2815.232685,none,0.1808968447,1.0191031553,0.2426309569,0.9573690431,1403.5173152633,0.0,0.0,0.0,0.0,0.0,0.0022083427,0.0004689835,0.0022575923,0.0,0.1808968447,0.0,1,KKT conditions numerically satisfied for barrier-golden solution
low_slow_penalty,2222,1.4,4375.0,0.25,0.35,0.35,0.45,0.6,1.8,2B,1,0.780898,0.842631,14678.559,3855.21295,none,0.1808975165,1.0191024835,0.2426314069,0.9573685931,519.787049965,0.0,0.0,0.0,0.0,0.0,0.010097197,0.0064013526,0.0119553629,0.0,0.1808975165,0.0,1,KKT conditions numerically satisfied for barrier-golden solution
low_slow_penalty,2222,1.4,4375.0,0.25,0.35,0.35,0.45,0.6,1.8,3B,1,0.780897,0.842631,15250.050291,2815.232666,none,0.1808968511,1.0191031489,0.242630961,0.957369039,1559.7673337933,0.0,0.0,0.0,0.0,0.0,0.0022871589,0.0005251282,0.0023466691,0.0,0.1808968511,0.0,1,KKT conditions numerically satisfied for barrier-golden solution
low_slow_penalty,2222,1.5,4687.5,0.25,0.35,0.35,0.45,0.6,1.8,2B,1,0.780897,0.842631,14678.559,3855.21365,none,0.1808973389,1.0191026611,0.2426312958,0.9573687042,832.2863503843,0.0,0.0,0.0,0.0,0.0,0.0079889935,0.00493316,0.0093893601,0.0,0.1808973389,0.0,1,KKT conditions numerically satisfied for barrier-golden solution
low_slow_penalty,2222,1.5,4687.5,0.25,0.35,0.35,0.45,0.6,1.8,3B,1,0.780897,0.842631,15250.050291,2815.232659,none,0.1808968521,1.0191031479,0.2426309643,0.9573690357,1872.2673408611,0.0,0.0,0.0,0.0,0.0,0.0022984975,0.000570836,0.0023683211,0.0,0.1808968521,0.0,1,KKT conditions numerically satisfied for barrier-golden solution
high_slow_penalty,1111,0.7,1304.8,0.45,0.55,0.35,0.45,0.6,1.8,2B,1,1.420026,1.43722,8459.970582,1304.799962,deadline,0.820026052,0.379973948,0.8372203607,0.3627796393,3.82835e-05,0.0,0.0,0.0,0.0,2.8051698567,0.0898157748,-0.092004002,0.1285753079,0.0001073918,3.82835e-05,0.0,1,KKT conditions numerically satisfied for barrier-golden solution
high_slow_penalty,1111,0.7,1304.8,0.45,0.55,0.35,0.45,0.6,1.8,3B,1,1.053377,1.107395,8406.101093,1059.851441,none,0.453377445,0.746622555,0.5073950936,0.6926049064,244.9485585435,0.0,0.0,0.0,0.0,0.0,0.001027572,0.0005176152,0.0011505779,0.0,0.453377445,0.0,1,KKT conditions numerically satisfied for barrier-golden solution
high_slow_penalty,1111,0.75,1398.0,0.45,0.55,0.35,0.45,0.6,1.8,2B,1,1.320986,1.345914,8243.578569,1397.999947,deadline,0.7209856193,0.4790143807,0.7459141648,0.4540858352,5.2747e-05,0.0,0.0,0.0,0.0,1.881001032,0.0451884581,-0.0469100689,0.0651348701,9.92172e-05,5.2747e-05,0.0,1,KKT conditions numerically satisfied for barrier-golden solution
high_slow_penalty,1111,0.75,1398.0,0.45,0.55,0.35,0.45,0.6,1.8,3B,1,1.053377,1.107395,8406.101093,1059.851566,none,0.4533772981,0.7466227019,0.5073949882,0.6926050118,338.1484336356,0.0,0.0,0.0,0.0,0.0,0.0003112398,-2.30426e-05,0.0003120916,0.0,0.4533772981,0.0,1,KKT conditions numerically satisfied for barrier-golden solution
high_slow_penalty,1111,0.8,1491.2,0.45,0.55,0.35,0.45,0.6,1.8,2B,1,1.233789,1.266643,8102.631495,1491.199917,deadline,0.6337891248,0.5662108752,0.6666426829,0.5333573171,8.33632e-05,0.0,0.0,0.0,0.0,1.1741088885,0.0524828595,-0.055315119,0.0762509864,9.78775e-05,8.33632e-05,0.0,1,KKT conditions numerically satisfied for barrier-golden solution
high_slow_penalty,1111,0.8,1491.2,0.45,0.55,0.35,0.45,0.6,1.8,3B,1,1.053379,1.107396,8406.101093,1059.850488,none,0.453378581,0.746621419,0.5073958824,0.6926041176,431.3495124122,0.0,0.0,0.0,0.0,0.0,0.0065681366,0.0045647258,0.0079985711,0.0,0.453378581,0.0,1,KKT conditions numerically satisfied for barrier-golden solution
high_slow_penalty,1111,0.85,1584.4,0.45,0.55,0.35,0.45,0.6,1.8,2B,1,1.156313,1.197343,8019.85948,1584.399842,deadline,0.5563132023,0.6436867977,0.5973434711,0.6026565289,0.0001576563,0.0,0.0,0.0,0.0,0.6244257189,0.0429858474,-0.0460905643,0.0630247824,9.84447e-05,0.0001576563,0.0,1,KKT conditions numerically satisfied for barrier-golden solution
high_slow_penalty,1111,0.85,1584.4,0.45,0.55,0.35,0.45,0.6,1.8,3B,1,1.053378,1.107396,8406.101093,1059.850619,none,0.4533784303,0.7466215697,0.5073957683,0.6926042317,524.5493814061,0.0,0.0,0.0,0.0,0.0,0.0058328488,0.0039790513,0.0070608055,0.0,0.4533784303,0.0,1,KKT conditions numerically satisfied for barrier-golden solution
high_slow_penalty,1111,0.9,1677.6,0.45,0.55,0.35,0.45,0.6,1.8,2B,1,1.086922,1.136402,7982.645966,1677.599474,deadline,0.486922304,0.713077696,0.536401767,0.663598233,0.0005261727,0.0,0.0,0.0,0.0,0.1907807196,0.0202757842,-0.0221638121,0.0300390079,0.0001003836,0.0005261727,0.0,1,KKT conditions numerically satisfied for barrier-golden solution
high_slow_penalty,1111,0.9,1677.6,0.45,0.55,0.35,0.45,0.6,1.8,3B,1,1.053378,1.107396,8406.101093,1059.850711,none,0.453378324,0.746621676,0.5073956881,0.6926043119,617.7492892221,0.0,0.0,0.0,0.0,0.0,0.0053146463,0.0035678745,0.0064011869,0.0,0.453378324,0.0,1,KKT conditions numerically satisfied for barrier-golden solution
high_slow_penalty,1111,0.95,1770.8,0.45,0.55,0.35,0.45,0.6,1.8,2B,1,1.053379,1.107396,7978.081736,1726.386159,none,0.4533785637,0.7466214363,0.507395995,0.692604005,44.4138413189,0.0,0.0,0.0,0.0,0.0,0.0061536588,0.004880418,0.0078540433,0.0,0.4533785637,0.0,1,KKT conditions numerically satisfied for barrier-golden solution
high_slow_penalty,1111,0.95,1770.8,0.45,0.55,0.35,0.45,0.6,1.8,3B,1,1.053378,1.107396,8406.101093,1059.850768,none,0.4533782591,0.7466217409,0.5073956374,0.6926043626,710.9492320859,0.0,0.0,0.0,0.0,0.0,0.004997918,0.0033078433,0.005993414,0.0,0.4533782591,0.0,1,KKT conditions numerically satisfied for barrier-golden solution
high_slow_penalty,1111,1.0,1864.0,0.45,0.55,0.35,0.45,0.6,1.8,2B,1,1.053377,1.107395,7978.081736,1726.387808,none,0.4533774193,0.7466225807,0.5073950894,0.6926049106,137.61219183,0.0,0.0,0.0,0.0,0.0,0.0008563847,0.0004711536,0.0009774356,0.0,0.4533774193,0.0,1,KKT conditions numerically satisfied for barrier-golden solution
high_slow_penalty,1111,1.0,1864.0,0.45,0.55,0.35,0.45,0.6,1.8,3B,1,1.053378,1.107396,8406.101093,1059.850826,none,0.453378192,0.746621808,0.507395588,0.692604412,804.1491744392,0.0,0.0,0.0,0.0,0.0,0.0046709951,0.0030540511,0.0055808085,0.0,0.453378192,0.0,1,KKT conditions numerically satisfied for barrier-golden solution
high_slow_penalty,1111,1.05,1957.2,0.45,0.55,0.35,0.45,0.6,1.8,2B,1,1.053378,1.107396,7978.081736,1726.386624,none,0.4533782477,0.7466217523,0.5073957324,0.6926042676,230.8133763229,0.0,0.0,0.0,0.0,0.0,0.004690969,0.0036018243,0.0059142479,0.0,0.4533782477,0.0,1,KKT conditions numerically satisfied for barrier-golden solution
high_slow_penalty,1111,1.05,1957.2,0.45,0.55,0.35,0.45,0.6,1.8,3B,1,1.053378,1.107396,8406.101093,1059.85084,none,0.4533781763,0.7466218237,0.5073955735,0.6926044265,897.3491595604,0.0,0.0,0.0,0.0,0.0,0.0045941234,0.0029798171,0.0054758817,0.0,0.4533781763,0.0,1,KKT conditions numerically satisfied for barrier-golden solution
high_slow_penalty,1111,1.1,2050.4,0.45,0.55,0.35,0.45,0.6,1.8,2B,1,1.053378,1.107396,7978.081736,1726.386967,none,0.4533780077,0.7466219923,0.5073955464,0.6926044536,324.0130332988,0.0,0.0,0.0,0.0,0.0,0.0035798146,0.0026959805,0.0044814489,0.0,0.4533780077,0.0,1,KKT conditions numerically satisfied for barrier-golden solution
high_slow_penalty,1111,1.1,2050.4,0.45,0.55,0.35,0.45,0.6,1.8,3B,1,1.053378,1.107396,8406.101093,1059.85089,none,0.4533781185,0.7466218815,0.5073955309,0.6926044691,990.5491099107,0.0,0.0,0.0,0.0,0.0,0.0043126363,0.0027611349,0.0051208103,0.0,0.4533781185,0.0,1,KKT conditions numerically satisfied for barrier-golden solution
high_slow_penalty,1111,1.15,2143.6,0.45,0.55,0.35,0.45,0.6,1.8,2B,1,1.053377,1.107395,7978.081736,1726.387773,none,0.4533774531,0.7466225469,0.5073950983,0.6926049017,417.2122268988,0.0,0.0,0.0,0.0,0.0,0.0010127569,0.0005140325,0.0011357402,0.0,0.4533774531,0.0,1,KKT conditions numerically satisfied for barrier-golden solution
high_slow_penalty,1111,1.15,2143.6,0.45,0.55,0.35,0.45,0.6,1.8,3B,1,1.053378,1.107396,8406.101093,1059.850912,none,0.4533780934,0.7466219066,0.5073955118,0.6926044882,1083.7490880372,0.0,0.0,0.0,0.0,0.0,0.004189894,0.0026633179,0.0049647229,0.0,0.4533780934,0.0,1,KKT conditions numerically satisfied for barrier-golden solution
high_slow_penalty,1111,1.2,2236.8,0.45,0.55,0.35,0.45,0.6,1.8,2B,1,1.053377,1.107395,7978.081736,1726.387799,none,0.4533774319,0.7466225681,0.507395088,0.692604912,510.4122013197,0.0,0.0,0.0,0.0,0.0,0.0009148701,0.0004639563,0.0010257888,0.0,0.4533774319,0.0,1,KKT conditions numerically satisfied for barrier-golden solution
high_slow_penalty,1111,1.2,2236.8,0.45,0.55,0.35,0.45,0.6,1.8,3B,1,1.053378,1.107395,8406.101093,1059.850941,none,0.4533780596,0.7466219404,0.5073954875,0.6926045125,1176.9490592892,0.0,0.0,0.0,0.0,0.0,0.0040253218,0.0025385419,0.0047589296,0.0,0.4533780596,0.0,1,KKT conditions numerically satisfied for barrier-golden solution
high_slow_penalty,1111,1.25,2330.0,0.45,0.55,0.35,0.45,0.6,1.8,2B,1,1.053377,1.107395,7978.081736,1726.387953,none,0.4533773225,0.7466226775,0.5073950059,0.6926049941,603.6120470735,0.0,0.0,0.0,0.0,0.0,0.0004085586,6.43764e-05,0.0004135994,0.0,0.4533773225,0.0,1,KKT conditions numerically satisfied for barrier-golden solution
high_slow_penalty,1111,1.25,2330.0,0.45,0.55,0.35,0.45,0.6,1.8,3B,1,1.053378,1.107395,8406.101093,1059.850942,none,0.4533780601,0.7466219399,0.5073954842,0.6926045158,1270.1490580043,0.0,0.0,0.0,0.0,0.0,0.0040274761,0.0025219084,0.0047519034,0.0,0.4533780601,0.0,1,KKT conditions numerically satisfied for barrier-golden solution
high_slow_penalty,1111,1.3,2423.2,0.45,0.55,0.35,0.45,0.6,1.8,2B,1,1.053379,1.107396,7978.081736,1726.386174,none,0.4533786226,0.7466213774,0.5073959102,0.6926040898,696.8138263621,0.0,0.0,0.0,0.0,0.0,0.0064262889,0.0044676326,0.0078266807,0.0,0.4533786226,0.0,1,KKT conditions numerically satisfied for barrier-golden solution
high_slow_penalty,1111,1.3,2423.2,0.45,0.55,0.35,0.45,0.6,1.8,3B,1,1.053378,1.107395,8406.101093,1059.850961,none,0.4533780385,0.7466219615,0.5073954682,0.6926045318,1363.3490394063,0.0,0.0,0.0,0.0,0.0,0.0039223055,0.0024396791,0.0046191465,0.0,0.4533780385,0.0,1,KKT conditions numerically satisfied for barrier-golden solution
high_slow_penalty,1111,1.35,2516.4,0.45,0.55,0.35,0.45,0.6,1.8,2B,1,1.053379,1.107396,7978.081736,1726.386292,none,0.4533785397,0.7466214603,0.5073958458,0.6926041542,790.0137077829,0.0,0.0,0.0,0.0,0.0,0.0060425061,0.0041541107,0.0073327018,0.0,0.4533785397,0.0,1,KKT conditions numerically satisfied for barrier-golden solution
high_slow_penalty,1111,1.35,2516.4,0.45,0.55,0.35,0.45,0.6,1.8,3B,1,1.053378,1.107395,8406.101093,1059.850962,none,0.453378038,0.746621962,0.5073954652,0.6926045348,1456.5490377382,0.0,0.0,0.0,0.0,0.0,0.003919954,0.0024240706,0.0046089215,0.0,0.453378038,0.0,1,KKT conditions numerically satisfied for barrier-golden solution
high_slow_penalty,1111,1.4,2609.6,0.45,0.55,0.35,0.45,0.6,1.8,2B,1,1.053378,1.107396,7978.081736,1726.386385,none,0.4533784755,0.7466215245,0.5073957948,0.6926042052,883.2136150206,0.0,0.0,0.0,0.0,0.0,0.0057452372,0.0039054096,0.00694694,0.0,0.4533784755,0.0,1,KKT conditions numerically satisfied for barrier-golden solution
high_slow_penalty,1111,1.4,2609.6,0.45,0.55,0.35,0.45,0.6,1.8,3B,1,1.053378,1.107395,8406.101093,1059.85098,none,0.453378017,0.746621983,0.5073954505,0.6926045495,1549.7490200352,0.0,0.0,0.0,0.0,0.0,0.0038171901,0.0023488851,0.0044819863,0.0,0.453378017,0.0,1,KKT conditions numerically satisfied for barrier-golden solution
high_slow_penalty,1111,1.5,2796.0,0.45,0.55,0.35,0.45,0.6,1.8,2B,1,1.053378,1.107396,7978.081736,1726.386551,none,0.4533783585,0.7466216415,0.5073957062,0.6926042938,1069.6134494513,0.0,0.0,0.0,0.0,0.0,0.0052035954,0.0034743605,0.0062568831,0.0,0.4533783585,0.0,1,KKT conditions numerically satisfied for barrier-golden solution
high_slow_penalty,1111,1.5,2796.0,0.45,0.55,0.35,0.45,0.6,1.8,3B,1,1.053378,1.107395,8406.101093,1059.851002,none,0.4533779919,0.7466220081,0.5073954313,0.6926045687,1736.1489981505,0.0,0.0,0.0,0.0,0.0,0.0036951218,0.0022501616,0.0043263325,0.0,0.4533779919,0.0,1,KKT conditions numerically satisfied for barrier-golden solution
high_slow_penalty,1112,0.7,1673.233333,0.45,0.55,0.35,0.45,0.6,1.8,2B,1,1.418381,1.435447,12723.135214,1673.233301,deadline,0.8183807889,0.3816192111,0.8354469782,0.3645530218,3.23244e-05,0.0,0.0,0.0,0.0,3.2743753002,1.1633069144,-0.7943130183,1.4086220743,0.0001058423,3.23244e-05,0.0,1,KKT conditions numerically satisfied for barrier-golden solution
high_slow_penalty,1112,0.7,1673.233333,0.45,0.55,0.35,0.45,0.6,1.8,3B,1,1.053378,1.107396,12512.763055,1543.276436,none,0.4533782649,0.7466217351,0.5073955518,0.6926044482,129.9568969624,0.0,0.0,0.0,0.0,0.0,0.0059888555,0.0051266221,0.0078834412,0.0,0.4533782649,0.0,1,KKT conditions numerically satisfied for barrier-golden solution
high_slow_penalty,1112,0.75,1792.75,0.45,0.55,0.35,0.45,0.6,1.8,2B,1,1.318389,1.343486,12399.971971,1792.749954,deadline,0.7183892787,0.4816107213,0.7434857411,0.4565142589,4.61181e-05,0.0,0.0,0.0,0.0,2.1832700459,0.2883875442,-0.1996475741,0.3507513785,0.0001006883,4.61181e-05,0.0,1,KKT conditions numerically satisfied for barrier-golden solution
high_slow_penalty,1112,0.75,1792.75,0.45,0.55,0.35,0.45,0.6,1.8,3B,1,1.053378,1.107395,12512.763055,1543.277403,none,0.4533775739,0.7466224261,0.5073948807,0.6926051193,249.472596606,0.0,0.0,0.0,0.0,0.0,0.0019734083,-0.0010268536,0.0022245828,0.0,0.4533775739,0.0,1,KKT conditions numerically satisfied for barrier-golden solution
high_slow_penalty,1112,0.8,1912.266667,0.45,0.55,0.35,0.45,0.6,1.8,2B,1,1.230631,1.263255,12191.064651,1912.266596,deadline,0.6306308767,0.5693691233,0.6632551464,0.5367448536,7.08878e-05,0.0,0.0,0.0,0.0,1.3479522114,2.326364382,-1.6342293971,2.8430049174,9.55534e-05,7.08878e-05,0.0,1,KKT conditions numerically satisfied for barrier-golden solution
high_slow_penalty,1112,0.8,1912.266667,0.45,0.55,0.35,0.45,0.6,1.8,3B,1,1.053379,1.107395,12512.763055,1543.276062,none,0.4533790412,0.7466209588,0.5073954363,0.6926045637,368.9906043319,0.0,0.0,0.0,0.0,0.0,0.0104999914,0.0040677585,0.0112603943,0.0,0.4533790412,0.0,1,KKT conditions numerically satisfied for barrier-golden solution
high_slow_penalty,1112,0.85,2031.783333,0.45,0.55,0.35,0.45,0.6,1.8,2B,1,1.151916,1.193431,12070.257372,2031.783191,deadline,0.5519158116,0.6480841884,0.5934305435,0.6065694565,0.000142235,0.0,0.0,0.0,0.0,0.6993644487,0.1426332737,-0.1020663088,0.1753903708,9.94741e-05,0.000142235,0.0,1,KKT conditions numerically satisfied for barrier-golden solution
high_slow_penalty,1112,0.85,2031.783333,0.45,0.55,0.35,0.45,0.6,1.8,3B,1,1.053379,1.107395,12512.763055,1543.27628,none,0.4533787999,0.7466212001,0.5073953482,0.6926046518,488.5070531644,0.0,0.0,0.0,0.0,0.0,0.0090981584,0.0032597757,0.0096645032,0.0,0.4533787999,0.0,1,KKT conditions numerically satisfied for barrier-golden solution
high_slow_penalty,1112,0.9,2151.3,0.45,0.55,0.35,0.45,0.6,1.8,2B,1,1.081565,1.131723,12018.444098,2151.299464,deadline,0.4815649085,0.7184350915,0.5317225201,0.6682774799,0.0005358226,0.0,0.0,0.0,0.0,0.1872699789,0.1365133328,-0.0996456972,0.1690122925,0.0001003435,0.0005358226,0.0,1,KKT conditions numerically satisfied for barrier-golden solution
high_slow_penalty,1112,0.9,2151.3,0.45,0.55,0.35,0.45,0.6,1.8,3B,1,1.053379,1.107395,12512.763055,1543.276454,none,0.4533786228,0.7466213772,0.5073952669,0.6926047331,608.0235462942,0.0,0.0,0.0,0.0,0.0,0.0080689934,0.0025142543,0.0084516347,0.0,0.4533786228,0.0,1,KKT conditions numerically satisfied for barrier-golden solution
high_slow_penalty,1112,0.95,2270.816667,0.45,0.55,0.35,0.45,0.6,1.8,2B,1,1.053378,1.107395,12013.698328,2202.79397,none,0.4533781779,0.7466218221,0.5073953468,0.6926046532,68.0226964906,0.0,0.0,0.0,0.0,0.0,0.0052650259,0.0031171867,0.0061186069,0.0,0.4533781779,0.0,1,KKT conditions numerically satisfied for barrier-golden solution
high_slow_penalty,1112,0.95,2270.816667,0.45,0.55,0.35,0.45,0.6,1.8,3B,1,1.053379,1.107395,12512.763055,1543.27654,none,0.4533785226,0.7466214774,0.5073952359,0.6926047641,727.5401270632,0.0,0.0,0.0,0.0,0.0,0.0074867306,0.0022299247,0.0078117667,0.0,0.4533785226,0.0,1,KKT conditions numerically satisfied for barrier-golden solution
high_slow_penalty,1112,1.0,2390.333333,0.45,0.55,0.35,0.45,0.6,1.8,2B,1,1.053378,1.107396,12013.698328,2202.79361,none,0.4533782913,0.7466217087,0.5073955713,0.6926044287,187.5397234933,0.0,0.0,0.0,0.0,0.0,0.0058977268,0.0050940816,0.0077931283,0.0,0.4533782913,0.0,1,KKT conditions numerically satisfied for barrier-golden solution
high_slow_penalty,1112,1.0,2390.333333,0.45,0.55,0.35,0.45,0.6,1.8,3B,1,1.053378,1.107395,12512.763055,1543.276596,none,0.4533784564,0.7466215436,0.5073952153,0.6926047847,847.0567369326,0.0,0.0,0.0,0.0,0.0,0.0071019278,0.0020416847,0.0073895775,0.0,0.4533784564,0.0,1,KKT conditions numerically satisfied for barrier-golden solution
high_slow_penalty,1112,1.05,2509.85,0.45,0.55,0.35,0.45,0.6,1.8,2B,1,1.053378,1.107395,12013.698328,2202.794994,none,0.4533776311,0.7466223689,0.5073948741,0.6926051259,307.0550057842,0.0,0.0,0.0,0.0,0.0,0.0022138467,-0.0010440899,0.0024477011,0.0,0.4533776311,0.0,1,KKT conditions numerically satisfied for barrier-golden solution
high_slow_penalty,1112,1.05,2509.85,0.45,0.55,0.35,0.45,0.6,1.8,3B,1,1.053378,1.107395,12512.763055,1543.276656,none,0.4533783938,0.7466216062,0.5073951882,0.6926048118,966.5733435602,0.0,0.0,0.0,0.0,0.0,0.0067381354,0.0017927407,0.0069725453,0.0,0.4533783938,0.0,1,KKT conditions numerically satisfied for barrier-golden solution
high_slow_penalty,1112,1.1,2629.366667,0.45,0.55,0.35,0.45,0.6,1.8,2B,1,1.053377,1.107395,12013.698328,2202.795249,none,0.453377452,0.746622548,0.5073947878,0.6926052122,426.5714173285,0.0,0.0,0.0,0.0,0.0,0.0012149795,-0.0018032695,0.0021743863,0.0,0.453377452,0.0,1,KKT conditions numerically satisfied for barrier-golden solution
high_slow_penalty,1112,1.1,2629.366667,0.45,0.55,0.35,0.45,0.6,1.8,3B,1,1.053378,1.107395,12512.763055,1543.2767,none,0.4533783451,0.7466216549,0.507395171,0.692604829,1086.0899667726,0.0,0.0,0.0,0.0,0.0,0.0064552006,0.0016353901,0.0066591377,0.0,0.4533783451,0.0,1,KKT conditions numerically satisfied for barrier-golden solution
high_slow_penalty,1112,1.15,2748.883333,0.45,0.55,0.35,0.45,0.6,1.8,2B,1,1.053379,1.107395,12013.698328,2202.793065,none,0.4533790885,0.7466209115,0.5073954498,0.6926045502,546.0902681961,0.0,0.0,0.0,0.0,0.0,0.0103450697,0.0040239051,0.0111001026,0.0,0.4533790885,0.0,1,KKT conditions numerically satisfied for barrier-golden solution
high_slow_penalty,1112,1.15,2748.883333,0.45,0.55,0.35,0.45,0.6,1.8,3B,1,1.053378,1.107395,12512.763055,1543.276847,none,0.4533779941,0.7466220059,0.5073952496,0.6926047504,1205.6064859493,0.0,0.0,0.0,0.0,0.0,0.0044157066,0.0023559682,0.0050049027,0.0,0.4533779941,0.0,1,KKT conditions numerically satisfied for barrier-golden solution
high_slow_penalty,1112,1.2,2868.4,0.45,0.55,0.35,0.45,0.6,1.8,2B,1,1.053379,1.107395,12013.698328,2202.79334,none,0.4533788855,0.7466211145,0.5073953641,0.6926046359,665.6066597878,0.0,0.0,0.0,0.0,0.0,0.0092128899,0.0032695196,0.0097758426,0.0,0.4533788855,0.0,1,KKT conditions numerically satisfied for barrier-golden solution
high_slow_penalty,1112,1.2,2868.4,0.45,0.55,0.35,0.45,0.6,1.8,3B,1,1.053378,1.107395,12512.763055,1543.27689,none,0.4533779382,0.7466220618,0.5073952392,0.6926047608,1325.1231102876,0.0,0.0,0.0,0.0,0.0,0.0040907279,0.0022600972,0.0046735526,0.0,0.4533779382,0.0,1,KKT conditions numerically satisfied for barrier-golden solution
high_slow_penalty,1112,1.25,2987.916667,0.45,0.55,0.35,0.45,0.6,1.8,2B,1,1.053379,1.107395,12013.698328,2202.793485,none,0.4533787692,0.7466212308,0.5073953257,0.6926046743,785.1231813274,0.0,0.0,0.0,0.0,0.0,0.0085635379,0.0029319958,0.0090515623,0.0,0.4533787692,0.0,1,KKT conditions numerically satisfied for barrier-golden solution
high_slow_penalty,1112,1.25,2987.916667,0.45,0.55,0.35,0.45,0.6,1.8,3B,1,1.053378,1.107395,12512.763055,1543.276897,none,0.4533779277,0.7466220723,0.5073952381,0.6926047619,1444.6397697149,0.0,0.0,0.0,0.0,0.0,0.0040298243,0.0022498892,0.0046153532,0.0,0.4533779277,0.0,1,KKT conditions numerically satisfied for barrier-golden solution
high_slow_penalty,1112,1.3,3107.433333,0.45,0.55,0.35,0.45,0.6,1.8,2B,1,1.053379,1.107395,12013.698328,2202.793631,none,0.4533786643,0.7466213357,0.5073952781,0.6926047219,904.6397020187,0.0,0.0,0.0,0.0,0.0,0.00797873,0.0025130479,0.0083651385,0.0,0.4533786643,0.0,1,KKT conditions numerically satisfied for barrier-golden solution
high_slow_penalty,1112,1.3,3107.433333,0.45,0.55,0.35,0.45,0.6,1.8,3B,1,1.053378,1.107395,12512.763055,1543.276898,none,0.4533779196,0.7466220804,0.5073952422,0.6926047578,1564.156434869,0.0,0.0,0.0,0.0,0.0,0.0039825959,0.0022878708,0.0045929754,0.0,0.4533779196,0.0,1,KKT conditions numerically satisfied for barrier-golden solution
high_slow_penalty,1112,1.35,3226.95,0.45,0.55,0.35,0.45,0.6,1.8,2B,1,1.053379,1.107395,12013.698328,2202.793733,none,0.4533785852,0.7466214148,0.5073952498,0.6926047502,1024.1562672674,0.0,0.0,0.0,0.0,0.0,0.0075369965,0.0022631718,0.0078694513,0.0,0.4533785852,0.0,1,KKT conditions numerically satisfied for barrier-golden solution
high_slow_penalty,1112,1.35,3226.95,0.45,0.55,0.35,0.45,0.6,1.8,3B,1,1.053378,1.107395,12512.763055,1543.277427,none,0.45337751,0.74662249,0.5073948995,0.6926051005,1683.6725734348,0.0,0.0,0.0,0.0,0.0,0.0016021623,-0.0008545485,0.0018158131,0.0,0.45337751,0.0,1,KKT conditions numerically satisfied for barrier-golden solution
high_slow_penalty,1112,1.4,3346.466667,0.45,0.55,0.35,0.45,0.6,1.8,2B,1,1.053379,1.107395,12013.698328,2202.793806,none,0.4533785291,0.7466214709,0.5073952287,0.6926047713,1143.6728610328,0.0,0.0,0.0,0.0,0.0,0.0072240659,0.0020782123,0.0075170536,0.0,0.4533785291,0.0,1,KKT conditions numerically satisfied for barrier-golden solution
high_slow_penalty,1112,1.4,3346.466667,0.45,0.55,0.35,0.45,0.6,1.8,3B,1,1.053378,1.107395,12512.763055,1543.277402,none,0.4533775407,0.7466224593,0.5073949074,0.6926050926,1803.1892651506,0.0,0.0,0.0,0.0,0.0,0.0017808376,-0.0007819549,0.0019449514,0.0,0.4533775407,0.0,1,KKT conditions numerically satisfied for barrier-golden solution
high_slow_penalty,1112,1.5,3585.5,0.45,0.55,0.35,0.45,0.6,1.8,2B,1,1.053378,1.107395,12013.698328,2202.793916,none,0.4533784442,0.7466215558,0.5073951973,0.6926048027,1382.7060844605,0.0,0.0,0.0,0.0,0.0,0.0067503261,0.0018016554,0.0069866204,0.0,0.4533784442,0.0,1,KKT conditions numerically satisfied for barrier-golden solution
high_slow_penalty,1112,1.5,3585.5,0.45,0.55,0.35,0.45,0.6,1.8,3B,1,1.053378,1.107395,12512.763055,1543.27741,none,0.4533775143,0.7466224857,0.5073949163,0.6926050837,2042.2225898097,0.0,0.0,0.0,0.0,0.0,0.0016270559,-0.0007002398,0.0017713404,0.0,0.4533775143,0.0,1,KKT conditions numerically satisfied for barrier-golden solution
high_slow_penalty,1121,0.7,1638.7,0.45,0.55,0.35,0.45,0.6,1.8,2B,1,1.418212,1.435563,10371.239203,1638.699965,deadline,0.8182116114,0.3817883886,0.8355625223,0.3644374777,3.54823e-05,0.0,0.0,0.0,0.0,2.725652486,0.0374048099,-0.0255504376,0.0452983958,9.67123e-05,3.54823e-05,0.0,1,KKT conditions numerically satisfied for barrier-golden solution
high_slow_penalty,1121,0.7,1638.7,0.45,0.55,0.35,0.45,0.6,1.8,3B,1,1.053379,1.107396,10229.003073,1517.472949,none,0.4533785342,0.7466214658,0.5073957236,0.6926042764,121.2270507419,0.0,0.0,0.0,0.0,0.0,0.0061754569,0.0054784682,0.0082552942,0.0,0.4533785342,0.0,1,KKT conditions numerically satisfied for barrier-golden solution
high_slow_penalty,1121,0.75,1755.75,0.45,0.55,0.35,0.45,0.6,1.8,2B,1,1.318398,1.34348,10107.813438,1755.749945,deadline,0.7183979647,0.4816020353,0.743479741,0.456520259,5.53886e-05,0.0,0.0,0.0,0.0,1.8171792128,0.2819347518,-0.1951760606,0.3429007129,0.0001006511,5.53886e-05,0.0,1,KKT conditions numerically satisfied for barrier-golden solution
high_slow_penalty,1121,0.75,1755.75,0.45,0.55,0.35,0.45,0.6,1.8,3B,1,1.053378,1.107395,10229.003073,1517.474156,none,0.4533776698,0.7466223302,0.507394862,0.692605138,238.2758435082,0.0,0.0,0.0,0.0,0.0,0.0020688523,-0.0009792223,0.0022888919,0.0,0.4533776698,0.0,1,KKT conditions numerically satisfied for barrier-golden solution
high_slow_penalty,1121,0.8,1872.8,0.45,0.55,0.35,0.45,0.6,1.8,2B,1,1.230326,1.26347,9937.522551,1872.799908,deadline,0.630325818,0.569674182,0.6634695596,0.5365304404,9.16697e-05,0.0,0.0,0.0,0.0,1.1223656534,0.2437187299,-0.1713511163,0.2979262062,0.0001028869,9.16697e-05,0.0,1,KKT conditions numerically satisfied for barrier-golden solution
high_slow_penalty,1121,0.8,1872.8,0.45,0.55,0.35,0.45,0.6,1.8,3B,1,1.053378,1.107395,10229.003073,1517.474213,none,0.4533775297,0.7466224703,0.5073948952,0.6926051048,355.3257870174,0.0,0.0,0.0,0.0,0.0,0.0014033127,-0.000731051,0.0015823154,0.0,0.4533775297,0.0,1,KKT conditions numerically satisfied for barrier-golden solution
high_slow_penalty,1121,0.85,1989.85,0.45,0.55,0.35,0.45,0.6,1.8,2B,1,1.151921,1.193427,9839.047214,1989.849824,deadline,0.5519213825,0.6480786175,0.5934265944,0.6065734056,0.0001761038,0.0,0.0,0.0,0.0,0.5820925071,0.1464352888,-0.1047852688,0.1800645616,0.0001025087,0.0001761038,0.0,1,KKT conditions numerically satisfied for barrier-golden solution
high_slow_penalty,1121,0.85,1989.85,0.45,0.55,0.35,0.45,0.6,1.8,3B,1,1.053379,1.107395,10229.003073,1517.472828,none,0.4533791487,0.7466208513,0.507395421,0.692604579,472.3771717492,0.0,0.0,0.0,0.0,0.0,0.0090943301,0.0032108219,0.0096444916,0.0,0.4533791487,0.0,1,KKT conditions numerically satisfied for barrier-golden solution
high_slow_penalty,1121,0.9,2106.9,0.45,0.55,0.35,0.45,0.6,1.8,2B,1,1.081576,1.131715,9796.811721,2106.899363,deadline,0.4815755959,0.7184244041,0.5317148219,0.6682851781,0.0006373935,0.0,0.0,0.0,0.0,0.1558579473,0.1692973471,-0.1235717344,0.2095985812,9.93429e-05,0.0006373935,0.0,1,KKT conditions numerically satisfied for barrier-golden solution
high_slow_penalty,1121,0.9,2106.9,0.45,0.55,0.35,0.45,0.6,1.8,3B,1,1.053379,1.107395,10229.003073,1517.472985,none,0.4533789691,0.7466210309,0.5073953593,0.6926046407,589.4270154073,0.0,0.0,0.0,0.0,0.0,0.0082413119,0.0027479464,0.008687372,0.0,0.4533789691,0.0,1,KKT conditions numerically satisfied for barrier-golden solution
high_slow_penalty,1121,0.95,2223.95,0.45,0.55,0.35,0.45,0.6,1.8,2B,1,1.053378,1.107395,9792.943195,2157.330933,none,0.4533783912,0.7466216088,0.5073954251,0.6926045749,66.6190672666,0.0,0.0,0.0,0.0,0.0,0.0052615851,0.0031031646,0.0061085111,0.0,0.4533783912,0.0,1,KKT conditions numerically satisfied for barrier-golden solution
high_slow_penalty,1121,0.95,2223.95,0.45,0.55,0.35,0.45,0.6,1.8,3B,1,1.053379,1.107395,10229.003073,1517.473135,none,0.4533788103,0.7466211897,0.5073952901,0.6926047099,706.4768654255,0.0,0.0,0.0,0.0,0.0,0.007486798,0.002229724,0.007811774,0.0,0.4533788103,0.0,1,KKT conditions numerically satisfied for barrier-golden solution
high_slow_penalty,1121,1.0,2341.0,0.45,0.55,0.35,0.45,0.6,1.8,2B,1,1.053379,1.107396,9792.943195,2157.330483,none,0.4533785416,0.7466214584,0.5073957069,0.6926042931,183.6695169364,0.0,0.0,0.0,0.0,0.0,0.0059455718,0.0051253382,0.0078497717,0.0,0.4533785416,0.0,1,KKT conditions numerically satisfied for barrier-golden solution
high_slow_penalty,1121,1.0,2341.0,0.45,0.55,0.35,0.45,0.6,1.8,3B,1,1.053379,1.107395,10229.003073,1517.47321,none,0.4533787261,0.7466212739,0.5073952589,0.6926047411,823.5267902701,0.0,0.0,0.0,0.0,0.0,0.0070870743,0.0019952018,0.0073625711,0.0,0.4533787261,0.0,1,KKT conditions numerically satisfied for barrier-golden solution
high_slow_penalty,1121,1.05,2458.05,0.45,0.55,0.35,0.45,0.6,1.8,2B,1,1.053378,1.107395,9792.943195,2157.33212,none,0.4533777514,0.7466222486,0.5073948599,0.6926051401,300.7178799959,0.0,0.0,0.0,0.0,0.0,0.0023517772,-0.0009526569,0.0025374025,0.0,0.4533777514,0.0,1,KKT conditions numerically satisfied for barrier-golden solution
high_slow_penalty,1121,1.05,2458.05,0.45,0.55,0.35,0.45,0.6,1.8,3B,1,1.053379,1.107395,10229.003073,1517.473256,none,0.4533786654,0.7466213346,0.5073952457,0.6926047543,940.5767436408,0.0,0.0,0.0,0.0,0.0,0.0067986519,0.001896686,0.0070582636,0.0,0.4533786654,0.0,1,KKT conditions numerically satisfied for barrier-golden solution
high_slow_penalty,1121,1.1,2575.1,0.45,0.55,0.35,0.45,0.6,1.8,2B,1,1.053378,1.107395,9792.943195,2157.332182,none,0.4533776535,0.7466223465,0.5073948779,0.6926051221,417.767817955,0.0,0.0,0.0,0.0,0.0,0.0019066995,-0.0008239216,0.0020771013,0.0,0.4533776535,0.0,1,KKT conditions numerically satisfied for barrier-golden solution
high_slow_penalty,1121,1.1,2575.1,0.45,0.55,0.35,0.45,0.6,1.8,3B,1,1.053379,1.107395,10229.003073,1517.473319,none,0.453378603,0.746621397,0.5073952138,0.6926047862,1057.6266808513,0.0,0.0,0.0,0.0,0.0,0.0065020164,0.0016573648,0.0067099236,0.0,0.453378603,0.0,1,KKT conditions numerically satisfied for barrier-golden solution
high_slow_penalty,1121,1.15,2692.15,0.45,0.55,0.35,0.45,0.6,1.8,2B,1,1.053378,1.107395,9792.943195,2157.332278,none,0.4533775252,0.7466224748,0.5073948886,0.6926051114,534.8177219639,0.0,0.0,0.0,0.0,0.0,0.0013231867,-0.0007469541,0.0015194616,0.0,0.4533775252,0.0,1,KKT conditions numerically satisfied for barrier-golden solution
high_slow_penalty,1121,1.15,2692.15,0.45,0.55,0.35,0.45,0.6,1.8,3B,1,1.053379,1.107395,10229.003073,1517.473361,none,0.4533785545,0.7466214455,0.5073951976,0.6926048024,1174.6766390797,0.0,0.0,0.0,0.0,0.0,0.0062717703,0.0015364096,0.0064572174,0.0,0.4533785545,0.0,1,KKT conditions numerically satisfied for barrier-golden solution
high_slow_penalty,1121,1.2,2809.2,0.45,0.55,0.35,0.45,0.6,1.8,2B,1,1.053379,1.107395,9792.943195,2157.330162,none,0.4533792662,0.7466207338,0.5073954538,0.6926045462,651.8698384799,0.0,0.0,0.0,0.0,0.0,0.0092409088,0.00330878,0.0098154174,0.0,0.4533792662,0.0,1,KKT conditions numerically satisfied for barrier-golden solution
high_slow_penalty,1121,1.2,2809.2,0.45,0.55,0.35,0.45,0.6,1.8,3B,1,1.053379,1.107395,10229.003073,1517.47341,none,0.4533785057,0.7466214943,0.5073951732,0.6926048268,1291.7265904549,0.0,0.0,0.0,0.0,0.0,0.0060400539,0.0013534005,0.0061898258,0.0,0.4533785057,0.0,1,KKT conditions numerically satisfied for barrier-golden solution
high_slow_penalty,1121,1.25,2926.25,0.45,0.55,0.35,0.45,0.6,1.8,2B,1,1.053379,1.107395,9792.943195,2157.330387,none,0.4533790923,0.7466209077,0.507395385,0.692604615,768.9196129925,0.0,0.0,0.0,0.0,0.0,0.0084502789,0.0028151911,0.0089068802,0.0,0.4533790923,0.0,1,KKT conditions numerically satisfied for barrier-golden solution
high_slow_penalty,1121,1.25,2926.25,0.45,0.55,0.35,0.45,0.6,1.8,3B,1,1.053378,1.107395,10229.003073,1517.473431,none,0.4533784795,0.7466215205,0.5073951663,0.6926048337,1408.7765692864,0.0,0.0,0.0,0.0,0.0,0.0059153347,0.0013014487,0.0060568105,0.0,0.4533784795,0.0,1,KKT conditions numerically satisfied for barrier-golden solution
high_slow_penalty,1121,1.3,3043.3,0.45,0.55,0.35,0.45,0.6,1.8,2B,1,1.053379,1.107395,9792.943195,2157.330518,none,0.4533789837,0.7466210163,0.5073953507,0.6926046493,885.9694821274,0.0,0.0,0.0,0.0,0.0,0.0079563377,0.0025695214,0.0083609658,0.0,0.4533789837,0.0,1,KKT conditions numerically satisfied for barrier-golden solution
high_slow_penalty,1121,1.3,3043.3,0.45,0.55,0.35,0.45,0.6,1.8,3B,1,1.053378,1.107395,10229.003073,1517.473461,none,0.4533784484,0.7466215516,0.5073951522,0.6926048478,1525.8265394361,0.0,0.0,0.0,0.0,0.0,0.0057674487,0.0011956561,0.0058900813,0.0,0.4533784484,0.0,1,KKT conditions numerically satisfied for barrier-golden solution
high_slow_penalty,1121,1.35,3160.35,0.45,0.55,0.35,0.45,0.6,1.8,2B,1,1.053379,1.107395,9792.943195,2157.330646,none,0.453378885,0.746621115,0.5073953115,0.6926046885,1003.0193538677,0.0,0.0,0.0,0.0,0.0,0.0075076036,0.0022876177,0.0078483951,0.0,0.453378885,0.0,1,KKT conditions numerically satisfied for barrier-golden solution
high_slow_penalty,1121,1.35,3160.35,0.45,0.55,0.35,0.45,0.6,1.8,3B,1,1.053378,1.107395,10229.003073,1517.473487,none,0.4533784204,0.7466215796,0.50739514,0.69260486,1642.8765130191,0.0,0.0,0.0,0.0,0.0,0.0056346246,0.001104295,0.005741817,0.0,0.4533784204,0.0,1,KKT conditions numerically satisfied for barrier-golden solution
high_slow_penalty,1121,1.4,3277.4,0.45,0.55,0.35,0.45,0.6,1.8,2B,1,1.053379,1.107395,9792.943195,2157.330743,none,0.4533788089,0.7466211911,0.5073952826,0.6926047174,1120.0692566028,0.0,0.0,0.0,0.0,0.0,0.0071615392,0.0020805461,0.0074576347,0.0,0.4533788089,0.0,1,KKT conditions numerically satisfied for barrier-golden solution
high_slow_penalty,1121,1.4,3277.4,0.45,0.55,0.35,0.45,0.6,1.8,3B,1,1.053378,1.107395,10229.003073,1517.473479,none,0.4533784181,0.7466215819,0.5073951517,0.6926048483,1759.9265210269,0.0,0.0,0.0,0.0,0.0,0.0056235624,0.0011916603,0.0057484353,0.0,0.4533784181,0.0,1,KKT conditions numerically satisfied for barrier-golden solution
high_slow_penalty,1121,1.5,3511.5,0.45,0.55,0.35,0.45,0.6,1.8,2B,1,1.053379,1.107395,9792.943195,2157.330882,none,0.4533787081,0.7466212919,0.5073952358,0.6926047642,1354.1691178926,0.0,0.0,0.0,0.0,0.0,0.0067027356,0.0017448719,0.0069261275,0.0,0.4533787081,0.0,1,KKT conditions numerically satisfied for barrier-golden solution
high_slow_penalty,1121,1.5,3511.5,0.45,0.55,0.35,0.45,0.6,1.8,3B,1,1.053378,1.107395,10229.003073,1517.473635,none,0.453377986,0.746622014,0.5073952768,0.6926047232,1994.0263653833,0.0,0.0,0.0,0.0,0.0,0.003571208,0.0021296344,0.0041579886,0.0,0.453377986,0.0,1,KKT conditions numerically satisfied for barrier-golden solution
high_slow_penalty,1122,0.7,2005.266667,0.45,0.55,0.35,0.45,0.6,1.8,2B,1,1.423732,1.431003,14706.171564,2005.266635,deadline,0.8237321007,0.3762678993,0.8310034847,0.3689965153,3.20474e-05,0.0,0.0,0.0,0.0,3.1307906929,44.4611883171,-22.4582493102,49.8113463846,0.0001003336,3.20474e-05,0.0,1,KKT conditions numerically satisfied for barrier-golden solution
high_slow_penalty,1122,0.7,2005.266667,0.45,0.55,0.35,0.45,0.6,1.8,3B,1,1.053379,1.107397,14412.55395,1995.495456,none,0.453379043,0.746620957,0.5073966696,0.6926033304,9.771210493,0.0,0.0,0.0,0.0,0.0,0.0100928483,0.0196859614,0.022122447,0.0,0.453379043,0.0,1,KKT conditions numerically satisfied for barrier-golden solution
high_slow_penalty,1122,0.75,2148.5,0.45,0.55,0.35,0.45,0.6,1.8,2B,1,1.316599,1.341861,14334.244853,2148.499955,deadline,0.7165991513,0.4834008487,0.7418610072,0.4581389928,4.45608e-05,0.0,0.0,0.0,0.0,2.090808063,0.2610758979,-0.1355953227,0.2941882322,9.31681e-05,4.45608e-05,0.0,1,KKT conditions numerically satisfied for barrier-golden solution
high_slow_penalty,1122,0.75,2148.5,0.45,0.55,0.35,0.45,0.6,1.8,3B,1,1.053378,1.107395,14412.55395,1995.498474,none,0.4533779102,0.7466220898,0.5073947405,0.6926052595,153.0015259208,0.0,0.0,0.0,0.0,0.0,0.0037716492,-0.0029609126,0.004795033,0.0,0.4533779102,0.0,1,KKT conditions numerically satisfied for barrier-golden solution
high_slow_penalty,1122,0.8,2291.733333,0.45,0.55,0.35,0.45,0.6,1.8,2B,1,1.228004,1.261296,14095.193181,2291.733254,deadline,0.6280036684,0.5719963316,0.6612964059,0.5387035941,7.98226e-05,0.0,0.0,0.0,0.0,1.2817146511,0.7142375838,-0.3767451688,0.807509906,0.0001023098,7.98226e-05,0.0,1,KKT conditions numerically satisfied for barrier-golden solution
high_slow_penalty,1122,0.8,2291.733333,0.45,0.55,0.35,0.45,0.6,1.8,3B,1,1.053378,1.107395,14412.55395,1995.498033,none,0.4533779111,0.7466220889,0.5073951134,0.6926048866,296.2353002824,0.0,0.0,0.0,0.0,0.0,0.003776461,0.0014170126,0.0040335571,0.0,0.4533779111,0.0,1,KKT conditions numerically satisfied for barrier-golden solution
high_slow_penalty,1122,0.85,2434.966667,0.45,0.55,0.35,0.45,0.6,1.8,2B,1,1.148892,1.190762,13958.458852,2434.966517,deadline,0.5488922966,0.6511077034,0.5907623738,0.6092376262,0.0001499058,0.0,0.0,0.0,0.0,0.6528196948,0.1220411505,-0.0655492714,0.1385306803,9.78615e-05,0.0001499058,0.0,1,KKT conditions numerically satisfied for barrier-golden solution
high_slow_penalty,1122,0.85,2434.966667,0.45,0.55,0.35,0.45,0.6,1.8,3B,1,1.053378,1.107395,14412.55395,1995.498692,none,0.4533776189,0.7466223811,0.5073947168,0.6926052832,439.467974455,0.0,0.0,0.0,0.0,0.0,0.0021461572,-0.003239198,0.0038856653,0.0,0.4533776189,0.0,1,KKT conditions numerically satisfied for barrier-golden solution
high_slow_penalty,1122,0.9,2578.2,0.45,0.55,0.35,0.45,0.6,1.8,2B,1,1.077881,1.128507,13901.854752,2578.199361,deadline,0.4778805282,0.7221194718,0.5285072212,0.6714927788,0.0006385913,0.0,0.0,0.0,0.0,0.1565000261,0.2435576496,-0.1334870731,0.2777393155,9.99396e-05,0.0006385913,0.0,1,KKT conditions numerically satisfied for barrier-golden solution
high_slow_penalty,1122,0.9,2578.2,0.45,0.55,0.35,0.45,0.6,1.8,3B,1,1.05338,1.107395,14412.55395,1995.496659,none,0.4533796164,0.7466203836,0.5073953342,0.6926046658,582.7033408067,0.0,0.0,0.0,0.0,0.0,0.0132920895,0.0040093189,0.0138835976,0.0,0.4533796164,0.0,1,KKT conditions numerically satisfied for barrier-golden solution
high_slow_penalty,1122,0.95,2721.433333,0.45,0.55,0.35,0.45,0.6,1.8,2B,1,1.053379,1.107396,13897.772527,2631.067031,none,0.45337937,0.74662063,0.5073958034,0.6926041966,90.3663022248,0.0,0.0,0.0,0.0,0.0,0.0114916077,0.0091772707,0.0147064389,0.0,0.45337937,0.0,1,KKT conditions numerically satisfied for barrier-golden solution
high_slow_penalty,1122,0.95,2721.433333,0.45,0.55,0.35,0.45,0.6,1.8,3B,1,1.053379,1.107395,14412.55395,1995.496847,none,0.4533794592,0.7466205408,0.5073952617,0.6926047383,725.9364859443,0.0,0.0,0.0,0.0,0.0,0.0124151626,0.0031583,0.0128105863,0.0,0.4533794592,0.0,1,KKT conditions numerically satisfied for barrier-golden solution
high_slow_penalty,1122,1.0,2864.666667,0.45,0.55,0.35,0.45,0.6,1.8,2B,1,1.053378,1.107395,13897.772527,2631.069895,none,0.453377973,0.746622027,0.5073947366,0.6926052634,233.5967719796,0.0,0.0,0.0,0.0,0.0,0.0039749247,-0.0028994086,0.00492002,0.0,0.453377973,0.0,1,KKT conditions numerically satisfied for barrier-golden solution
high_slow_penalty,1122,1.0,2864.666667,0.45,0.55,0.35,0.45,0.6,1.8,3B,1,1.053379,1.107395,14412.55395,1995.496974,none,0.4533793613,0.7466206387,0.5073952087,0.6926047913,869.1696927862,0.0,0.0,0.0,0.0,0.0,0.0118688206,0.002536241,0.0121367797,0.0,0.4533793613,0.0,1,KKT conditions numerically satisfied for barrier-golden solution
high_slow_penalty,1122,1.05,3007.9,0.45,0.55,0.35,0.45,0.6,1.8,2B,1,1.053379,1.107396,13897.772527,2631.067179,none,0.4533790482,0.7466209518,0.5073958862,0.6926041138,376.8328209688,0.0,0.0,0.0,0.0,0.0,0.0097599194,0.0101152744,0.0140561305,0.0,0.4533790482,0.0,1,KKT conditions numerically satisfied for barrier-golden solution
high_slow_penalty,1122,1.05,3007.9,0.45,0.55,0.35,0.45,0.6,1.8,3B,1,1.053378,1.107395,14412.55395,1995.49784,none,0.4533781333,0.7466218667,0.5073951544,0.6926048456,1012.4021604102,0.0,0.0,0.0,0.0,0.0,0.0050164973,0.0018982138,0.0053636239,0.0,0.4533781333,0.0,1,KKT conditions numerically satisfied for barrier-golden solution
high_slow_penalty,1122,1.1,3151.133333,0.45,0.55,0.35,0.45,0.6,1.8,2B,1,1.053378,1.107395,13897.772527,2631.070232,none,0.4533776504,0.7466223496,0.5073946983,0.6926053017,520.0631014493,0.0,0.0,0.0,0.0,0.0,0.0022389428,-0.0033322645,0.0040145799,0.0,0.4533776504,0.0,1,KKT conditions numerically satisfied for barrier-golden solution
high_slow_penalty,1122,1.1,3151.133333,0.45,0.55,0.35,0.45,0.6,1.8,3B,1,1.053379,1.107395,14412.55395,1995.497139,none,0.4533792714,0.7466207286,0.5073951187,0.6926048813,1155.6361944072,0.0,0.0,0.0,0.0,0.0,0.0113670102,0.0014792055,0.0114628517,0.0,0.4533792714,0.0,1,KKT conditions numerically satisfied for barrier-golden solution
high_slow_penalty,1122,1.15,3294.366667,0.45,0.55,0.35,0.45,0.6,1.8,2B,1,1.053378,1.107395,13897.772527,2631.07025,none,0.4533775711,0.7466224289,0.5073947302,0.6926052698,663.2964162662,0.0,0.0,0.0,0.0,0.0,0.0018124376,-0.0029710055,0.0034802017,0.0,0.4533775711,0.0,1,KKT conditions numerically satisfied for barrier-golden solution
high_slow_penalty,1122,1.15,3294.366667,0.45,0.55,0.35,0.45,0.6,1.8,3B,1,1.053379,1.107395,14412.55395,1995.497212,none,0.4533792491,0.7466207509,0.5073950691,0.6926049309,1298.8694546359,0.0,0.0,0.0,0.0,0.0,0.0112428253,0.0008969734,0.0112785496,0.0,0.4533792491,0.0,1,KKT conditions numerically satisfied for barrier-golden solution
high_slow_penalty,1122,1.2,3437.6,0.45,0.55,0.35,0.45,0.6,1.8,2B,1,1.05338,1.107395,13897.772527,2631.067496,none,0.453379671,0.746620329,0.5073953387,0.6926046613,806.5325042807,0.0,0.0,0.0,0.0,0.0,0.0131111494,0.0039170906,0.0136837801,0.0,0.453379671,0.0,1,KKT conditions numerically satisfied for barrier-golden solution
high_slow_penalty,1122,1.2,3437.6,0.45,0.55,0.35,0.45,0.6,1.8,3B,1,1.053379,1.107395,14412.55395,1995.497266,none,0.4533792167,0.7466207833,0.5073950411,0.6926049589,1442.1027336725,0.0,0.0,0.0,0.0,0.0,0.0110616348,0.0005679532,0.0110762059,0.0,0.4533792167,0.0,1,KKT conditions numerically satisfied for barrier-golden solution
high_slow_penalty,1122,1.25,3580.833333,0.45,0.55,0.35,0.45,0.6,1.8,2B,1,1.05338,1.107395,13897.772527,2631.06773,none,0.4533795484,0.7466204516,0.5073952561,0.6926047439,949.7656034773,0.0,0.0,0.0,0.0,0.0,0.0124512943,0.0029822802,0.0128034654,0.0,0.4533795484,0.0,1,KKT conditions numerically satisfied for barrier-golden solution
high_slow_penalty,1122,1.25,3580.833333,0.45,0.55,0.35,0.45,0.6,1.8,3B,1,1.053379,1.107395,14412.55395,1995.497319,none,0.4533791886,0.7466208114,0.5073950117,0.6926049883,1585.3360140331,0.0,0.0,0.0,0.0,0.0,0.0109049809,0.0002235667,0.0109072724,0.0,0.4533791886,0.0,1,KKT conditions numerically satisfied for barrier-golden solution
high_slow_penalty,1122,1.3,3724.066667,0.45,0.55,0.35,0.45,0.6,1.8,2B,1,1.053379,1.107395,13897.772527,2631.067858,none,0.4533794728,0.7466205272,0.5073952154,0.6926047846,1092.9988083033,0.0,0.0,0.0,0.0,0.0,0.0120444766,0.0025211167,0.0123055047,0.0,0.4533794728,0.0,1,KKT conditions numerically satisfied for barrier-golden solution
high_slow_penalty,1122,1.3,3724.066667,0.45,0.55,0.35,0.45,0.6,1.8,3B,1,1.053378,1.107395,14412.55395,1995.497901,none,0.4533779354,0.7466220646,0.5073952121,0.6926047879,1728.5687661004,0.0,0.0,0.0,0.0,0.0,0.0039121081,0.0025761167,0.0046841186,0.0,0.4533779354,0.0,1,KKT conditions numerically satisfied for barrier-golden solution
high_slow_penalty,1122,1.35,3867.3,0.45,0.55,0.35,0.45,0.6,1.8,2B,1,1.053379,1.107395,13897.772527,2631.068,none,0.453379394,0.746620606,0.5073951681,0.6926048319,1236.2320002102,0.0,0.0,0.0,0.0,0.0,0.0116204956,0.0019859977,0.0117889823,0.0,0.453379394,0.0,1,KKT conditions numerically satisfied for barrier-golden solution
high_slow_penalty,1122,1.35,3867.3,0.45,0.55,0.35,0.45,0.6,1.8,3B,1,1.053378,1.107395,14412.55395,1995.497907,none,0.453377884,0.746622116,0.5073952352,0.6926047648,1871.802093232,0.0,0.0,0.0,0.0,0.0,0.0036257307,0.0028474182,0.004610175,0.0,0.453377884,0.0,1,KKT conditions numerically satisfied for barrier-golden solution
high_slow_penalty,1122,1.4,4010.533333,0.45,0.55,0.35,0.45,0.6,1.8,2B,1,1.053378,1.107395,13897.772527,2631.069076,none,0.4533781661,0.7466218339,0.5073951556,0.6926048444,1379.4642574423,0.0,0.0,0.0,0.0,0.0,0.0050137045,0.0018448016,0.0053423334,0.0,0.4533781661,0.0,1,KKT conditions numerically satisfied for barrier-golden solution
high_slow_penalty,1122,1.4,4010.533333,0.45,0.55,0.35,0.45,0.6,1.8,3B,1,1.053378,1.107395,14412.55395,1995.497862,none,0.4533778876,0.7466221124,0.5073952712,0.6926047288,2015.035471347,0.0,0.0,0.0,0.0,0.0,0.0036455304,0.0032694983,0.0048968879,0.0,0.4533778876,0.0,1,KKT conditions numerically satisfied for barrier-golden solution
high_slow_penalty,1122,1.5,4297.0,0.45,0.55,0.35,0.45,0.6,1.8,2B,1,1.053379,1.107395,13897.772527,2631.068199,none,0.4533793193,0.7466206807,0.5073950813,0.6926049187,1665.9318008534,0.0,0.0,0.0,0.0,0.0,0.0112189572,0.0010036853,0.0112637643,0.0,0.4533793193,0.0,1,KKT conditions numerically satisfied for barrier-golden solution
high_slow_penalty,1122,1.5,4297.0,0.45,0.55,0.35,0.45,0.6,1.8,3B,1,1.053378,1.107395,14412.55395,1995.497806,none,0.4533778886,0.7466221114,0.507395318,0.692604682,2301.5021939734,0.0,0.0,0.0,0.0,0.0,0.003651079,0.0038192489,0.0052836579,0.0,0.4533778886,0.0,1,KKT conditions numerically satisfied for barrier-golden solution
high_slow_penalty,1211,0.7,1512.233333,0.45,0.55,0.35,0.45,0.6,1.8,2B,1,1.421791,1.438864,8883.877027,1512.233291,deadline,0.8217914738,0.3782085262,0.8388635768,0.3611364232,4.24444e-05,0.0,0.0,0.0,0.0,2.5530407839,0.0599159714,-0.0920452307,0.1098282665,0.0001083623,4.24444e-05,0.0,1,KKT conditions numerically satisfied for barrier-golden solution
high_slow_penalty,1211,0.7,1512.233333,0.45,0.55,0.35,0.45,0.6,1.8,3B,1,1.053378,1.107396,8772.209628,1291.025244,none,0.4533777519,0.7466222481,0.50739569,0.69260431,221.2080898239,0.0,0.0,0.0,0.0,0.0,0.0031594132,0.0029849609,0.0043464795,0.0,0.4533777519,0.0,1,KKT conditions numerically satisfied for barrier-golden solution
high_slow_penalty,1211,0.75,1620.25,0.45,0.55,0.35,0.45,0.6,1.8,2B,1,1.323543,1.348293,8655.093623,1620.24994,deadline,0.7235434974,0.4764565026,0.7482928063,0.4517071937,6.00078e-05,0.0,0.0,0.0,0.0,1.7213529411,-0.032212364,0.0501424852,0.0595978625,0.0001032946,6.00078e-05,0.0,1,KKT conditions numerically satisfied for barrier-golden solution
high_slow_penalty,1211,0.75,1620.25,0.45,0.55,0.35,0.45,0.6,1.8,3B,1,1.053377,1.107395,8772.209628,1291.025932,none,0.4533770787,0.7466229213,0.5073952847,0.6926047153,329.2240682728,0.0,0.0,0.0,0.0,0.0,-0.0009492844,0.0012500869,0.0015696682,0.0,0.4533770787,0.0,1,KKT conditions numerically satisfied for barrier-golden solution
high_slow_penalty,1211,0.8,1728.266667,0.45,0.55,0.35,0.45,0.6,1.8,2B,1,1.237164,1.269761,8504.997473,1728.266573,deadline,0.6371642978,0.5628357022,0.6697610164,0.5302389836,9.3545e-05,0.0,0.0,0.0,0.0,1.0851743178,-0.0952457247,0.1504963515,0.1781036212,0.0001015127,9.3545e-05,0.0,1,KKT conditions numerically satisfied for barrier-golden solution
high_slow_penalty,1211,0.8,1728.266667,0.45,0.55,0.35,0.45,0.6,1.8,3B,1,1.053378,1.107396,8772.209628,1291.024675,none,0.4533780823,0.7466219177,0.5073963982,0.6926036018,437.2419913618,0.0,0.0,0.0,0.0,0.0,0.0051761002,0.0060164935,0.007936637,0.0,0.4533780823,0.0,1,KKT conditions numerically satisfied for barrier-golden solution
high_slow_penalty,1211,0.85,1836.283333,0.45,0.55,0.35,0.45,0.6,1.8,2B,1,1.160564,1.201165,8415.580761,1836.283168,deadline,0.5605644487,0.6394355513,0.6011647402,0.5988352598,0.0001653723,0.0,0.0,0.0,0.0,0.5904626087,-0.0597364328,0.0959836296,0.1130544052,9.76462e-05,0.0001653723,0.0,1,KKT conditions numerically satisfied for barrier-golden solution
high_slow_penalty,1211,0.85,1836.283333,0.45,0.55,0.35,0.45,0.6,1.8,3B,1,1.053378,1.107396,8772.209628,1291.024838,none,0.4533779728,0.7466220272,0.5073962202,0.6926037798,545.2584953818,0.0,0.0,0.0,0.0,0.0,0.0045080042,0.0052543224,0.00692315,0.0,0.4533779728,0.0,1,KKT conditions numerically satisfied for barrier-golden solution
high_slow_penalty,1211,0.9,1944.3,0.45,0.55,0.35,0.45,0.6,1.8,2B,1,1.092082,1.140933,8373.688935,1944.299503,deadline,0.4920818367,0.7079181633,0.5409325706,0.6590674294,0.000496736,0.0,0.0,0.0,0.0,0.2001236938,-0.0581414413,0.0951889729,0.1115408793,9.94086e-05,0.000496736,0.0,1,KKT conditions numerically satisfied for barrier-golden solution
high_slow_penalty,1211,0.9,1944.3,0.45,0.55,0.35,0.45,0.6,1.8,3B,1,1.053378,1.107396,8772.209628,1291.024959,none,0.4533778932,0.7466221068,0.5073960856,0.6926039144,653.2750414234,0.0,0.0,0.0,0.0,0.0,0.0040217205,0.004678368,0.0061693892,0.0,0.4533778932,0.0,1,KKT conditions numerically satisfied for barrier-golden solution
high_slow_penalty,1211,0.95,2052.316667,0.45,0.55,0.35,0.45,0.6,1.8,2B,1,1.053378,1.107397,8367.18008,2010.845813,none,0.4533782361,0.7466217639,0.5073966529,0.6926033471,41.4708540039,0.0,0.0,0.0,0.0,0.0,0.0058323231,0.0067785355,0.0089422892,0.0,0.4533782361,0.0,1,KKT conditions numerically satisfied for barrier-golden solution
high_slow_penalty,1211,0.95,2052.316667,0.45,0.55,0.35,0.45,0.6,1.8,3B,1,1.053378,1.107396,8772.209628,1291.025055,none,0.4533778305,0.7466221695,0.5073959757,0.6926040243,761.2916113506,0.0,0.0,0.0,0.0,0.0,0.0036392232,0.0042077473,0.00556319,0.0,0.4533778305,0.0,1,KKT conditions numerically satisfied for barrier-golden solution
high_slow_penalty,1211,1.0,2160.333333,0.45,0.55,0.35,0.45,0.6,1.8,2B,1,1.053378,1.107396,8367.18008,2010.845811,none,0.4533783425,0.7466216575,0.5073964794,0.6926035206,149.4875227043,0.0,0.0,0.0,0.0,0.0,0.0064518778,0.0060700227,0.0088584368,0.0,0.4533783425,0.0,1,KKT conditions numerically satisfied for barrier-golden solution
high_slow_penalty,1211,1.0,2160.333333,0.45,0.55,0.35,0.45,0.6,1.8,3B,1,1.053378,1.107396,8772.209628,1291.025089,none,0.453377806,0.746622194,0.5073959419,0.6926040581,869.3082443845,0.0,0.0,0.0,0.0,0.0,0.0034898782,0.0040631564,0.0053561637,0.0,0.453377806,0.0,1,KKT conditions numerically satisfied for barrier-golden solution
high_slow_penalty,1211,1.05,2268.35,0.45,0.55,0.35,0.45,0.6,1.8,2B,1,1.053378,1.107396,8367.18008,2010.846671,none,0.4533779303,0.7466220697,0.5073959419,0.6926040581,257.50332911,0.0,0.0,0.0,0.0,0.0,0.0040521222,0.003875484,0.0056070554,0.0,0.4533779303,0.0,1,KKT conditions numerically satisfied for barrier-golden solution
high_slow_penalty,1211,1.05,2268.35,0.45,0.55,0.35,0.45,0.6,1.8,3B,1,1.053378,1.107396,8772.209628,1291.025125,none,0.4533777817,0.7466222183,0.5073959029,0.6926040971,977.3248751364,0.0,0.0,0.0,0.0,0.0,0.0033412758,0.0038961092,0.0051326202,0.0,0.4533777817,0.0,1,KKT conditions numerically satisfied for barrier-golden solution
high_slow_penalty,1211,1.1,2376.366667,0.45,0.55,0.35,0.45,0.6,1.8,2B,1,1.053378,1.107396,8367.18008,2010.847027,none,0.4533777595,0.7466222405,0.5073957189,0.6926042811,365.5196392157,0.0,0.0,0.0,0.0,0.0,0.0030581413,0.0029651127,0.0042595918,0.0,0.4533777595,0.0,1,KKT conditions numerically satisfied for barrier-golden solution
high_slow_penalty,1211,1.1,2376.366667,0.45,0.55,0.35,0.45,0.6,1.8,3B,1,1.053378,1.107396,8772.209628,1291.02518,none,0.4533777438,0.7466222562,0.5073958435,0.6926041565,1085.3414865241,0.0,0.0,0.0,0.0,0.0,0.0031099708,0.003641996,0.00478916,0.0,0.4533777438,0.0,1,KKT conditions numerically satisfied for barrier-golden solution
high_slow_penalty,1211,1.15,2484.383333,0.45,0.55,0.35,0.45,0.6,1.8,2B,1,1.053377,1.107395,8367.18008,2010.847902,none,0.453377199,0.746622801,0.5073954073,0.6926045927,473.535431544,0.0,0.0,0.0,0.0,0.0,-0.0002051534,0.001692961,0.001705346,0.0,0.453377199,0.0,1,KKT conditions numerically satisfied for barrier-golden solution
high_slow_penalty,1211,1.15,2484.383333,0.45,0.55,0.35,0.45,0.6,1.8,3B,1,1.053378,1.107396,8772.209628,1291.0252,none,0.4533777317,0.7466222683,0.5073958192,0.6926041808,1193.3581331571,0.0,0.0,0.0,0.0,0.0,0.0030364171,0.0035379589,0.0046622937,0.0,0.4533777317,0.0,1,KKT conditions numerically satisfied for barrier-golden solution
high_slow_penalty,1211,1.2,2592.4,0.45,0.55,0.35,0.45,0.6,1.8,2B,1,1.053377,1.107395,8367.18008,2010.848124,none,0.4533770874,0.7466229126,0.5073952775,0.6926047225,581.5518763833,0.0,0.0,0.0,0.0,0.0,-0.0008549222,0.0011630775,0.0014434823,0.0,0.4533770874,0.0,1,KKT conditions numerically satisfied for barrier-golden solution
high_slow_penalty,1211,1.2,2592.4,0.45,0.55,0.35,0.45,0.6,1.8,3B,1,1.053378,1.107396,8772.209628,1291.025237,none,0.4533777078,0.7466222922,0.5073957781,0.6926042219,1301.3747632981,0.0,0.0,0.0,0.0,0.0,0.0028903612,0.0033621722,0.0044337783,0.0,0.4533777078,0.0,1,KKT conditions numerically satisfied for barrier-golden solution
high_slow_penalty,1211,1.25,2700.416667,0.45,0.55,0.35,0.45,0.6,1.8,2B,1,1.053378,1.107396,8367.18008,2010.84608,none,0.4533781216,0.7466218784,0.5073964637,0.6926035363,689.5705869764,0.0,0.0,0.0,0.0,0.0,0.0051661542,0.0060058219,0.0079220607,0.0,0.4533781216,0.0,1,KKT conditions numerically satisfied for barrier-golden solution
high_slow_penalty,1211,1.25,2700.416667,0.45,0.55,0.35,0.45,0.6,1.8,3B,1,1.053378,1.107396,8772.209628,1291.025258,none,0.4533776958,0.7466223042,0.5073957516,0.6926042484,1409.3914089649,0.0,0.0,0.0,0.0,0.0,0.0028173274,0.0032483885,0.0042999257,0.0,0.4533776958,0.0,1,KKT conditions numerically satisfied for barrier-golden solution
high_slow_penalty,1211,1.3,2808.433333,0.45,0.55,0.35,0.45,0.6,1.8,2B,1,1.053378,1.107396,8367.18008,2010.846295,none,0.4533780315,0.7466219685,0.5073963072,0.6926036928,797.5870381371,0.0,0.0,0.0,0.0,0.0,0.004641464,0.0053671486,0.0070957362,0.0,0.4533780315,0.0,1,KKT conditions numerically satisfied for barrier-golden solution
high_slow_penalty,1211,1.3,2808.433333,0.45,0.55,0.35,0.45,0.6,1.8,3B,1,1.053378,1.107396,8772.209628,1291.02527,none,0.4533776847,0.7466223153,0.5073957429,0.6926042571,1517.4080633649,0.0,0.0,0.0,0.0,0.0,0.002749531,0.0032111457,0.0042274552,0.0,0.4533776847,0.0,1,KKT conditions numerically satisfied for barrier-golden solution
high_slow_penalty,1211,1.35,2916.45,0.45,0.55,0.35,0.45,0.6,1.8,2B,1,1.053378,1.107396,8367.18008,2010.846425,none,0.4533779766,0.7466220234,0.5073962144,0.6926037856,905.6035752362,0.0,0.0,0.0,0.0,0.0,0.0043216327,0.0049882487,0.0065999344,0.0,0.4533779766,0.0,1,KKT conditions numerically satisfied for barrier-golden solution
high_slow_penalty,1211,1.35,2916.45,0.45,0.55,0.35,0.45,0.6,1.8,3B,1,1.053378,1.107396,8772.209628,1291.025277,none,0.4533776791,0.7466223209,0.5073957374,0.6926042626,1625.424723334,0.0,0.0,0.0,0.0,0.0,0.0027150531,0.0031878608,0.0041873583,0.0,0.4533776791,0.0,1,KKT conditions numerically satisfied for barrier-golden solution
high_slow_penalty,1211,1.4,3024.466667,0.45,0.55,0.35,0.45,0.6,1.8,2B,1,1.053378,1.107396,8367.18008,2010.846525,none,0.4533779319,0.7466220681,0.5073961469,0.6926038531,1013.6201421321,0.0,0.0,0.0,0.0,0.0,0.0040615998,0.0047124747,0.0062212547,0.0,0.4533779319,0.0,1,KKT conditions numerically satisfied for barrier-golden solution
high_slow_penalty,1211,1.4,3024.466667,0.45,0.55,0.35,0.45,0.6,1.8,3B,1,1.053378,1.107396,8772.209628,1291.025303,none,0.4533776611,0.7466223389,0.5073957087,0.6926042913,1733.4413634933,0.0,0.0,0.0,0.0,0.0,0.0026050066,0.0030649976,0.0040224706,0.0,0.4533776611,0.0,1,KKT conditions numerically satisfied for barrier-golden solution
high_slow_penalty,1211,1.5,3240.5,0.45,0.55,0.35,0.45,0.6,1.8,2B,1,1.053378,1.107396,8367.18008,2010.846687,none,0.4533778606,0.7466221394,0.5073960346,0.6926039654,1229.6533130625,0.0,0.0,0.0,0.0,0.0,0.0036463797,0.0042542199,0.005603077,0.0,0.4533778606,0.0,1,KKT conditions numerically satisfied for barrier-golden solution
high_slow_penalty,1211,1.5,3240.5,0.45,0.55,0.35,0.45,0.6,1.8,3B,1,1.053378,1.107396,8772.209628,1291.025333,none,0.4533776432,0.7466223568,0.5073956721,0.6926043279,1949.474666853,0.0,0.0,0.0,0.0,0.0,0.0024957947,0.0029083685,0.0038324403,0.0,0.4533776432,0.0,1,KKT conditions numerically satisfied for barrier-golden solution
high_slow_penalty,1212,0.7,1882.533333,0.45,0.55,0.35,0.45,0.6,1.8,2B,1,1.420016,1.437231,13209.446198,1882.533301,deadline,0.8200156752,0.3799843248,0.837230956,0.362769044,3.27843e-05,0.0,0.0,0.0,0.0,3.0358240487,0.0633784407,-0.0649244678,0.0907304429,9.95275e-05,3.27843e-05,0.0,1,KKT conditions numerically satisfied for barrier-golden solution
high_slow_penalty,1212,0.7,1882.533333,0.45,0.55,0.35,0.45,0.6,1.8,3B,1,1.053379,1.107396,12937.133914,1544.238935,none,0.4533785254,0.7466214746,0.5073958902,0.6926041098,338.294398194,0.0,0.0,0.0,0.0,0.0,0.0096908382,0.0070864187,0.012005402,0.0,0.4533785254,0.0,1,KKT conditions numerically satisfied for barrier-golden solution
high_slow_penalty,1212,0.75,2017.0,0.45,0.55,0.35,0.45,0.6,1.8,2B,1,1.320991,1.345909,12871.570498,2016.999948,deadline,0.7209905919,0.4790094081,0.7459089699,0.4540910301,5.17082e-05,0.0,0.0,0.0,0.0,2.0356624411,0.1075893212,-0.111686606,0.1550785607,0.0001052605,5.17082e-05,0.0,1,KKT conditions numerically satisfied for barrier-golden solution
high_slow_penalty,1212,0.75,2017.0,0.45,0.55,0.35,0.45,0.6,1.8,3B,1,1.053378,1.107396,12937.133914,1544.239264,none,0.4533782665,0.7466217335,0.5073956922,0.6926043078,472.7607357504,0.0,0.0,0.0,0.0,0.0,0.0077475542,0.0055232222,0.0095147559,0.0,0.4533782665,0.0,1,KKT conditions numerically satisfied for barrier-golden solution
high_slow_penalty,1212,0.8,2151.466667,0.45,0.55,0.35,0.45,0.6,1.8,2B,1,1.233788,1.266644,12651.49493,2151.466588,deadline,0.6337882407,0.5662117593,0.6666435655,0.5333564345,7.90337e-05,0.0,0.0,0.0,0.0,1.2706484302,0.0755700172,-0.0796484099,0.1097938828,0.000100424,7.90337e-05,0.0,1,KKT conditions numerically satisfied for barrier-golden solution
high_slow_penalty,1212,0.8,2151.466667,0.45,0.55,0.35,0.45,0.6,1.8,3B,1,1.053378,1.107396,12937.133914,1544.239443,none,0.453378127,0.746621873,0.5073955842,0.6926044158,607.2272241626,0.0,0.0,0.0,0.0,0.0,0.0067004579,0.0046702359,0.00816745,0.0,0.453378127,0.0,1,KKT conditions numerically satisfied for barrier-golden solution
high_slow_penalty,1212,0.85,2285.933333,0.45,0.55,0.35,0.45,0.6,1.8,2B,1,1.156308,1.197349,12522.254234,2285.933183,deadline,0.5563080184,0.6436919816,0.5973489468,0.6026510532,0.0001499679,0.0,0.0,0.0,0.0,0.6757690247,0.0289253585,-0.0310150973,0.0424100533,0.0001013437,0.0001499679,0.0,1,KKT conditions numerically satisfied for barrier-golden solution
high_slow_penalty,1212,0.85,2285.933333,0.45,0.55,0.35,0.45,0.6,1.8,3B,1,1.053378,1.107396,12937.133914,1544.239567,none,0.453378029,0.746621971,0.5073955099,0.6926044901,741.6937666809,0.0,0.0,0.0,0.0,0.0,0.0059647699,0.0040836225,0.0072287241,0.0,0.453378029,0.0,1,KKT conditions numerically satisfied for barrier-golden solution
high_slow_penalty,1212,0.9,2420.4,0.45,0.55,0.35,0.45,0.6,1.8,2B,1,1.08692,1.136404,12464.148837,2420.399516,deadline,0.4869200314,0.7130799686,0.5364039874,0.6635960126,0.000484471,0.0,0.0,0.0,0.0,0.2064669435,0.0157680775,-0.017236499,0.0233608468,0.0001000272,0.000484471,0.0,1,KKT conditions numerically satisfied for barrier-golden solution
high_slow_penalty,1212,0.9,2420.4,0.45,0.55,0.35,0.45,0.6,1.8,3B,1,1.053378,1.107395,12937.133914,1544.239648,none,0.4533779655,0.7466220345,0.5073954605,0.6926045395,876.1603520649,0.0,0.0,0.0,0.0,0.0,0.0054882028,0.0036936199,0.0066153759,0.0,0.4533779655,0.0,1,KKT conditions numerically satisfied for barrier-golden solution
high_slow_penalty,1212,0.95,2554.866667,0.45,0.55,0.35,0.45,0.6,1.8,2B,1,1.053378,1.107396,12457.022279,2490.788436,none,0.4533780896,0.7466219104,0.5073956376,0.6926043624,64.0782309231,0.0,0.0,0.0,0.0,0.0,0.006181424,0.0049034796,0.0078901277,0.0,0.4533780896,0.0,1,KKT conditions numerically satisfied for barrier-golden solution
high_slow_penalty,1212,0.95,2554.866667,0.45,0.55,0.35,0.45,0.6,1.8,3B,1,1.053378,1.107395,12937.133914,1544.239709,none,0.453377917,0.746622083,0.5073954238,0.6926045762,1010.6269574066,0.0,0.0,0.0,0.0,0.0,0.0051247453,0.0034039159,0.0061522075,0.0,0.453377917,0.0,1,KKT conditions numerically satisfied for barrier-golden solution
high_slow_penalty,1212,1.0,2689.333333,0.45,0.55,0.35,0.45,0.6,1.8,2B,1,1.053378,1.107396,12457.022279,2490.78812,none,0.4533782483,0.7466217517,0.5073957501,0.6926042499,198.5452131798,0.0,0.0,0.0,0.0,0.0,0.0073283417,0.00575823,0.0093199681,0.0,0.4533782483,0.0,1,KKT conditions numerically satisfied for barrier-golden solution
high_slow_penalty,1212,1.0,2689.333333,0.45,0.55,0.35,0.45,0.6,1.8,3B,1,1.053378,1.107395,12937.133914,1544.239783,none,0.4533778579,0.7466221421,0.507395381,0.692604619,1145.0935505245,0.0,0.0,0.0,0.0,0.0,0.0046808132,0.0030657972,0.0055954557,0.0,0.4533778579,0.0,1,KKT conditions numerically satisfied for barrier-golden solution
high_slow_penalty,1212,1.05,2823.8,0.45,0.55,0.35,0.45,0.6,1.8,2B,1,1.053377,1.107395,12457.022279,2490.789761,none,0.4533774697,0.7466225303,0.5073951145,0.6926048855,333.0102394108,0.0,0.0,0.0,0.0,0.0,0.0017012212,0.0009262859,0.0019370491,0.0,0.4533774697,0.0,1,KKT conditions numerically satisfied for barrier-golden solution
high_slow_penalty,1212,1.05,2823.8,0.45,0.55,0.35,0.45,0.6,1.8,3B,1,1.053377,1.107395,12937.133914,1544.240262,none,0.453377475,0.746622525,0.5073950993,0.6926049007,1279.5597380205,0.0,0.0,0.0,0.0,0.0,0.001807065,0.0008414786,0.0019933816,0.0,0.453377475,0.0,1,KKT conditions numerically satisfied for barrier-golden solution
high_slow_penalty,1212,1.1,2958.266667,0.45,0.55,0.35,0.45,0.6,1.8,2B,1,1.053377,1.107395,12457.022279,2490.790078,none,0.4533773117,0.7466226883,0.5073949992,0.6926050008,467.4765882009,0.0,0.0,0.0,0.0,0.0,0.0005596054,4.95171e-05,0.0005617919,0.0,0.4533773117,0.0,1,KKT conditions numerically satisfied for barrier-golden solution
high_slow_penalty,1212,1.1,2958.266667,0.45,0.55,0.35,0.45,0.6,1.8,3B,1,1.053377,1.107395,12937.133914,1544.240276,none,0.4533774625,0.7466225375,0.5073950922,0.6926049078,1414.0263904599,0.0,0.0,0.0,0.0,0.0,0.0017127366,0.0007859023,0.0018844386,0.0,0.4533774625,0.0,1,KKT conditions numerically satisfied for barrier-golden solution
high_slow_penalty,1212,1.15,3092.733333,0.45,0.55,0.35,0.45,0.6,1.8,2B,1,1.053378,1.107396,12457.022279,2490.787699,none,0.4533784941,0.7466215059,0.5073958624,0.6926041376,601.9456342146,0.0,0.0,0.0,0.0,0.0,0.0091048475,0.0066121271,0.0112524874,0.0,0.4533784941,0.0,1,KKT conditions numerically satisfied for barrier-golden solution
high_slow_penalty,1212,1.15,3092.733333,0.45,0.55,0.35,0.45,0.6,1.8,3B,1,1.053377,1.107395,12937.133914,1544.240302,none,0.4533774402,0.7466225598,0.5073950785,0.6926049215,1548.4930310922,0.0,0.0,0.0,0.0,0.0,0.0015458754,0.0006775186,0.0016878277,0.0,0.4533774402,0.0,1,KKT conditions numerically satisfied for barrier-golden solution
high_slow_penalty,1212,1.2,3227.2,0.45,0.55,0.35,0.45,0.6,1.8,2B,1,1.053378,1.107396,12457.022279,2490.788043,none,0.4533783258,0.7466216742,0.5073957346,0.6926042654,736.41195679,0.0,0.0,0.0,0.0,0.0,0.0078886161,0.0056403455,0.0096976163,0.0,0.4533783258,0.0,1,KKT conditions numerically satisfied for barrier-golden solution
high_slow_penalty,1212,1.2,3227.2,0.45,0.55,0.35,0.45,0.6,1.8,3B,1,1.053377,1.107395,12937.133914,1544.240306,none,0.4533774367,0.7466225633,0.5073950772,0.6926049228,1682.9596942608,0.0,0.0,0.0,0.0,0.0,0.0015196039,0.0006674331,0.0016597178,0.0,0.4533774367,0.0,1,KKT conditions numerically satisfied for barrier-golden solution
high_slow_penalty,1212,1.25,3361.666667,0.45,0.55,0.35,0.45,0.6,1.8,2B,1,1.053378,1.107396,12457.022279,2490.788237,none,0.4533782325,0.7466217675,0.5073956614,0.6926043386,870.8784301452,0.0,0.0,0.0,0.0,0.0,0.0072143076,0.0050839634,0.0088256965,0.0,0.4533782325,0.0,1,KKT conditions numerically satisfied for barrier-golden solution
high_slow_penalty,1212,1.25,3361.666667,0.45,0.55,0.35,0.45,0.6,1.8,3B,1,1.053377,1.107395,12937.133914,1544.240341,none,0.4533774066,0.7466225934,0.5073950581,0.6926049419,1817.426325316,0.0,0.0,0.0,0.0,0.0,0.0012935213,0.0005166669,0.0013928898,0.0,0.4533774066,0.0,1,KKT conditions numerically satisfied for barrier-golden solution
high_slow_penalty,1212,1.3,3496.133333,0.45,0.55,0.35,0.45,0.6,1.8,2B,1,1.053378,1.107396,12457.022279,2490.788427,none,0.4533781394,0.7466218606,0.5073955909,0.6926044091,1005.3449066409,0.0,0.0,0.0,0.0,0.0,0.006541439,0.0045476815,0.007966921,0.0,0.4533781394,0.0,1,KKT conditions numerically satisfied for barrier-golden solution
high_slow_penalty,1212,1.3,3496.133333,0.45,0.55,0.35,0.45,0.6,1.8,3B,1,1.053377,1.107395,12937.133914,1544.240324,none,0.4533774207,0.7466225793,0.5073950676,0.6926049324,1951.8930090007,0.0,0.0,0.0,0.0,0.0,0.0013991443,0.000591526,0.0015190483,0.0,0.4533774207,0.0,1,KKT conditions numerically satisfied for barrier-golden solution
high_slow_penalty,1212,1.35,3630.6,0.45,0.55,0.35,0.45,0.6,1.8,2B,1,1.053378,1.107396,12457.022279,2490.788574,none,0.4533780669,0.7466219331,0.5073955368,0.6926044632,1139.8114263126,0.0,0.0,0.0,0.0,0.0,0.00601794,0.0041371054,0.0073028243,0.0,0.4533780669,0.0,1,KKT conditions numerically satisfied for barrier-golden solution
high_slow_penalty,1212,1.35,3630.6,0.45,0.55,0.35,0.45,0.6,1.8,3B,1,1.053377,1.107395,12937.133914,1544.240322,none,0.4533774223,0.7466225777,0.5073950689,0.6926049311,2086.3596777717,0.0,0.0,0.0,0.0,0.0,0.0014116336,0.0006014457,0.0015344205,0.0,0.4533774223,0.0,1,KKT conditions numerically satisfied for barrier-golden solution
high_slow_penalty,1212,1.4,3765.066667,0.45,0.55,0.35,0.45,0.6,1.8,2B,1,1.053378,1.107395,12457.022279,2490.788684,none,0.4533780128,0.7466219872,0.5073954959,0.6926045041,1274.27798254,0.0,0.0,0.0,0.0,0.0,0.0056268448,0.0038260567,0.0068044171,0.0,0.4533780128,0.0,1,KKT conditions numerically satisfied for barrier-golden solution
high_slow_penalty,1212,1.4,3765.066667,0.45,0.55,0.35,0.45,0.6,1.8,3B,1,1.053377,1.107395,12937.133914,1544.240306,none,0.453377436,0.746622564,0.5073950782,0.6926049218,2220.8263610781,0.0,0.0,0.0,0.0,0.0,0.0015143847,0.0006752501,0.0016581084,0.0,0.453377436,0.0,1,KKT conditions numerically satisfied for barrier-golden solution
high_slow_penalty,1212,1.5,4034.0,0.45,0.55,0.35,0.45,0.6,1.8,2B,1,1.053378,1.107395,12457.022279,2490.788813,none,0.4533779509,0.7466220491,0.5073954471,0.6926045529,1543.2111872908,0.0,0.0,0.0,0.0,0.0,0.0051793048,0.0034548341,0.0062258395,0.0,0.4533779509,0.0,1,KKT conditions numerically satisfied for barrier-golden solution
high_slow_penalty,1212,1.5,4034.0,0.45,0.55,0.35,0.45,0.6,1.8,3B,1,1.053377,1.107395,12937.133914,1544.240451,none,0.4533773157,0.7466226843,0.5073949968,0.6926050032,2489.7595487353,0.0,0.0,0.0,0.0,0.0,0.0006116154,3.28516e-05,0.000612497,0.0,0.4533773157,0.0,1,KKT conditions numerically satisfied for barrier-golden solution
high_slow_penalty,1221,0.7,1959.766667,0.45,0.55,0.35,0.45,0.6,1.8,2B,1,1.420045,1.437201,11758.110038,1959.766628,deadline,0.8200452028,0.3799547972,0.8372007158,0.3627992842,3.84514e-05,0.0,0.0,0.0,0.0,2.5957723298,0.2514081634,-0.2575193615,0.3598920479,9.9811e-05,3.84514e-05,0.0,1,KKT conditions numerically satisfied for barrier-golden solution
high_slow_penalty,1221,0.7,1959.766667,0.45,0.55,0.35,0.45,0.6,1.8,3B,1,1.053377,1.107395,11556.854437,1706.011945,none,0.4533774559,0.7466225441,0.5073951039,0.6926048961,253.7547214924,0.0,0.0,0.0,0.0,0.0,0.0014858701,0.0007844482,0.0016802288,0.0,0.4533774559,0.0,1,KKT conditions numerically satisfied for barrier-golden solution
high_slow_penalty,1221,0.75,2099.75,0.45,0.55,0.35,0.45,0.6,1.8,2B,1,1.321001,1.345898,11457.357099,2099.749941,deadline,0.72100098,0.47899902,0.7458981936,0.4541018064,5.9429e-05,0.0,0.0,0.0,0.0,1.7405897728,0.1643750029,-0.17062942,0.2369251792,0.0001034415,5.9429e-05,0.0,1,KKT conditions numerically satisfied for barrier-golden solution
high_slow_penalty,1221,0.75,2099.75,0.45,0.55,0.35,0.45,0.6,1.8,3B,1,1.053379,1.107396,11556.854437,1706.010338,none,0.4533786225,0.7466213775,0.507395954,0.692604046,393.7396615778,0.0,0.0,0.0,0.0,0.0,0.009307937,0.006780351,0.0115156785,0.0,0.4533786225,0.0,1,KKT conditions numerically satisfied for barrier-golden solution
high_slow_penalty,1221,0.8,2239.733333,0.45,0.55,0.35,0.45,0.6,1.8,2B,1,1.233789,1.266643,11261.461476,2239.733236,deadline,0.6337890522,0.5662109478,0.6666427269,0.5333572731,9.68495e-05,0.0,0.0,0.0,0.0,1.0864671109,0.0725736485,-0.0764901302,0.1054403835,0.0001052238,9.68495e-05,0.0,1,KKT conditions numerically satisfied for barrier-golden solution
high_slow_penalty,1221,0.8,2239.733333,0.45,0.55,0.35,0.45,0.6,1.8,3B,1,1.053378,1.107396,11556.854437,1706.010689,none,0.453378373,0.746621627,0.507395763,0.692604237,533.7226444014,0.0,0.0,0.0,0.0,0.0,0.0076351838,0.0054332762,0.009371047,0.0,0.453378373,0.0,1,KKT conditions numerically satisfied for barrier-golden solution
high_slow_penalty,1221,0.85,2379.716667,0.45,0.55,0.35,0.45,0.6,1.8,2B,1,1.156309,1.197348,11146.420593,2379.716488,deadline,0.5563092015,0.6436907985,0.5973477014,0.6026522986,0.0001787361,0.0,0.0,0.0,0.0,0.577815786,0.0334916508,-0.0359111374,0.0491049943,0.0001032765,0.0001787361,0.0,1,KKT conditions numerically satisfied for barrier-golden solution
high_slow_penalty,1221,0.85,2379.716667,0.45,0.55,0.35,0.45,0.6,1.8,3B,1,1.053378,1.107396,11556.854437,1706.010905,none,0.453378219,0.746621781,0.5073956451,0.6926043549,673.7057613423,0.0,0.0,0.0,0.0,0.0,0.0066023177,0.004601833,0.0080478236,0.0,0.453378219,0.0,1,KKT conditions numerically satisfied for barrier-golden solution
high_slow_penalty,1221,0.9,2519.7,0.45,0.55,0.35,0.45,0.6,1.8,2B,1,1.086921,1.136403,11094.699297,2519.699433,deadline,0.4869206013,0.7130793987,0.5364034224,0.6635965776,0.0005671457,0.0,0.0,0.0,0.0,0.1765395178,0.0176104087,-0.0192503602,0.0260902829,0.0001001236,0.0005671457,0.0,1,KKT conditions numerically satisfied for barrier-golden solution
high_slow_penalty,1221,0.9,2519.7,0.45,0.55,0.35,0.45,0.6,1.8,3B,1,1.053378,1.107396,11556.854437,1706.01103,none,0.453378131,0.746621869,0.5073955766,0.6926044234,813.6889701654,0.0,0.0,0.0,0.0,0.0,0.0060125144,0.0041181982,0.0072876529,0.0,0.453378131,0.0,1,KKT conditions numerically satisfied for barrier-golden solution
high_slow_penalty,1221,0.95,2659.683333,0.45,0.55,0.35,0.45,0.6,1.8,2B,1,1.053378,1.107396,11088.35573,2592.975942,none,0.4533782161,0.7466217839,0.5073957334,0.6926042666,66.7073910194,0.0,0.0,0.0,0.0,0.0,0.0063161597,0.0050124801,0.0080634254,0.0,0.4533782161,0.0,1,KKT conditions numerically satisfied for barrier-golden solution
high_slow_penalty,1221,0.95,2659.683333,0.45,0.55,0.35,0.45,0.6,1.8,3B,1,1.053378,1.107396,11556.854437,1706.01114,none,0.4533780519,0.7466219481,0.5073955169,0.6926044831,953.6721930904,0.0,0.0,0.0,0.0,0.0,0.0054823061,0.0036977167,0.0066127746,0.0,0.4533780519,0.0,1,KKT conditions numerically satisfied for barrier-golden solution
high_slow_penalty,1221,1.0,2799.666667,0.45,0.55,0.35,0.45,0.6,1.8,2B,1,1.053378,1.107396,11088.35573,2592.975612,none,0.4533783762,0.7466216238,0.5073958454,0.6926041546,206.6910541993,0.0,0.0,0.0,0.0,0.0,0.0073460306,0.0057706547,0.0093415535,0.0,0.4533783762,0.0,1,KKT conditions numerically satisfied for barrier-golden solution
high_slow_penalty,1221,1.0,2799.666667,0.45,0.55,0.35,0.45,0.6,1.8,3B,1,1.053378,1.107395,11556.854437,1706.011221,none,0.4533779939,0.7466220061,0.507395473,0.692604527,1093.6554452817,0.0,0.0,0.0,0.0,0.0,0.0050931834,0.0033880639,0.0061171475,0.0,0.4533779939,0.0,1,KKT conditions numerically satisfied for barrier-golden solution
high_slow_penalty,1221,1.05,2939.65,0.45,0.55,0.35,0.45,0.6,1.8,2B,1,1.053378,1.107396,11088.35573,2592.976484,none,0.4533779712,0.7466220288,0.5073955298,0.6926044702,346.673516417,0.0,0.0,0.0,0.0,0.0,0.0047408094,0.0036350557,0.0059740191,0.0,0.4533779712,0.0,1,KKT conditions numerically satisfied for barrier-golden solution
high_slow_penalty,1221,1.05,2939.65,0.45,0.55,0.35,0.45,0.6,1.8,3B,1,1.053378,1.107395,11556.854437,1706.011292,none,0.4533779428,0.7466220572,0.507395435,0.692604565,1233.6387075912,0.0,0.0,0.0,0.0,0.0,0.0047504798,0.0031194702,0.0056831463,0.0,0.4533779428,0.0,1,KKT conditions numerically satisfied for barrier-golden solution
high_slow_penalty,1221,1.1,3079.633333,0.45,0.55,0.35,0.45,0.6,1.8,2B,1,1.053377,1.107395,11088.35573,2592.977685,none,0.4533774223,0.7466225777,0.5073950843,0.6926049157,486.6556487058,0.0,0.0,0.0,0.0,0.0,0.0012098562,0.0006197211,0.0013593404,0.0,0.4533774223,0.0,1,KKT conditions numerically satisfied for barrier-golden solution
high_slow_penalty,1221,1.1,3079.633333,0.45,0.55,0.35,0.45,0.6,1.8,3B,1,1.053378,1.107395,11556.854437,1706.011301,none,0.4533779385,0.7466220615,0.5073954283,0.6926045717,1373.6220323952,0.0,0.0,0.0,0.0,0.0,0.0047217737,0.0030727407,0.0056335497,0.0,0.4533779385,0.0,1,KKT conditions numerically satisfied for barrier-golden solution
high_slow_penalty,1221,1.15,3219.616667,0.45,0.55,0.35,0.45,0.6,1.8,2B,1,1.053379,1.107396,11088.35573,2592.97513,none,0.4533786477,0.7466213523,0.507395968,0.692604032,626.6415367052,0.0,0.0,0.0,0.0,0.0,0.0090928345,0.0066003672,0.0112358572,0.0,0.4533786477,0.0,1,KKT conditions numerically satisfied for barrier-golden solution
high_slow_penalty,1221,1.15,3219.616667,0.45,0.55,0.35,0.45,0.6,1.8,3B,1,1.053378,1.107395,11556.854437,1706.011367,none,0.4533778903,0.7466221097,0.5073953942,0.6926046058,1513.6053000934,0.0,0.0,0.0,0.0,0.0,0.0043984961,0.0028321697,0.005231439,0.0,0.4533778903,0.0,1,KKT conditions numerically satisfied for barrier-golden solution
high_slow_penalty,1221,1.2,3359.6,0.45,0.55,0.35,0.45,0.6,1.8,2B,1,1.053378,1.107396,11088.35573,2592.975532,none,0.4533784585,0.7466215415,0.5073958247,0.6926041753,766.6244678596,0.0,0.0,0.0,0.0,0.0,0.0078759838,0.0056307504,0.0096817597,0.0,0.4533784585,0.0,1,KKT conditions numerically satisfied for barrier-golden solution
high_slow_penalty,1221,1.2,3359.6,0.45,0.55,0.35,0.45,0.6,1.8,3B,1,1.053378,1.107395,11556.854437,1706.011385,none,0.453377878,0.746622122,0.5073953835,0.6926046165,1653.5886151944,0.0,0.0,0.0,0.0,0.0,0.004316542,0.0027562199,0.0051214532,0.0,0.453377878,0.0,1,KKT conditions numerically satisfied for barrier-golden solution
high_slow_penalty,1221,1.25,3499.583333,0.45,0.55,0.35,0.45,0.6,1.8,2B,1,1.053378,1.107396,11088.35573,2592.9758,none,0.4533783335,0.7466216665,0.5073957282,0.6926042718,906.6075332452,0.0,0.0,0.0,0.0,0.0,0.0070715426,0.0049774597,0.0086476482,0.0,0.4533783335,0.0,1,KKT conditions numerically satisfied for barrier-golden solution
high_slow_penalty,1221,1.25,3499.583333,0.45,0.55,0.35,0.45,0.6,1.8,3B,1,1.053377,1.107395,11556.854437,1706.011951,none,0.4533774629,0.7466225371,0.5073950878,0.6926049122,1793.5713819159,0.0,0.0,0.0,0.0,0.0,0.0015330035,0.0006710178,0.001673429,0.0,0.4533774629,0.0,1,KKT conditions numerically satisfied for barrier-golden solution
high_slow_penalty,1221,1.3,3639.566667,0.45,0.55,0.35,0.45,0.6,1.8,2B,1,1.053378,1.107396,11088.35573,2592.975968,none,0.453378255,0.746621745,0.5073956679,0.6926043321,1046.590698803,0.0,0.0,0.0,0.0,0.0,0.0065667949,0.0045696183,0.0080002629,0.0,0.453378255,0.0,1,KKT conditions numerically satisfied for barrier-golden solution
high_slow_penalty,1221,1.3,3639.566667,0.45,0.55,0.35,0.45,0.6,1.8,3B,1,1.053377,1.107395,11556.854437,1706.01196,none,0.4533774556,0.7466225444,0.507395084,0.692604916,1933.5547063243,0.0,0.0,0.0,0.0,0.0,0.0014843108,0.0006438092,0.0016179212,0.0,0.4533774556,0.0,1,KKT conditions numerically satisfied for barrier-golden solution
high_slow_penalty,1221,1.35,3779.55,0.45,0.55,0.35,0.45,0.6,1.8,2B,1,1.053378,1.107396,11088.35573,2592.976122,none,0.4533781833,0.7466218167,0.5073956125,0.6926043875,1186.5738783312,0.0,0.0,0.0,0.0,0.0,0.0061052025,0.0041944282,0.0074072076,0.0,0.4533781833,0.0,1,KKT conditions numerically satisfied for barrier-golden solution
high_slow_penalty,1221,1.35,3779.55,0.45,0.55,0.35,0.45,0.6,1.8,3B,1,1.053377,1.107395,11556.854437,1706.01196,none,0.4533774553,0.7466225447,0.5073950842,0.6926049158,2073.5380396052,0.0,0.0,0.0,0.0,0.0,0.0014822473,0.0006457157,0.0016167887,0.0,0.4533774553,0.0,1,KKT conditions numerically satisfied for barrier-golden solution
high_slow_penalty,1221,1.4,3919.533333,0.45,0.55,0.35,0.45,0.6,1.8,2B,1,1.053378,1.107396,11088.35573,2592.976262,none,0.4533781169,0.7466218831,0.5073955629,0.6926044371,1326.5570713438,0.0,0.0,0.0,0.0,0.0,0.0056782137,0.0038589509,0.0068653923,0.0,0.4533781169,0.0,1,KKT conditions numerically satisfied for barrier-golden solution
high_slow_penalty,1221,1.4,3919.533333,0.45,0.55,0.35,0.45,0.6,1.8,3B,1,1.053377,1.107395,11556.854437,1706.011978,none,0.4533774418,0.7466225582,0.5073950759,0.6926049241,2213.5213554386,0.0,0.0,0.0,0.0,0.0,0.0013914383,0.000586939,0.0015101649,0.0,0.4533774418,0.0,1,KKT conditions numerically satisfied for barrier-golden solution
high_slow_penalty,1221,1.5,4199.5,0.45,0.55,0.35,0.45,0.6,1.8,2B,1,1.053378,1.107396,11088.35573,2592.976437,none,0.4533780348,0.7466219652,0.5073955007,0.6926044993,1606.5235633471,0.0,0.0,0.0,0.0,0.0,0.0051498642,0.0034377142,0.0061918479,0.0,0.4533780348,0.0,1,KKT conditions numerically satisfied for barrier-golden solution
high_slow_penalty,1221,1.5,4199.5,0.45,0.55,0.35,0.45,0.6,1.8,3B,1,1.053377,1.107395,11556.854437,1706.011976,none,0.4533774427,0.7466225573,0.5073950776,0.6926049224,2493.4880240962,0.0,0.0,0.0,0.0,0.0,0.0013972798,0.0005988461,0.0015201998,0.0,0.4533774427,0.0,1,KKT conditions numerically satisfied for barrier-golden solution
high_slow_penalty,1222,0.7,2310.466667,0.45,0.55,0.35,0.45,0.6,1.8,2B,1,1.418779,1.436005,15826.885739,2310.466632,deadline,0.8187786308,0.3812213692,0.8360052421,0.3639947579,3.5069e-05,0.0,0.0,0.0,0.0,2.9539276858,0.4761944232,-0.3658712985,0.6005188888,0.0001035914,3.5069e-05,0.0,1,KKT conditions numerically satisfied for barrier-golden solution
high_slow_penalty,1222,0.7,2310.466667,0.45,0.55,0.35,0.45,0.6,1.8,3B,1,1.053378,1.107395,15453.354393,2108.748941,none,0.4533776104,0.7466223896,0.5073949237,0.6926050763,201.717725234,0.0,0.0,0.0,0.0,0.0,0.0028921106,-0.0007436125,0.0029861787,0.0,0.4533776104,0.0,1,KKT conditions numerically satisfied for barrier-golden solution
high_slow_penalty,1222,0.75,2475.5,0.45,0.55,0.35,0.45,0.6,1.8,2B,1,1.319321,1.344039,15424.073506,2475.499947,deadline,0.7193211686,0.4806788314,0.7440394014,0.4559605986,5.2727e-05,0.0,0.0,0.0,0.0,1.9724723995,1.8669134429,-1.4531431056,2.3657959947,0.0001040026,5.2727e-05,0.0,1,KKT conditions numerically satisfied for barrier-golden solution
high_slow_penalty,1222,0.75,2475.5,0.45,0.55,0.35,0.45,0.6,1.8,3B,1,1.053379,1.107396,15453.354393,2108.74719,none,0.4533787993,0.7466212007,0.5073955832,0.6926044168,366.7528100237,0.0,0.0,0.0,0.0,0.0,0.0120323111,0.0063679032,0.013613475,0.0,0.4533787993,0.0,1,KKT conditions numerically satisfied for barrier-golden solution
high_slow_penalty,1222,0.8,2640.533333,0.45,0.55,0.35,0.45,0.6,1.8,2B,1,1.231544,1.264209,15163.104036,2640.533252,deadline,0.631543875,0.568456125,0.6642093089,0.5357906911,8.09877e-05,0.0,0.0,0.0,0.0,1.2219214182,2.1832758459,-1.7254725873,2.7827951899,9.89606e-05,8.09877e-05,0.0,1,KKT conditions numerically satisfied for barrier-golden solution
high_slow_penalty,1222,0.8,2640.533333,0.45,0.55,0.35,0.45,0.6,1.8,3B,1,1.053378,1.107395,15453.354393,2108.747672,none,0.4533784485,0.7466215515,0.5073954213,0.6926045787,531.7856613505,0.0,0.0,0.0,0.0,0.0,0.009335179,0.0046220576,0.0104167646,0.0,0.4533784485,0.0,1,KKT conditions numerically satisfied for barrier-golden solution
high_slow_penalty,1222,0.85,2805.566667,0.45,0.55,0.35,0.45,0.6,1.8,2B,1,1.153198,1.194551,15011.507166,2805.566509,deadline,0.5531977683,0.6468022317,0.5945512398,0.6054487602,0.0001572352,0.0,0.0,0.0,0.0,0.6385873824,0.2494764248,-0.2007671968,0.3202279717,0.0001004084,0.0001572352,0.0,1,KKT conditions numerically satisfied for barrier-golden solution
high_slow_penalty,1222,0.85,2805.566667,0.45,0.55,0.35,0.45,0.6,1.8,3B,1,1.053378,1.107395,15453.354393,2108.747933,none,0.4533782592,0.7466217408,0.5073953331,0.6926046669,696.8187336982,0.0,0.0,0.0,0.0,0.0,0.0078798735,0.0036708586,0.0086929632,0.0,0.4533782592,0.0,1,KKT conditions numerically satisfied for barrier-golden solution
high_slow_penalty,1222,0.9,2970.6,0.45,0.55,0.35,0.45,0.6,1.8,2B,1,1.083117,1.133076,14945.56202,2970.599445,deadline,0.4831167409,0.7168832591,0.5330756933,0.6669243067,0.0005551986,0.0,0.0,0.0,0.0,0.1782021348,0.1379019413,-0.1131876264,0.1784051125,9.89376e-05,0.0005551986,0.0,1,KKT conditions numerically satisfied for barrier-golden solution
high_slow_penalty,1222,0.9,2970.6,0.45,0.55,0.35,0.45,0.6,1.8,3B,1,1.053378,1.107395,15453.354393,2108.748098,none,0.4533781401,0.7466218599,0.5073952769,0.6926047231,861.8519020238,0.0,0.0,0.0,0.0,0.0,0.0069638174,0.003064746,0.0076083784,0.0,0.4533781401,0.0,1,KKT conditions numerically satisfied for barrier-golden solution
high_slow_penalty,1222,0.95,3135.633333,0.45,0.55,0.35,0.45,0.6,1.8,2B,1,1.053378,1.107395,14938.950121,3046.073141,none,0.4533776939,0.7466223061,0.5073949148,0.6926050852,89.5601921145,0.0,0.0,0.0,0.0,0.0,0.003415723,-0.0008116826,0.0035108393,0.0,0.4533776939,0.0,1,KKT conditions numerically satisfied for barrier-golden solution
high_slow_penalty,1222,0.95,3135.633333,0.45,0.55,0.35,0.45,0.6,1.8,3B,1,1.053378,1.107395,15453.354393,2108.748964,none,0.4533776329,0.7466223671,0.5073948843,0.6926051157,1026.8843697159,0.0,0.0,0.0,0.0,0.0,0.0030648822,-0.0011691545,0.0032803087,0.0,0.4533776329,0.0,1,KKT conditions numerically satisfied for barrier-golden solution
high_slow_penalty,1222,1.0,3300.666667,0.45,0.55,0.35,0.45,0.6,1.8,2B,1,1.053378,1.107395,14938.950121,3046.071771,none,0.45337811,0.74662189,0.5073954604,0.6926045396,254.5948951782,0.0,0.0,0.0,0.0,0.0,0.0065088512,0.004875931,0.0081326408,0.0,0.45337811,0.0,1,KKT conditions numerically satisfied for barrier-golden solution
high_slow_penalty,1222,1.0,3300.666667,0.45,0.55,0.35,0.45,0.6,1.8,3B,1,1.053378,1.107395,15453.354393,2108.748971,none,0.453377608,0.746622392,0.5073948977,0.6926051023,1191.9176953254,0.0,0.0,0.0,0.0,0.0,0.0028733438,-0.0010246948,0.0030505907,0.0,0.453377608,0.0,1,KKT conditions numerically satisfied for barrier-golden solution
high_slow_penalty,1222,1.05,3465.7,0.45,0.55,0.35,0.45,0.6,1.8,2B,1,1.053377,1.107395,14938.950121,3046.073573,none,0.4533774519,0.7466225481,0.5073948347,0.6926051653,419.6264272028,0.0,0.0,0.0,0.0,0.0,0.0016176599,-0.0016463809,0.0023081147,0.0,0.4533774519,0.0,1,KKT conditions numerically satisfied for barrier-golden solution
high_slow_penalty,1222,1.05,3465.7,0.45,0.55,0.35,0.45,0.6,1.8,3B,1,1.053378,1.107395,15453.354393,2108.748973,none,0.4533775901,0.7466224099,0.5073949112,0.6926050888,1356.9510272584,0.0,0.0,0.0,0.0,0.0,0.0027357011,-0.0008788532,0.0028734028,0.0,0.4533775901,0.0,1,KKT conditions numerically satisfied for barrier-golden solution
high_slow_penalty,1222,1.1,3630.733333,0.45,0.55,0.35,0.45,0.6,1.8,2B,1,1.053379,1.107396,14938.950121,3046.070841,none,0.4533787352,0.7466212648,0.5073955473,0.6926044527,584.6624924807,0.0,0.0,0.0,0.0,0.0,0.011155462,0.0057813863,0.0125645836,0.0,0.4533787352,0.0,1,KKT conditions numerically satisfied for barrier-golden solution
high_slow_penalty,1222,1.1,3630.733333,0.45,0.55,0.35,0.45,0.6,1.8,3B,1,1.053378,1.107395,15453.354393,2108.749009,none,0.4533775516,0.7466224484,0.5073949093,0.6926050907,1521.9843246058,0.0,0.0,0.0,0.0,0.0,0.0024395048,-0.0008989427,0.0025998619,0.0,0.4533775516,0.0,1,KKT conditions numerically satisfied for barrier-golden solution
high_slow_penalty,1222,1.15,3795.766667,0.45,0.55,0.35,0.45,0.6,1.8,2B,1,1.053379,1.107395,14938.950121,3046.071278,none,0.4533785142,0.7466214858,0.5073954465,0.6926045535,749.6953890079,0.0,0.0,0.0,0.0,0.0,0.0095123603,0.0047310975,0.0106239485,0.0,0.4533785142,0.0,1,KKT conditions numerically satisfied for barrier-golden solution
high_slow_penalty,1222,1.15,3795.766667,0.45,0.55,0.35,0.45,0.6,1.8,3B,1,1.053378,1.107395,15453.354393,2108.74901,none,0.4533775437,0.7466224563,0.5073949151,0.6926050849,1687.0176571601,0.0,0.0,0.0,0.0,0.0,0.0023790439,-0.0008365402,0.0025218345,0.0,0.4533775437,0.0,1,KKT conditions numerically satisfied for barrier-golden solution
high_slow_penalty,1222,1.2,3960.8,0.45,0.55,0.35,0.45,0.6,1.8,2B,1,1.053378,1.107395,14938.950121,3046.071579,none,0.4533783637,0.7466216363,0.5073953753,0.6926046247,914.7284210319,0.0,0.0,0.0,0.0,0.0,0.0083941067,0.0039889821,0.0092937078,0.0,0.4533783637,0.0,1,KKT conditions numerically satisfied for barrier-golden solution
high_slow_penalty,1222,1.2,3960.8,0.45,0.55,0.35,0.45,0.6,1.8,3B,1,1.053377,1.107395,15453.354393,2108.749208,none,0.4533774213,0.7466225787,0.5073948297,0.6926051703,1852.0507915789,0.0,0.0,0.0,0.0,0.0,0.0014379623,-0.0017569508,0.002270377,0.0,0.4533774213,0.0,1,KKT conditions numerically satisfied for barrier-golden solution
high_slow_penalty,1222,1.25,4125.833333,0.45,0.55,0.35,0.45,0.6,1.8,2B,1,1.053378,1.107395,14938.950121,3046.07178,none,0.4533782604,0.7466217396,0.5073953302,0.6926046698,1079.7615532551,0.0,0.0,0.0,0.0,0.0,0.0076261715,0.0035187113,0.0083987988,0.0,0.4533782604,0.0,1,KKT conditions numerically satisfied for barrier-golden solution
high_slow_penalty,1222,1.25,4125.833333,0.45,0.55,0.35,0.45,0.6,1.8,3B,1,1.053377,1.107395,15453.354393,2108.749206,none,0.4533774144,0.7466225856,0.5073948379,0.6926051621,2017.0841275852,0.0,0.0,0.0,0.0,0.0,0.0013852667,-0.0016686161,0.0021686963,0.0,0.4533774144,0.0,1,KKT conditions numerically satisfied for barrier-golden solution
high_slow_penalty,1222,1.3,4290.866667,0.45,0.55,0.35,0.45,0.6,1.8,2B,1,1.053378,1.107395,14938.950121,3046.07193,none,0.4533781859,0.7466218141,0.5073952942,0.6926047058,1244.7947362504,0.0,0.0,0.0,0.0,0.0,0.0070725361,0.0031434157,0.0077396272,0.0,0.4533781859,0.0,1,KKT conditions numerically satisfied for barrier-golden solution
high_slow_penalty,1222,1.3,4290.866667,0.45,0.55,0.35,0.45,0.6,1.8,3B,1,1.053377,1.107395,15453.354393,2108.749273,none,0.453377368,0.746622632,0.5073948135,0.6926051865,2182.1173938923,0.0,0.0,0.0,0.0,0.0,0.001028416,-0.0019325507,0.0021891532,0.0,0.453377368,0.0,1,KKT conditions numerically satisfied for barrier-golden solution
high_slow_penalty,1222,1.35,4455.9,0.45,0.55,0.35,0.45,0.6,1.8,2B,1,1.053378,1.107395,14938.950121,3046.072058,none,0.4533781202,0.7466218798,0.5073952657,0.6926047343,1409.8279419396,0.0,0.0,0.0,0.0,0.0,0.0065841845,0.0028460344,0.0071729629,0.0,0.4533781202,0.0,1,KKT conditions numerically satisfied for barrier-golden solution
high_slow_penalty,1222,1.35,4455.9,0.45,0.55,0.35,0.45,0.6,1.8,3B,1,1.053379,1.107396,15453.354393,2108.746972,none,0.4533790529,0.7466209471,0.5073955776,0.6926044224,2347.15302776,0.0,0.0,0.0,0.0,0.0,0.0139813423,0.0063070854,0.0153380982,0.0,0.4533790529,0.0,1,KKT conditions numerically satisfied for barrier-golden solution
high_slow_penalty,1222,1.4,4620.933333,0.45,0.55,0.35,0.45,0.6,1.8,2B,1,1.053378,1.107395,14938.950121,3046.073218,none,0.4533776559,0.7466223441,0.5073948965,0.6926051035,1574.8601155552,0.0,0.0,0.0,0.0,0.0,0.0031334575,-0.00100242,0.0032898938,0.0,0.4533776559,0.0,1,KKT conditions numerically satisfied for barrier-golden solution
high_slow_penalty,1222,1.4,4620.933333,0.45,0.55,0.35,0.45,0.6,1.8,3B,1,1.053379,1.107396,15453.354393,2108.747042,none,0.4533790043,0.7466209957,0.5073955525,0.6926044475,2512.1862915653,0.0,0.0,0.0,0.0,0.0,0.0136081629,0.0060367972,0.0148870755,0.0,0.4533790043,0.0,1,KKT conditions numerically satisfied for barrier-golden solution
high_slow_penalty,1222,1.5,4951.0,0.45,0.55,0.35,0.45,0.6,1.8,2B,1,1.053378,1.107395,14938.950121,3046.073261,none,0.4533776086,0.7466223914,0.5073949073,0.6926050927,1904.9267386162,0.0,0.0,0.0,0.0,0.0,0.0027823575,-0.0008897783,0.0029211673,0.0,0.4533776086,0.0,1,KKT conditions numerically satisfied for barrier-golden solution
high_slow_penalty,1222,1.5,4951.0,0.45,0.55,0.35,0.45,0.6,1.8,3B,1,1.053379,1.107396,15453.354393,2108.747108,none,0.4533789652,0.7466210348,0.5073955232,0.6926044768,2842.2528924972,0.0,0.0,0.0,0.0,0.0,0.0133074127,0.0057207189,0.0144849528,0.0,0.4533789652,0.0,1,KKT conditions numerically satisfied for barrier-golden solution
high_slow_penalty,2111,0.7,1368.733333,0.45,0.55,0.35,0.45,0.6,1.8,2B,1,1.421795,1.438858,8444.670944,1368.733297,deadline,0.8217951233,0.3782048767,0.8388579643,0.3611420357,3.6152e-05,0.0,0.0,0.0,0.0,2.6812609805,0.0729245041,-0.1120279924,0.13367219,9.6933e-05,3.6152e-05,0.0,1,KKT conditions numerically satisfied for barrier-golden solution
high_slow_penalty,2111,0.7,1368.733333,0.45,0.55,0.35,0.45,0.6,1.8,3B,1,1.053378,1.107396,8419.966718,1213.147753,none,0.4533779228,0.7466220772,0.5073959158,0.6926040842,155.5855800092,0.0,0.0,0.0,0.0,0.0,0.0040336318,0.0037929109,0.0055368185,0.0,0.4533779228,0.0,1,KKT conditions numerically satisfied for barrier-golden solution
high_slow_penalty,2111,0.75,1466.5,0.45,0.55,0.35,0.45,0.6,1.8,2B,1,1.323542,1.348295,8227.198265,1466.499947,deadline,0.7235420506,0.4764579494,0.7482950562,0.4517049438,5.3301e-05,0.0,0.0,0.0,0.0,1.8077962171,-0.0369295263,0.0574856429,0.0683256105,9.63574e-05,5.3301e-05,0.0,1,KKT conditions numerically satisfied for barrier-golden solution
high_slow_penalty,2111,0.75,1466.5,0.45,0.55,0.35,0.45,0.6,1.8,3B,1,1.053377,1.107395,8419.966718,1213.148514,none,0.4533771662,0.7466228338,0.5073953805,0.6926046195,253.3514858818,0.0,0.0,0.0,0.0,0.0,-0.0003989408,0.0015933917,0.0016425745,0.0,0.4533771662,0.0,1,KKT conditions numerically satisfied for barrier-golden solution
high_slow_penalty,2111,0.8,1564.266667,0.45,0.55,0.35,0.45,0.6,1.8,2B,1,1.237167,1.269757,8084.522655,1564.266581,deadline,0.6371670418,0.5628329582,0.6697566836,0.5302433164,8.60478e-05,0.0,0.0,0.0,0.0,1.1396756688,-0.0785964306,0.1241876513,0.146969288,9.80666e-05,8.60478e-05,0.0,1,KKT conditions numerically satisfied for barrier-golden solution
high_slow_penalty,2111,0.8,1564.266667,0.45,0.55,0.35,0.45,0.6,1.8,3B,1,1.053377,1.107395,8419.966718,1213.148615,none,0.4533770846,0.7466229154,0.5073952772,0.6926047228,351.1180511676,0.0,0.0,0.0,0.0,0.0,-0.0008767259,0.0011690518,0.0014612769,0.0,0.4533770846,0.0,1,KKT conditions numerically satisfied for barrier-golden solution
high_slow_penalty,2111,0.85,1662.033333,0.45,0.55,0.35,0.45,0.6,1.8,2B,1,1.160556,1.201178,7999.526585,1662.033172,deadline,0.5605564665,0.6394435335,0.6011775869,0.5988224131,0.0001609612,0.0,0.0,0.0,0.0,0.6201045758,-0.0914794533,0.1469930185,0.1731341614,9.98128e-05,0.0001609612,0.0,1,KKT conditions numerically satisfied for barrier-golden solution
high_slow_penalty,2111,0.85,1662.033333,0.45,0.55,0.35,0.45,0.6,1.8,3B,1,1.053378,1.107396,8419.966718,1213.147467,none,0.4533780581,0.7466219419,0.5073963654,0.6926036346,448.8858665058,0.0,0.0,0.0,0.0,0.0,0.0048264954,0.0056400275,0.007423272,0.0,0.4533780581,0.0,1,KKT conditions numerically satisfied for barrier-golden solution
high_slow_penalty,2111,0.9,1759.8,0.45,0.55,0.35,0.45,0.6,1.8,2B,1,1.092078,1.140938,7959.705828,1759.799526,deadline,0.4920784536,0.7079215464,0.5409381495,0.6590618505,0.0004736006,0.0,0.0,0.0,0.0,0.2101697718,-0.0699844968,0.1145802142,0.1342626355,9.95365e-05,0.0004736006,0.0,1,KKT conditions numerically satisfied for barrier-golden solution
high_slow_penalty,2111,0.9,1759.8,0.45,0.55,0.35,0.45,0.6,1.8,3B,1,1.053378,1.107396,8419.966718,1213.14758,none,0.4533779785,0.7466220215,0.5073962314,0.6926037686,546.6524200877,0.0,0.0,0.0,0.0,0.0,0.0043601398,0.005089284,0.006701614,0.0,0.4533779785,0.0,1,KKT conditions numerically satisfied for barrier-golden solution
high_slow_penalty,2111,0.95,1857.566667,0.45,0.55,0.35,0.45,0.6,1.8,2B,1,1.053378,1.107397,7953.518755,1820.030986,none,0.4533782886,0.7466217114,0.5073967391,0.6926032609,37.5356805416,0.0,0.0,0.0,0.0,0.0,0.005834683,0.0067777156,0.0089432072,0.0,0.4533782886,0.0,1,KKT conditions numerically satisfied for barrier-golden solution
high_slow_penalty,2111,0.95,1857.566667,0.45,0.55,0.35,0.45,0.6,1.8,3B,1,1.053378,1.107396,8419.966718,1213.147687,none,0.4533779037,0.7466220963,0.5073961027,0.6926038973,644.4189793381,0.0,0.0,0.0,0.0,0.0,0.0039219827,0.0045605414,0.0060150217,0.0,0.4533779037,0.0,1,KKT conditions numerically satisfied for barrier-golden solution
high_slow_penalty,2111,1.0,1955.333333,0.45,0.55,0.35,0.45,0.6,1.8,2B,1,1.053378,1.107397,7953.518755,1820.030991,none,0.4533783968,0.7466216032,0.5073965522,0.6926034478,135.3023424067,0.0,0.0,0.0,0.0,0.0,0.0064334583,0.0060523589,0.0088329177,0.0,0.4533783968,0.0,1,KKT conditions numerically satisfied for barrier-golden solution
high_slow_penalty,2111,1.0,1955.333333,0.45,0.55,0.35,0.45,0.6,1.8,3B,1,1.053378,1.107396,8419.966718,1213.147748,none,0.4533778585,0.7466221415,0.5073960339,0.6926039661,742.1855848958,0.0,0.0,0.0,0.0,0.0,0.0036571684,0.0042778162,0.0056280185,0.0,0.4533778585,0.0,1,KKT conditions numerically satisfied for barrier-golden solution
high_slow_penalty,2111,1.05,2053.1,0.45,0.55,0.35,0.45,0.6,1.8,2B,1,1.053378,1.107396,7953.518755,1820.031833,none,0.4533779576,0.7466220424,0.50739596,0.69260404,233.0681671056,0.0,0.0,0.0,0.0,0.0,0.004003173,0.0037543112,0.0054881916,0.0,0.4533779576,0.0,1,KKT conditions numerically satisfied for barrier-golden solution
high_slow_penalty,2111,1.05,2053.1,0.45,0.55,0.35,0.45,0.6,1.8,3B,1,1.053378,1.107396,8419.966718,1213.147807,none,0.4533778221,0.7466221779,0.5073959575,0.6926040425,839.9521934267,0.0,0.0,0.0,0.0,0.0,0.0034437116,0.0039641172,0.0052510356,0.0,0.4533778221,0.0,1,KKT conditions numerically satisfied for barrier-golden solution
high_slow_penalty,2111,1.1,2150.866667,0.45,0.55,0.35,0.45,0.6,1.8,2B,1,1.053378,1.107396,7953.518755,1820.032167,none,0.4533777822,0.7466222178,0.5073957275,0.6926042725,330.8344999941,0.0,0.0,0.0,0.0,0.0,0.0030324428,0.0028517927,0.0041627432,0.0,0.4533777822,0.0,1,KKT conditions numerically satisfied for barrier-golden solution
high_slow_penalty,2111,1.1,2150.866667,0.45,0.55,0.35,0.45,0.6,1.8,3B,1,1.053378,1.107396,8419.966718,1213.147862,none,0.4533777796,0.7466222204,0.5073958966,0.6926041034,937.7188042669,0.0,0.0,0.0,0.0,0.0,0.003194707,0.0037140652,0.0048990237,0.0,0.4533777796,0.0,1,KKT conditions numerically satisfied for barrier-golden solution
high_slow_penalty,2111,1.15,2248.633333,0.45,0.55,0.35,0.45,0.6,1.8,2B,1,1.053377,1.107395,7953.518755,1820.033052,none,0.4533771669,0.7466228331,0.5073953594,0.6926046406,428.6002813349,0.0,0.0,0.0,0.0,0.0,-0.0003725386,0.0014230884,0.0014710423,0.0,0.4533771669,0.0,1,KKT conditions numerically satisfied for barrier-golden solution
high_slow_penalty,2111,1.15,2248.633333,0.45,0.55,0.35,0.45,0.6,1.8,3B,1,1.053378,1.107396,8419.966718,1213.147892,none,0.4533777601,0.7466222399,0.5073958582,0.6926041418,1035.485440883,0.0,0.0,0.0,0.0,0.0,0.0030806536,0.0035562337,0.0047050212,0.0,0.4533777601,0.0,1,KKT conditions numerically satisfied for barrier-golden solution
high_slow_penalty,2111,1.2,2346.4,0.45,0.55,0.35,0.45,0.6,1.8,2B,1,1.053377,1.107395,7953.518755,1820.033182,none,0.4533770822,0.7466229178,0.5073952953,0.6926047047,526.3668176125,0.0,0.0,0.0,0.0,0.0,-0.0008413067,0.0011746421,0.0014448464,0.0,0.4533770822,0.0,1,KKT conditions numerically satisfied for barrier-golden solution
high_slow_penalty,2111,1.2,2346.4,0.45,0.55,0.35,0.45,0.6,1.8,3B,1,1.053378,1.107396,8419.966718,1213.147919,none,0.4533777399,0.7466222601,0.5073958292,0.6926041708,1133.2520809909,0.0,0.0,0.0,0.0,0.0,0.0029623046,0.0034371443,0.0045375334,0.0,0.4533777399,0.0,1,KKT conditions numerically satisfied for barrier-golden solution
high_slow_penalty,2111,1.25,2444.166667,0.45,0.55,0.35,0.45,0.6,1.8,2B,1,1.053378,1.107397,7953.518755,1820.031249,none,0.4533781647,0.7466218353,0.5073965318,0.6926034682,624.1354174168,0.0,0.0,0.0,0.0,0.0,0.0051493307,0.0059733527,0.0078864789,0.0,0.4533781647,0.0,1,KKT conditions numerically satisfied for barrier-golden solution
high_slow_penalty,2111,1.25,2444.166667,0.45,0.55,0.35,0.45,0.6,1.8,3B,1,1.053378,1.107396,8419.966718,1213.147933,none,0.4533777285,0.7466222715,0.507395816,0.692604184,1231.0187340212,0.0,0.0,0.0,0.0,0.0,0.0028956302,0.0033828693,0.004452918,0.0,0.4533777285,0.0,1,KKT conditions numerically satisfied for barrier-golden solution
high_slow_penalty,2111,1.3,2541.933333,0.45,0.55,0.35,0.45,0.6,1.8,2B,1,1.053378,1.107396,7953.518755,1820.031419,none,0.4533780827,0.7466219173,0.5073964014,0.6926035986,721.9019141845,0.0,0.0,0.0,0.0,0.0,0.0046952847,0.0054673663,0.0072067879,0.0,0.4533780827,0.0,1,KKT conditions numerically satisfied for barrier-golden solution
high_slow_penalty,2111,1.3,2541.933333,0.45,0.55,0.35,0.45,0.6,1.8,3B,1,1.053378,1.107396,8419.966718,1213.147953,none,0.453377715,0.746622285,0.5073957912,0.6926042088,1328.7853805704,0.0,0.0,0.0,0.0,0.0,0.002816222,0.0032807603,0.004323713,0.0,0.453377715,0.0,1,KKT conditions numerically satisfied for barrier-golden solution
high_slow_penalty,2111,1.35,2639.7,0.45,0.55,0.35,0.45,0.6,1.8,2B,1,1.053378,1.107396,7953.518755,1820.031576,none,0.4533780103,0.7466219897,0.5073962753,0.6926037247,819.6684238979,0.0,0.0,0.0,0.0,0.0,0.0042948017,0.0049778837,0.0065745455,0.0,0.4533780103,0.0,1,KKT conditions numerically satisfied for barrier-golden solution
high_slow_penalty,2111,1.35,2639.7,0.45,0.55,0.35,0.45,0.6,1.8,3B,1,1.053378,1.107396,8419.966718,1213.14796,none,0.4533777081,0.7466222919,0.5073957864,0.6926042136,1426.5520403884,0.0,0.0,0.0,0.0,0.0,0.0027760244,0.0032613042,0.0042828047,0.0,0.4533777081,0.0,1,KKT conditions numerically satisfied for barrier-golden solution
high_slow_penalty,2111,1.4,2737.466667,0.45,0.55,0.35,0.45,0.6,1.8,2B,1,1.053378,1.107396,7953.518755,1820.031687,none,0.4533779583,0.7466220417,0.5073961873,0.6926038127,917.4349794625,0.0,0.0,0.0,0.0,0.0,0.0040071322,0.0046362561,0.006127967,0.0,0.4533779583,0.0,1,KKT conditions numerically satisfied for barrier-golden solution
high_slow_penalty,2111,1.4,2737.466667,0.45,0.55,0.35,0.45,0.6,1.8,3B,1,1.053378,1.107396,8419.966718,1213.147992,none,0.4533776869,0.7466223131,0.5073957451,0.6926042549,1524.318674539,0.0,0.0,0.0,0.0,0.0,0.00265173,0.0030915513,0.0040730039,0.0,0.4533776869,0.0,1,KKT conditions numerically satisfied for barrier-golden solution
high_slow_penalty,2111,1.5,2933.0,0.45,0.55,0.35,0.45,0.6,1.8,2B,1,1.053378,1.107396,7953.518755,1820.03183,none,0.4533778893,0.7466221107,0.5073960785,0.6926039215,1112.9681704069,0.0,0.0,0.0,0.0,0.0,0.0036250617,0.0042139933,0.00555867,0.0,0.4533778893,0.0,1,KKT conditions numerically satisfied for barrier-golden solution
high_slow_penalty,2111,1.5,2933.0,0.45,0.55,0.35,0.45,0.6,1.8,3B,1,1.053378,1.107396,8419.966718,1213.148002,none,0.4533776782,0.7466223218,0.5073957363,0.6926042637,1719.8519979958,0.0,0.0,0.0,0.0,0.0,0.0026008086,0.0030552987,0.0040123628,0.0,0.4533776782,0.0,1,KKT conditions numerically satisfied for barrier-golden solution
high_slow_penalty,2112,0.7,1703.1,0.45,0.55,0.35,0.45,0.6,1.8,2B,1,1.420014,1.437233,12486.065066,1703.099969,deadline,0.82001397,0.37998603,0.8372327052,0.3627672948,3.11145e-05,0.0,0.0,0.0,0.0,3.1719050511,0.0479400964,-0.0491097645,0.0686295987,9.86923e-05,3.11145e-05,0.0,1,KKT conditions numerically satisfied for barrier-golden solution
high_slow_penalty,2112,0.7,1703.1,0.45,0.55,0.35,0.45,0.6,1.8,3B,1,1.053378,1.107396,12317.003544,1522.937623,none,0.4533779588,0.7466220412,0.5073955252,0.6926044748,180.1623768345,0.0,0.0,0.0,0.0,0.0,0.0051773991,0.0040028753,0.0065443466,0.0,0.4533779588,0.0,1,KKT conditions numerically satisfied for barrier-golden solution
high_slow_penalty,2112,0.75,1824.75,0.45,0.55,0.35,0.45,0.6,1.8,2B,1,1.321013,1.345885,12166.692256,1824.749954,deadline,0.7210134388,0.4789865612,0.745885252,0.454114748,4.56241e-05,0.0,0.0,0.0,0.0,2.1269047223,0.2619932573,-0.2719516583,0.3776217305,9.70381e-05,4.56241e-05,0.0,1,KKT conditions numerically satisfied for barrier-golden solution
high_slow_penalty,2112,0.75,1824.75,0.45,0.55,0.35,0.45,0.6,1.8,3B,1,1.053377,1.107395,12317.003544,1522.938453,none,0.4533773127,0.7466226873,0.5073950011,0.6926049989,301.8115467922,0.0,0.0,0.0,0.0,0.0,0.0005607194,6.34105e-05,0.0005642935,0.0,0.4533773127,0.0,1,KKT conditions numerically satisfied for barrier-golden solution
high_slow_penalty,2112,0.8,1946.4,0.45,0.55,0.35,0.45,0.6,1.8,2B,1,1.233796,1.266635,11958.668555,1946.399927,deadline,0.6337963045,0.5662036955,0.6666350689,0.5333649311,7.32506e-05,0.0,0.0,0.0,0.0,1.3276032265,0.1280181508,-0.1349235115,0.1859919377,9.72477e-05,7.32506e-05,0.0,1,KKT conditions numerically satisfied for barrier-golden solution
high_slow_penalty,2112,0.8,1946.4,0.45,0.55,0.35,0.45,0.6,1.8,3B,1,1.053378,1.107396,12317.003544,1522.937152,none,0.4533783737,0.7466216263,0.5073957701,0.6926042299,423.4628484244,0.0,0.0,0.0,0.0,0.0,0.0081421729,0.0058437108,0.0100221722,0.0,0.4533783737,0.0,1,KKT conditions numerically satisfied for barrier-golden solution
high_slow_penalty,2112,0.85,2068.05,0.45,0.55,0.35,0.45,0.6,1.8,2B,1,1.156327,1.197329,11836.505395,2068.049858,deadline,0.5563270482,0.6436729518,0.5973285508,0.6026714492,0.0001423672,0.0,0.0,0.0,0.0,0.7060563497,0.1609292882,-0.1725442132,0.2359443607,0.0001005193,0.0001423672,0.0,1,KKT conditions numerically satisfied for barrier-golden solution
high_slow_penalty,2112,0.85,2068.05,0.45,0.55,0.35,0.45,0.6,1.8,3B,1,1.053378,1.107396,12317.003544,1522.937348,none,0.4533782178,0.7466217822,0.5073956497,0.6926043503,545.1126522404,0.0,0.0,0.0,0.0,0.0,0.0070286074,0.0049386368,0.0085901953,0.0,0.4533782178,0.0,1,KKT conditions numerically satisfied for barrier-golden solution
high_slow_penalty,2112,0.9,2189.7,0.45,0.55,0.35,0.45,0.6,1.8,2B,1,1.086925,1.136399,11781.581988,2189.699537,deadline,0.4869250249,0.7130749751,0.5363985553,0.6636014447,0.0004631152,0.0,0.0,0.0,0.0,0.2157209552,0.0498881727,-0.0545330473,0.0739099657,9.99037e-05,0.0004631152,0.0,1,KKT conditions numerically satisfied for barrier-golden solution
high_slow_penalty,2112,0.9,2189.7,0.45,0.55,0.35,0.45,0.6,1.8,3B,1,1.053378,1.107396,12317.003544,1522.937476,none,0.4533781153,0.7466218847,0.5073955713,0.6926044287,666.7625237434,0.0,0.0,0.0,0.0,0.0,0.0062961151,0.0043494646,0.0076523792,0.0,0.4533781153,0.0,1,KKT conditions numerically satisfied for barrier-golden solution
high_slow_penalty,2112,0.95,2311.35,0.45,0.55,0.35,0.45,0.6,1.8,2B,1,1.053378,1.107396,11774.845691,2253.379269,none,0.4533781469,0.7466218531,0.5073956809,0.6926043191,57.9707314438,0.0,0.0,0.0,0.0,0.0,0.0062348555,0.004945901,0.0079583516,0.0,0.4533781469,0.0,1,KKT conditions numerically satisfied for barrier-golden solution
high_slow_penalty,2112,0.95,2311.35,0.45,0.55,0.35,0.45,0.6,1.8,3B,1,1.053378,1.107396,12317.003544,1522.937582,none,0.4533780306,0.7466219694,0.5073955067,0.6926044933,788.4124176389,0.0,0.0,0.0,0.0,0.0,0.0056904773,0.0038638873,0.0068783106,0.0,0.4533780306,0.0,1,KKT conditions numerically satisfied for barrier-golden solution
high_slow_penalty,2112,1.0,2433.0,0.45,0.55,0.35,0.45,0.6,1.8,2B,1,1.053378,1.107396,11774.845691,2253.378989,none,0.4533783022,0.7466216978,0.5073957907,0.6926042093,179.6210105893,0.0,0.0,0.0,0.0,0.0,0.0072957231,0.0057347608,0.0092798199,0.0,0.4533783022,0.0,1,KKT conditions numerically satisfied for barrier-golden solution
high_slow_penalty,2112,1.0,2433.0,0.45,0.55,0.35,0.45,0.6,1.8,3B,1,1.053378,1.107395,12317.003544,1522.937647,none,0.4533779795,0.7466220205,0.5073954672,0.6926045328,910.0623532968,0.0,0.0,0.0,0.0,0.0,0.0053251552,0.0035671769,0.0064095264,0.0,0.4533779795,0.0,1,KKT conditions numerically satisfied for barrier-golden solution
high_slow_penalty,2112,1.05,2554.65,0.45,0.55,0.35,0.45,0.6,1.8,2B,1,1.053377,1.107395,11774.845691,2253.380596,none,0.453377459,0.746622541,0.5073951036,0.6926048964,301.2694044818,0.0,0.0,0.0,0.0,0.0,0.0015349784,0.0007970136,0.0017295634,0.0,0.453377459,0.0,1,KKT conditions numerically satisfied for barrier-golden solution
high_slow_penalty,2112,1.05,2554.65,0.45,0.55,0.35,0.45,0.6,1.8,3B,1,1.053378,1.107395,12317.003544,1522.937706,none,0.4533779317,0.7466220683,0.5073954313,0.6926045687,1031.7122937846,0.0,0.0,0.0,0.0,0.0,0.0049836919,0.0032968841,0.0059755024,0.0,0.4533779317,0.0,1,KKT conditions numerically satisfied for barrier-golden solution
high_slow_penalty,2112,1.1,2676.3,0.45,0.55,0.35,0.45,0.6,1.8,2B,1,1.053377,1.107395,11774.845691,2253.380681,none,0.4533774064,0.7466225936,0.5073950755,0.6926049245,422.9193189529,0.0,0.0,0.0,0.0,0.0,0.0011759332,0.0005948391,0.0013178211,0.0,0.4533774064,0.0,1,KKT conditions numerically satisfied for barrier-golden solution
high_slow_penalty,2112,1.1,2676.3,0.45,0.55,0.35,0.45,0.6,1.8,3B,1,1.053378,1.107395,12317.003544,1522.93774,none,0.4533779046,0.7466220954,0.5073954103,0.6926045897,1153.3622596497,0.0,0.0,0.0,0.0,0.0,0.0047901987,0.003139103,0.0057271259,0.0,0.4533779046,0.0,1,KKT conditions numerically satisfied for barrier-golden solution
high_slow_penalty,2112,1.15,2797.95,0.45,0.55,0.35,0.45,0.6,1.8,2B,1,1.053379,1.107396,11774.845691,2253.378583,none,0.4533785638,0.7466214362,0.5073959112,0.6926040888,544.5714169511,0.0,0.0,0.0,0.0,0.0,0.0090827944,0.0066009337,0.0112280666,0.0,0.4533785638,0.0,1,KKT conditions numerically satisfied for barrier-golden solution
high_slow_penalty,2112,1.15,2797.95,0.45,0.55,0.35,0.45,0.6,1.8,3B,1,1.053378,1.107395,12317.003544,1522.937775,none,0.4533778774,0.7466221226,0.5073953893,0.6926046107,1275.0122254127,0.0,0.0,0.0,0.0,0.0,0.0045958001,0.00298123,0.0054780572,0.0,0.4533778774,0.0,1,KKT conditions numerically satisfied for barrier-golden solution
high_slow_penalty,2112,1.2,2919.6,0.45,0.55,0.35,0.45,0.6,1.8,2B,1,1.053378,1.107396,11774.845691,2253.378893,none,0.4533783968,0.7466216032,0.5073957832,0.6926042168,666.2211068671,0.0,0.0,0.0,0.0,0.0,0.0079417951,0.0056811058,0.0097645826,0.0,0.4533783968,0.0,1,KKT conditions numerically satisfied for barrier-golden solution
high_slow_penalty,2112,1.2,2919.6,0.45,0.55,0.35,0.45,0.6,1.8,3B,1,1.053377,1.107395,12317.003544,1522.938265,none,0.4533774773,0.7466225227,0.5073950997,0.6926049003,1396.6617348174,0.0,0.0,0.0,0.0,0.0,0.0017365789,0.0008045807,0.0019139113,0.0,0.4533774773,0.0,1,KKT conditions numerically satisfied for barrier-golden solution
high_slow_penalty,2112,1.25,3041.25,0.45,0.55,0.35,0.45,0.6,1.8,2B,1,1.053378,1.107396,11774.845691,2253.379122,none,0.4533782733,0.7466217267,0.5073956887,0.6926043113,787.8708776589,0.0,0.0,0.0,0.0,0.0,0.0070979771,0.0050016662,0.008683199,0.0,0.4533782733,0.0,1,KKT conditions numerically satisfied for barrier-golden solution
high_slow_penalty,2112,1.25,3041.25,0.45,0.55,0.35,0.45,0.6,1.8,3B,1,1.053377,1.107395,12317.003544,1522.938274,none,0.4533774702,0.7466225298,0.5073950949,0.6926049051,1518.3117263477,0.0,0.0,0.0,0.0,0.0,0.0016858877,0.0007685478,0.0018528041,0.0,0.4533774702,0.0,1,KKT conditions numerically satisfied for barrier-golden solution
high_slow_penalty,2112,1.3,3162.9,0.45,0.55,0.35,0.45,0.6,1.8,2B,1,1.053378,1.107396,11774.845691,2253.379277,none,0.4533781903,0.7466218097,0.5073956244,0.6926043756,909.5207229663,0.0,0.0,0.0,0.0,0.0,0.0065312333,0.004539917,0.0079541093,0.0,0.4533781903,0.0,1,KKT conditions numerically satisfied for barrier-golden solution
high_slow_penalty,2112,1.3,3162.9,0.45,0.55,0.35,0.45,0.6,1.8,3B,1,1.053377,1.107395,12317.003544,1522.938298,none,0.4533774487,0.7466225513,0.5073950823,0.6926049177,1639.9617019907,0.0,0.0,0.0,0.0,0.0,0.0015323687,0.000673927,0.0016740166,0.0,0.4533774487,0.0,1,KKT conditions numerically satisfied for barrier-golden solution
high_slow_penalty,2112,1.35,3284.55,0.45,0.55,0.35,0.45,0.6,1.8,2B,1,1.053378,1.107396,11774.845691,2253.379398,none,0.4533781251,0.7466218749,0.5073955745,0.6926044255,1031.1706018766,0.0,0.0,0.0,0.0,0.0,0.0060855168,0.0041808923,0.0073833173,0.0,0.4533781251,0.0,1,KKT conditions numerically satisfied for barrier-golden solution
high_slow_penalty,2112,1.35,3284.55,0.45,0.55,0.35,0.45,0.6,1.8,3B,1,1.053377,1.107395,12317.003544,1522.938291,none,0.4533774542,0.7466225458,0.5073950867,0.6926049133,1761.6117089389,0.0,0.0,0.0,0.0,0.0,0.0015714117,0.000706443,0.0017229035,0.0,0.4533774542,0.0,1,KKT conditions numerically satisfied for barrier-golden solution
high_slow_penalty,2112,1.4,3406.2,0.45,0.55,0.35,0.45,0.6,1.8,2B,1,1.053378,1.107396,11774.845691,2253.379496,none,0.4533780719,0.7466219281,0.5073955345,0.6926044655,1152.8205039673,0.0,0.0,0.0,0.0,0.0,0.0057221758,0.0038940244,0.0069214682,0.0,0.4533780719,0.0,1,KKT conditions numerically satisfied for barrier-golden solution
high_slow_penalty,2112,1.4,3406.2,0.45,0.55,0.35,0.45,0.6,1.8,3B,1,1.053377,1.107395,12317.003544,1522.938296,none,0.4533774501,0.7466225499,0.5073950838,0.6926049162,1883.2617040153,0.0,0.0,0.0,0.0,0.0,0.0015423083,0.0006850725,0.0016876135,0.0,0.4533774501,0.0,1,KKT conditions numerically satisfied for barrier-golden solution
high_slow_penalty,2112,1.5,3649.5,0.45,0.55,0.35,0.45,0.6,1.8,2B,1,1.053378,1.107395,11774.845691,2253.379639,none,0.4533779949,0.7466220051,0.5073954753,0.6926045247,1396.1203607678,0.0,0.0,0.0,0.0,0.0,0.00519596,0.0034684168,0.0062472327,0.0,0.4533779949,0.0,1,KKT conditions numerically satisfied for barrier-golden solution
high_slow_penalty,2112,1.5,3649.5,0.45,0.55,0.35,0.45,0.6,1.8,3B,1,1.053377,1.107395,12317.003544,1522.938302,none,0.4533774443,0.7466225557,0.5073950807,0.6926049193,2126.5616976752,0.0,0.0,0.0,0.0,0.0,0.0015010905,0.000661904,0.0016405455,0.0,0.4533774443,0.0,1,KKT conditions numerically satisfied for barrier-golden solution
high_slow_penalty,2121,0.7,1801.1,0.45,0.55,0.35,0.45,0.6,1.8,2B,1,1.420101,1.437143,11045.635974,1801.099959,deadline,0.8201011215,0.3798988785,0.8371434513,0.3628565487,4.09492e-05,0.0,0.0,0.0,0.0,2.6532857644,0.5831038287,-0.5971832152,0.8346483496,0.00010865,4.09492e-05,0.0,1,KKT conditions numerically satisfied for barrier-golden solution
high_slow_penalty,2121,0.7,1801.1,0.45,0.55,0.35,0.45,0.6,1.8,3B,1,1.053378,1.107396,10897.240111,1617.098412,none,0.4533780828,0.7466219172,0.5073956171,0.6926043829,184.0015880386,0.0,0.0,0.0,0.0,0.0,0.0053645913,0.0041525471,0.0067839876,0.0,0.4533780828,0.0,1,KKT conditions numerically satisfied for barrier-golden solution
high_slow_penalty,2121,0.75,1929.75,0.45,0.55,0.35,0.45,0.6,1.8,2B,1,1.320986,1.345914,10763.106881,1929.749942,deadline,0.7209859007,0.4790140993,0.745913852,0.454086148,5.81814e-05,0.0,0.0,0.0,0.0,1.7791681333,0.0608116169,-0.0631283899,0.0876541292,0.0001035145,5.81814e-05,0.0,1,KKT conditions numerically satisfied for barrier-golden solution
high_slow_penalty,2121,0.75,1929.75,0.45,0.55,0.35,0.45,0.6,1.8,3B,1,1.053377,1.107395,10897.240111,1617.0993,none,0.4533774305,0.7466225695,0.507395091,0.692604909,312.6507003698,0.0,0.0,0.0,0.0,0.0,0.0012406763,0.0006540626,0.0014025247,0.0,0.4533774305,0.0,1,KKT conditions numerically satisfied for barrier-golden solution
high_slow_penalty,2121,0.8,2058.4,0.45,0.55,0.35,0.45,0.6,1.8,2B,1,1.233806,1.266625,10579.081409,2058.399914,deadline,0.6338061529,0.5661938471,0.6666247005,0.5333752995,8.62568e-05,0.0,0.0,0.0,0.0,1.1105420625,0.174361295,-0.183760485,0.253317542,9.57918e-05,8.62568e-05,0.0,1,KKT conditions numerically satisfied for barrier-golden solution
high_slow_penalty,2121,0.8,2058.4,0.45,0.55,0.35,0.45,0.6,1.8,3B,1,1.053379,1.107396,10897.240111,1617.097841,none,0.4533785558,0.7466214442,0.5073958965,0.6926041035,441.3021590838,0.0,0.0,0.0,0.0,0.0,0.0083548444,0.0060110052,0.0102925025,0.0,0.4533785558,0.0,1,KKT conditions numerically satisfied for barrier-golden solution
high_slow_penalty,2121,0.85,2187.05,0.45,0.55,0.35,0.45,0.6,1.8,2B,1,1.15631,1.197346,10471.011344,2187.049835,deadline,0.5563103534,0.6436896466,0.5973464674,0.6026535326,0.000165261,0.0,0.0,0.0,0.0,0.5906211589,0.0386136282,-0.0414029663,0.0566146439,9.76066e-05,0.000165261,0.0,1,KKT conditions numerically satisfied for barrier-golden solution
high_slow_penalty,2121,0.85,2187.05,0.45,0.55,0.35,0.45,0.6,1.8,3B,1,1.053378,1.107396,10897.240111,1617.098092,none,0.4533783678,0.7466216322,0.5073957513,0.6926042487,569.9519078507,0.0,0.0,0.0,0.0,0.0,0.0071667151,0.0050452064,0.0087644688,0.0,0.4533783678,0.0,1,KKT conditions numerically satisfied for barrier-golden solution
high_slow_penalty,2121,0.9,2315.7,0.45,0.55,0.35,0.45,0.6,1.8,2B,1,1.086921,1.136403,10422.424068,2315.699446,deadline,0.4869211529,0.7130788471,0.5364028525,0.6635971475,0.0005541742,0.0,0.0,0.0,0.0,0.1804520013,0.0198666832,-0.0217167042,0.0294329805,0.0001000018,0.0005541742,0.0,1,KKT conditions numerically satisfied for barrier-golden solution
high_slow_penalty,2121,0.9,2315.7,0.45,0.55,0.35,0.45,0.6,1.8,3B,1,1.053378,1.107396,10897.240111,1617.098271,none,0.4533782332,0.7466217668,0.5073956486,0.6926043514,698.6017288053,0.0,0.0,0.0,0.0,0.0,0.0063153432,0.0043622998,0.0076754947,0.0,0.4533782332,0.0,1,KKT conditions numerically satisfied for barrier-golden solution
high_slow_penalty,2121,0.95,2444.35,0.45,0.55,0.35,0.45,0.6,1.8,2B,1,1.053378,1.107396,10416.464879,2383.043268,none,0.4533782704,0.7466217296,0.5073957746,0.6926042254,61.3067321711,0.0,0.0,0.0,0.0,0.0,0.0062617783,0.0049707669,0.0079948978,0.0,0.4533782704,0.0,1,KKT conditions numerically satisfied for barrier-golden solution
high_slow_penalty,2121,0.95,2444.35,0.45,0.55,0.35,0.45,0.6,1.8,3B,1,1.053378,1.107396,10897.240111,1617.098397,none,0.4533781381,0.7466218619,0.5073955769,0.6926044231,827.2516029718,0.0,0.0,0.0,0.0,0.0,0.0057143326,0.0038854487,0.0069101598,0.0,0.4533781381,0.0,1,KKT conditions numerically satisfied for barrier-golden solution
high_slow_penalty,2121,1.0,2573.0,0.45,0.55,0.35,0.45,0.6,1.8,2B,1,1.053378,1.107396,10416.464879,2383.042921,none,0.4533784528,0.7466215472,0.5073959032,0.6926040968,189.9570786235,0.0,0.0,0.0,0.0,0.0,0.0073643035,0.0057884418,0.0093669111,0.0,0.4533784528,0.0,1,KKT conditions numerically satisfied for barrier-golden solution
high_slow_penalty,2121,1.0,2573.0,0.45,0.55,0.35,0.45,0.6,1.8,3B,1,1.053378,1.107396,10897.240111,1617.098477,none,0.4533780779,0.7466219221,0.5073955307,0.6926044693,955.9015227238,0.0,0.0,0.0,0.0,0.0,0.0053338074,0.0035781397,0.0064228175,0.0,0.4533780779,0.0,1,KKT conditions numerically satisfied for barrier-golden solution
high_slow_penalty,2121,1.05,2701.65,0.45,0.55,0.35,0.45,0.6,1.8,2B,1,1.053378,1.107396,10416.464879,2383.043779,none,0.4533780186,0.7466219814,0.5073955653,0.6926044347,318.6062207067,0.0,0.0,0.0,0.0,0.0,0.004739955,0.0036406095,0.0059767224,0.0,0.4533780186,0.0,1,KKT conditions numerically satisfied for barrier-golden solution
high_slow_penalty,2121,1.05,2701.65,0.45,0.55,0.35,0.45,0.6,1.8,3B,1,1.053378,1.107395,10897.240111,1617.098557,none,0.4533780177,0.7466219823,0.5073954857,0.6926045143,1084.5514433123,0.0,0.0,0.0,0.0,0.0,0.0049530465,0.0032789189,0.0059400318,0.0,0.4533780177,0.0,1,KKT conditions numerically satisfied for barrier-golden solution
high_slow_penalty,2121,1.1,2830.3,0.45,0.55,0.35,0.45,0.6,1.8,2B,1,1.053377,1.107395,10416.464879,2383.044933,none,0.4533774462,0.7466225538,0.5073950986,0.6926049014,447.2550674773,0.0,0.0,0.0,0.0,0.0,0.0012809261,0.0006736083,0.0014472456,0.0,0.4533774462,0.0,1,KKT conditions numerically satisfied for barrier-golden solution
high_slow_penalty,2121,1.1,2830.3,0.45,0.55,0.35,0.45,0.6,1.8,3B,1,1.053378,1.107395,10897.240111,1617.098601,none,0.4533779849,0.7466220151,0.5073954601,0.6926045399,1213.2013992784,0.0,0.0,0.0,0.0,0.0,0.0047454334,0.0031089077,0.0056731337,0.0,0.4533779849,0.0,1,KKT conditions numerically satisfied for barrier-golden solution
high_slow_penalty,2121,1.15,2958.95,0.45,0.55,0.35,0.45,0.6,1.8,2B,1,1.053377,1.107395,10416.464879,2383.045167,none,0.4533773251,0.7466226749,0.5073950093,0.6926049907,575.9048333437,0.0,0.0,0.0,0.0,0.0,0.0005492388,0.0001054393,0.000559268,0.0,0.4533773251,0.0,1,KKT conditions numerically satisfied for barrier-golden solution
high_slow_penalty,2121,1.15,2958.95,0.45,0.55,0.35,0.45,0.6,1.8,3B,1,1.053378,1.107395,10897.240111,1617.098625,none,0.4533779675,0.7466220325,0.5073954448,0.6926045552,1341.8513746984,0.0,0.0,0.0,0.0,0.0,0.004635772,0.0030067647,0.0055254878,0.0,0.4533779675,0.0,1,KKT conditions numerically satisfied for barrier-golden solution
high_slow_penalty,2121,1.2,3087.6,0.45,0.55,0.35,0.45,0.6,1.8,2B,1,1.053379,1.107396,10416.464879,2383.042851,none,0.4533785367,0.7466214633,0.5073958772,0.6926041228,704.5571485444,0.0,0.0,0.0,0.0,0.0,0.0078711484,0.0056228977,0.0096732598,0.0,0.4533785367,0.0,1,KKT conditions numerically satisfied for barrier-golden solution
high_slow_penalty,2121,1.2,3087.6,0.45,0.55,0.35,0.45,0.6,1.8,3B,1,1.053378,1.107395,10897.240111,1617.098669,none,0.4533779341,0.7466220659,0.5073954202,0.6926045798,1470.5013308668,0.0,0.0,0.0,0.0,0.0,0.004424428,0.0028429812,0.0052590974,0.0,0.4533779341,0.0,1,KKT conditions numerically satisfied for barrier-golden solution
high_slow_penalty,2121,1.25,3216.25,0.45,0.55,0.35,0.45,0.6,1.8,2B,1,1.053378,1.107396,10416.464879,2383.043096,none,0.4533784122,0.7466215878,0.5073957814,0.6926042186,833.206903673,0.0,0.0,0.0,0.0,0.0,0.0071185299,0.0050139929,0.0087071002,0.0,0.4533784122,0.0,1,KKT conditions numerically satisfied for barrier-golden solution
high_slow_penalty,2121,1.25,3216.25,0.45,0.55,0.35,0.45,0.6,1.8,3B,1,1.053378,1.107395,10897.240111,1617.098704,none,0.4533779077,0.7466220923,0.5073954002,0.6926045998,1599.151295957,0.0,0.0,0.0,0.0,0.0,0.0042578861,0.0027104622,0.0050473953,0.0,0.4533779077,0.0,1,KKT conditions numerically satisfied for barrier-golden solution
high_slow_penalty,2121,1.3,3344.9,0.45,0.55,0.35,0.45,0.6,1.8,2B,1,1.053378,1.107396,10416.464879,2383.043295,none,0.4533783106,0.7466216894,0.5073957041,0.6926042959,961.8567048094,0.0,0.0,0.0,0.0,0.0,0.0065044688,0.0045228048,0.0079223656,0.0,0.4533783106,0.0,1,KKT conditions numerically satisfied for barrier-golden solution
high_slow_penalty,2121,1.3,3344.9,0.45,0.55,0.35,0.45,0.6,1.8,3B,1,1.053378,1.107395,10897.240111,1617.09873,none,0.4533778876,0.7466221124,0.5073953858,0.6926046142,1727.8012698649,0.0,0.0,0.0,0.0,0.0,0.0041307342,0.0026145263,0.004888631,0.0,0.4533778876,0.0,1,KKT conditions numerically satisfied for barrier-golden solution
high_slow_penalty,2121,1.35,3473.55,0.45,0.55,0.35,0.45,0.6,1.8,2B,1,1.053378,1.107396,10416.464879,2383.043445,none,0.4533782341,0.7466217659,0.5073956458,0.6926043542,1090.5065549119,0.0,0.0,0.0,0.0,0.0,0.0060421565,0.004151923,0.0073311746,0.0,0.4533782341,0.0,1,KKT conditions numerically satisfied for barrier-golden solution
high_slow_penalty,2121,1.35,3473.55,0.45,0.55,0.35,0.45,0.6,1.8,3B,1,1.053378,1.107395,10897.240111,1617.098747,none,0.4533778749,0.7466221251,0.5073953756,0.6926046244,1856.4512525295,0.0,0.0,0.0,0.0,0.0,0.0040500066,0.0025464259,0.004784019,0.0,0.4533778749,0.0,1,KKT conditions numerically satisfied for barrier-golden solution
high_slow_penalty,2121,1.4,3602.2,0.45,0.55,0.35,0.45,0.6,1.8,2B,1,1.053378,1.107396,10416.464879,2383.043559,none,0.4533781754,0.7466218246,0.5073956016,0.6926043984,1219.1564405002,0.0,0.0,0.0,0.0,0.0,0.00568744,0.0038709921,0.0068797931,0.0,0.4533781754,0.0,1,KKT conditions numerically satisfied for barrier-golden solution
high_slow_penalty,2121,1.4,3602.2,0.45,0.55,0.35,0.45,0.6,1.8,3B,1,1.053378,1.107395,10897.240111,1617.098759,none,0.4533778669,0.7466221331,0.5073953681,0.6926046319,1985.1012409236,0.0,0.0,0.0,0.0,0.0,0.0039994507,0.0024967755,0.0047148164,0.0,0.4533778669,0.0,1,KKT conditions numerically satisfied for barrier-golden solution
high_slow_penalty,2121,1.5,3859.5,0.45,0.55,0.35,0.45,0.6,1.8,2B,1,1.053378,1.107396,10416.464879,2383.043693,none,0.4533781083,0.7466218917,0.507395548,0.692604452,1476.4563065053,0.0,0.0,0.0,0.0,0.0,0.0052819599,0.0035304058,0.0063531776,0.0,0.4533781083,0.0,1,KKT conditions numerically satisfied for barrier-golden solution
high_slow_penalty,2121,1.5,3859.5,0.45,0.55,0.35,0.45,0.6,1.8,3B,1,1.053377,1.107395,10897.240111,1617.099279,none,0.4533774612,0.7466225388,0.5073950857,0.6926049143,2242.4007207419,0.0,0.0,0.0,0.0,0.0,0.0014349748,0.0006184948,0.0015625903,0.0,0.4533774612,0.0,1,KKT conditions numerically satisfied for barrier-golden solution
high_slow_penalty,2122,0.7,2157.4,0.45,0.55,0.35,0.45,0.6,1.8,2B,1,1.418741,1.436034,15402.778743,2157.399964,deadline,0.818741156,0.381258844,0.8360340404,0.3639659596,3.62917e-05,0.0,0.0,0.0,0.0,3.078798167,0.1518466396,-0.1166781632,0.1914972473,0.0001117348,3.62917e-05,0.0,1,KKT conditions numerically satisfied for barrier-golden solution
high_slow_penalty,2122,0.7,2157.4,0.45,0.55,0.35,0.45,0.6,1.8,3B,1,1.053378,1.107396,15130.649456,2118.283903,none,0.453378391,0.746621609,0.5073955115,0.6926044885,39.1160965952,0.0,0.0,0.0,0.0,0.0,0.008706996,0.0054776994,0.0102867376,0.0,0.453378391,0.0,1,KKT conditions numerically satisfied for barrier-golden solution
high_slow_penalty,2122,0.75,2311.5,0.45,0.55,0.35,0.45,0.6,1.8,2B,1,1.319287,1.344066,15010.760423,2311.499955,deadline,0.7192872253,0.4807127747,0.7440658186,0.4559341814,4.50371e-05,0.0,0.0,0.0,0.0,2.055862124,1.5340756915,-1.1941816968,1.9440828563,9.259e-05,4.50371e-05,0.0,1,KKT conditions numerically satisfied for barrier-golden solution
high_slow_penalty,2122,0.75,2311.5,0.45,0.55,0.35,0.45,0.6,1.8,3B,1,1.053378,1.107395,15130.649456,2118.285223,none,0.4533776232,0.7466223768,0.5073949143,0.6926050857,193.2147772517,0.0,0.0,0.0,0.0,0.0,0.002927746,-0.0008271055,0.0030423346,0.0,0.4533776232,0.0,1,KKT conditions numerically satisfied for barrier-golden solution
high_slow_penalty,2122,0.8,2465.6,0.45,0.55,0.35,0.45,0.6,1.8,2B,1,1.231492,1.264251,14756.78399,2465.599924,deadline,0.6314915835,0.5685084165,0.664250639,0.535749361,7.59811e-05,0.0,0.0,0.0,0.0,1.2736172465,1.6879425205,-1.3342044487,2.1515695349,9.67709e-05,7.59811e-05,0.0,1,KKT conditions numerically satisfied for barrier-golden solution
high_slow_penalty,2122,0.8,2465.6,0.45,0.55,0.35,0.45,0.6,1.8,3B,1,1.053379,1.107396,15130.649456,2118.283323,none,0.4533789025,0.7466210975,0.5073956306,0.6926043694,347.316677427,0.0,0.0,0.0,0.0,0.0,0.0125573455,0.0067348987,0.0142494136,0.0,0.4533789025,0.0,1,KKT conditions numerically satisfied for barrier-golden solution
high_slow_penalty,2122,0.85,2619.7,0.45,0.55,0.35,0.45,0.6,1.8,2B,1,1.15319,1.194558,14609.249563,2619.69985,deadline,0.5531896462,0.6468103538,0.5945577785,0.6054422215,0.0001495992,0.0,0.0,0.0,0.0,0.6655782076,0.1747354774,-0.1406226269,0.2242926889,9.957e-05,0.0001495992,0.0,1,KKT conditions numerically satisfied for barrier-golden solution
high_slow_penalty,2122,0.85,2619.7,0.45,0.55,0.35,0.45,0.6,1.8,3B,1,1.053379,1.107395,15130.649456,2118.283853,none,0.4533785198,0.7466214802,0.5073954514,0.6926045486,501.4161465688,0.0,0.0,0.0,0.0,0.0,0.0096770552,0.0048432149,0.0108213737,0.0,0.4533785198,0.0,1,KKT conditions numerically satisfied for barrier-golden solution
high_slow_penalty,2122,0.9,2773.8,0.45,0.55,0.35,0.45,0.6,1.8,2B,1,1.083114,1.133078,14545.071529,2773.799456,deadline,0.4831143858,0.7168856142,0.5330776448,0.6669223552,0.0005436904,0.0,0.0,0.0,0.0,0.1857340249,0.1143198941,-0.0938326044,0.1478972475,0.0001009818,0.0005436904,0.0,1,KKT conditions numerically satisfied for barrier-golden solution
high_slow_penalty,2122,0.9,2773.8,0.45,0.55,0.35,0.45,0.6,1.8,3B,1,1.053378,1.107395,15130.649456,2118.284115,none,0.4533783308,0.7466216692,0.5073953638,0.6926046362,655.5158852689,0.0,0.0,0.0,0.0,0.0,0.0082544388,0.0039177552,0.0091369889,0.0,0.4533783308,0.0,1,KKT conditions numerically satisfied for barrier-golden solution
high_slow_penalty,2122,0.95,2927.9,0.45,0.55,0.35,0.45,0.6,1.8,2B,1,1.053378,1.107395,14538.636802,2844.272126,none,0.4533780342,0.7466219658,0.5073953127,0.6926046873,83.6278738585,0.0,0.0,0.0,0.0,0.0,0.0057861813,0.003246836,0.0066348955,0.0,0.4533780342,0.0,1,KKT conditions numerically satisfied for barrier-golden solution
high_slow_penalty,2122,0.95,2927.9,0.45,0.55,0.35,0.45,0.6,1.8,3B,1,1.053378,1.107395,15130.649456,2118.284282,none,0.4533782091,0.7466217909,0.5073953079,0.6926046921,809.6157176086,0.0,0.0,0.0,0.0,0.0,0.0073380468,0.0033281116,0.008057497,0.0,0.4533782091,0.0,1,KKT conditions numerically satisfied for barrier-golden solution
high_slow_penalty,2122,1.0,3082.0,0.45,0.55,0.35,0.45,0.6,1.8,2B,1,1.053378,1.107395,14538.636802,2844.271761,none,0.45337814,0.74662186,0.5073954791,0.6926045209,237.7282386088,0.0,0.0,0.0,0.0,0.0,0.0065508676,0.0049344514,0.0082013826,0.0,0.45337814,0.0,1,KKT conditions numerically satisfied for barrier-golden solution
high_slow_penalty,2122,1.0,3082.0,0.45,0.55,0.35,0.45,0.6,1.8,3B,1,1.053378,1.107395,15130.649456,2118.28441,none,0.4533781176,0.7466218824,0.5073952645,0.6926047355,963.7155900504,0.0,0.0,0.0,0.0,0.0,0.0066489168,0.0028701175,0.0072419382,0.0,0.4533781176,0.0,1,KKT conditions numerically satisfied for barrier-golden solution
high_slow_penalty,2122,1.05,3236.1,0.45,0.55,0.35,0.45,0.6,1.8,2B,1,1.053378,1.107395,14538.636802,2844.27327,none,0.4533775389,0.7466224611,0.507394927,0.692605073,391.826730311,0.0,0.0,0.0,0.0,0.0,0.0022037104,-0.0006663346,0.002302247,0.0,0.4533775389,0.0,1,KKT conditions numerically satisfied for barrier-golden solution
high_slow_penalty,2122,1.05,3236.1,0.45,0.55,0.35,0.45,0.6,1.8,3B,1,1.053378,1.107395,15130.649456,2118.285226,none,0.4533776395,0.7466223605,0.5073948976,0.6926051024,1117.8147737883,0.0,0.0,0.0,0.0,0.0,0.0030505694,-0.0010040899,0.0032115682,0.0,0.4533776395,0.0,1,KKT conditions numerically satisfied for barrier-golden solution
high_slow_penalty,2122,1.1,3390.2,0.45,0.55,0.35,0.45,0.6,1.8,2B,1,1.053379,1.107396,14538.636802,2844.270841,none,0.4533787969,0.7466212031,0.5073955754,0.6926044246,545.9291588752,0.0,0.0,0.0,0.0,0.0,0.0113023147,0.0059112803,0.0127548247,0.0,0.4533787969,0.0,1,KKT conditions numerically satisfied for barrier-golden solution
high_slow_penalty,2122,1.1,3390.2,0.45,0.55,0.35,0.45,0.6,1.8,3B,1,1.053378,1.107395,15130.649456,2118.285247,none,0.453377607,0.746622393,0.5073949049,0.6926050951,1271.9147527185,0.0,0.0,0.0,0.0,0.0,0.0028055966,-0.0009272723,0.0029548614,0.0,0.453377607,0.0,1,KKT conditions numerically satisfied for barrier-golden solution
high_slow_penalty,2122,1.15,3544.3,0.45,0.55,0.35,0.45,0.6,1.8,2B,1,1.053379,1.107395,14538.636802,2844.271293,none,0.4533785536,0.7466214464,0.5073954621,0.6926045379,700.0287065348,0.0,0.0,0.0,0.0,0.0,0.0095424752,0.0047618863,0.0106646329,0.0,0.4533785536,0.0,1,KKT conditions numerically satisfied for barrier-golden solution
high_slow_penalty,2122,1.15,3544.3,0.45,0.55,0.35,0.45,0.6,1.8,3B,1,1.053378,1.107395,15130.649456,2118.285262,none,0.4533775855,0.7466224145,0.5073949087,0.6926050913,1426.0147377636,0.0,0.0,0.0,0.0,0.0,0.0026437941,-0.0008867859,0.0027885545,0.0,0.4533775855,0.0,1,KKT conditions numerically satisfied for barrier-golden solution
high_slow_penalty,2122,1.2,3698.4,0.45,0.55,0.35,0.45,0.6,1.8,2B,1,1.053378,1.107395,14538.636802,2844.27158,none,0.4533784004,0.7466215996,0.5073953892,0.6926046108,854.1284195247,0.0,0.0,0.0,0.0,0.0,0.0084346408,0.004022383,0.0093446632,0.0,0.4533784004,0.0,1,KKT conditions numerically satisfied for barrier-golden solution
high_slow_penalty,2122,1.2,3698.4,0.45,0.55,0.35,0.45,0.6,1.8,3B,1,1.053378,1.107395,15130.649456,2118.285285,none,0.4533775574,0.7466224426,0.5073949106,0.6926050894,1580.1147149247,0.0,0.0,0.0,0.0,0.0,0.0024323192,-0.000866376,0.0025820116,0.0,0.4533775574,0.0,1,KKT conditions numerically satisfied for barrier-golden solution
high_slow_penalty,2122,1.25,3852.5,0.45,0.55,0.35,0.45,0.6,1.8,2B,1,1.053378,1.107395,14538.636802,2844.271787,none,0.4533782878,0.7466217122,0.5073953384,0.6926046616,1008.2282126026,0.0,0.0,0.0,0.0,0.0,0.0076199843,0.0035077814,0.0083886048,0.0,0.4533782878,0.0,1,KKT conditions numerically satisfied for barrier-golden solution
high_slow_penalty,2122,1.25,3852.5,0.45,0.55,0.35,0.45,0.6,1.8,3B,1,1.053378,1.107395,15130.649456,2118.285289,none,0.453377547,0.746622453,0.5073949155,0.6926050845,1734.2147109407,0.0,0.0,0.0,0.0,0.0,0.0023542558,-0.0008149472,0.0024913167,0.0,0.453377547,0.0,1,KKT conditions numerically satisfied for barrier-golden solution
high_slow_penalty,2122,1.3,4006.6,0.45,0.55,0.35,0.45,0.6,1.8,2B,1,1.053378,1.107395,14538.636802,2844.271944,none,0.4533782038,0.7466217962,0.5073952989,0.6926047011,1162.3280558669,0.0,0.0,0.0,0.0,0.0,0.0070127823,0.0031065162,0.007670043,0.0,0.4533782038,0.0,1,KKT conditions numerically satisfied for barrier-golden solution
high_slow_penalty,2122,1.3,4006.6,0.45,0.55,0.35,0.45,0.6,1.8,3B,1,1.053377,1.107395,15130.649456,2118.285486,none,0.4533774269,0.7466225731,0.5073948306,0.6926051694,1888.3145136472,0.0,0.0,0.0,0.0,0.0,0.0014501251,-0.0017113666,0.0022431314,0.0,0.4533774269,0.0,1,KKT conditions numerically satisfied for barrier-golden solution
high_slow_penalty,2122,1.35,4160.7,0.45,0.55,0.35,0.45,0.6,1.8,2B,1,1.053378,1.107395,14538.636802,2844.272066,none,0.4533781378,0.7466218622,0.5073952685,0.6926047315,1316.4279336604,0.0,0.0,0.0,0.0,0.0,0.0065350846,0.0027986069,0.007109116,0.0,0.4533781378,0.0,1,KKT conditions numerically satisfied for barrier-golden solution
high_slow_penalty,2122,1.35,4160.7,0.45,0.55,0.35,0.45,0.6,1.8,3B,1,1.053377,1.107395,15130.649456,2118.28549,none,0.4533774186,0.7466225814,0.5073948338,0.6926051662,2042.4145097303,0.0,0.0,0.0,0.0,0.0,0.0013876127,-0.0016773553,0.0021769221,0.0,0.4533774186,0.0,1,KKT conditions numerically satisfied for barrier-golden solution
high_slow_penalty,2122,1.4,4314.8,0.45,0.55,0.35,0.45,0.6,1.8,2B,1,1.053378,1.107395,14538.636802,2844.272205,none,0.4533780398,0.7466219602,0.5073952534,0.6926047466,1470.5277952995,0.0,0.0,0.0,0.0,0.0,0.0058265483,0.0026449549,0.0063987852,0.0,0.4533780398,0.0,1,KKT conditions numerically satisfied for barrier-golden solution
high_slow_penalty,2122,1.4,4314.8,0.45,0.55,0.35,0.45,0.6,1.8,3B,1,1.053377,1.107395,15130.649456,2118.285486,none,0.4533774147,0.7466225853,0.5073948412,0.6926051588,2196.5145142027,0.0,0.0,0.0,0.0,0.0,0.0013582274,-0.0015990428,0.0020980276,0.0,0.4533774147,0.0,1,KKT conditions numerically satisfied for barrier-golden solution
high_slow_penalty,2122,1.5,4623.0,0.45,0.55,0.35,0.45,0.6,1.8,2B,1,1.053378,1.107395,14538.636802,2844.273192,none,0.4533776272,0.7466223728,0.5073949077,0.6926050923,1778.7268076314,0.0,0.0,0.0,0.0,0.0,0.0028417622,-0.0008619352,0.0029696035,0.0,0.4533776272,0.0,1,KKT conditions numerically satisfied for barrier-golden solution
high_slow_penalty,2122,1.5,4623.0,0.45,0.55,0.35,0.45,0.6,1.8,3B,1,1.053379,1.107396,15130.649456,2118.28326,none,0.4533790478,0.7466209522,0.5073955691,0.6926044309,2504.7167404724,0.0,0.0,0.0,0.0,0.0,0.0136512543,0.006085464,0.0149462242,0.0,0.4533790478,0.0,1,KKT conditions numerically satisfied for barrier-golden solution
high_slow_penalty,2211,0.7,1454.366667,0.45,0.55,0.35,0.45,0.6,1.8,2B,1,1.422963,1.439922,9343.450763,1454.366629,deadline,0.8229631242,0.3770368758,0.8399218277,0.3600781723,3.77551e-05,0.0,0.0,0.0,0.0,2.8000999761,0.0865098751,-0.1771683825,0.1971613407,0.0001057181,3.77551e-05,0.0,1,KKT conditions numerically satisfied for barrier-golden solution
high_slow_penalty,2211,0.7,1454.366667,0.45,0.55,0.35,0.45,0.6,1.8,3B,1,1.053378,1.107396,9226.637403,1405.817162,none,0.4533782132,0.7466217868,0.5073957496,0.6926042504,48.5495049766,0.0,0.0,0.0,0.0,0.0,0.0069804708,0.0028386463,0.0075355747,0.0,0.4533782132,0.0,1,KKT conditions numerically satisfied for barrier-golden solution
high_slow_penalty,2211,0.75,1558.25,0.45,0.55,0.35,0.45,0.6,1.8,2B,1,1.325209,1.349885,9101.768409,1558.249944,deadline,0.7252088748,0.4747911252,0.749884959,0.450115041,5.59228e-05,0.0,0.0,0.0,0.0,1.8945357753,-0.1170081148,0.2428123784,0.2695343207,0.0001059478,5.59228e-05,0.0,1,KKT conditions numerically satisfied for barrier-golden solution
high_slow_penalty,2211,0.75,1558.25,0.45,0.55,0.35,0.45,0.6,1.8,3B,1,1.053377,1.107396,9226.637403,1405.81812,none,0.4533772553,0.7466227447,0.5073955248,0.6926044752,152.4318799823,0.0,0.0,0.0,0.0,0.0,0.0001502868,0.0019955009,0.0020011522,0.0,0.4533772553,0.0,1,KKT conditions numerically satisfied for barrier-golden solution
high_slow_penalty,2211,0.8,1662.133333,0.45,0.55,0.35,0.45,0.6,1.8,2B,1,1.239379,1.271797,8942.474871,1662.133253,deadline,0.639379304,0.560620696,0.671797177,0.528202823,8.00171e-05,0.0,0.0,0.0,0.0,1.2019289524,-0.1222598898,0.2574786537,0.2850311172,9.61749e-05,8.00171e-05,0.0,1,KKT conditions numerically satisfied for barrier-golden solution
high_slow_penalty,2211,0.8,1662.133333,0.45,0.55,0.35,0.45,0.6,1.8,3B,1,1.053378,1.107396,9226.637403,1405.817203,none,0.4533781625,0.7466218375,0.50739576,0.69260424,256.3161299889,0.0,0.0,0.0,0.0,0.0,0.0066184069,0.0028777823,0.0072169898,0.0,0.4533781625,0.0,1,KKT conditions numerically satisfied for barrier-golden solution
high_slow_penalty,2211,0.85,1766.016667,0.45,0.55,0.35,0.45,0.6,1.8,2B,1,1.163326,1.203672,8846.7204,1766.016512,deadline,0.5633261167,0.6366738833,0.6036715768,0.5963284232,0.0001541979,0.0,0.0,0.0,0.0,0.6632591802,-0.1201325444,0.2572194028,0.2838902066,0.0001022732,0.0001541979,0.0,1,KKT conditions numerically satisfied for barrier-golden solution
high_slow_penalty,2211,0.85,1766.016667,0.45,0.55,0.35,0.45,0.6,1.8,3B,1,1.053378,1.107396,9226.637403,1405.817643,none,0.4533776321,0.7466223679,0.507395858,0.692604142,360.1990237742,0.0,0.0,0.0,0.0,0.0,0.0028369627,0.0032452473,0.0043104509,0.0,0.4533776321,0.0,1,KKT conditions numerically satisfied for barrier-golden solution
high_slow_penalty,2211,0.9,1869.9,0.45,0.55,0.35,0.45,0.6,1.8,2B,1,1.095429,1.143863,8800.736244,1869.899581,deadline,0.4954291559,0.7045708441,0.5438625155,0.6561374845,0.0004187493,0.0,0.0,0.0,0.0,0.2382190144,-0.060860659,0.1327228537,0.1460115602,9.9754e-05,0.0004187493,0.0,1,KKT conditions numerically satisfied for barrier-golden solution
high_slow_penalty,2211,0.9,1869.9,0.45,0.55,0.35,0.45,0.6,1.8,3B,1,1.053377,1.107396,9226.637403,1405.818107,none,0.4533772521,0.7466227479,0.5073955631,0.6926044369,464.0818927209,0.0,0.0,0.0,0.0,0.0,0.0001270831,0.0021392386,0.00214301,0.0,0.4533772521,0.0,1,KKT conditions numerically satisfied for barrier-golden solution
high_slow_penalty,2211,0.95,1973.783333,0.45,0.55,0.35,0.45,0.6,1.8,2B,1,1.053378,1.107396,8792.556013,1940.314351,none,0.4533780506,0.7466219494,0.5073956226,0.6926043774,33.4689822766,0.0,0.0,0.0,0.0,0.0,0.0055469176,0.002251475,0.0059864376,0.0,0.4533780506,0.0,1,KKT conditions numerically satisfied for barrier-golden solution
high_slow_penalty,2211,0.95,1973.783333,0.45,0.55,0.35,0.45,0.6,1.8,3B,1,1.053378,1.107396,9226.637403,1405.816853,none,0.4533784328,0.7466215672,0.5073960184,0.6926039816,567.9664802098,0.0,0.0,0.0,0.0,0.0,0.0085458536,0.0038470184,0.0093718282,0.0,0.4533784328,0.0,1,KKT conditions numerically satisfied for barrier-golden solution
high_slow_penalty,2211,1.0,2077.666667,0.45,0.55,0.35,0.45,0.6,1.8,2B,1,1.053378,1.107396,8792.556013,1940.314774,none,0.4533775714,0.7466224286,0.5073959322,0.6926040678,137.3518922273,0.0,0.0,0.0,0.0,0.0,0.002290755,0.0033577048,0.0040646944,0.0,0.4533775714,0.0,1,KKT conditions numerically satisfied for barrier-golden solution
high_slow_penalty,2211,1.0,2077.666667,0.45,0.55,0.35,0.45,0.6,1.8,3B,1,1.053378,1.107396,9226.637403,1405.817005,none,0.4533783011,0.7466216989,0.5073959374,0.6926040626,671.8496612976,0.0,0.0,0.0,0.0,0.0,0.0076069491,0.0035431235,0.0083916267,0.0,0.4533783011,0.0,1,KKT conditions numerically satisfied for barrier-golden solution
high_slow_penalty,2211,1.05,2181.55,0.45,0.55,0.35,0.45,0.6,1.8,2B,1,1.053377,1.107395,8792.556013,1940.315447,none,0.4533772355,0.7466227645,0.5073954844,0.6926045156,241.234553404,0.0,0.0,0.0,0.0,0.0,8.3322e-06,0.0017574837,0.0017575035,0.0,0.4533772355,0.0,1,KKT conditions numerically satisfied for barrier-golden solution
high_slow_penalty,2211,1.05,2181.55,0.45,0.55,0.35,0.45,0.6,1.8,3B,1,1.053378,1.107396,9226.637403,1405.817135,none,0.4533781974,0.7466218026,0.5073958487,0.6926041513,775.732864583,0.0,0.0,0.0,0.0,0.0,0.0068677445,0.0032105187,0.0075811176,0.0,0.4533781974,0.0,1,KKT conditions numerically satisfied for barrier-golden solution
high_slow_penalty,2211,1.1,2285.433333,0.45,0.55,0.35,0.45,0.6,1.8,2B,1,1.053378,1.107396,8792.556013,1940.314046,none,0.4533782314,0.7466217686,0.5073957635,0.6926042365,345.1192875006,0.0,0.0,0.0,0.0,0.0,0.0067754696,0.00275478,0.0073140824,0.0,0.4533782314,0.0,1,KKT conditions numerically satisfied for barrier-golden solution
high_slow_penalty,2211,1.1,2285.433333,0.45,0.55,0.35,0.45,0.6,1.8,3B,1,1.053378,1.107396,9226.637403,1405.817211,none,0.4533781282,0.7466218718,0.5073958178,0.6926041822,879.6161226476,0.0,0.0,0.0,0.0,0.0,0.0063742238,0.0030943808,0.0070856137,0.0,0.4533781282,0.0,1,KKT conditions numerically satisfied for barrier-golden solution
high_slow_penalty,2211,1.15,2389.316667,0.45,0.55,0.35,0.45,0.6,1.8,2B,1,1.053378,1.107396,8792.556013,1940.314339,none,0.4533780506,0.7466219494,0.5073956436,0.6926043564,449.0023274546,0.0,0.0,0.0,0.0,0.0,0.0055470431,0.0023262886,0.0060150899,0.0,0.4533780506,0.0,1,KKT conditions numerically satisfied for barrier-golden solution
high_slow_penalty,2211,1.15,2389.316667,0.45,0.55,0.35,0.45,0.6,1.8,3B,1,1.053378,1.107396,9226.637403,1405.817286,none,0.4533780623,0.7466219377,0.50739578,0.69260422,983.4993809216,0.0,0.0,0.0,0.0,0.0,0.0059041837,0.0029528643,0.0066014236,0.0,0.4533780623,0.0,1,KKT conditions numerically satisfied for barrier-golden solution
high_slow_penalty,2211,1.2,2493.2,0.45,0.55,0.35,0.45,0.6,1.8,2B,1,1.053377,1.107396,8792.556013,1940.315316,none,0.4533772648,0.7466227352,0.5073956508,0.6926043492,552.8846839399,0.0,0.0,0.0,0.0,0.0,0.0002073956,0.0023521541,0.0023612798,0.0,0.4533772648,0.0,1,KKT conditions numerically satisfied for barrier-golden solution
high_slow_penalty,2211,1.2,2493.2,0.45,0.55,0.35,0.45,0.6,1.8,3B,1,1.053378,1.107396,9226.637403,1405.817327,none,0.4533780277,0.7466219723,0.5073957547,0.6926042453,1087.3826725897,0.0,0.0,0.0,0.0,0.0,0.0056573886,0.0028578903,0.0063382634,0.0,0.4533780277,0.0,1,KKT conditions numerically satisfied for barrier-golden solution
high_slow_penalty,2211,1.25,2597.083333,0.45,0.55,0.35,0.45,0.6,1.8,2B,1,1.053377,1.107396,8792.556013,1940.315346,none,0.4533772679,0.7466227321,0.5073955906,0.6926044094,656.7679871952,0.0,0.0,0.0,0.0,0.0,0.0002286709,0.0021370691,0.0021492684,0.0,0.4533772679,0.0,1,KKT conditions numerically satisfied for barrier-golden solution
high_slow_penalty,2211,1.25,2597.083333,0.45,0.55,0.35,0.45,0.6,1.8,3B,1,1.053378,1.107396,9226.637403,1405.817389,none,0.4533779799,0.7466220201,0.507395709,0.692604291,1191.2659439672,0.0,0.0,0.0,0.0,0.0,0.0053164829,0.0026863463,0.0059566305,0.0,0.4533779799,0.0,1,KKT conditions numerically satisfied for barrier-golden solution
high_slow_penalty,2211,1.3,2700.966667,0.45,0.55,0.35,0.45,0.6,1.8,2B,1,1.053377,1.107396,8792.556013,1940.315377,none,0.4533772661,0.7466227339,0.5073955409,0.6926044591,760.6512901342,0.0,0.0,0.0,0.0,0.0,0.0002162251,0.0019591868,0.0019710825,0.0,0.4533772661,0.0,1,KKT conditions numerically satisfied for barrier-golden solution
high_slow_penalty,2211,1.3,2700.966667,0.45,0.55,0.35,0.45,0.6,1.8,3B,1,1.053378,1.107396,9226.637403,1405.817435,none,0.4533779355,0.7466220645,0.5073956956,0.6926043044,1295.1492317357,0.0,0.0,0.0,0.0,0.0,0.0050002255,0.0026363857,0.0056526794,0.0,0.4533779355,0.0,1,KKT conditions numerically satisfied for barrier-golden solution
high_slow_penalty,2211,1.35,2804.85,0.45,0.55,0.35,0.45,0.6,1.8,2B,1,1.053378,1.107396,8792.556013,1940.31367,none,0.4533784095,0.7466215905,0.5073960343,0.6926039657,864.5363295208,0.0,0.0,0.0,0.0,0.0,0.0079860508,0.0037227955,0.0088111414,0.0,0.4533784095,0.0,1,KKT conditions numerically satisfied for barrier-golden solution
high_slow_penalty,2211,1.35,2804.85,0.45,0.55,0.35,0.45,0.6,1.8,3B,1,1.053377,1.107395,9226.637403,1405.818291,none,0.4533771394,0.7466228606,0.5073953638,0.6926046362,1399.031709279,0.0,0.0,0.0,0.0,0.0,-0.0006763787,0.0013919344,0.0015475689,0.0,0.4533771394,0.0,1,KKT conditions numerically satisfied for barrier-golden solution
high_slow_penalty,2211,1.4,2908.733333,0.45,0.55,0.35,0.45,0.6,1.8,2B,1,1.053378,1.107396,8792.556013,1940.313825,none,0.4533783268,0.7466216732,0.5073959443,0.6926040557,968.4195087037,0.0,0.0,0.0,0.0,0.0,0.0074235225,0.0034012452,0.008165608,0.0,0.4533783268,0.0,1,KKT conditions numerically satisfied for barrier-golden solution
high_slow_penalty,2211,1.4,2908.733333,0.45,0.55,0.35,0.45,0.6,1.8,3B,1,1.053377,1.107395,9226.637403,1405.818301,none,0.4533771363,0.7466228637,0.5073953446,0.6926046554,1502.9150319104,0.0,0.0,0.0,0.0,0.0,-0.0006986926,0.0013197836,0.0014933185,0.0,0.4533771363,0.0,1,KKT conditions numerically satisfied for barrier-golden solution
high_slow_penalty,2211,1.5,3116.5,0.45,0.55,0.35,0.45,0.6,1.8,2B,1,1.053378,1.107396,8792.556013,1940.314046,none,0.4533781793,0.7466218207,0.5073958784,0.6926041216,1176.1859540414,0.0,0.0,0.0,0.0,0.0,0.0064215565,0.0031654441,0.0071593592,0.0,0.4533781793,0.0,1,KKT conditions numerically satisfied for barrier-golden solution
high_slow_penalty,2211,1.5,3116.5,0.45,0.55,0.35,0.45,0.6,1.8,3B,1,1.053377,1.107395,9226.637403,1405.818294,none,0.4533771392,0.7466228608,0.5073953559,0.6926046441,1710.6817058016,0.0,0.0,0.0,0.0,0.0,-0.0006781844,0.0013621602,0.0015216486,0.0,0.4533771392,0.0,1,KKT conditions numerically satisfied for barrier-golden solution
high_slow_penalty,2212,0.7,1846.833333,0.45,0.55,0.35,0.45,0.6,1.8,2B,1,1.421292,1.438395,13965.054764,1846.833302,deadline,0.8212915981,0.3787084019,0.8383947278,0.3616052722,3.084e-05,0.0,0.0,0.0,0.0,3.2820201024,0.1213413962,-0.1657057245,0.2053828658,0.0001012175,3.084e-05,0.0,1,KKT conditions numerically satisfied for barrier-golden solution
high_slow_penalty,2212,0.7,1846.833333,0.45,0.55,0.35,0.45,0.6,1.8,3B,1,1.053378,1.107396,13729.543132,1667.488919,none,0.4533777553,0.7466222447,0.5073956719,0.6926043281,179.3444140905,0.0,0.0,0.0,0.0,0.0,0.0047415842,0.0048759789,0.006801308,0.0,0.4533777553,0.0,1,KKT conditions numerically satisfied for barrier-golden solution
high_slow_penalty,2212,0.75,1978.75,0.45,0.55,0.35,0.45,0.6,1.8,2B,1,1.322819,1.347616,13606.106936,1978.749957,deadline,0.7228188424,0.4771811576,0.7476155199,0.4523844801,4.31425e-05,0.0,0.0,0.0,0.0,2.2094451222,-0.0125935397,0.0174268067,0.0215009496,9.53209e-05,4.31425e-05,0.0,1,KKT conditions numerically satisfied for barrier-golden solution
high_slow_penalty,2212,0.75,1978.75,0.45,0.55,0.35,0.45,0.6,1.8,3B,1,1.053378,1.107396,13729.543132,1667.488082,none,0.453378197,0.746621803,0.5073963558,0.6926036442,311.2619176551,0.0,0.0,0.0,0.0,0.0,0.0087609262,0.0097863043,0.0131348993,0.0,0.453378197,0.0,1,KKT conditions numerically satisfied for barrier-golden solution
high_slow_penalty,2212,0.8,2110.666667,0.45,0.55,0.35,0.45,0.6,1.8,2B,1,1.236216,1.268864,13371.091269,2110.666595,deadline,0.6362161619,0.5637838381,0.6688639154,0.5311360846,7.15739e-05,0.0,0.0,0.0,0.0,1.3890305751,-0.0329861921,0.0463353215,0.0568775078,9.94183e-05,7.15739e-05,0.0,1,KKT conditions numerically satisfied for barrier-golden solution
high_slow_penalty,2212,0.8,2110.666667,0.45,0.55,0.35,0.45,0.6,1.8,3B,1,1.053378,1.107396,13729.543132,1667.488493,none,0.4533779728,0.7466220272,0.5073960307,0.6926039693,443.1781732955,0.0,0.0,0.0,0.0,0.0,0.0067203082,0.0074521173,0.0100347693,0.0,0.4533779728,0.0,1,KKT conditions numerically satisfied for barrier-golden solution
high_slow_penalty,2212,0.85,2242.583333,0.45,0.55,0.35,0.45,0.6,1.8,2B,1,1.159357,1.200091,13231.642985,2242.583197,deadline,0.5593565061,0.6406434939,0.6000912875,0.5999087125,0.0001360143,0.0,0.0,0.0,0.0,0.7510289712,-0.1003204123,0.1433252155,0.1749465705,0.0001021507,0.0001360143,0.0,1,KKT conditions numerically satisfied for barrier-golden solution
high_slow_penalty,2212,0.85,2242.583333,0.45,0.55,0.35,0.45,0.6,1.8,3B,1,1.053378,1.107396,13729.543132,1667.48871,none,0.4533778526,0.7466221474,0.5073958621,0.6926041379,575.0946232755,0.0,0.0,0.0,0.0,0.0,0.0056269249,0.0062420329,0.0084038835,0.0,0.4533778526,0.0,1,KKT conditions numerically satisfied for barrier-golden solution
high_slow_penalty,2212,0.9,2374.5,0.45,0.55,0.35,0.45,0.6,1.8,2B,1,1.090629,1.139649,13167.041286,2374.499591,deadline,0.4906287657,0.7093712343,0.5396488466,0.6603511534,0.0004094,0.0,0.0,0.0,0.0,0.2476818488,-0.0437972057,0.0637636771,0.0773563297,0.0001014009,0.0004094,0.0,1,KKT conditions numerically satisfied for barrier-golden solution
high_slow_penalty,2212,0.9,2374.5,0.45,0.55,0.35,0.45,0.6,1.8,3B,1,1.053378,1.107396,13729.543132,1667.488854,none,0.4533777746,0.7466222254,0.5073957468,0.6926042532,707.0111455243,0.0,0.0,0.0,0.0,0.0,0.0049169004,0.0054137969,0.0073133512,0.0,0.4533777746,0.0,1,KKT conditions numerically satisfied for barrier-golden solution
high_slow_penalty,2212,0.95,2506.416667,0.45,0.55,0.35,0.45,0.6,1.8,2B,1,1.053378,1.107396,13157.617142,2452.280234,none,0.4533779102,0.7466220898,0.5073959631,0.6926040369,54.1364328947,0.0,0.0,0.0,0.0,0.0,0.0058947763,0.0066763423,0.0089062862,0.0,0.4533779102,0.0,1,KKT conditions numerically satisfied for barrier-golden solution
high_slow_penalty,2212,0.95,2506.416667,0.45,0.55,0.35,0.45,0.6,1.8,3B,1,1.053378,1.107396,13729.543132,1667.488931,none,0.4533777332,0.7466222668,0.5073956855,0.6926043145,838.927735552,0.0,0.0,0.0,0.0,0.0,0.0045401226,0.0049742554,0.0067346811,0.0,0.4533777332,0.0,1,KKT conditions numerically satisfied for barrier-golden solution
high_slow_penalty,2212,1.0,2638.333333,0.45,0.55,0.35,0.45,0.6,1.8,2B,1,1.053378,1.107396,13157.617142,2452.280164,none,0.4533779701,0.7466220299,0.5073959505,0.6926040495,186.0531693534,0.0,0.0,0.0,0.0,0.0,0.0064168415,0.0065901734,0.009198165,0.0,0.4533779701,0.0,1,KKT conditions numerically satisfied for barrier-golden solution
high_slow_penalty,2212,1.0,2638.333333,0.45,0.55,0.35,0.45,0.6,1.8,3B,1,1.053378,1.107396,13729.543132,1667.488994,none,0.4533776991,0.7466223009,0.507395636,0.692604364,970.8443396353,0.0,0.0,0.0,0.0,0.0,0.0042298095,0.0046183908,0.006262653,0.0,0.4533776991,0.0,1,KKT conditions numerically satisfied for barrier-golden solution
high_slow_penalty,2212,1.05,2770.25,0.45,0.55,0.35,0.45,0.6,1.8,2B,1,1.053377,1.107395,13157.617142,2452.28173,none,0.4533772483,0.7466227517,0.5073953152,0.6926046848,317.9682695076,0.0,0.0,0.0,0.0,0.0,0.0001220221,0.0022192915,0.0022226435,0.0,0.4533772483,0.0,1,KKT conditions numerically satisfied for barrier-golden solution
high_slow_penalty,2212,1.05,2770.25,0.45,0.55,0.35,0.45,0.6,1.8,3B,1,1.053377,1.107395,13729.543132,1667.489568,none,0.453377272,0.746622728,0.507395349,0.692604651,1102.7604318091,0.0,0.0,0.0,0.0,0.0,0.0003436984,0.0025579422,0.0025809294,0.0,0.453377272,0.0,1,KKT conditions numerically satisfied for barrier-golden solution
high_slow_penalty,2212,1.1,2902.166667,0.45,0.55,0.35,0.45,0.6,1.8,2B,1,1.053378,1.107396,13157.617142,2452.279386,none,0.4533782322,0.7466217678,0.5073964081,0.6926035919,449.8872807263,0.0,0.0,0.0,0.0,0.0,0.008702767,0.0097382523,0.0130603105,0.0,0.4533782322,0.0,1,KKT conditions numerically satisfied for barrier-golden solution
high_slow_penalty,2212,1.1,2902.166667,0.45,0.55,0.35,0.45,0.6,1.8,3B,1,1.053377,1.107395,13729.543132,1667.489571,none,0.4533772776,0.7466227224,0.5073953366,0.6926046634,1234.6770957967,0.0,0.0,0.0,0.0,0.0,0.0003939433,0.0024688497,0.002500082,0.0,0.4533772776,0.0,1,KKT conditions numerically satisfied for barrier-golden solution
high_slow_penalty,2212,1.15,3034.083333,0.45,0.55,0.35,0.45,0.6,1.8,2B,1,1.053378,1.107396,13157.617142,2452.279839,none,0.4533780658,0.7466219342,0.5073961617,0.6926038383,581.8034941505,0.0,0.0,0.0,0.0,0.0,0.0072518952,0.0080429617,0.0108295529,0.0,0.4533780658,0.0,1,KKT conditions numerically satisfied for barrier-golden solution
high_slow_penalty,2212,1.15,3034.083333,0.45,0.55,0.35,0.45,0.6,1.8,3B,1,1.053377,1.107395,13729.543132,1667.489587,none,0.4533772729,0.7466227271,0.5073953174,0.6926046826,1366.5937461312,0.0,0.0,0.0,0.0,0.0,0.0003513504,0.0023313502,0.002357677,0.0,0.4533772729,0.0,1,KKT conditions numerically satisfied for barrier-golden solution
high_slow_penalty,2212,1.2,3166.0,0.45,0.55,0.35,0.45,0.6,1.8,2B,1,1.053378,1.107396,13157.617142,2452.280151,none,0.4533779474,0.7466220526,0.507395998,0.692604002,713.7198490149,0.0,0.0,0.0,0.0,0.0,0.0062193439,0.0069167521,0.009301704,0.0,0.4533779474,0.0,1,KKT conditions numerically satisfied for barrier-golden solution
high_slow_penalty,2212,1.2,3166.0,0.45,0.55,0.35,0.45,0.6,1.8,3B,1,1.053377,1.107395,13729.543132,1667.489599,none,0.453377271,0.746622729,0.507395302,0.692604698,1498.510401425,0.0,0.0,0.0,0.0,0.0,0.000334553,0.0022206505,0.0022457102,0.0,0.453377271,0.0,1,KKT conditions numerically satisfied for barrier-golden solution
high_slow_penalty,2212,1.25,3297.916667,0.45,0.55,0.35,0.45,0.6,1.8,2B,1,1.053378,1.107396,13157.617142,2452.280347,none,0.4533778749,0.7466221251,0.5073958924,0.6926041076,845.6363198064,0.0,0.0,0.0,0.0,0.0,0.0055871215,0.0061901623,0.0083387071,0.0,0.4533778749,0.0,1,KKT conditions numerically satisfied for barrier-golden solution
high_slow_penalty,2212,1.25,3297.916667,0.45,0.55,0.35,0.45,0.6,1.8,3B,1,1.053377,1.107395,13729.543132,1667.489609,none,0.4533772675,0.7466227325,0.5073952904,0.6926047096,1630.42705756,0.0,0.0,0.0,0.0,0.0,0.0003024811,0.00213734,0.0021586378,0.0,0.4533772675,0.0,1,KKT conditions numerically satisfied for barrier-golden solution
high_slow_penalty,2212,1.3,3429.833333,0.45,0.55,0.35,0.45,0.6,1.8,2B,1,1.053378,1.107396,13157.617142,2452.280476,none,0.4533778279,0.7466221721,0.5073958214,0.6926041786,977.5528571208,0.0,0.0,0.0,0.0,0.0,0.0051771693,0.0057015521,0.0077013492,0.0,0.4533778279,0.0,1,KKT conditions numerically satisfied for barrier-golden solution
high_slow_penalty,2212,1.3,3429.833333,0.45,0.55,0.35,0.45,0.6,1.8,3B,1,1.053377,1.107395,13729.543132,1667.489624,none,0.4533772605,0.7466227395,0.5073952763,0.6926047237,1762.3437089286,0.0,0.0,0.0,0.0,0.0,0.0002387464,0.0020362615,0.0020502099,0.0,0.4533772605,0.0,1,KKT conditions numerically satisfied for barrier-golden solution
high_slow_penalty,2212,1.35,3561.75,0.45,0.55,0.35,0.45,0.6,1.8,2B,1,1.053378,1.107396,13157.617142,2452.280591,none,0.453377786,0.746622214,0.5073957581,0.6926042419,1109.4694085421,0.0,0.0,0.0,0.0,0.0,0.0048118763,0.0052662862,0.0071335772,0.0,0.453377786,0.0,1,KKT conditions numerically satisfied for barrier-golden solution
high_slow_penalty,2212,1.35,3561.75,0.45,0.55,0.35,0.45,0.6,1.8,3B,1,1.053377,1.107395,13729.543132,1667.489777,none,0.4533771476,0.7466228524,0.5073951986,0.6926048014,1894.2602225849,0.0,0.0,0.0,0.0,0.0,-0.0007886746,0.0014786401,0.0016758234,0.0,0.4533771476,0.0,1,KKT conditions numerically satisfied for barrier-golden solution
high_slow_penalty,2212,1.4,3693.666667,0.45,0.55,0.35,0.45,0.6,1.8,2B,1,1.053378,1.107396,13157.617142,2452.280686,none,0.4533777483,0.7466222517,0.5073957112,0.6926042888,1241.3859806462,0.0,0.0,0.0,0.0,0.0,0.0044828216,0.0049432234,0.0066731662,0.0,0.4533777483,0.0,1,KKT conditions numerically satisfied for barrier-golden solution
high_slow_penalty,2212,1.4,3693.666667,0.45,0.55,0.35,0.45,0.6,1.8,3B,1,1.053377,1.107395,13729.543132,1667.489773,none,0.4533771535,0.7466228465,0.5073951967,0.6926048033,2026.1768934812,0.0,0.0,0.0,0.0,0.0,-0.0007351401,0.001464834,0.0016389538,0.0,0.4533771535,0.0,1,KKT conditions numerically satisfied for barrier-golden solution
high_slow_penalty,2212,1.5,3957.5,0.45,0.55,0.35,0.45,0.6,1.8,2B,1,1.053378,1.107396,13157.617142,2452.280821,none,0.4533777004,0.7466222996,0.5073956351,0.6926043649,1505.219178771,0.0,0.0,0.0,0.0,0.0,0.0040649342,0.0044201399,0.0060051084,0.0,0.4533777004,0.0,1,KKT conditions numerically satisfied for barrier-golden solution
high_slow_penalty,2212,1.5,3957.5,0.45,0.55,0.35,0.45,0.6,1.8,3B,1,1.053377,1.107395,13729.543132,1667.48981,none,0.4533771298,0.7466228702,0.507395172,0.692604828,2290.0101895026,0.0,0.0,0.0,0.0,0.0,-0.0009501574,0.0012875586,0.0016001895,0.0,0.4533771298,0.0,1,KKT conditions numerically satisfied for barrier-golden solution
high_slow_penalty,2221,0.7,1800.633333,0.45,0.55,0.35,0.45,0.6,1.8,2B,1,1.42131,1.43837,11298.098892,1800.633299,deadline,0.8213099009,0.3786900991,0.8383697416,0.3616302584,3.40891e-05,0.0,0.0,0.0,0.0,2.723392725,0.2095468136,-0.2861431225,0.3546656928,9.2838e-05,3.40891e-05,0.0,1,KKT conditions numerically satisfied for barrier-golden solution
high_slow_penalty,2221,0.7,1800.633333,0.45,0.55,0.35,0.45,0.6,1.8,3B,1,1.053378,1.107396,11147.74374,1625.662077,none,0.4533778718,0.7466221282,0.5073958226,0.6926041774,174.9712562404,0.0,0.0,0.0,0.0,0.0,0.0047102543,0.0048377906,0.0067520895,0.0,0.4533778718,0.0,1,KKT conditions numerically satisfied for barrier-golden solution
high_slow_penalty,2221,0.75,1929.25,0.45,0.55,0.35,0.45,0.6,1.8,2B,1,1.322836,1.347592,11007.700602,1929.249948,deadline,0.722835936,0.477164064,0.7475918836,0.4524081164,5.23128e-05,0.0,0.0,0.0,0.0,1.8333825458,0.0936482462,-0.1295815557,0.159879247,9.59093e-05,5.23128e-05,0.0,1,KKT conditions numerically satisfied for barrier-golden solution
high_slow_penalty,2221,0.75,1929.25,0.45,0.55,0.35,0.45,0.6,1.8,3B,1,1.053377,1.107395,11147.74374,1625.662951,none,0.4533772614,0.7466227386,0.5073952929,0.6926047071,303.5870493368,0.0,0.0,0.0,0.0,0.0,0.0002002836,0.0017500315,0.001761455,0.0,0.4533772614,0.0,1,KKT conditions numerically satisfied for barrier-golden solution
high_slow_penalty,2221,0.8,2057.866667,0.45,0.55,0.35,0.45,0.6,1.8,2B,1,1.236256,1.268808,10817.566723,2057.866576,deadline,0.6362558614,0.5637441386,0.6688081852,0.5311918148,9.0937e-05,0.0,0.0,0.0,0.0,1.1526364356,0.2141057738,-0.3007061647,0.3691415445,0.0001048173,9.0937e-05,0.0,1,KKT conditions numerically satisfied for barrier-golden solution
high_slow_penalty,2221,0.8,2057.866667,0.45,0.55,0.35,0.45,0.6,1.8,3B,1,1.053378,1.107396,11147.74374,1625.661561,none,0.4533781423,0.7466218577,0.5073962688,0.6926037312,432.2051059665,0.0,0.0,0.0,0.0,0.0,0.0067090434,0.0074387271,0.0100172813,0.0,0.4533781423,0.0,1,KKT conditions numerically satisfied for barrier-golden solution
high_slow_penalty,2221,0.85,2186.483333,0.45,0.55,0.35,0.45,0.6,1.8,2B,1,1.159352,1.200097,10704.749356,2186.483168,deadline,0.559352493,0.640647507,0.6000970632,0.5999029368,0.0001649849,0.0,0.0,0.0,0.0,0.6231883856,-0.1055738769,0.1508332026,0.1841100173,0.0001028167,0.0001649849,0.0,1,KKT conditions numerically satisfied for barrier-golden solution
high_slow_penalty,2221,0.85,2186.483333,0.45,0.55,0.35,0.45,0.6,1.8,3B,1,1.053378,1.107396,11147.74374,1625.661805,none,0.4533780052,0.7466219948,0.5073960713,0.6926039287,560.8215284706,0.0,0.0,0.0,0.0,0.0,0.0056961913,0.0062877422,0.0084842381,0.0,0.4533780052,0.0,1,KKT conditions numerically satisfied for barrier-golden solution
high_slow_penalty,2221,0.9,2315.1,0.45,0.55,0.35,0.45,0.6,1.8,2B,1,1.09063,1.139647,10652.48487,2315.099509,deadline,0.4906300818,0.7093699182,0.5396470383,0.6603529617,0.0004907405,0.0,0.0,0.0,0.0,0.2055237825,-0.0277595021,0.0404144057,0.0490297272,0.0001008588,0.0004907405,0.0,1,KKT conditions numerically satisfied for barrier-golden solution
high_slow_penalty,2221,0.9,2315.1,0.45,0.55,0.35,0.45,0.6,1.8,3B,1,1.053378,1.107396,11147.74374,1625.661989,none,0.4533779004,0.7466220996,0.507395925,0.692604075,689.4380112778,0.0,0.0,0.0,0.0,0.0,0.0049217543,0.0054346744,0.0073320769,0.0,0.4533779004,0.0,1,KKT conditions numerically satisfied for barrier-golden solution
high_slow_penalty,2221,0.95,2443.716667,0.45,0.55,0.35,0.45,0.6,1.8,2B,1,1.053378,1.107396,10644.860469,2390.934066,none,0.4533780739,0.7466219261,0.507396204,0.692603796,52.7826005034,0.0,0.0,0.0,0.0,0.0,0.0059236465,0.0067424919,0.0089750089,0.0,0.4533780739,0.0,1,KKT conditions numerically satisfied for barrier-golden solution
high_slow_penalty,2221,0.95,2443.716667,0.45,0.55,0.35,0.45,0.6,1.8,3B,1,1.053378,1.107396,11147.74374,1625.662077,none,0.4533778519,0.7466221481,0.5073958512,0.6926041488,818.0545891769,0.0,0.0,0.0,0.0,0.0,0.0045633618,0.0050047839,0.006772897,0.0,0.4533778519,0.0,1,KKT conditions numerically satisfied for barrier-golden solution
high_slow_penalty,2221,1.0,2572.333333,0.45,0.55,0.35,0.45,0.6,1.8,2B,1,1.053378,1.107396,10644.860469,2390.934026,none,0.4533781316,0.7466218684,0.5073961631,0.6926038369,181.3993068622,0.0,0.0,0.0,0.0,0.0,0.0063308891,0.006514797,0.0090842026,0.0,0.4533781316,0.0,1,KKT conditions numerically satisfied for barrier-golden solution
high_slow_penalty,2221,1.0,2572.333333,0.45,0.55,0.35,0.45,0.6,1.8,3B,1,1.053378,1.107396,11147.74374,1625.662174,none,0.4533777976,0.7466222024,0.5073957735,0.6926042265,946.6711593722,0.0,0.0,0.0,0.0,0.0,0.0041619581,0.0045514284,0.0061674464,0.0,0.4533777976,0.0,1,KKT conditions numerically satisfied for barrier-golden solution
high_slow_penalty,2221,1.05,2700.95,0.45,0.55,0.35,0.45,0.6,1.8,2B,1,1.053378,1.107396,10644.860469,2390.934852,none,0.4533778024,0.7466221976,0.5073957299,0.6926042701,310.015148057,0.0,0.0,0.0,0.0,0.0,0.0040083816,0.004103779,0.0057365603,0.0,0.4533778024,0.0,1,KKT conditions numerically satisfied for barrier-golden solution
high_slow_penalty,2221,1.05,2700.95,0.45,0.55,0.35,0.45,0.6,1.8,3B,1,1.053378,1.107396,11147.74374,1625.662241,none,0.4533777588,0.7466222412,0.5073957206,0.6926042794,1075.2877588171,0.0,0.0,0.0,0.0,0.0,0.0038758762,0.0042429477,0.0057467401,0.0,0.4533777588,0.0,1,KKT conditions numerically satisfied for barrier-golden solution
high_slow_penalty,2221,1.1,2829.566667,0.45,0.55,0.35,0.45,0.6,1.8,2B,1,1.053377,1.107395,10644.860469,2390.935961,none,0.4533772543,0.7466227457,0.5073953045,0.6926046955,438.6307061617,0.0,0.0,0.0,0.0,0.0,0.0001414653,0.0017354528,0.0017412091,0.0,0.4533772543,0.0,1,KKT conditions numerically satisfied for barrier-golden solution
high_slow_penalty,2221,1.1,2829.566667,0.45,0.55,0.35,0.45,0.6,1.8,3B,1,1.053378,1.107396,11147.74374,1625.662277,none,0.4533777393,0.7466222607,0.5073956906,0.6926043094,1203.9043895988,0.0,0.0,0.0,0.0,0.0,0.0037317746,0.0040682533,0.0055205821,0.0,0.4533777393,0.0,1,KKT conditions numerically satisfied for barrier-golden solution
high_slow_penalty,2221,1.15,2958.183333,0.45,0.55,0.35,0.45,0.6,1.8,2B,1,1.053378,1.107396,10644.860469,2390.933572,none,0.4533782733,0.7466217267,0.5073964598,0.6926035402,567.249761258,0.0,0.0,0.0,0.0,0.0,0.0073303572,0.0081663493,0.0109737595,0.0,0.4533782733,0.0,1,KKT conditions numerically satisfied for barrier-golden solution
high_slow_penalty,2221,1.15,2958.183333,0.45,0.55,0.35,0.45,0.6,1.8,3B,1,1.053378,1.107396,11147.74374,1625.662319,none,0.4533777179,0.7466222821,0.5073956529,0.6926043471,1332.5210138685,0.0,0.0,0.0,0.0,0.0,0.0035730352,0.0038484722,0.0052514111,0.0,0.4533777179,0.0,1,KKT conditions numerically satisfied for barrier-golden solution
high_slow_penalty,2221,1.2,3086.8,0.45,0.55,0.35,0.45,0.6,1.8,2B,1,1.053378,1.107396,10644.860469,2390.933964,none,0.4533781228,0.7466218772,0.5073962458,0.6926037542,695.8660362741,0.0,0.0,0.0,0.0,0.0,0.0062689871,0.0069752719,0.0093784123,0.0,0.4533781228,0.0,1,KKT conditions numerically satisfied for barrier-golden solution
high_slow_penalty,2221,1.2,3086.8,0.45,0.55,0.35,0.45,0.6,1.8,3B,1,1.053377,1.107395,11147.74374,1625.66288,none,0.4533772837,0.7466227163,0.507395376,0.692604624,1461.1371202782,0.0,0.0,0.0,0.0,0.0,0.0003654018,0.0022346182,0.0022642961,0.0,0.4533772837,0.0,1,KKT conditions numerically satisfied for barrier-golden solution
high_slow_penalty,2221,1.25,3215.416667,0.45,0.55,0.35,0.45,0.6,1.8,2B,1,1.053378,1.107396,10644.860469,2390.934201,none,0.4533780328,0.7466219672,0.5073961141,0.6926038859,824.4824652671,0.0,0.0,0.0,0.0,0.0,0.0056339099,0.0062419823,0.0084085245,0.0,0.4533780328,0.0,1,KKT conditions numerically satisfied for barrier-golden solution
high_slow_penalty,2221,1.25,3215.416667,0.45,0.55,0.35,0.45,0.6,1.8,3B,1,1.053377,1.107395,11147.74374,1625.662891,none,0.4533772788,0.7466227212,0.507395364,0.692604636,1589.7537751826,0.0,0.0,0.0,0.0,0.0,0.0003291585,0.0021645802,0.002189464,0.0,0.4533772788,0.0,1,KKT conditions numerically satisfied for barrier-golden solution
high_slow_penalty,2221,1.3,3344.033333,0.45,0.55,0.35,0.45,0.6,1.8,2B,1,1.053378,1.107396,10644.860469,2390.934367,none,0.4533779701,0.7466220299,0.5073960218,0.6926039782,953.0989659017,0.0,0.0,0.0,0.0,0.0,0.0051915468,0.0057282343,0.0077307714,0.0,0.4533779701,0.0,1,KKT conditions numerically satisfied for barrier-golden solution
high_slow_penalty,2221,1.3,3344.033333,0.45,0.55,0.35,0.45,0.6,1.8,3B,1,1.053377,1.107395,11147.74374,1625.662908,none,0.4533772717,0.7466227283,0.5073953467,0.6926046533,1718.3704249031,0.0,0.0,0.0,0.0,0.0,0.000276782,0.0020638616,0.0020823384,0.0,0.4533772717,0.0,1,KKT conditions numerically satisfied for barrier-golden solution
high_slow_penalty,2221,1.35,3472.65,0.45,0.55,0.35,0.45,0.6,1.8,2B,1,1.053378,1.107396,10644.860469,2390.934525,none,0.45337791,0.74662209,0.5073959354,0.6926040646,1081.7154753666,0.0,0.0,0.0,0.0,0.0,0.0047677215,0.0052476099,0.0070900337,0.0,0.45337791,0.0,1,KKT conditions numerically satisfied for barrier-golden solution
high_slow_penalty,2221,1.35,3472.65,0.45,0.55,0.35,0.45,0.6,1.8,3B,1,1.053377,1.107395,11147.74374,1625.662917,none,0.4533772704,0.7466227296,0.5073953355,0.6926046645,1846.9870834902,0.0,0.0,0.0,0.0,0.0,0.0002670252,0.0019981514,0.0020159146,0.0,0.4533772704,0.0,1,KKT conditions numerically satisfied for barrier-golden solution
high_slow_penalty,2221,1.4,3601.266667,0.45,0.55,0.35,0.45,0.6,1.8,2B,1,1.053378,1.107396,10644.860469,2390.934645,none,0.4533778633,0.7466221367,0.5073958703,0.6926041297,1210.3320214652,0.0,0.0,0.0,0.0,0.0,0.0044376232,0.0048848473,0.0065995631,0.0,0.4533778633,0.0,1,KKT conditions numerically satisfied for barrier-golden solution
high_slow_penalty,2221,1.4,3601.266667,0.45,0.55,0.35,0.45,0.6,1.8,3B,1,1.053377,1.107395,11147.74374,1625.66292,none,0.4533772701,0.7466227299,0.5073953302,0.6926046698,1975.6037466668,0.0,0.0,0.0,0.0,0.0,0.0002646816,0.0019675919,0.0019853147,0.0,0.4533772701,0.0,1,KKT conditions numerically satisfied for barrier-golden solution
high_slow_penalty,2221,1.5,3858.5,0.45,0.55,0.35,0.45,0.6,1.8,2B,1,1.053378,1.107396,10644.860469,2390.934782,none,0.4533778123,0.7466221877,0.5073957931,0.6926042069,1467.5652179023,0.0,0.0,0.0,0.0,0.0,0.0040781906,0.004455088,0.0060398219,0.0,0.4533778123,0.0,1,KKT conditions numerically satisfied for barrier-golden solution
high_slow_penalty,2221,1.5,3858.5,0.45,0.55,0.35,0.45,0.6,1.8,3B,1,1.053377,1.107395,11147.74374,1625.662934,none,0.4533772666,0.7466227334,0.5073953128,0.6926046872,2232.8370662051,0.0,0.0,0.0,0.0,0.0,0.0002390784,0.0018657977,0.0018810528,0.0,0.4533772666,0.0,1,KKT conditions numerically satisfied for barrier-golden solution
high_slow_penalty,2222,0.7,2187.5,0.45,0.55,0.35,0.45,0.6,1.8,2B,1,1.420075,1.437171,15904.885381,2187.499964,deadline,0.8200746195,0.3799253805,0.8371705767,0.3628294233,3.64464e-05,0.0,0.0,0.0,0.0,3.1456811472,0.6029249554,-0.6175292929,0.8630532598,0.0001146489,3.64464e-05,0.0,1,KKT conditions numerically satisfied for barrier-golden solution
high_slow_penalty,2222,0.7,2187.5,0.45,0.55,0.35,0.45,0.6,1.8,3B,1,1.053377,1.107395,15582.890777,2113.528406,none,0.4533774293,0.7466225707,0.5073950954,0.6926049046,73.9715940898,0.0,0.0,0.0,0.0,0.0,0.0017636492,0.0009769936,0.0020161784,0.0,0.4533774293,0.0,1,KKT conditions numerically satisfied for barrier-golden solution
high_slow_penalty,2222,0.75,2343.75,0.45,0.55,0.35,0.45,0.6,1.8,2B,1,1.32102,1.345878,15498.064776,2343.749953,deadline,0.7210203521,0.4789796479,0.7458780629,0.4541219371,4.72854e-05,0.0,0.0,0.0,0.0,2.1093307483,0.395574244,-0.410601393,0.5701512839,9.97405e-05,4.72854e-05,0.0,1,KKT conditions numerically satisfied for barrier-golden solution
high_slow_penalty,2222,0.75,2343.75,0.45,0.55,0.35,0.45,0.6,1.8,3B,1,1.053377,1.107395,15582.890777,2113.528373,none,0.4533774526,0.7466225474,0.5073951055,0.6926048945,230.2216274412,0.0,0.0,0.0,0.0,0.0,0.0019742553,0.0010730475,0.0022470235,0.0,0.4533774526,0.0,1,KKT conditions numerically satisfied for barrier-golden solution
high_slow_penalty,2222,0.8,2500.0,0.45,0.55,0.35,0.45,0.6,1.8,2B,1,1.233819,1.266611,15233.081932,2499.999925,deadline,0.6338194821,0.5661805179,0.6666106225,0.5333893775,7.51166e-05,0.0,0.0,0.0,0.0,1.3166293385,0.3703753688,-0.3903238617,0.5380805059,9.89007e-05,7.51166e-05,0.0,1,KKT conditions numerically satisfied for barrier-golden solution
high_slow_penalty,2222,0.8,2500.0,0.45,0.55,0.35,0.45,0.6,1.8,3B,1,1.053378,1.107396,15582.890777,2113.526642,none,0.4533784581,0.7466215419,0.5073958544,0.6926041456,386.4733581558,0.0,0.0,0.0,0.0,0.0,0.0110642628,0.0081956446,0.0137690414,0.0,0.4533784581,0.0,1,KKT conditions numerically satisfied for barrier-golden solution
high_slow_penalty,2222,0.85,2656.25,0.45,0.55,0.35,0.45,0.6,1.8,2B,1,1.156313,1.197344,15077.469154,2656.249854,deadline,0.5563127954,0.6436872046,0.5973437989,0.6026562011,0.0001461422,0.0,0.0,0.0,0.0,0.700225868,0.0776702389,-0.0832801918,0.1138782523,0.0001023325,0.0001461422,0.0,1,KKT conditions numerically satisfied for barrier-golden solution
high_slow_penalty,2222,0.85,2656.25,0.45,0.55,0.35,0.45,0.6,1.8,3B,1,1.053378,1.107396,15582.890777,2113.527096,none,0.4533781971,0.7466218029,0.5073956545,0.6926043455,542.722903769,0.0,0.0,0.0,0.0,0.0,0.0087046647,0.0062943619,0.0107419821,0.0,0.4533781971,0.0,1,KKT conditions numerically satisfied for barrier-golden solution
high_slow_penalty,2222,0.9,2812.5,0.45,0.55,0.35,0.45,0.6,1.8,2B,1,1.086923,1.136401,15007.507125,2812.499525,deadline,0.4869229072,0.7130770928,0.5364007715,0.6635992285,0.0004753685,0.0,0.0,0.0,0.0,0.2139387632,0.0450485241,-0.0492431837,0.0667402477,0.0001016998,0.0004753685,0.0,1,KKT conditions numerically satisfied for barrier-golden solution
high_slow_penalty,2222,0.9,2812.5,0.45,0.55,0.35,0.45,0.6,1.8,3B,1,1.053378,1.107396,15582.890777,2113.52736,none,0.4533780461,0.7466219539,0.5073955383,0.6926044617,698.9726403383,0.0,0.0,0.0,0.0,0.0,0.0073393582,0.0051889889,0.008988425,0.0,0.4533780461,0.0,1,KKT conditions numerically satisfied for barrier-golden solution
high_slow_penalty,2222,0.95,2968.75,0.45,0.55,0.35,0.45,0.6,1.8,2B,1,1.053378,1.107396,14998.926383,2894.291536,none,0.4533779574,0.7466220426,0.5073955382,0.6926044618,74.4584643454,0.0,0.0,0.0,0.0,0.0,0.0062924405,0.0049933187,0.0080329346,0.0,0.4533779574,0.0,1,KKT conditions numerically satisfied for barrier-golden solution
high_slow_penalty,2222,0.95,2968.75,0.45,0.55,0.35,0.45,0.6,1.8,3B,1,1.053378,1.107395,15582.890777,2113.527511,none,0.4533779593,0.7466220407,0.5073954719,0.6926045281,855.2224893767,0.0,0.0,0.0,0.0,0.0,0.0065552327,0.0045575462,0.0079838777,0.0,0.4533779593,0.0,1,KKT conditions numerically satisfied for barrier-golden solution
high_slow_penalty,2222,1.0,3125.0,0.45,0.55,0.35,0.45,0.6,1.8,2B,1,1.053378,1.107396,14998.926383,2894.291249,none,0.4533780818,0.7466219182,0.5073956255,0.6926043745,230.7087508779,0.0,0.0,0.0,0.0,0.0,0.0073750353,0.0057932836,0.009378341,0.0,0.4533780818,0.0,1,KKT conditions numerically satisfied for barrier-golden solution
high_slow_penalty,2222,1.0,3125.0,0.45,0.55,0.35,0.45,0.6,1.8,3B,1,1.053378,1.107395,15582.890777,2113.527628,none,0.4533778921,0.7466221079,0.5073954204,0.6926045796,1011.4723722654,0.0,0.0,0.0,0.0,0.0,0.005946908,0.0040677225,0.0072050039,0.0,0.4533778921,0.0,1,KKT conditions numerically satisfied for barrier-golden solution
high_slow_penalty,2222,1.05,3281.25,0.45,0.55,0.35,0.45,0.6,1.8,2B,1,1.053377,1.107395,14998.926383,2894.292838,none,0.4533774332,0.7466225668,0.5073950956,0.6926049044,386.9571624108,0.0,0.0,0.0,0.0,0.0,0.0017311404,0.0009425515,0.0019711038,0.0,0.4533774332,0.0,1,KKT conditions numerically satisfied for barrier-golden solution
high_slow_penalty,2222,1.05,3281.25,0.45,0.55,0.35,0.45,0.6,1.8,3B,1,1.053377,1.107395,15582.890777,2113.528371,none,0.453377463,0.746622537,0.5073950956,0.6926049044,1167.7216289557,0.0,0.0,0.0,0.0,0.0,0.0020683933,0.0009790824,0.0022884172,0.0,0.453377463,0.0,1,KKT conditions numerically satisfied for barrier-golden solution
high_slow_penalty,2222,1.1,3437.5,0.45,0.55,0.35,0.45,0.6,1.8,2B,1,1.053378,1.107396,14998.926383,2894.290369,none,0.4533784841,0.7466215159,0.5073958715,0.6926041285,543.2096307722,0.0,0.0,0.0,0.0,0.0,0.0108757331,0.0080449618,0.0135278594,0.0,0.4533784841,0.0,1,KKT conditions numerically satisfied for barrier-golden solution
high_slow_penalty,2222,1.1,3437.5,0.45,0.55,0.35,0.45,0.6,1.8,3B,1,1.053377,1.107395,15582.890777,2113.528389,none,0.4533774515,0.7466225485,0.5073950894,0.6926049106,1323.9716112565,0.0,0.0,0.0,0.0,0.0,0.0019640551,0.0009194728,0.0021686269,0.0,0.4533774515,0.0,1,KKT conditions numerically satisfied for barrier-golden solution
high_slow_penalty,2222,1.15,3593.75,0.45,0.55,0.35,0.45,0.6,1.8,2B,1,1.053378,1.107396,14998.926383,2894.290897,none,0.4533782628,0.7466217372,0.507395702,0.692604298,699.4591031791,0.0,0.0,0.0,0.0,0.0,0.0089499731,0.0064933638,0.0110573863,0.0,0.4533782628,0.0,1,KKT conditions numerically satisfied for barrier-golden solution
high_slow_penalty,2222,1.15,3593.75,0.45,0.55,0.35,0.45,0.6,1.8,3B,1,1.053377,1.107395,15582.890777,2113.528417,none,0.4533774335,0.7466225665,0.507395079,0.692604921,1480.2215831778,0.0,0.0,0.0,0.0,0.0,0.0018016578,0.0008212667,0.0019800126,0.0,0.4533774335,0.0,1,KKT conditions numerically satisfied for barrier-golden solution
high_slow_penalty,2222,1.2,3750.0,0.45,0.55,0.35,0.45,0.6,1.8,2B,1,1.053378,1.107396,14998.926383,2894.291178,none,0.4533781452,0.7466218548,0.5073956112,0.6926043888,855.7088218931,0.0,0.0,0.0,0.0,0.0,0.0079267987,0.0056620101,0.0097412779,0.0,0.4533781452,0.0,1,KKT conditions numerically satisfied for barrier-golden solution
high_slow_penalty,2222,1.2,3750.0,0.45,0.55,0.35,0.45,0.6,1.8,3B,1,1.053377,1.107395,15582.890777,2113.528421,none,0.4533774304,0.7466225696,0.5073950781,0.6926049219,1636.47157912,0.0,0.0,0.0,0.0,0.0,0.001773319,0.0008127364,0.0019506924,0.0,0.4533774304,0.0,1,KKT conditions numerically satisfied for barrier-golden solution
high_slow_penalty,2222,1.25,3906.25,0.45,0.55,0.35,0.45,0.6,1.8,2B,1,1.053378,1.107396,14998.926383,2894.29139,none,0.4533780565,0.7466219435,0.5073955432,0.6926044568,1011.9586104044,0.0,0.0,0.0,0.0,0.0,0.0071550665,0.0050397878,0.0087518248,0.0,0.4533780565,0.0,1,KKT conditions numerically satisfied for barrier-golden solution
high_slow_penalty,2222,1.25,3906.25,0.45,0.55,0.35,0.45,0.6,1.8,3B,1,1.053377,1.107395,15582.890777,2113.528405,none,0.4533774396,0.7466225604,0.5073950846,0.6926049154,1792.7215945986,0.0,0.0,0.0,0.0,0.0,0.0018562363,0.0008745522,0.0020519393,0.0,0.4533774396,0.0,1,KKT conditions numerically satisfied for barrier-golden solution
high_slow_penalty,2222,1.3,4062.5,0.45,0.55,0.35,0.45,0.6,1.8,2B,1,1.053378,1.107395,14998.926383,2894.291565,none,0.4533779824,0.7466220176,0.5073954873,0.6926045127,1168.2084349014,0.0,0.0,0.0,0.0,0.0,0.0065106951,0.0045280353,0.0079304637,0.0,0.4533779824,0.0,1,KKT conditions numerically satisfied for barrier-golden solution
high_slow_penalty,2222,1.3,4062.5,0.45,0.55,0.35,0.45,0.6,1.8,3B,1,1.053377,1.107395,15582.890777,2113.528615,none,0.4533773151,0.7466226849,0.5073949969,0.6926050031,1948.9713849465,0.0,0.0,0.0,0.0,0.0,0.0007303925,4.04824e-05,0.0007315136,0.0,0.4533773151,0.0,1,KKT conditions numerically satisfied for barrier-golden solution
high_slow_penalty,2222,1.35,4218.75,0.45,0.55,0.35,0.45,0.6,1.8,2B,1,1.053378,1.107395,14998.926383,2894.291671,none,0.4533779383,0.7466220617,0.5073954529,0.6926045471,1324.4583288876,0.0,0.0,0.0,0.0,0.0,0.0061265738,0.0042129597,0.0074353168,0.0,0.4533779383,0.0,1,KKT conditions numerically satisfied for barrier-golden solution
high_slow_penalty,2222,1.35,4218.75,0.45,0.55,0.35,0.45,0.6,1.8,3B,1,1.053377,1.107395,15582.890777,2113.528618,none,0.4533773126,0.7466226874,0.5073949967,0.6926050033,2105.2213822728,0.0,0.0,0.0,0.0,0.0,0.0007085879,3.85038e-05,0.0007096333,0.0,0.4533773126,0.0,1,KKT conditions numerically satisfied for barrier-golden solution
high_slow_penalty,2222,1.4,4375.0,0.45,0.55,0.35,0.45,0.6,1.8,2B,1,1.053378,1.107395,14998.926383,2894.291766,none,0.4533778987,0.7466221013,0.5073954223,0.6926045777,1480.7082340665,0.0,0.0,0.0,0.0,0.0,0.0057818379,0.003932508,0.0069924436,0.0,0.4533778987,0.0,1,KKT conditions numerically satisfied for barrier-golden solution
high_slow_penalty,2222,1.4,4375.0,0.45,0.55,0.35,0.45,0.6,1.8,3B,1,1.053377,1.107395,15582.890777,2113.528627,none,0.4533773062,0.7466226938,0.5073949941,0.6926050059,2261.4713732535,0.0,0.0,0.0,0.0,0.0,0.0006507731,1.35271e-05,0.0006509136,0.0,0.4533773062,0.0,1,KKT conditions numerically satisfied for barrier-golden solution
high_slow_penalty,2222,1.5,4687.5,0.45,0.55,0.35,0.45,0.6,1.8,2B,1,1.053377,1.107395,14998.926383,2894.292792,none,0.4533774646,0.7466225354,0.5073950963,0.6926049037,1793.2072075456,0.0,0.0,0.0,0.0,0.0,0.0020046917,0.0009487906,0.0022178801,0.0,0.4533774646,0.0,1,KKT conditions numerically satisfied for barrier-golden solution
high_slow_penalty,2222,1.5,4687.5,0.45,0.55,0.35,0.45,0.6,1.8,3B,1,1.053379,1.107396,15582.890777,2113.526388,none,0.4533786887,0.7466213113,0.5073958728,0.6926041272,2573.9736124309,0.0,0.0,0.0,0.0,0.0,0.0131493167,0.0083706516,0.01558757,0.0,0.4533786887,0.0,1,KKT conditions numerically satisfied for barrier-golden solution
high_fast_penalty,1111,0.7,1304.8,0.35,0.45,0.5,0.6,0.6,1.8,2B,1,1.419911,1.437338,9784.637663,1304.799983,deadline,0.8199112021,0.3800887979,0.8373379816,0.3626620184,1.7397e-05,0.0,0.0,0.0,0.0,6.4942382465,0.9191519502,-0.9418521769,1.3160265312,0.0001129803,1.7397e-05,0.0,1,KKT conditions numerically satisfied for barrier-golden solution
high_fast_penalty,1111,0.7,1304.8,0.35,0.45,0.5,0.6,0.6,1.8,3B,1,0.847353,0.908837,8272.369447,1304.799698,deadline,0.2473525968,0.9526474032,0.3088367466,0.8911632534,0.0003021632,0.0,0.0,0.0,0.0,0.3354747719,0.0278732823,-0.0320650219,0.0424862978,0.0001013681,0.0003021632,0.0,1,KKT conditions numerically satisfied for barrier-golden solution
high_fast_penalty,1111,0.75,1398.0,0.35,0.45,0.5,0.6,0.6,1.8,2B,1,1.32251,1.344336,9254.159801,1397.999982,deadline,0.7225095167,0.4774904833,0.7443358169,0.4556641831,1.76735e-05,0.0,0.0,0.0,0.0,4.9599617762,0.0313662183,-0.0324100789,0.0451026924,8.766e-05,1.76735e-05,0.0,1,KKT conditions numerically satisfied for barrier-golden solution
high_fast_penalty,1111,0.75,1398.0,0.35,0.45,0.5,0.6,0.6,1.8,3B,1,0.813552,0.88015,8264.422879,1353.373285,none,0.2135520803,0.9864479197,0.2801496681,0.9198503319,44.6267150576,0.0,0.0,0.0,0.0,0.0,0.0071572949,0.0057061809,0.0091535442,0.0,0.2135520803,0.0,1,KKT conditions numerically satisfied for barrier-golden solution
high_fast_penalty,1111,0.8,1491.2,0.35,0.45,0.5,0.6,0.6,1.8,2B,1,1.23706,1.263213,8848.961505,1491.199972,deadline,0.6370601895,0.5629398105,0.6632134235,0.5367865765,2.76046e-05,0.0,0.0,0.0,0.0,3.7858252295,0.171650184,-0.1789847691,0.247990591,0.0001045063,2.76046e-05,0.0,1,KKT conditions numerically satisfied for barrier-golden solution
high_fast_penalty,1111,0.8,1491.2,0.35,0.45,0.5,0.6,0.6,1.8,3B,1,0.813552,0.880149,8264.422879,1353.374014,none,0.2135515825,0.9864484175,0.2801492639,0.9198507361,137.8259861701,0.0,0.0,0.0,0.0,0.0,0.0030581915,0.0023270801,0.0038428944,0.0,0.2135515825,0.0,1,KKT conditions numerically satisfied for barrier-golden solution
high_fast_penalty,1111,0.85,1584.4,0.35,0.45,0.5,0.6,0.6,1.8,2B,1,1.16133,1.192011,8540.419978,1584.399962,deadline,0.5613300304,0.6386699696,0.5920112009,0.6079887991,3.76057e-05,0.0,0.0,0.0,0.0,2.8722026318,0.313567761,-0.3303549091,0.4554767905,0.0001080111,3.76057e-05,0.0,1,KKT conditions numerically satisfied for barrier-golden solution
high_fast_penalty,1111,0.85,1584.4,0.35,0.45,0.5,0.6,0.6,1.8,3B,1,0.813551,0.880149,8264.422879,1353.374402,none,0.2135513131,0.9864486869,0.2801490531,0.9198509469,231.0255976636,0.0,0.0,0.0,0.0,0.0,0.0008404111,0.0005650806,0.0010127225,0.0,0.2135513131,0.0,1,KKT conditions numerically satisfied for barrier-golden solution
high_fast_penalty,1111,0.9,1677.6,0.35,0.45,0.5,0.6,0.6,1.8,2B,1,1.093642,1.129147,8307.63139,1677.599956,deadline,0.4936420461,0.7063579539,0.5291473725,0.6708526275,4.41134e-05,0.0,0.0,0.0,0.0,2.1508016892,0.1207179878,-0.1286834948,0.1764434029,9.48793e-05,4.41134e-05,0.0,1,KKT conditions numerically satisfied for barrier-golden solution
high_fast_penalty,1111,0.9,1677.6,0.35,0.45,0.5,0.6,0.6,1.8,3B,1,0.813552,0.88015,8264.422879,1353.373452,none,0.2135519915,0.9864480085,0.2801495459,0.9198504541,324.2265480488,0.0,0.0,0.0,0.0,0.0,0.006426138,0.0046846639,0.0079524415,0.0,0.2135519915,0.0,1,KKT conditions numerically satisfied for barrier-golden solution
high_fast_penalty,1111,0.95,1770.8,0.35,0.45,0.5,0.6,0.6,1.8,2B,1,1.032781,1.07326,8135.039936,1770.79994,deadline,0.4327810763,0.7672189237,0.4732601801,0.7267398199,5.9831e-05,0.0,0.0,0.0,0.0,1.5737404567,0.1734999033,-0.1873668376,0.255359645,9.41585e-05,5.9831e-05,0.0,1,KKT conditions numerically satisfied for barrier-golden solution
high_fast_penalty,1111,0.95,1770.8,0.35,0.45,0.5,0.6,0.6,1.8,3B,1,0.813552,0.880149,8264.422879,1353.373553,none,0.2135519227,0.9864480773,0.2801494892,0.9198505108,417.4264466587,0.0,0.0,0.0,0.0,0.0,0.0058594249,0.0042104831,0.0072153329,0.0,0.2135519227,0.0,1,KKT conditions numerically satisfied for barrier-golden solution
high_fast_penalty,1111,1.0,1864.0,0.35,0.45,0.5,0.6,0.6,1.8,2B,1,0.977665,1.02338,8010.874792,1863.999909,deadline,0.3776645879,0.8223354121,0.4233799091,0.7766200909,9.05718e-05,0.0,0.0,0.0,0.0,1.1067860729,0.0543745742,-0.0595785422,0.0806610006,0.0001002436,9.05718e-05,0.0,1,KKT conditions numerically satisfied for barrier-golden solution
high_fast_penalty,1111,1.0,1864.0,0.35,0.45,0.5,0.6,0.6,1.8,3B,1,0.813552,0.880149,8264.422879,1353.373611,none,0.2135518839,0.9864481161,0.2801494564,0.9198505436,510.6263889933,0.0,0.0,0.0,0.0,0.0,0.0055405569,0.0039366963,0.006796716,0.0,0.2135518839,0.0,1,KKT conditions numerically satisfied for barrier-golden solution
high_fast_penalty,1111,1.05,1957.2,0.35,0.45,0.5,0.6,0.6,1.8,2B,1,0.927501,0.978633,7926.095328,1957.199857,deadline,0.3275011128,0.8724988872,0.3786325138,0.8213674862,0.0001428127,0.0,0.0,0.0,0.0,0.725011271,0.0809357871,-0.0901054369,0.1211180887,0.0001035408,0.0001428127,0.0,1,KKT conditions numerically satisfied for barrier-golden solution
high_fast_penalty,1111,1.05,1957.2,0.35,0.45,0.5,0.6,0.6,1.8,3B,1,0.813552,0.880149,8264.422879,1353.373661,none,0.21355185,0.98644815,0.2801494288,0.9198505712,603.826339264,0.0,0.0,0.0,0.0,0.0,0.0052608128,0.0037062444,0.0064352466,0.0,0.21355185,0.0,1,KKT conditions numerically satisfied for barrier-golden solution
high_fast_penalty,1111,1.1,2050.4,0.35,0.45,0.5,0.6,0.6,1.8,2B,1,0.881583,0.938371,7873.663872,2050.399759,deadline,0.281583342,0.918416658,0.3383705984,0.8616294016,0.000240616,0.0,0.0,0.0,0.0,0.4099803872,0.0279602561,-0.0316783956,0.0422527712,9.86478e-05,0.000240616,0.0,1,KKT conditions numerically satisfied for barrier-golden solution
high_fast_penalty,1111,1.1,2050.4,0.35,0.45,0.5,0.6,0.6,1.8,3B,1,0.813552,0.880149,8264.422879,1353.373712,none,0.213551814,0.986448186,0.2801494011,0.9198505989,697.0262876448,0.0,0.0,0.0,0.0,0.0,0.0049642965,0.0034743331,0.0060593094,0.0,0.213551814,0.0,1,KKT conditions numerically satisfied for barrier-golden solution
high_fast_penalty,1111,1.15,2143.6,0.35,0.45,0.5,0.6,0.6,1.8,2B,1,0.839368,0.902017,7848.034878,2143.599317,deadline,0.2393681072,0.9606318928,0.3020167504,0.8979832496,0.0006831812,0.0,0.0,0.0,0.0,0.1478551494,0.0173111607,-0.0199917341,0.0264451454,0.0001010119,0.0006831812,0.0,1,KKT conditions numerically satisfied for barrier-golden solution
high_fast_penalty,1111,1.15,2143.6,0.35,0.45,0.5,0.6,0.6,1.8,3B,1,0.813552,0.880149,8264.422879,1353.373724,none,0.2135518069,0.9864481931,0.2801493939,0.9198506061,790.2262761505,0.0,0.0,0.0,0.0,0.0,0.004905797,0.0034137465,0.0059766637,0.0,0.2135518069,0.0,1,KKT conditions numerically satisfied for barrier-golden solution
high_fast_penalty,1111,1.2,2236.8,0.35,0.45,0.5,0.6,0.6,1.8,2B,1,0.813552,0.880149,7843.617451,2204.504913,none,0.2135518326,0.9864481674,0.2801494845,0.9198505155,32.2950874117,0.0,0.0,0.0,0.0,0.0,0.0048569425,0.0039594939,0.0062663771,0.0,0.2135518326,0.0,1,KKT conditions numerically satisfied for barrier-golden solution
high_fast_penalty,1111,1.2,2236.8,0.35,0.45,0.5,0.6,0.6,1.8,3B,1,0.813552,0.880149,8264.422879,1353.373742,none,0.2135517947,0.9864482053,0.2801493836,0.9198506164,883.4262580923,0.0,0.0,0.0,0.0,0.0,0.0048058416,0.0033281272,0.0058457287,0.0,0.2135517947,0.0,1,KKT conditions numerically satisfied for barrier-golden solution
high_fast_penalty,1111,1.25,2330.0,0.35,0.45,0.5,0.6,0.6,1.8,2B,1,0.813552,0.880149,7843.617451,2204.505065,none,0.2135517778,0.9864482222,0.280149422,0.919850578,125.4949349855,0.0,0.0,0.0,0.0,0.0,0.0044287402,0.0034630841,0.0056219828,0.0,0.2135517778,0.0,1,KKT conditions numerically satisfied for barrier-golden solution
high_fast_penalty,1111,1.25,2330.0,0.35,0.45,0.5,0.6,0.6,1.8,3B,1,0.813552,0.880149,8264.422879,1353.373773,none,0.213551773,0.986448227,0.2801493673,0.9198506327,976.6262272632,0.0,0.0,0.0,0.0,0.0,0.0046271953,0.0031914679,0.0056210678,0.0,0.213551773,0.0,1,KKT conditions numerically satisfied for barrier-golden solution
high_fast_penalty,1111,1.3,2423.2,0.35,0.45,0.5,0.6,0.6,1.8,2B,1,0.813552,0.880149,7843.617451,2204.505468,none,0.213551609,0.986448391,0.2801492842,0.9198507158,218.6945315011,0.0,0.0,0.0,0.0,0.0,0.0031095061,0.0023697954,0.0039095982,0.0,0.213551609,0.0,1,KKT conditions numerically satisfied for barrier-golden solution
high_fast_penalty,1111,1.3,2423.2,0.35,0.45,0.5,0.6,0.6,1.8,3B,1,0.813552,0.880149,8264.422879,1353.373777,none,0.2135517709,0.9864482291,0.2801493646,0.9198506354,1069.8262234392,0.0,0.0,0.0,0.0,0.0,0.0046098796,0.0031687613,0.0055939287,0.0,0.2135517709,0.0,1,KKT conditions numerically satisfied for barrier-golden solution
high_fast_penalty,1111,1.35,2516.4,0.35,0.45,0.5,0.6,0.6,1.8,2B,1,0.813551,0.880149,7843.617451,2204.506132,none,0.2135513267,0.9864486733,0.2801490629,0.9198509371,311.8938678127,0.0,0.0,0.0,0.0,0.0,0.0009041724,0.0006134465,0.0010926319,0.0,0.2135513267,0.0,1,KKT conditions numerically satisfied for barrier-golden solution
high_fast_penalty,1111,1.35,2516.4,0.35,0.45,0.5,0.6,0.6,1.8,3B,1,0.813552,0.880149,8264.422879,1353.373786,none,0.2135517645,0.9864482355,0.2801493591,0.9198506409,1163.0262138375,0.0,0.0,0.0,0.0,0.0,0.0045567704,0.0031231921,0.0055243538,0.0,0.2135517645,0.0,1,KKT conditions numerically satisfied for barrier-golden solution
high_fast_penalty,1111,1.4,2609.6,0.35,0.45,0.5,0.6,0.6,1.8,2B,1,0.813551,0.880149,7843.617451,2204.506146,none,0.2135513208,0.9864486792,0.2801490584,0.9198509416,405.0938540603,0.0,0.0,0.0,0.0,0.0,0.0008576859,0.000577991,0.0010342624,0.0,0.2135513208,0.0,1,KKT conditions numerically satisfied for barrier-golden solution
high_fast_penalty,1111,1.4,2609.6,0.35,0.45,0.5,0.6,0.6,1.8,3B,1,0.813552,0.880149,8264.422879,1353.373793,none,0.2135517603,0.9864482397,0.2801493553,0.9198506447,1256.2262074572,0.0,0.0,0.0,0.0,0.0,0.0045227654,0.0030913829,0.0054783259,0.0,0.2135517603,0.0,1,KKT conditions numerically satisfied for barrier-golden solution
high_fast_penalty,1111,1.5,2796.0,0.35,0.45,0.5,0.6,0.6,1.8,2B,1,0.813552,0.88015,7843.617451,2204.504628,none,0.2135519875,0.9864480125,0.2801495394,0.9198504606,591.4953715457,0.0,0.0,0.0,0.0,0.0,0.0060675417,0.0043947348,0.0074919127,0.0,0.2135519875,0.0,1,KKT conditions numerically satisfied for barrier-golden solution
high_fast_penalty,1111,1.5,2796.0,0.35,0.45,0.5,0.6,0.6,1.8,3B,1,0.813552,0.880149,8264.422879,1353.373833,none,0.2135517315,0.9864482685,0.2801493344,0.9198506656,1442.6261670912,0.0,0.0,0.0,0.0,0.0,0.0042853836,0.0029165738,0.0051837163,0.0,0.2135517315,0.0,1,KKT conditions numerically satisfied for barrier-golden solution
high_fast_penalty,1112,0.7,1673.233333,0.35,0.45,0.5,0.6,0.6,1.8,2B,1,1.41828,1.435516,14712.764526,1673.233321,deadline,0.818280106,0.381719894,0.8355157041,0.3644842959,1.20417e-05,0.0,0.0,0.0,0.0,7.5935274723,3.254517073,-2.2227323413,3.9411191862,9.14393e-05,1.20417e-05,0.0,1,KKT conditions numerically satisfied for barrier-golden solution
high_fast_penalty,1112,0.7,1673.233333,0.35,0.45,0.5,0.6,0.6,1.8,3B,1,0.97375,1.019782,12574.381005,1673.233283,deadline,0.3737496463,0.8262503537,0.4197822909,0.7802177091,4.9985e-05,0.0,0.0,0.0,0.0,1.8778131578,0.6737573645,-0.4926432903,0.8346534597,9.38626e-05,4.9985e-05,0.0,1,KKT conditions numerically satisfied for barrier-golden solution
high_fast_penalty,1112,0.75,1792.75,0.35,0.45,0.5,0.6,0.6,1.8,2B,1,1.321173,1.341565,13917.956764,1792.749982,deadline,0.72117317,0.47882683,0.7415652575,0.4584347425,1.75114e-05,0.0,0.0,0.0,0.0,5.7863481414,10.0898108677,-6.9357891336,12.2437516412,0.0001013268,1.75114e-05,0.0,1,KKT conditions numerically satisfied for barrier-golden solution
high_fast_penalty,1112,0.75,1792.75,0.35,0.45,0.5,0.6,0.6,1.8,3B,1,0.902474,0.956503,12407.402602,1792.7499,deadline,0.3024737108,0.8975262892,0.3565026016,0.8434973984,9.99179e-05,0.0,0.0,0.0,0.0,0.9586662121,0.7952486654,-0.5955454099,0.993526434,9.57879e-05,9.99179e-05,0.0,1,KKT conditions numerically satisfied for barrier-golden solution
high_fast_penalty,1112,0.8,1912.266667,0.35,0.45,0.5,0.6,0.6,1.8,2B,1,1.235911,1.259573,13312.208674,1912.266641,deadline,0.6359108939,0.5640891061,0.6595725909,0.5404274091,2.56478e-05,0.0,0.0,0.0,0.0,4.403236691,17.4860730571,-12.1080195045,21.2689183383,0.0001129332,2.56478e-05,0.0,1,KKT conditions numerically satisfied for barrier-golden solution
high_fast_penalty,1112,0.8,1912.266667,0.35,0.45,0.5,0.6,0.6,1.8,3B,1,0.839253,0.901897,12336.574609,1912.266282,deadline,0.2392531908,0.9607468092,0.3018968646,0.8981031354,0.0003848488,0.0,0.0,0.0,0.0,0.256900423,0.1899545021,-0.1462467031,0.2397307052,9.88678e-05,0.0003848488,0.0,1,KKT conditions numerically satisfied for barrier-golden solution
high_fast_penalty,1112,0.85,2031.783333,0.35,0.45,0.5,0.6,0.6,1.8,2B,1,1.158169,1.188997,12852.286132,2031.783305,deadline,0.5581685824,0.6418314176,0.5889967283,0.6110032717,2.8114e-05,0.0,0.0,0.0,0.0,3.3320132964,0.9408325667,-0.6610569002,1.1498530966,9.36763e-05,2.8114e-05,0.0,1,KKT conditions numerically satisfied for barrier-golden solution
high_fast_penalty,1112,0.85,2031.783333,0.35,0.45,0.5,0.6,0.6,1.8,3B,1,0.813552,0.880149,12329.923378,1965.009811,none,0.2135519621,0.9864480379,0.2801492312,0.9198507688,66.7735227255,0.0,0.0,0.0,0.0,0.0,0.0073687367,0.003671317,0.0082326696,0.0,0.2135519621,0.0,1,KKT conditions numerically satisfied for barrier-golden solution
high_fast_penalty,1112,0.9,2151.3,0.35,0.45,0.5,0.6,0.6,1.8,2B,1,1.089923,1.1257,12506.699176,2151.299963,deadline,0.489923402,0.710076598,0.5256999378,0.6743000622,3.68549e-05,0.0,0.0,0.0,0.0,2.4832274836,0.2963769949,-0.2107689152,0.36367961,9.15192e-05,3.68549e-05,0.0,1,KKT conditions numerically satisfied for barrier-golden solution
high_fast_penalty,1112,0.9,2151.3,0.35,0.45,0.5,0.6,0.6,1.8,3B,1,0.813552,0.880149,12329.923378,1965.009301,none,0.2135522623,0.9864477377,0.2801493897,0.9198506103,186.2906987973,0.0,0.0,0.0,0.0,0.0,0.0103140164,0.0060395213,0.0119521861,0.0,0.2135522623,0.0,1,KKT conditions numerically satisfied for barrier-golden solution
high_fast_penalty,1112,0.95,2270.816667,0.35,0.45,0.5,0.6,0.6,1.8,2B,1,1.02851,1.069351,12251.952624,2270.816614,deadline,0.4285104873,0.7714895127,0.4693508863,0.7306491137,5.26255e-05,0.0,0.0,0.0,0.0,1.8041490775,0.4140745928,-0.2984079183,0.5103969574,9.49442e-05,5.26255e-05,0.0,1,KKT conditions numerically satisfied for barrier-golden solution
high_fast_penalty,1112,0.95,2270.816667,0.35,0.45,0.5,0.6,0.6,1.8,3B,1,0.813552,0.880149,12329.923378,1965.009672,none,0.2135520668,0.9864479332,0.280149256,0.919850744,305.8069941845,0.0,0.0,0.0,0.0,0.0,0.0083958864,0.0040418613,0.0093181303,0.0,0.2135520668,0.0,1,KKT conditions numerically satisfied for barrier-golden solution
high_fast_penalty,1112,1.0,2390.333333,0.35,0.45,0.5,0.6,0.6,1.8,2B,1,0.972798,1.018996,12070.282964,2390.333259,deadline,0.3727983633,0.8272016367,0.4189956646,0.7810043354,7.45305e-05,0.0,0.0,0.0,0.0,1.254702476,0.1868565518,-0.1366834969,0.2315118772,9.35136e-05,7.45305e-05,0.0,1,KKT conditions numerically satisfied for barrier-golden solution
high_fast_penalty,1112,1.0,2390.333333,0.35,0.45,0.5,0.6,0.6,1.8,3B,1,0.813552,0.880149,12329.923378,1965.009868,none,0.2135519531,0.9864480469,0.2801491944,0.9198508056,425.3234658061,0.0,0.0,0.0,0.0,0.0,0.0072799715,0.0031210845,0.0079208051,0.0,0.2135519531,0.0,1,KKT conditions numerically satisfied for barrier-golden solution
high_fast_penalty,1112,1.05,2509.85,0.35,0.45,0.5,0.6,0.6,1.8,2B,1,0.922035,0.973747,11948.046268,2509.84988,deadline,0.3220346357,0.8779653643,0.3737465481,0.8262534519,0.0001204779,0.0,0.0,0.0,0.0,0.8054216517,0.5189740713,-0.3858795761,0.646712559,9.70355e-05,0.0001204779,0.0,1,KKT conditions numerically satisfied for barrier-golden solution
high_fast_penalty,1112,1.05,2509.85,0.35,0.45,0.5,0.6,0.6,1.8,3B,1,0.813552,0.880149,12329.923378,1965.009966,none,0.2135518987,0.9864481013,0.2801491609,0.9198508391,544.8400340567,0.0,0.0,0.0,0.0,0.0,0.006746833,0.0026209073,0.0072380185,0.0,0.2135518987,0.0,1,KKT conditions numerically satisfied for barrier-golden solution
high_fast_penalty,1112,1.1,2629.366667,0.35,0.45,0.5,0.6,0.6,1.8,2B,1,0.875441,0.932999,11874.620512,2629.366434,deadline,0.2754411497,0.9245588503,0.3329991425,0.8670008575,0.0002322366,0.0,0.0,0.0,0.0,0.4347751227,0.3202195883,-0.2424740195,0.4016643311,0.0001009707,0.0002322366,0.0,1,KKT conditions numerically satisfied for barrier-golden solution
high_fast_penalty,1112,1.1,2629.366667,0.35,0.45,0.5,0.6,0.6,1.8,3B,1,0.813552,0.880149,12329.923378,1965.010011,none,0.2135517521,0.9864482479,0.2801492402,0.9198507598,664.3566551747,0.0,0.0,0.0,0.0,0.0,0.0053082779,0.0038057964,0.0065316078,0.0,0.2135517521,0.0,1,KKT conditions numerically satisfied for barrier-golden solution
high_fast_penalty,1112,1.15,2748.883333,0.35,0.45,0.5,0.6,0.6,1.8,2B,1,0.832512,0.896156,11841.63477,2748.882549,deadline,0.2325123069,0.9674876931,0.2961559913,0.9038440087,0.000784058,0.0,0.0,0.0,0.0,0.1263960574,0.1982682918,-0.1531608988,0.2505365771,9.91018e-05,0.000784058,0.0,1,KKT conditions numerically satisfied for barrier-golden solution
high_fast_penalty,1112,1.15,2748.883333,0.35,0.45,0.5,0.6,0.6,1.8,3B,1,0.813552,0.880149,12329.923378,1965.010072,none,0.2135517105,0.9864482895,0.2801492261,0.9198507739,783.8732614045,0.0,0.0,0.0,0.0,0.0,0.0048996909,0.0035951271,0.006077163,0.0,0.2135517105,0.0,1,KKT conditions numerically satisfied for barrier-golden solution
high_fast_penalty,1112,1.2,2868.4,0.35,0.45,0.5,0.6,0.6,1.8,2B,1,0.813552,0.880149,11838.151112,2804.753515,none,0.2135522967,0.9864477033,0.2801493671,0.9198506329,63.6464849247,0.0,0.0,0.0,0.0,0.0,0.0102261914,0.005474572,0.0115993935,0.0,0.2135522967,0.0,1,KKT conditions numerically satisfied for barrier-golden solution
high_fast_penalty,1112,1.2,2868.4,0.35,0.45,0.5,0.6,0.6,1.8,3B,1,0.813552,0.880149,12329.923378,1965.010067,none,0.2135517164,0.9864482836,0.2801492253,0.9198507747,903.3899329353,0.0,0.0,0.0,0.0,0.0,0.0049574788,0.0035824857,0.0061164368,0.0,0.2135517164,0.0,1,KKT conditions numerically satisfied for barrier-golden solution
high_fast_penalty,1112,1.25,2987.916667,0.35,0.45,0.5,0.6,0.6,1.8,2B,1,0.813552,0.880149,11838.151112,2804.755484,none,0.2135515114,0.9864484886,0.2801489164,0.9198510836,183.1611826955,0.0,0.0,0.0,0.0,0.0,0.0028289223,-0.0009915744,0.0029976693,0.0,0.2135515114,0.0,1,KKT conditions numerically satisfied for barrier-golden solution
high_fast_penalty,1112,1.25,2987.916667,0.35,0.45,0.5,0.6,0.6,1.8,3B,1,0.813552,0.880149,12329.923378,1965.010125,none,0.2135516713,0.9864483287,0.2801492158,0.9198507842,1022.906541705,0.0,0.0,0.0,0.0,0.0,0.0045156929,0.0034405316,0.0056770362,0.0,0.2135516713,0.0,1,KKT conditions numerically satisfied for barrier-golden solution
high_fast_penalty,1112,1.3,3107.433333,0.35,0.45,0.5,0.6,0.6,1.8,2B,1,0.813552,0.880149,11838.151112,2804.753576,none,0.2135522535,0.9864477465,0.2801493679,0.9198506321,302.6797572931,0.0,0.0,0.0,0.0,0.0,0.0098191237,0.0054859162,0.0112476872,0.0,0.2135522535,0.0,1,KKT conditions numerically satisfied for barrier-golden solution
high_fast_penalty,1112,1.3,3107.433333,0.35,0.45,0.5,0.6,0.6,1.8,3B,1,0.813552,0.880149,12329.923378,1965.010121,none,0.2135516764,0.9864483236,0.2801492148,0.9198507852,1142.423212213,0.0,0.0,0.0,0.0,0.0,0.0045654444,0.0034256581,0.0057077505,0.0,0.2135516764,0.0,1,KKT conditions numerically satisfied for barrier-golden solution
high_fast_penalty,1112,1.35,3226.95,0.35,0.45,0.5,0.6,0.6,1.8,2B,1,0.813552,0.880149,11838.151112,2804.754012,none,0.2135520845,0.9864479155,0.2801492642,0.9198507358,422.1959879167,0.0,0.0,0.0,0.0,0.0,0.0082278722,0.003998041,0.0091477982,0.0,0.2135520845,0.0,1,KKT conditions numerically satisfied for barrier-golden solution
high_fast_penalty,1112,1.35,3226.95,0.35,0.45,0.5,0.6,0.6,1.8,3B,1,0.813552,0.880149,12329.923378,1965.010142,none,0.2135516675,0.9864483325,0.2801492055,0.9198507945,1261.9398578471,0.0,0.0,0.0,0.0,0.0,0.0044781877,0.003287057,0.0055550796,0.0,0.2135516675,0.0,1,KKT conditions numerically satisfied for barrier-golden solution
high_fast_penalty,1112,1.4,3346.466667,0.35,0.45,0.5,0.6,0.6,1.8,2B,1,0.813552,0.880149,11838.151112,2804.754205,none,0.2135520098,0.9864479902,0.2801492182,0.9198507818,541.7124614022,0.0,0.0,0.0,0.0,0.0,0.0075234128,0.0033382509,0.0082307751,0.0,0.2135520098,0.0,1,KKT conditions numerically satisfied for barrier-golden solution
high_fast_penalty,1112,1.4,3346.466667,0.35,0.45,0.5,0.6,0.6,1.8,3B,1,0.813552,0.880149,12329.923378,1965.010139,none,0.2135516758,0.9864483242,0.2801492018,0.9198507982,1381.4565280743,0.0,0.0,0.0,0.0,0.0,0.0045597337,0.0032311634,0.0055885229,0.0,0.2135516758,0.0,1,KKT conditions numerically satisfied for barrier-golden solution
high_fast_penalty,1112,1.5,3585.5,0.35,0.45,0.5,0.6,0.6,1.8,2B,1,0.813552,0.880149,11838.151112,2804.754402,none,0.2135519346,0.9864480654,0.2801491707,0.9198508293,780.745598157,0.0,0.0,0.0,0.0,0.0,0.0068151384,0.002656667,0.0073146423,0.0,0.2135519346,0.0,1,KKT conditions numerically satisfied for barrier-golden solution
high_fast_penalty,1112,1.5,3585.5,0.35,0.45,0.5,0.6,0.6,1.8,3B,1,0.813552,0.880149,12329.923378,1965.010171,none,0.2135516539,0.9864483461,0.2801491939,0.9198508061,1620.4898290112,0.0,0.0,0.0,0.0,0.0,0.0043449305,0.0031132282,0.0053451483,0.0,0.2135516539,0.0,1,KKT conditions numerically satisfied for barrier-golden solution
high_fast_penalty,1121,0.7,1638.7,0.35,0.45,0.5,0.6,0.6,1.8,2B,1,1.418445,1.435403,11993.0827,1638.699981,deadline,0.8184445579,0.3815554421,0.8354034203,0.3645965797,1.85126e-05,0.0,0.0,0.0,0.0,6.3198389688,4.1256598552,-2.8166013483,4.9954291503,0.0001169965,1.85126e-05,0.0,1,KKT conditions numerically satisfied for barrier-golden solution
high_fast_penalty,1121,0.7,1638.7,0.35,0.45,0.5,0.6,0.6,1.8,3B,1,0.977974,1.023624,10289.774073,1638.699935,deadline,0.377973723,0.822026277,0.4236235951,0.7763764049,6.45744e-05,0.0,0.0,0.0,0.0,1.6105568768,0.2789317079,-0.2037196077,0.3454049453,0.0001040007,6.45744e-05,0.0,1,KKT conditions numerically satisfied for barrier-golden solution
high_fast_penalty,1121,0.75,1755.75,0.35,0.45,0.5,0.6,0.6,1.8,2B,1,1.320374,1.342115,11345.190379,1755.749977,deadline,0.720374434,0.479625566,0.7421148775,0.4578851225,2.29518e-05,0.0,0.0,0.0,0.0,4.8180609239,1.0604126421,-0.7304135236,1.2876252898,0.0001105831,2.29518e-05,0.0,1,KKT conditions numerically satisfied for barrier-golden solution
high_fast_penalty,1121,0.75,1755.75,0.35,0.45,0.5,0.6,0.6,1.8,3B,1,0.906464,0.960047,10148.613105,1755.749878,deadline,0.3064638012,0.8935361988,0.3600466048,0.8399533952,0.0001221552,0.0,0.0,0.0,0.0,0.837081795,0.3925129508,-0.2935259029,0.4901263839,0.0001022539,0.0001221552,0.0,1,KKT conditions numerically satisfied for barrier-golden solution
high_fast_penalty,1121,0.8,1872.8,0.35,0.45,0.5,0.6,0.6,1.8,2B,1,1.234409,1.260615,10851.404728,1872.799973,deadline,0.6344089325,0.5655910675,0.6606147349,0.5393852651,2.6962e-05,0.0,0.0,0.0,0.0,3.6681557085,0.7591272514,-0.5278007098,0.9245797818,9.89008e-05,2.6962e-05,0.0,1,KKT conditions numerically satisfied for barrier-golden solution
high_fast_penalty,1121,0.8,1872.8,0.35,0.45,0.5,0.6,0.6,1.8,3B,1,0.843062,0.905159,10086.695225,1872.7996,deadline,0.2430619201,0.9569380799,0.3051593707,0.8948406293,0.0003998148,0.0,0.0,0.0,0.0,0.2464698064,0.0866159999,-0.0665637869,0.1092385883,9.85423e-05,0.0003998148,0.0,1,KKT conditions numerically satisfied for barrier-golden solution
high_fast_penalty,1121,0.85,1989.85,0.35,0.45,0.5,0.6,0.6,1.8,2B,1,1.15809,1.189052,10476.516399,1989.849969,deadline,0.5580900749,0.6419099251,0.5890518997,0.6109481003,3.09935e-05,0.0,0.0,0.0,0.0,2.7734713902,0.0598545621,-0.0420651984,0.0731577031,8.59596e-05,3.09935e-05,0.0,1,KKT conditions numerically satisfied for barrier-golden solution
high_fast_penalty,1121,0.85,1989.85,0.35,0.45,0.5,0.6,0.6,1.8,3B,1,0.813552,0.880149,10079.534278,1932.154946,none,0.2135522336,0.9864477664,0.2801493337,0.9198506663,57.6950535996,0.0,0.0,0.0,0.0,0.0,0.0082007272,0.0042530607,0.0092379896,0.0,0.2135522336,0.0,1,KKT conditions numerically satisfied for barrier-golden solution
high_fast_penalty,1121,0.9,2106.9,0.35,0.45,0.5,0.6,0.6,1.8,2B,1,1.089982,1.125658,10194.81196,2106.899953,deadline,0.4899824623,0.7100175377,0.5256579504,0.6743420496,4.6748e-05,0.0,0.0,0.0,0.0,2.0667542249,0.7746906803,-0.550821569,0.9505524978,9.66166e-05,4.6748e-05,0.0,1,KKT conditions numerically satisfied for barrier-golden solution
high_fast_penalty,1121,0.9,2106.9,0.35,0.45,0.5,0.6,0.6,1.8,3B,1,0.813551,0.880149,10079.534278,1932.15624,none,0.2135514741,0.9864485259,0.2801489121,0.9198510879,174.7437601203,0.0,0.0,0.0,0.0,0.0,0.0021097551,-0.0008968759,0.0022924774,0.0,0.2135514741,0.0,1,KKT conditions numerically satisfied for barrier-golden solution
high_fast_penalty,1121,0.95,2223.95,0.35,0.45,0.5,0.6,0.6,1.8,2B,1,1.028547,1.069325,9987.155784,2223.94993,deadline,0.4285469778,0.7714530222,0.4693246055,0.7306753945,6.98857e-05,0.0,0.0,0.0,0.0,1.5015840063,0.6677347331,-0.4811534052,0.8230299345,0.0001049393,6.98857e-05,0.0,1,KKT conditions numerically satisfied for barrier-golden solution
high_fast_penalty,1121,0.95,2223.95,0.35,0.45,0.5,0.6,0.6,1.8,3B,1,0.813552,0.880149,10079.534278,1932.154926,none,0.213552264,0.986447736,0.2801493259,0.9198506741,291.7950739847,0.0,0.0,0.0,0.0,0.0,0.0084451752,0.0041577953,0.0094131952,0.0,0.213552264,0.0,1,KKT conditions numerically satisfied for barrier-golden solution
high_fast_penalty,1121,1.0,2341.0,0.35,0.45,0.5,0.6,0.6,1.8,2B,1,0.972846,1.018961,9839.068101,2340.999907,deadline,0.3728464132,0.8271535868,0.4189605341,0.7810394659,9.26919e-05,0.0,0.0,0.0,0.0,1.0442538079,0.5884445726,-0.430368489,0.729029527,9.67938e-05,9.26919e-05,0.0,1,KKT conditions numerically satisfied for barrier-golden solution
high_fast_penalty,1121,1.0,2341.0,0.35,0.45,0.5,0.6,0.6,1.8,3B,1,0.813552,0.880149,10079.534278,1932.155139,none,0.2135521442,0.9864478558,0.2801492525,0.9198507475,408.8448611136,0.0,0.0,0.0,0.0,0.0,0.0074844115,0.0032607676,0.0081638851,0.0,0.2135521442,0.0,1,KKT conditions numerically satisfied for barrier-golden solution
high_fast_penalty,1121,1.05,2458.05,0.35,0.45,0.5,0.6,0.6,1.8,2B,1,0.922008,0.973766,9739.427056,2458.049846,deadline,0.3220083907,0.8779916093,0.3737660876,0.8262339124,0.0001539546,0.0,0.0,0.0,0.0,0.6704077604,0.1838526677,-0.1367156468,0.2291134468,0.0001032124,0.0001539546,0.0,1,KKT conditions numerically satisfied for barrier-golden solution
high_fast_penalty,1121,1.05,2458.05,0.35,0.45,0.5,0.6,0.6,1.8,3B,1,0.813552,0.880149,10079.534278,1932.155289,none,0.2135520584,0.9864479416,0.2801492017,0.9198507983,525.8947109122,0.0,0.0,0.0,0.0,0.0,0.0067961465,0.0026401298,0.0072909459,0.0,0.2135520584,0.0,1,KKT conditions numerically satisfied for barrier-golden solution
high_fast_penalty,1121,1.1,2575.1,0.35,0.45,0.5,0.6,0.6,1.8,2B,1,0.875439,0.933001,9679.574194,2575.099731,deadline,0.2754390722,0.9245609278,0.3330007415,0.8669992585,0.0002691793,0.0,0.0,0.0,0.0,0.361877336,0.2418881914,-0.1831620662,0.3034110078,9.74099e-05,0.0002691793,0.0,1,KKT conditions numerically satisfied for barrier-golden solution
high_fast_penalty,1121,1.1,2575.1,0.35,0.45,0.5,0.6,0.6,1.8,3B,1,0.813552,0.880149,10079.534278,1932.155372,none,0.2135520089,0.9864479911,0.2801491752,0.9198508248,642.9446278246,0.0,0.0,0.0,0.0,0.0,0.0063991138,0.0023161829,0.006805392,0.0,0.2135520089,0.0,1,KKT conditions numerically satisfied for barrier-golden solution
high_fast_penalty,1121,1.15,2692.15,0.35,0.45,0.5,0.6,0.6,1.8,2B,1,0.832505,0.896162,9652.685933,2692.149051,deadline,0.2325046043,0.9674953957,0.2961620451,0.9038379549,0.0009489776,0.0,0.0,0.0,0.0,0.1052117439,0.0903269052,-0.0697791502,0.1141406133,9.98436e-05,0.0009489776,0.0,1,KKT conditions numerically satisfied for barrier-golden solution
high_fast_penalty,1121,1.15,2692.15,0.35,0.45,0.5,0.6,0.6,1.8,3B,1,0.813552,0.880149,10079.534278,1932.155408,none,0.213551988,0.986448012,0.2801491631,0.9198508369,759.9945917048,0.0,0.0,0.0,0.0,0.0,0.0062315878,0.0021693291,0.0065983843,0.0,0.213551988,0.0,1,KKT conditions numerically satisfied for barrier-golden solution
high_fast_penalty,1121,1.2,2809.2,0.35,0.45,0.5,0.6,0.6,1.8,2B,1,0.813553,0.880149,9649.846218,2746.866619,none,0.2135525308,0.9864474692,0.2801494469,0.9198505531,62.3333810696,0.0,0.0,0.0,0.0,0.0,0.0101332355,0.0053954157,0.011480112,0.0,0.2135525308,0.0,1,KKT conditions numerically satisfied for barrier-golden solution
high_fast_penalty,1121,1.2,2809.2,0.35,0.45,0.5,0.6,0.6,1.8,3B,1,0.813552,0.880149,10079.534278,1932.15547,none,0.2135519513,0.9864480487,0.2801491432,0.9198508568,877.0445297424,0.0,0.0,0.0,0.0,0.0,0.005936603,0.001926437,0.0062413472,0.0,0.2135519513,0.0,1,KKT conditions numerically satisfied for barrier-golden solution
high_fast_penalty,1121,1.25,2926.25,0.35,0.45,0.5,0.6,0.6,1.8,2B,1,0.813552,0.880149,9649.846218,2746.868201,none,0.2135517885,0.9864482115,0.2801491537,0.9198508463,179.3817992423,0.0,0.0,0.0,0.0,0.0,0.0044337512,0.0019663413,0.0048502214,0.0,0.2135517885,0.0,1,KKT conditions numerically satisfied for barrier-golden solution
high_fast_penalty,1121,1.25,2926.25,0.35,0.45,0.5,0.6,0.6,1.8,3B,1,0.813552,0.880149,10079.534278,1932.155487,none,0.2135519417,0.9864480583,0.2801491376,0.9198508624,994.0945129886,0.0,0.0,0.0,0.0,0.0,0.0058598555,0.0018571823,0.0061471158,0.0,0.2135519417,0.0,1,KKT conditions numerically satisfied for barrier-golden solution
high_fast_penalty,1121,1.3,3043.3,0.35,0.45,0.5,0.6,0.6,1.8,2B,1,0.813551,0.880149,9649.846218,2746.86909,none,0.2135514589,0.9864485411,0.2801489204,0.9198510796,296.4309099653,0.0,0.0,0.0,0.0,0.0,0.0019028568,-0.0007615497,0.0020495907,0.0,0.2135514589,0.0,1,KKT conditions numerically satisfied for barrier-golden solution
high_fast_penalty,1121,1.3,3043.3,0.35,0.45,0.5,0.6,0.6,1.8,3B,1,0.813552,0.880149,10079.534278,1932.155498,none,0.2135519357,0.9864480643,0.2801491336,0.9198508664,1111.144501992,0.0,0.0,0.0,0.0,0.0,0.0058122098,0.0018084828,0.0060870677,0.0,0.2135519357,0.0,1,KKT conditions numerically satisfied for barrier-golden solution
high_fast_penalty,1121,1.35,3160.35,0.35,0.45,0.5,0.6,0.6,1.8,2B,1,0.813552,0.880149,9649.846218,2746.867145,none,0.2135522988,0.9864477012,0.2801493379,0.9198506621,413.4828552329,0.0,0.0,0.0,0.0,0.0,0.0083522574,0.0041204282,0.0093133309,0.0,0.2135522988,0.0,1,KKT conditions numerically satisfied for barrier-golden solution
high_fast_penalty,1121,1.35,3160.35,0.35,0.45,0.5,0.6,0.6,1.8,3B,1,0.813552,0.880149,10079.534278,1932.155522,none,0.2135519209,0.9864480791,0.2801491267,0.9198508733,1228.1944784113,0.0,0.0,0.0,0.0,0.0,0.005692898,0.0017244266,0.0059483388,0.0,0.2135519209,0.0,1,KKT conditions numerically satisfied for barrier-golden solution
high_fast_penalty,1121,1.4,3277.4,0.35,0.45,0.5,0.6,0.6,1.8,2B,1,0.813552,0.880149,9649.846218,2746.867386,none,0.2135522062,0.9864477938,0.2801492772,0.9198507228,530.5326140548,0.0,0.0,0.0,0.0,0.0,0.007640893,0.0034102778,0.0083673915,0.0,0.2135522062,0.0,1,KKT conditions numerically satisfied for barrier-golden solution
high_fast_penalty,1121,1.4,3277.4,0.35,0.45,0.5,0.6,0.6,1.8,3B,1,0.813552,0.880149,10079.534278,1932.155504,none,0.2135517817,0.9864482183,0.2801492488,0.9198507512,1345.2444956449,0.0,0.0,0.0,0.0,0.0,0.0045766763,0.0032160357,0.0055936439,0.0,0.2135517817,0.0,1,KKT conditions numerically satisfied for barrier-golden solution
high_fast_penalty,1121,1.5,3511.5,0.35,0.45,0.5,0.6,0.6,1.8,2B,1,0.813552,0.880149,9649.846218,2746.867636,none,0.2135521056,0.9864478944,0.2801492176,0.9198507824,764.6323637531,0.0,0.0,0.0,0.0,0.0,0.0068683177,0.0027140273,0.0073851021,0.0,0.2135521056,0.0,1,KKT conditions numerically satisfied for barrier-golden solution
high_fast_penalty,1121,1.5,3511.5,0.35,0.45,0.5,0.6,0.6,1.8,3B,1,0.813552,0.880149,10079.534278,1932.155529,none,0.2135517631,0.9864482369,0.2801492437,0.9198507563,1579.3444707014,0.0,0.0,0.0,0.0,0.0,0.0044278699,0.0031539788,0.0054363236,0.0,0.2135517631,0.0,1,KKT conditions numerically satisfied for barrier-golden solution
high_fast_penalty,1122,0.7,2005.266667,0.35,0.45,0.5,0.6,0.6,1.8,2B,1,1.416061,1.43491,17003.722104,2005.266656,deadline,0.8160613562,0.3839386438,0.8349097336,0.3650902664,1.08209e-05,0.0,0.0,0.0,0.0,7.3132782349,-7.7782165576,3.9933286639,8.7434161879,7.91364e-05,1.08209e-05,0.0,1,KKT conditions numerically satisfied for barrier-golden solution
high_fast_penalty,1122,0.7,2005.266667,0.35,0.45,0.5,0.6,0.6,1.8,3B,1,1.062255,1.094414,14851.225711,2005.266628,deadline,0.4622546539,0.7377453461,0.4944142579,0.7055857421,3.89254e-05,0.0,0.0,0.0,0.0,2.7898092065,46.6513189591,-24.7594008522,52.8145197004,0.0001085944,3.89254e-05,0.0,1,KKT conditions numerically satisfied for barrier-golden solution
high_fast_penalty,1122,0.75,2148.5,0.35,0.45,0.5,0.6,0.6,1.8,2B,1,1.318854,1.340693,16087.369684,2148.499983,deadline,0.718853753,0.481146247,0.7406930252,0.4593069748,1.70641e-05,0.0,0.0,0.0,0.0,5.5646653259,1.2560568244,-0.6490000238,1.4138174483,9.4956e-05,1.70641e-05,0.0,1,KKT conditions numerically satisfied for barrier-golden solution
high_fast_penalty,1122,0.75,2148.5,0.35,0.45,0.5,0.6,0.6,1.8,3B,1,0.982613,1.026201,14527.389525,2148.499945,deadline,0.3826131652,0.8173868348,0.4262008016,0.7737991984,5.50283e-05,0.0,0.0,0.0,0.0,1.7613178352,13.2400252234,-7.2203518055,15.0808404312,9.69224e-05,5.50283e-05,0.0,1,KKT conditions numerically satisfied for barrier-golden solution
high_fast_penalty,1122,0.8,2291.733333,0.35,0.45,0.5,0.6,0.6,1.8,2B,1,1.247249,1.25138,15391.549336,2291.733307,deadline,0.6472489825,0.5527510175,0.6513800862,0.5486199138,2.62816e-05,0.0,0.0,0.0,0.0,4.181221255,162.0716513869,-81.573523946,181.4427182122,0.000109889,2.62816e-05,0.0,1,KKT conditions numerically satisfied for barrier-golden solution
high_fast_penalty,1122,0.8,2291.733333,0.35,0.45,0.5,0.6,0.6,1.8,3B,1,0.913704,0.966202,14333.940492,2291.733229,deadline,0.3137041178,0.8862958822,0.3662022852,0.8337977148,0.0001045477,0.0,0.0,0.0,0.0,0.970183449,2.249066578,-1.2574689569,2.576728284,0.0001014305,0.0001045477,0.0,1,KKT conditions numerically satisfied for barrier-golden solution
high_fast_penalty,1122,0.85,2434.966667,0.35,0.45,0.5,0.6,0.6,1.8,2B,1,1.156096,1.18693,14861.689278,2434.966636,deadline,0.5560958251,0.6439041749,0.586929697,0.613070303,3.10143e-05,0.0,0.0,0.0,0.0,3.1895661718,2.0573759638,-1.0842913479,2.3256146679,9.89223e-05,3.10143e-05,0.0,1,KKT conditions numerically satisfied for barrier-golden solution
high_fast_penalty,1122,0.85,2434.966667,0.35,0.45,0.5,0.6,0.6,1.8,3B,1,0.852751,0.913448,14240.88159,2434.96639,deadline,0.252750904,0.947249096,0.3134481077,0.8865518923,0.0002770908,0.0,0.0,0.0,0.0,0.3538253461,0.1875829716,-0.1076184666,0.21626166,9.80417e-05,0.0002770908,0.0,1,KKT conditions numerically satisfied for barrier-golden solution
high_fast_penalty,1122,0.9,2578.2,0.35,0.45,0.5,0.6,0.6,1.8,2B,1,1.093171,1.120304,14466.019916,2578.199961,deadline,0.4931706764,0.7068293236,0.5203040012,0.6796959988,3.8658e-05,0.0,0.0,0.0,0.0,2.3543064186,64.5611143948,-33.902900077,72.9214928916,9.10127e-05,3.8658e-05,0.0,1,KKT conditions numerically satisfied for barrier-golden solution
high_fast_penalty,1122,0.9,2578.2,0.35,0.45,0.5,0.6,0.6,1.8,3B,1,0.813553,0.880149,14223.516563,2535.877374,none,0.2135527803,0.9864472197,0.2801492949,0.9198507051,42.3226263047,0.0,0.0,0.0,0.0,0.0,0.0147836667,0.0059174363,0.015923971,0.0,0.2135527803,0.0,1,KKT conditions numerically satisfied for barrier-golden solution
high_fast_penalty,1122,0.95,2721.433333,0.35,0.45,0.5,0.6,0.6,1.8,2B,1,1.026857,1.06601,14175.12895,2721.433271,deadline,0.4268573112,0.7731426888,0.4660101202,0.7339898798,6.26198e-05,0.0,0.0,0.0,0.0,1.7098597958,14.6319987854,-7.8845355729,16.62110976,0.000107071,6.26198e-05,0.0,1,KKT conditions numerically satisfied for barrier-golden solution
high_fast_penalty,1122,0.95,2721.433333,0.35,0.45,0.5,0.6,0.6,1.8,3B,1,0.813552,0.880149,14223.516563,2535.879157,none,0.2135515772,0.9864484228,0.2801490451,0.9198509549,185.5541761185,0.0,0.0,0.0,0.0,0.0,0.0034490615,0.0011391626,0.0036323156,0.0,0.2135515772,0.0,1,KKT conditions numerically satisfied for barrier-golden solution
high_fast_penalty,1122,1.0,2864.666667,0.35,0.45,0.5,0.6,0.6,1.8,2B,1,0.969572,1.015942,13969.121802,2864.666573,deadline,0.3695715768,0.8304284232,0.4159418898,0.7840581102,9.37172e-05,0.0,0.0,0.0,0.0,1.1814058444,1.4505446806,-0.7963043706,1.6547448507,0.000110718,9.37172e-05,0.0,1,KKT conditions numerically satisfied for barrier-golden solution
high_fast_penalty,1122,1.0,2864.666667,0.35,0.45,0.5,0.6,0.6,1.8,3B,1,0.813553,0.880149,14223.516563,2535.877659,none,0.2135526491,0.9864473509,0.2801492192,0.9198507808,328.789007866,0.0,0.0,0.0,0.0,0.0,0.0135474754,0.0044694162,0.0142656851,0.0,0.2135526491,0.0,1,KKT conditions numerically satisfied for barrier-golden solution
high_fast_penalty,1122,1.05,3007.9,0.35,0.45,0.5,0.6,0.6,1.8,2B,1,0.918295,0.970391,13831.989272,3007.899868,deadline,0.3182947462,0.8817052538,0.3703910004,0.8296089996,0.0001318904,0.0,0.0,0.0,0.0,0.7471686671,1.0319287318,-0.5761678619,1.1818825291,9.85443e-05,0.0001318904,0.0,1,KKT conditions numerically satisfied for barrier-golden solution
high_fast_penalty,1122,1.05,3007.9,0.35,0.45,0.5,0.6,0.6,1.8,3B,1,0.813553,0.880149,14223.516563,2535.87793,none,0.2135525351,0.9864474649,0.2801491407,0.9198508593,472.0220698608,0.0,0.0,0.0,0.0,0.0,0.0124737281,0.0029692024,0.0128222485,0.0,0.2135525351,0.0,1,KKT conditions numerically satisfied for barrier-golden solution
high_fast_penalty,1122,1.1,3151.133333,0.35,0.45,0.5,0.6,0.6,1.8,2B,1,0.871199,0.9293,13751.413922,3151.133076,deadline,0.2711990416,0.9288009584,0.3293004865,0.8706995135,0.0002569045,0.0,0.0,0.0,0.0,0.3888666902,0.558849331,-0.3179378922,0.642959624,9.99016e-05,0.0002569045,0.0,1,KKT conditions numerically satisfied for barrier-golden solution
high_fast_penalty,1122,1.1,3151.133333,0.35,0.45,0.5,0.6,0.6,1.8,3B,1,0.813552,0.880149,14223.516563,2535.878059,none,0.2135524821,0.9864475179,0.2801491026,0.9198508974,615.2552738719,0.0,0.0,0.0,0.0,0.0,0.0119742164,0.0022396353,0.0121818646,0.0,0.2135524821,0.0,1,KKT conditions numerically satisfied for barrier-golden solution
high_fast_penalty,1122,1.15,3294.366667,0.35,0.45,0.5,0.6,0.6,1.8,2B,1,0.827734,0.892108,13717.697687,3294.365566,deadline,0.2277340113,0.9722659887,0.2921078996,0.9078921004,0.0011005685,0.0,0.0,0.0,0.0,0.0907500356,0.1652837757,-0.0959960578,0.1911386137,9.98766e-05,0.0011005685,0.0,1,KKT conditions numerically satisfied for barrier-golden solution
high_fast_penalty,1122,1.15,3294.366667,0.35,0.45,0.5,0.6,0.6,1.8,3B,1,0.813552,0.880149,14223.516563,2535.878164,none,0.2135524398,0.9864475602,0.2801490715,0.9198509285,758.4885028044,0.0,0.0,0.0,0.0,0.0,0.0115754694,0.0016453077,0.0116918146,0.0,0.2135524398,0.0,1,KKT conditions numerically satisfied for barrier-golden solution
high_fast_penalty,1122,1.2,3437.6,0.35,0.45,0.5,0.6,0.6,1.8,2B,1,0.813552,0.880149,13715.487096,3343.561771,none,0.2135523602,0.9864476398,0.2801492002,0.9198507998,94.0382292975,0.0,0.0,0.0,0.0,0.0,0.0104388615,0.0039600093,0.0111647437,0.0,0.2135523602,0.0,1,KKT conditions numerically satisfied for barrier-golden solution
high_fast_penalty,1122,1.2,3437.6,0.35,0.45,0.5,0.6,0.6,1.8,3B,1,0.813552,0.880149,14223.516563,2535.878233,none,0.2135517769,0.9864482231,0.2801494225,0.9198505775,901.7217670203,0.0,0.0,0.0,0.0,0.0,0.0053310458,0.0083591629,0.0099144164,0.0,0.2135517769,0.0,1,KKT conditions numerically satisfied for barrier-golden solution
high_fast_penalty,1122,1.25,3580.833333,0.35,0.45,0.5,0.6,0.6,1.8,2B,1,0.813552,0.880149,13715.487096,3343.56322,none,0.2135515967,0.9864484033,0.2801490593,0.9198509407,237.2701136775,0.0,0.0,0.0,0.0,0.0,0.003503323,0.0013598785,0.003757997,0.0,0.2135515967,0.0,1,KKT conditions numerically satisfied for barrier-golden solution
high_fast_penalty,1122,1.25,3580.833333,0.35,0.45,0.5,0.6,0.6,1.8,3B,1,0.813552,0.880149,14223.516563,2535.878196,none,0.2135517862,0.9864482138,0.2801494369,0.9198505631,1044.9551373723,0.0,0.0,0.0,0.0,0.0,0.0054178574,0.0086347619,0.0101937379,0.0,0.2135517862,0.0,1,KKT conditions numerically satisfied for barrier-golden solution
high_fast_penalty,1122,1.3,3724.066667,0.35,0.45,0.5,0.6,0.6,1.8,2B,1,0.813551,0.880149,13715.487096,3343.563993,none,0.2135514269,0.9864485731,0.2801488451,0.9198511549,380.5026739683,0.0,0.0,0.0,0.0,0.0,0.0019604553,-0.0025912137,0.0032492727,0.0,0.2135514269,0.0,1,KKT conditions numerically satisfied for barrier-golden solution
high_fast_penalty,1122,1.3,3724.066667,0.35,0.45,0.5,0.6,0.6,1.8,3B,1,0.813552,0.880149,14223.516563,2535.878154,none,0.2135518071,0.9864481929,0.280149447,0.919850553,1188.1885125557,0.0,0.0,0.0,0.0,0.0,0.0056152368,0.0088283933,0.0104628587,0.0,0.2135518071,0.0,1,KKT conditions numerically satisfied for barrier-golden solution
high_fast_penalty,1122,1.35,3867.3,0.35,0.45,0.5,0.6,0.6,1.8,2B,1,0.813553,0.880149,13715.487096,3343.561408,none,0.2135526136,0.9864473864,0.2801491991,0.9198508009,523.7385920366,0.0,0.0,0.0,0.0,0.0,0.012740722,0.0039387898,0.0133356689,0.0,0.2135526136,0.0,1,KKT conditions numerically satisfied for barrier-golden solution
high_fast_penalty,1122,1.35,3867.3,0.35,0.45,0.5,0.6,0.6,1.8,3B,1,0.813552,0.880149,14223.516563,2535.878168,none,0.2135517847,0.9864482153,0.2801494528,0.9198505472,1331.4218322382,0.0,0.0,0.0,0.0,0.0,0.0054045084,0.0089391558,0.0104459187,0.0,0.2135517847,0.0,1,KKT conditions numerically satisfied for barrier-golden solution
high_fast_penalty,1122,1.4,4010.533333,0.35,0.45,0.5,0.6,0.6,1.8,2B,1,0.813553,0.880149,13715.487096,3343.561557,none,0.2135525683,0.9864474317,0.2801491651,0.9198508349,666.9717764279,0.0,0.0,0.0,0.0,0.0,0.0123295062,0.0033129567,0.0127668479,0.0,0.2135525683,0.0,1,KKT conditions numerically satisfied for barrier-golden solution
high_fast_penalty,1122,1.4,4010.533333,0.35,0.45,0.5,0.6,0.6,1.8,3B,1,0.813552,0.880149,14223.516563,2535.878142,none,0.2135517818,0.9864482182,0.2801494683,0.9198505317,1474.6551914018,0.0,0.0,0.0,0.0,0.0,0.0053766766,0.0092365229,0.0106874696,0.0,0.2135517818,0.0,1,KKT conditions numerically satisfied for barrier-golden solution
high_fast_penalty,1122,1.5,4297.0,0.35,0.45,0.5,0.6,0.6,1.8,2B,1,0.813553,0.880149,13715.487096,3343.561838,none,0.213552507,0.986447493,0.280149087,0.919850913,953.4381621343,0.0,0.0,0.0,0.0,0.0,0.0117730576,0.0018718295,0.0119209324,0.0,0.213552507,0.0,1,KKT conditions numerically satisfied for barrier-golden solution
high_fast_penalty,1122,1.5,4297.0,0.35,0.45,0.5,0.6,0.6,1.8,3B,1,0.813552,0.880149,14223.516563,2535.878105,none,0.2135518032,0.9864481968,0.2801494758,0.9198505242,1761.1218953405,0.0,0.0,0.0,0.0,0.0,0.0055782413,0.0093783381,0.0109119202,0.0,0.2135518032,0.0,1,KKT conditions numerically satisfied for barrier-golden solution
high_fast_penalty,1211,0.7,1512.233333,0.35,0.45,0.5,0.6,0.6,1.8,2B,1,1.421571,1.439202,10276.722504,1512.23332,deadline,0.8215710609,0.3784289391,0.839202247,0.360797753,1.37149e-05,0.0,0.0,0.0,0.0,5.9006648868,-0.1145508539,0.1761148993,0.2100913037,8.09269e-05,1.37149e-05,0.0,1,KKT conditions numerically satisfied for barrier-golden solution
high_fast_penalty,1211,0.7,1512.233333,0.35,0.45,0.5,0.6,0.6,1.8,3B,1,0.895963,0.950977,8654.19341,1512.233196,deadline,0.2959625997,0.9040374003,0.3509773863,0.8490226137,0.0001375044,0.0,0.0,0.0,0.0,0.74634115,-0.1952359571,0.3299223082,0.3833611983,0.0001026252,0.0001375044,0.0,1,KKT conditions numerically satisfied for barrier-golden solution
high_fast_penalty,1211,0.75,1620.25,0.35,0.45,0.5,0.6,0.6,1.8,2B,1,1.324742,1.346431,9717.617711,1620.249977,deadline,0.724742272,0.475257728,0.7464309522,0.4535690478,2.29108e-05,0.0,0.0,0.0,0.0,4.5152550147,0.1245232427,-0.1929510139,0.2296434883,0.0001034481,2.29108e-05,0.0,1,KKT conditions numerically satisfied for barrier-golden solution
high_fast_penalty,1211,0.75,1620.25,0.35,0.45,0.5,0.6,0.6,1.8,3B,1,0.831634,0.895462,8607.185803,1620.249337,deadline,0.2316336272,0.9683663728,0.2954622105,0.9045377895,0.0006630102,0.0,0.0,0.0,0.0,0.1515781214,-0.0731209232,0.127163762,0.1466877356,0.0001004978,0.0006630102,0.0,1,KKT conditions numerically satisfied for barrier-golden solution
high_fast_penalty,1211,0.8,1728.266667,0.35,0.45,0.5,0.6,0.6,1.8,2B,1,1.239702,1.265771,9289.630296,1728.26664,deadline,0.6397023736,0.5602976264,0.6657713015,0.5342286985,2.63932e-05,0.0,0.0,0.0,0.0,3.4548867103,-0.0568651721,0.0889228229,0.1055505388,9.11854e-05,2.63932e-05,0.0,1,KKT conditions numerically satisfied for barrier-golden solution
high_fast_penalty,1211,0.8,1728.266667,0.35,0.45,0.5,0.6,0.6,1.8,3B,1,0.813552,0.88015,8604.716941,1653.26955,none,0.2135516087,0.9864483913,0.2801496486,0.9198503514,74.9971167935,0.0,0.0,0.0,0.0,0.0,0.0040981034,0.0046250604,0.0061794526,0.0,0.2135516087,0.0,1,KKT conditions numerically satisfied for barrier-golden solution
high_fast_penalty,1211,0.85,1836.283333,0.35,0.45,0.5,0.6,0.6,1.8,2B,1,1.164441,1.194988,8962.806086,1836.283299,deadline,0.5644413231,0.6355586769,0.5949878835,0.6050121165,3.41777e-05,0.0,0.0,0.0,0.0,2.6298526905,0.0337056934,-0.053245917,0.0630174694,8.98823e-05,3.41777e-05,0.0,1,KKT conditions numerically satisfied for barrier-golden solution
high_fast_penalty,1211,0.85,1836.283333,0.35,0.45,0.5,0.6,0.6,1.8,3B,1,0.813551,0.880149,8604.716941,1653.270325,none,0.2135512032,0.9864487968,0.2801492777,0.9198507223,183.0130079414,0.0,0.0,0.0,0.0,0.0,-8.09888e-05,0.0020380093,0.0020396178,0.0,0.2135512032,0.0,1,KKT conditions numerically satisfied for barrier-golden solution
high_fast_penalty,1211,0.9,1944.3,0.35,0.45,0.5,0.6,0.6,1.8,2B,1,1.097285,1.132517,8715.269278,1944.299949,deadline,0.4972845869,0.7027154131,0.5325168984,0.6674831016,5.1259e-05,0.0,0.0,0.0,0.0,1.9783608727,0.0815364587,-0.1302848534,0.1536955989,0.0001014087,5.1259e-05,0.0,1,KKT conditions numerically satisfied for barrier-golden solution
high_fast_penalty,1211,0.9,1944.3,0.35,0.45,0.5,0.6,0.6,1.8,3B,1,0.813552,0.88015,8604.716941,1653.269203,none,0.2135518108,0.9864481892,0.2801497785,0.9198502215,291.0307972428,0.0,0.0,0.0,0.0,0.0,0.0061804815,0.0055312361,0.00829415,0.0,0.2135518108,0.0,1,KKT conditions numerically satisfied for barrier-golden solution
high_fast_penalty,1211,0.95,2052.316667,0.35,0.45,0.5,0.6,0.6,1.8,2B,1,1.03693,1.077097,8530.741199,2052.316602,deadline,0.4369295546,0.7630704454,0.4770970743,0.7229029257,6.49765e-05,0.0,0.0,0.0,0.0,1.4571541408,-0.0245262322,0.0396947693,0.0466605912,9.46808e-05,6.49765e-05,0.0,1,KKT conditions numerically satisfied for barrier-golden solution
high_fast_penalty,1211,0.95,2052.316667,0.35,0.45,0.5,0.6,0.6,1.8,3B,1,0.813552,0.88015,8604.716941,1653.269386,none,0.2135517243,0.9864482757,0.2801496751,0.9198503249,399.047281098,0.0,0.0,0.0,0.0,0.0,0.0052887118,0.0048104448,0.0071491854,0.0,0.2135517243,0.0,1,KKT conditions numerically satisfied for barrier-golden solution
high_fast_penalty,1211,1.0,2160.333333,0.35,0.45,0.5,0.6,0.6,1.8,2B,1,0.982441,1.027548,8396.904848,2160.333237,deadline,0.3824407848,0.8175592152,0.4275482492,0.7724517508,9.62388e-05,0.0,0.0,0.0,0.0,1.0354862373,0.4176164438,-0.6852681237,0.8024935485,9.96539e-05,9.62388e-05,0.0,1,KKT conditions numerically satisfied for barrier-golden solution
high_fast_penalty,1211,1.0,2160.333333,0.35,0.45,0.5,0.6,0.6,1.8,3B,1,0.813552,0.88015,8604.716941,1653.269503,none,0.2135516735,0.9864483265,0.2801496006,0.9198503994,507.0638305383,0.0,0.0,0.0,0.0,0.0,0.0047652763,0.0042907172,0.0064123406,0.0,0.2135516735,0.0,1,KKT conditions numerically satisfied for barrier-golden solution
high_fast_penalty,1211,1.05,2268.35,0.35,0.45,0.5,0.6,0.6,1.8,2B,1,0.932786,0.983368,8304.300582,2268.34985,deadline,0.3327859221,0.8672140779,0.3833675117,0.8166324883,0.0001503876,0.0,0.0,0.0,0.0,0.6904970487,-0.1036756963,0.1728367002,0.2015469546,0.0001038422,0.0001503876,0.0,1,KKT conditions numerically satisfied for barrier-golden solution
high_fast_penalty,1211,1.05,2268.35,0.35,0.45,0.5,0.6,0.6,1.8,3B,1,0.813552,0.88015,8604.716941,1653.269571,none,0.2135516426,0.9864483574,0.2801495594,0.9198504406,615.0804288916,0.0,0.0,0.0,0.0,0.0,0.004447448,0.0040030572,0.0059836661,0.0,0.2135516426,0.0,1,KKT conditions numerically satisfied for barrier-golden solution
high_fast_penalty,1211,1.1,2376.366667,0.35,0.45,0.5,0.6,0.6,1.8,2B,1,0.887496,0.943529,8245.565564,2376.366415,deadline,0.287495508,0.912504492,0.343529469,0.856470531,0.0002511759,0.0,0.0,0.0,0.0,0.4058892635,-0.0185976674,0.0315303177,0.0366064771,0.0001019496,0.0002511759,0.0,1,KKT conditions numerically satisfied for barrier-golden solution
high_fast_penalty,1211,1.1,2376.366667,0.35,0.45,0.5,0.6,0.6,1.8,3B,1,0.813552,0.88015,8604.716941,1653.269614,none,0.2135516189,0.9864483811,0.2801495408,0.9198504592,723.0970524046,0.0,0.0,0.0,0.0,0.0,0.0042029806,0.0038732695,0.0057155282,0.0,0.2135516189,0.0,1,KKT conditions numerically satisfied for barrier-golden solution
high_fast_penalty,1211,1.15,2484.383333,0.35,0.45,0.5,0.6,0.6,1.8,2B,1,0.845918,0.907625,8214.898725,2484.38274,deadline,0.245917518,0.954082482,0.3076248602,0.8923751398,0.0005938117,0.0,0.0,0.0,0.0,0.1690091251,-0.0274592087,0.0474172109,0.0547941605,0.0001003596,0.0005938117,0.0,1,KKT conditions numerically satisfied for barrier-golden solution
high_fast_penalty,1211,1.15,2484.383333,0.35,0.45,0.5,0.6,0.6,1.8,3B,1,0.813552,0.88015,8604.716941,1653.269662,none,0.2135516022,0.9864483978,0.2801495036,0.9198504964,831.1136713559,0.0,0.0,0.0,0.0,0.0,0.0040304224,0.003613592,0.0054131647,0.0,0.2135516022,0.0,1,KKT conditions numerically satisfied for barrier-golden solution
high_fast_penalty,1211,1.2,2592.4,0.35,0.45,0.5,0.6,0.6,1.8,2B,1,0.813552,0.88015,8207.420848,2575.062194,none,0.213552099,0.986447901,0.2801501161,0.9198498839,17.3378063738,0.0,0.0,0.0,0.0,0.0,0.0087275904,0.0075222694,0.0115219517,0.0,0.213552099,0.0,1,KKT conditions numerically satisfied for barrier-golden solution
high_fast_penalty,1211,1.2,2592.4,0.35,0.45,0.5,0.6,0.6,1.8,3B,1,0.813552,0.880149,8604.716941,1653.269682,none,0.2135515909,0.9864484091,0.2801494953,0.9198505047,939.1303178913,0.0,0.0,0.0,0.0,0.0,0.0039141238,0.0035557245,0.0052880566,0.0,0.2135515909,0.0,1,KKT conditions numerically satisfied for barrier-golden solution
high_fast_penalty,1211,1.25,2700.416667,0.35,0.45,0.5,0.6,0.6,1.8,2B,1,0.813552,0.88015,8207.420848,2575.063709,none,0.2135516001,0.9864483999,0.2801496335,0.9198503665,125.3529576716,0.0,0.0,0.0,0.0,0.0,0.0038238208,0.0043113465,0.0057627523,0.0,0.2135516001,0.0,1,KKT conditions numerically satisfied for barrier-golden solution
high_fast_penalty,1211,1.25,2700.416667,0.35,0.45,0.5,0.6,0.6,1.8,3B,1,0.813552,0.880149,8604.716941,1653.269716,none,0.2135515768,0.9864484232,0.280149473,0.919850527,1047.1469508339,0.0,0.0,0.0,0.0,0.0,0.0037686626,0.0034001198,0.0050757888,0.0,0.2135515768,0.0,1,KKT conditions numerically satisfied for barrier-golden solution
high_fast_penalty,1211,1.3,2808.433333,0.35,0.45,0.5,0.6,0.6,1.8,2B,1,0.813551,0.880149,8207.420848,2575.064835,none,0.2135511982,0.9864488018,0.2801493293,0.9198506707,233.3684979391,0.0,0.0,0.0,0.0,0.0,-0.0001261374,0.0022869701,0.002290446,0.0,0.2135511982,0.0,1,KKT conditions numerically satisfied for barrier-golden solution
high_fast_penalty,1211,1.3,2808.433333,0.35,0.45,0.5,0.6,0.6,1.8,3B,1,0.813552,0.880149,8604.716941,1653.269727,none,0.2135515694,0.9864484306,0.2801494698,0.9198505302,1155.1636059669,0.0,0.0,0.0,0.0,0.0,0.0036925431,0.0033782441,0.0050047385,0.0,0.2135515694,0.0,1,KKT conditions numerically satisfied for barrier-golden solution
high_fast_penalty,1211,1.35,2916.45,0.35,0.45,0.5,0.6,0.6,1.8,2B,1,0.813551,0.880149,8207.420848,2575.064876,none,0.2135512135,0.9864487865,0.2801492659,0.9198507341,341.3851238673,0.0,0.0,0.0,0.0,0.0,2.43353e-05,0.0018651519,0.0018653106,0.0,0.2135512135,0.0,1,KKT conditions numerically satisfied for barrier-golden solution
high_fast_penalty,1211,1.35,2916.45,0.35,0.45,0.5,0.6,0.6,1.8,3B,1,0.813552,0.880149,8604.716941,1653.269745,none,0.213551563,0.986448437,0.2801494558,0.9198505442,1263.1802546016,0.0,0.0,0.0,0.0,0.0,0.0036272367,0.0032802231,0.0048904713,0.0,0.213551563,0.0,1,KKT conditions numerically satisfied for barrier-golden solution
high_fast_penalty,1211,1.4,3024.466667,0.35,0.45,0.5,0.6,0.6,1.8,2B,1,0.813552,0.88015,8207.420848,2575.063047,none,0.2135518397,0.9864481603,0.2801498061,0.9198501939,449.4036194983,0.0,0.0,0.0,0.0,0.0,0.0061793152,0.0054595998,0.0082456756,0.0,0.2135518397,0.0,1,KKT conditions numerically satisfied for barrier-golden solution
high_fast_penalty,1211,1.4,3024.466667,0.35,0.45,0.5,0.6,0.6,1.8,3B,1,0.813552,0.880149,8604.716941,1653.269735,none,0.2135515606,0.9864484394,0.2801494751,0.9198505249,1371.1969320409,0.0,0.0,0.0,0.0,0.0,0.0036019079,0.003415251,0.0049636358,0.0,0.2135515606,0.0,1,KKT conditions numerically satisfied for barrier-golden solution
high_fast_penalty,1211,1.5,3240.5,0.35,0.45,0.5,0.6,0.6,1.8,2B,1,0.813552,0.88015,8207.420848,2575.063387,none,0.2135517365,0.9864482635,0.2801496828,0.9198503172,665.4366132179,0.0,0.0,0.0,0.0,0.0,0.0051651212,0.0046392067,0.0069426735,0.0,0.2135517365,0.0,1,KKT conditions numerically satisfied for barrier-golden solution
high_fast_penalty,1211,1.5,3240.5,0.35,0.45,0.5,0.6,0.6,1.8,3B,1,0.813552,0.880149,8604.716941,1653.269772,none,0.2135515471,0.9864484529,0.2801494466,0.9198505534,1587.2302280208,0.0,0.0,0.0,0.0,0.0,0.0034631056,0.0032163829,0.0047263326,0.0,0.2135515471,0.0,1,KKT conditions numerically satisfied for barrier-golden solution
high_fast_penalty,1212,0.7,1882.533333,0.35,0.45,0.5,0.6,0.6,1.8,2B,1,1.419978,1.43727,15277.789179,1882.533318,deadline,0.8199776874,0.3800223126,0.8372698455,0.3627301545,1.51911e-05,0.0,0.0,0.0,0.0,7.0282081633,2.2530788823,-2.3082879508,3.2256096654,0.000106766,1.51911e-05,0.0,1,KKT conditions numerically satisfied for barrier-golden solution
high_fast_penalty,1212,0.7,1882.533333,0.35,0.45,0.5,0.6,0.6,1.8,3B,1,0.856625,0.916788,12738.856644,1882.533119,deadline,0.2566247977,0.9433752023,0.3167883825,0.8832116175,0.0002146324,0.0,0.0,0.0,0.0,0.4566382033,0.0655318123,-0.0750600928,0.0996415373,9.80093e-05,0.0002146324,0.0,1,KKT conditions numerically satisfied for barrier-golden solution
high_fast_penalty,1212,0.75,2017.0,0.35,0.45,0.5,0.6,0.6,1.8,2B,1,1.32263,1.344212,14449.497998,2016.999982,deadline,0.7226296694,0.4773703306,0.7442116788,0.4557883212,1.84066e-05,0.0,0.0,0.0,0.0,5.3677724807,1.5269126906,-1.5771500428,2.1951912496,9.88026e-05,1.84066e-05,0.0,1,KKT conditions numerically satisfied for barrier-golden solution
high_fast_penalty,1212,0.75,2017.0,0.35,0.45,0.5,0.6,0.6,1.8,3B,1,0.813552,0.88015,12719.088711,1971.912007,none,0.2135519737,0.9864480263,0.2801495899,0.9198504101,45.0879927003,0.0,0.0,0.0,0.0,0.0,0.0096644585,0.0077758676,0.0124042684,0.0,0.2135519737,0.0,1,KKT conditions numerically satisfied for barrier-golden solution
high_fast_penalty,1212,0.8,2151.466667,0.35,0.45,0.5,0.6,0.6,1.8,2B,1,1.237151,1.263119,13816.818992,2151.466646,deadline,0.6371508528,0.5628491472,0.6631188779,0.5368811221,2.10571e-05,0.0,0.0,0.0,0.0,4.0970991811,1.3834073774,-1.4420928429,1.9983612635,8.62728e-05,2.10571e-05,0.0,1,KKT conditions numerically satisfied for barrier-golden solution
high_fast_penalty,1212,0.8,2151.466667,0.35,0.45,0.5,0.6,0.6,1.8,3B,1,0.813552,0.88015,12719.088711,1971.911844,none,0.2135520659,0.9864479341,0.2801496334,0.9198503666,179.5548222791,0.0,0.0,0.0,0.0,0.0,0.0108326312,0.0083354112,0.0136683934,0.0,0.2135520659,0.0,1,KKT conditions numerically satisfied for barrier-golden solution
high_fast_penalty,1212,0.85,2285.933333,0.35,0.45,0.5,0.6,0.6,1.8,2B,1,1.161359,1.191981,13335.060376,2285.933304,deadline,0.5613586625,0.6386413375,0.5919810109,0.6080189891,2.90587e-05,0.0,0.0,0.0,0.0,3.1083626346,0.8419983573,-0.8869868691,1.222990981,9.03249e-05,2.90587e-05,0.0,1,KKT conditions numerically satisfied for barrier-golden solution
high_fast_penalty,1212,0.85,2285.933333,0.35,0.45,0.5,0.6,0.6,1.8,3B,1,0.813552,0.880149,12719.088711,1971.912345,none,0.2135518321,0.9864481679,0.280149442,0.919850558,314.0209885621,0.0,0.0,0.0,0.0,0.0,0.0078698345,0.0058737259,0.0098201299,0.0,0.2135518321,0.0,1,KKT conditions numerically satisfied for barrier-golden solution
high_fast_penalty,1212,0.9,2420.4,0.35,0.45,0.5,0.6,0.6,1.8,2B,1,1.093668,1.129119,12971.582948,2420.399961,deadline,0.4936682905,0.7063317095,0.5291193742,0.6708806258,3.88182e-05,0.0,0.0,0.0,0.0,2.3276460294,0.5115037861,-0.5452018621,0.7475835697,9.03551e-05,3.88182e-05,0.0,1,KKT conditions numerically satisfied for barrier-golden solution
high_fast_penalty,1212,0.9,2420.4,0.35,0.45,0.5,0.6,0.6,1.8,3B,1,0.813552,0.880149,12719.088711,1971.912569,none,0.213551727,0.986448273,0.2801493571,0.9198506429,448.4874314247,0.0,0.0,0.0,0.0,0.0,0.0065380613,0.0047805665,0.0080993865,0.0,0.213551727,0.0,1,KKT conditions numerically satisfied for barrier-golden solution
high_fast_penalty,1212,0.95,2554.866667,0.35,0.45,0.5,0.6,0.6,1.8,2B,1,1.032762,1.073281,12702.097644,2554.866614,deadline,0.4327620959,0.7672379041,0.4732806497,0.7267193503,5.28965e-05,0.0,0.0,0.0,0.0,1.7031405818,0.0375604006,-0.040565444,0.0552841653,9.00902e-05,5.28965e-05,0.0,1,KKT conditions numerically satisfied for barrier-golden solution
high_fast_penalty,1212,0.95,2554.866667,0.35,0.45,0.5,0.6,0.6,1.8,3B,1,0.813552,0.880149,12719.088711,1971.912659,none,0.2135516851,0.9864483149,0.2801493217,0.9198506783,582.954007283,0.0,0.0,0.0,0.0,0.0,0.0060073503,0.0043255432,0.0074026064,0.0,0.2135516851,0.0,1,KKT conditions numerically satisfied for barrier-golden solution
high_fast_penalty,1212,1.0,2689.333333,0.35,0.45,0.5,0.6,0.6,1.8,2B,1,0.977671,1.023373,12508.225485,2689.333253,deadline,0.3776712658,0.8223287342,0.4233725531,0.7766274469,8.04044e-05,0.0,0.0,0.0,0.0,1.1977894377,0.1673098514,-0.1833172531,0.2481890442,9.63076e-05,8.04044e-05,0.0,1,KKT conditions numerically satisfied for barrier-golden solution
high_fast_penalty,1212,1.0,2689.333333,0.35,0.45,0.5,0.6,0.6,1.8,3B,1,0.813552,0.880149,12719.088711,1971.91272,none,0.2135516572,0.9864483428,0.2801492983,0.9198507017,717.4206136051,0.0,0.0,0.0,0.0,0.0,0.0056537157,0.0040243121,0.006939711,0.0,0.2135516572,0.0,1,KKT conditions numerically satisfied for barrier-golden solution
high_fast_penalty,1212,1.05,2823.8,0.35,0.45,0.5,0.6,0.6,1.8,2B,1,0.927539,0.97859,12375.850374,2823.799872,deadline,0.3275393784,0.8724606216,0.3785898609,0.8214101391,0.0001279226,0.0,0.0,0.0,0.0,0.7846215607,0.597638306,-0.6652350703,0.8942646384,0.0001003708,0.0001279226,0.0,1,KKT conditions numerically satisfied for barrier-golden solution
high_fast_penalty,1212,1.05,2823.8,0.35,0.45,0.5,0.6,0.6,1.8,3B,1,0.813551,0.880149,12719.088711,1971.913374,none,0.2135513377,0.9864486623,0.2801490645,0.9198509355,851.8866261629,0.0,0.0,0.0,0.0,0.0,0.0016046463,0.0010155952,0.0018990322,0.0,0.2135513377,0.0,1,KKT conditions numerically satisfied for barrier-golden solution
high_fast_penalty,1212,1.1,2958.266667,0.35,0.45,0.5,0.6,0.6,1.8,2B,1,0.881585,0.938368,12293.983577,2958.266442,deadline,0.2815851593,0.9184148407,0.3383684595,0.8616315405,0.000225111,0.0,0.0,0.0,0.0,0.4436900888,0.0665151203,-0.0753596101,0.1005153325,9.98795e-05,0.000225111,0.0,1,KKT conditions numerically satisfied for barrier-golden solution
high_fast_penalty,1212,1.1,2958.266667,0.35,0.45,0.5,0.6,0.6,1.8,3B,1,0.813551,0.880149,12719.088711,1971.913365,none,0.2135513424,0.9864486576,0.2801490675,0.9198509325,986.3533020053,0.0,0.0,0.0,0.0,0.0,0.0016638867,0.0010549004,0.0019701101,0.0,0.2135513424,0.0,1,KKT conditions numerically satisfied for barrier-golden solution
high_fast_penalty,1212,1.15,3092.733333,0.35,0.45,0.5,0.6,0.6,1.8,2B,1,0.83937,0.902015,12253.966318,3092.732699,deadline,0.2393695606,0.9606304394,0.3020148595,0.8979851405,0.0006345801,0.0,0.0,0.0,0.0,0.1600115798,0.0462229817,-0.0533800419,0.0706115636,0.0001015402,0.0006345801,0.0,1,KKT conditions numerically satisfied for barrier-golden solution
high_fast_penalty,1212,1.15,3092.733333,0.35,0.45,0.5,0.6,0.6,1.8,3B,1,0.813551,0.880149,12719.088711,1971.913356,none,0.2135513471,0.9864486529,0.2801490705,0.9198509295,1120.819977801,0.0,0.0,0.0,0.0,0.0,0.0017240042,0.0010926046,0.0020410721,0.0,0.2135513471,0.0,1,KKT conditions numerically satisfied for barrier-golden solution
high_fast_penalty,1212,1.2,3227.2,0.35,0.45,0.5,0.6,0.6,1.8,2B,1,0.813552,0.880149,12247.068979,3180.606213,none,0.2135516075,0.9864483925,0.2801493039,0.9198506961,46.5937865954,0.0,0.0,0.0,0.0,0.0,0.0048375701,0.0039438829,0.006241498,0.0,0.2135516075,0.0,1,KKT conditions numerically satisfied for barrier-golden solution
high_fast_penalty,1212,1.2,3227.2,0.35,0.45,0.5,0.6,0.6,1.8,3B,1,0.813551,0.880149,12719.088711,1971.913387,none,0.2135513316,0.9864486684,0.2801490597,0.9198509403,1255.2866133204,0.0,0.0,0.0,0.0,0.0,0.0015273661,0.000953888,0.0018007636,0.0,0.2135513316,0.0,1,KKT conditions numerically satisfied for barrier-golden solution
high_fast_penalty,1212,1.25,3361.666667,0.35,0.45,0.5,0.6,0.6,1.8,2B,1,0.813552,0.880149,12247.068979,3180.606297,none,0.2135515894,0.9864484106,0.2801492769,0.9198507231,181.0603696897,0.0,0.0,0.0,0.0,0.0,0.0046164979,0.0036101055,0.0058604534,0.0,0.2135515894,0.0,1,KKT conditions numerically satisfied for barrier-golden solution
high_fast_penalty,1212,1.25,3361.666667,0.35,0.45,0.5,0.6,0.6,1.8,3B,1,0.813551,0.880149,12719.088711,1971.913374,none,0.213551338,0.986448662,0.2801490639,0.9198509361,1389.7532926005,0.0,0.0,0.0,0.0,0.0,0.0016088026,0.0010079167,0.0018984577,0.0,0.213551338,0.0,1,KKT conditions numerically satisfied for barrier-golden solution
high_fast_penalty,1212,1.3,3496.133333,0.35,0.45,0.5,0.6,0.6,1.8,2B,1,0.813552,0.88015,12247.068979,3180.604755,none,0.213552054,0.986447946,0.2801496216,0.9198503784,315.5285784773,0.0,0.0,0.0,0.0,0.0,0.010285281,0.0078802029,0.0129570291,0.0,0.213552054,0.0,1,KKT conditions numerically satisfied for barrier-golden solution
high_fast_penalty,1212,1.3,3496.133333,0.35,0.45,0.5,0.6,0.6,1.8,3B,1,0.813551,0.880149,12719.088711,1971.913393,none,0.2135513286,0.9864486714,0.2801490575,0.9198509425,1524.2199406169,0.0,0.0,0.0,0.0,0.0,0.0014899386,0.0009261891,0.0017543499,0.0,0.2135513286,0.0,1,KKT conditions numerically satisfied for barrier-golden solution
high_fast_penalty,1212,1.35,3630.6,0.35,0.45,0.5,0.6,0.6,1.8,2B,1,0.813552,0.880149,12247.068979,3180.605271,none,0.2135519047,0.9864480953,0.2801494989,0.9198505011,449.9947288819,0.0,0.0,0.0,0.0,0.0,0.0084633106,0.0063606127,0.0105870213,0.0,0.2135519047,0.0,1,KKT conditions numerically satisfied for barrier-golden solution
high_fast_penalty,1212,1.35,3630.6,0.35,0.45,0.5,0.6,0.6,1.8,3B,1,0.813551,0.880149,12719.088711,1971.913397,none,0.2135513266,0.9864486734,0.2801490559,0.9198509441,1658.6866029945,0.0,0.0,0.0,0.0,0.0,0.0014643227,0.0009053509,0.0017215984,0.0,0.2135513266,0.0,1,KKT conditions numerically satisfied for barrier-golden solution
high_fast_penalty,1212,1.4,3765.066667,0.35,0.45,0.5,0.6,0.6,1.8,2B,1,0.813552,0.880149,12247.068979,3180.605656,none,0.2135517918,0.9864482082,0.280149409,0.919850591,584.4610102028,0.0,0.0,0.0,0.0,0.0,0.0070864716,0.005246444,0.0088172135,0.0,0.2135517918,0.0,1,KKT conditions numerically satisfied for barrier-golden solution
high_fast_penalty,1212,1.4,3765.066667,0.35,0.45,0.5,0.6,0.6,1.8,3B,1,0.813551,0.880149,12719.088711,1971.913407,none,0.2135513217,0.9864486783,0.2801490526,0.9198509474,1793.1532599408,0.0,0.0,0.0,0.0,0.0,0.0014024434,0.0008626692,0.0016465253,0.0,0.2135513217,0.0,1,KKT conditions numerically satisfied for barrier-golden solution
high_fast_penalty,1212,1.5,4034.0,0.35,0.45,0.5,0.6,0.6,1.8,2B,1,0.813552,0.880149,12247.068979,3180.605933,none,0.2135517123,0.9864482877,0.280149343,0.919850657,853.3940673929,0.0,0.0,0.0,0.0,0.0,0.0061159177,0.0044288777,0.0075511196,0.0,0.2135517123,0.0,1,KKT conditions numerically satisfied for barrier-golden solution
high_fast_penalty,1212,1.5,4034.0,0.35,0.45,0.5,0.6,0.6,1.8,3B,1,0.813551,0.880149,12719.088711,1971.913416,none,0.2135513172,0.9864486828,0.2801490494,0.9198509506,2062.0865841795,0.0,0.0,0.0,0.0,0.0,0.0013455772,0.0008215124,0.0015765344,0.0,0.2135513172,0.0,1,KKT conditions numerically satisfied for barrier-golden solution
high_fast_penalty,1221,0.7,1959.766667,0.35,0.45,0.5,0.6,0.6,1.8,2B,1,1.419841,1.43741,13599.201562,1959.76665,deadline,0.8198407678,0.3801592322,0.837410148,0.362589852,1.62493e-05,0.0,0.0,0.0,0.0,6.0094829247,0.5064438796,-0.5190550927,0.7251921073,9.76498e-05,1.62493e-05,0.0,1,KKT conditions numerically satisfied for barrier-golden solution
high_fast_penalty,1221,0.7,1959.766667,0.35,0.45,0.5,0.6,0.6,1.8,3B,1,0.914303,0.966988,11456.051101,1959.766563,deadline,0.3143028082,0.8856971918,0.3669883748,0.8330116252,0.0001034116,0.0,0.0,0.0,0.0,0.9252234014,0.0963379073,-0.1077605022,0.1445452117,9.56788e-05,0.0001034116,0.0,1,KKT conditions numerically satisfied for barrier-golden solution
high_fast_penalty,1221,0.75,2099.75,0.35,0.45,0.5,0.6,0.6,1.8,2B,1,1.322513,1.344332,12861.915816,2099.749979,deadline,0.7225127222,0.4774872778,0.7443324978,0.4556675022,2.10702e-05,0.0,0.0,0.0,0.0,4.5897237074,0.0787250851,-0.081344242,0.1132012576,9.67062e-05,2.10702e-05,0.0,1,KKT conditions numerically satisfied for barrier-golden solution
high_fast_penalty,1221,0.75,2099.75,0.35,0.45,0.5,0.6,0.6,1.8,3B,1,0.847598,0.909046,11373.155555,2099.749657,deadline,0.2475979757,0.9524020243,0.309046394,0.890953606,0.0003428699,0.0,0.0,0.0,0.0,0.2886926782,0.0407765235,-0.0469031997,0.0621501007,9.8984e-05,0.0003428699,0.0,1,KKT conditions numerically satisfied for barrier-golden solution
high_fast_penalty,1221,0.8,2239.733333,0.35,0.45,0.5,0.6,0.6,1.8,2B,1,1.237049,1.263225,12298.749968,2239.733309,deadline,0.6370491781,0.5629508219,0.6632248859,0.5367751141,2.41529e-05,0.0,0.0,0.0,0.0,3.5032322287,0.1181188629,-0.1231704911,0.1706547264,8.46133e-05,2.41529e-05,0.0,1,KKT conditions numerically satisfied for barrier-golden solution
high_fast_penalty,1221,0.8,2239.733333,0.35,0.45,0.5,0.6,0.6,1.8,3B,1,0.813552,0.88015,11362.072757,2178.485852,none,0.213551934,0.986448066,0.2801495558,0.9198504442,61.2474814192,0.0,0.0,0.0,0.0,0.0,0.0081843819,0.0065541189,0.0104852555,0.0,0.213551934,0.0,1,KKT conditions numerically satisfied for barrier-golden solution
high_fast_penalty,1221,0.85,2379.716667,0.35,0.45,0.5,0.6,0.6,1.8,2B,1,1.161293,1.19205,11869.922795,2379.716629,deadline,0.561292958,0.638707042,0.5920502411,0.6079497589,3.73447e-05,0.0,0.0,0.0,0.0,2.6578093652,0.0299942541,-0.0316041126,0.0435714954,9.92552e-05,3.73447e-05,0.0,1,KKT conditions numerically satisfied for barrier-golden solution
high_fast_penalty,1221,0.85,2379.716667,0.35,0.45,0.5,0.6,0.6,1.8,3B,1,0.813551,0.880149,11362.072757,2178.487314,none,0.213551312,0.986448688,0.2801490542,0.9198509458,201.2293528665,0.0,0.0,0.0,0.0,0.0,0.0011431293,0.000788762,0.0013888449,0.0,0.213551312,0.0,1,KKT conditions numerically satisfied for barrier-golden solution
high_fast_penalty,1221,0.9,2519.7,0.35,0.45,0.5,0.6,0.6,1.8,2B,1,1.09368,1.129107,11546.381102,2519.699945,deadline,0.4936795905,0.7063204095,0.5291073431,0.6708926569,5.47378e-05,0.0,0.0,0.0,0.0,1.990251574,0.5789800937,-0.617097633,0.8461840447,0.0001089419,5.47378e-05,0.0,1,KKT conditions numerically satisfied for barrier-golden solution
high_fast_penalty,1221,0.9,2519.7,0.35,0.45,0.5,0.6,0.6,1.8,3B,1,0.813552,0.880149,11362.072757,2178.485959,none,0.2135519067,0.9864480933,0.2801494973,0.9198505027,341.2140405592,0.0,0.0,0.0,0.0,0.0,0.0078747578,0.005882527,0.0098293405,0.0,0.2135519067,0.0,1,KKT conditions numerically satisfied for barrier-golden solution
high_fast_penalty,1221,0.95,2659.683333,0.35,0.45,0.5,0.6,0.6,1.8,2B,1,1.032777,1.073265,11306.50442,2659.683266,deadline,0.4327767444,0.7672232556,0.4732648394,0.7267351606,6.691e-05,0.0,0.0,0.0,0.0,1.4562684002,0.1938018648,-0.209295001,0.2852429846,9.7439e-05,6.691e-05,0.0,1,KKT conditions numerically satisfied for barrier-golden solution
high_fast_penalty,1221,0.95,2659.683333,0.35,0.45,0.5,0.6,0.6,1.8,3B,1,0.813552,0.880149,11362.072757,2178.486231,none,0.2135517912,0.9864482088,0.2801494041,0.9198505959,481.1971023527,0.0,0.0,0.0,0.0,0.0,0.0065676731,0.0048106815,0.0081410679,0.0,0.2135517912,0.0,1,KKT conditions numerically satisfied for barrier-golden solution
high_fast_penalty,1221,1.0,2799.666667,0.35,0.45,0.5,0.6,0.6,1.8,2B,1,0.977674,1.023369,11133.933195,2799.666574,deadline,0.3776744948,0.8223255052,0.4233690216,0.7766309784,9.2244e-05,0.0,0.0,0.0,0.0,1.0241689868,0.1842590014,-0.2018852893,0.2733295623,9.44734e-05,9.2244e-05,0.0,1,KKT conditions numerically satisfied for barrier-golden solution
high_fast_penalty,1221,1.0,2799.666667,0.35,0.45,0.5,0.6,0.6,1.8,3B,1,0.813552,0.880149,11362.072757,2178.486332,none,0.2135517493,0.9864482507,0.280149368,0.919850632,621.1803345616,0.0,0.0,0.0,0.0,0.0,0.0060936183,0.0043963992,0.0075140209,0.0,0.2135517493,0.0,1,KKT conditions numerically satisfied for barrier-golden solution
high_fast_penalty,1221,1.05,2939.65,0.35,0.45,0.5,0.6,0.6,1.8,2B,1,0.927516,0.978616,11016.102257,2939.649856,deadline,0.3275158315,0.8724841685,0.3786160795,0.8213839205,0.0001435822,0.0,0.0,0.0,0.0,0.6708916022,0.273986432,-0.3050079006,0.4099980297,9.63281e-05,0.0001435822,0.0,1,KKT conditions numerically satisfied for barrier-golden solution
high_fast_penalty,1221,1.05,2939.65,0.35,0.45,0.5,0.6,0.6,1.8,3B,1,0.813552,0.880149,11362.072757,2178.486423,none,0.2135517108,0.9864482892,0.2801493369,0.9198506631,761.1635772018,0.0,0.0,0.0,0.0,0.0,0.0056573756,0.0040380294,0.0069506532,0.0,0.2135517108,0.0,1,KKT conditions numerically satisfied for barrier-golden solution
high_fast_penalty,1221,1.1,3079.633333,0.35,0.45,0.5,0.6,0.6,1.8,2B,1,0.881587,0.938366,10943.230281,3079.633064,deadline,0.2815873657,0.9184126343,0.3383659818,0.8616340182,0.0002693547,0.0,0.0,0.0,0.0,0.3793769051,0.0832578396,-0.0943276321,0.1258156192,0.0001021869,0.0002693547,0.0,1,KKT conditions numerically satisfied for barrier-golden solution
high_fast_penalty,1221,1.1,3079.633333,0.35,0.45,0.5,0.6,0.6,1.8,3B,1,0.813552,0.880149,11362.072757,2178.486483,none,0.2135516855,0.9864483145,0.280149316,0.919850684,901.1468506098,0.0,0.0,0.0,0.0,0.0,0.005371246,0.0037987212,0.0065787967,0.0,0.2135516855,0.0,1,KKT conditions numerically satisfied for barrier-golden solution
high_fast_penalty,1221,1.15,3219.616667,0.35,0.45,0.5,0.6,0.6,1.8,2B,1,0.839368,0.902017,10907.609756,3219.615945,deadline,0.2393678452,0.9606321548,0.3020168761,0.8979831239,0.0007218321,0.0,0.0,0.0,0.0,0.1368179891,0.022154894,-0.0255855258,0.0338446223,9.87596e-05,0.0007218321,0.0,1,KKT conditions numerically satisfied for barrier-golden solution
high_fast_penalty,1221,1.15,3219.616667,0.35,0.45,0.5,0.6,0.6,1.8,3B,1,0.813552,0.880149,11362.072757,2178.486518,none,0.2135516708,0.9864483292,0.2801493035,0.9198506965,1041.1301485232,0.0,0.0,0.0,0.0,0.0,0.0052041728,0.0036548397,0.0063593449,0.0,0.2135516708,0.0,1,KKT conditions numerically satisfied for barrier-golden solution
high_fast_penalty,1221,1.2,3359.6,0.35,0.45,0.5,0.6,0.6,1.8,2B,1,0.813552,0.880149,10901.470227,3311.094459,none,0.2135516593,0.9864483407,0.2801493455,0.9198506545,48.5055410297,0.0,0.0,0.0,0.0,0.0,0.0048687572,0.0039700119,0.0062821804,0.0,0.2135516593,0.0,1,KKT conditions numerically satisfied for barrier-golden solution
high_fast_penalty,1221,1.2,3359.6,0.35,0.45,0.5,0.6,0.6,1.8,3B,1,0.813552,0.880149,11362.072757,2178.486557,none,0.2135516543,0.9864483457,0.2801492903,0.9198507097,1181.1134432328,0.0,0.0,0.0,0.0,0.0,0.0050180227,0.0035026543,0.0061195701,0.0,0.2135516543,0.0,1,KKT conditions numerically satisfied for barrier-golden solution
high_fast_penalty,1221,1.25,3499.583333,0.35,0.45,0.5,0.6,0.6,1.8,2B,1,0.813552,0.880149,10901.470227,3311.094549,none,0.2135516411,0.9864483589,0.2801493169,0.9198506831,188.4887840457,0.0,0.0,0.0,0.0,0.0,0.0046710551,0.0036537601,0.005930322,0.0,0.2135516411,0.0,1,KKT conditions numerically satisfied for barrier-golden solution
high_fast_penalty,1221,1.25,3499.583333,0.35,0.45,0.5,0.6,0.6,1.8,3B,1,0.813552,0.880149,11362.072757,2178.486596,none,0.2135516375,0.9864483625,0.2801492772,0.9198507228,1321.0967376279,0.0,0.0,0.0,0.0,0.0,0.004827308,0.0033528541,0.0058774597,0.0,0.2135516375,0.0,1,KKT conditions numerically satisfied for barrier-golden solution
high_fast_penalty,1221,1.3,3639.566667,0.35,0.45,0.5,0.6,0.6,1.8,2B,1,0.813551,0.880149,10901.470227,3311.095689,none,0.2135513211,0.9864486789,0.2801490609,0.9198509391,328.4709779706,0.0,0.0,0.0,0.0,0.0,0.0011947659,0.0008312713,0.0014554991,0.0,0.2135513211,0.0,1,KKT conditions numerically satisfied for barrier-golden solution
high_fast_penalty,1221,1.3,3639.566667,0.35,0.45,0.5,0.6,0.6,1.8,3B,1,0.813552,0.880149,11362.072757,2178.486601,none,0.2135516359,0.9864483641,0.280149275,0.919850725,1461.0800660109,0.0,0.0,0.0,0.0,0.0,0.0048091169,0.003326614,0.0058475607,0.0,0.2135516359,0.0,1,KKT conditions numerically satisfied for barrier-golden solution
high_fast_penalty,1221,1.35,3779.55,0.35,0.45,0.5,0.6,0.6,1.8,2B,1,0.813552,0.88015,10901.470227,3311.093418,none,0.2135519756,0.9864480244,0.2801495513,0.9198504487,468.4565816937,0.0,0.0,0.0,0.0,0.0,0.0083035553,0.0062391727,0.0103863519,0.0,0.2135519756,0.0,1,KKT conditions numerically satisfied for barrier-golden solution
high_fast_penalty,1221,1.35,3779.55,0.35,0.45,0.5,0.6,0.6,1.8,3B,1,0.813551,0.880149,11362.072757,2178.487268,none,0.2135513374,0.9864486626,0.2801490626,0.9198509374,1601.0627315864,0.0,0.0,0.0,0.0,0.0,0.0014307926,0.0008856879,0.001682739,0.0,0.2135513374,0.0,1,KKT conditions numerically satisfied for barrier-golden solution
high_fast_penalty,1221,1.4,3919.533333,0.35,0.45,0.5,0.6,0.6,1.8,2B,1,0.813552,0.880149,10901.470227,3311.093743,none,0.2135518855,0.9864481145,0.2801494772,0.9198505228,608.4395907753,0.0,0.0,0.0,0.0,0.0,0.0073256397,0.0054224468,0.0091141608,0.0,0.2135518855,0.0,1,KKT conditions numerically satisfied for barrier-golden solution
high_fast_penalty,1221,1.4,3919.533333,0.35,0.45,0.5,0.6,0.6,1.8,3B,1,0.813551,0.880149,11362.072757,2178.487242,none,0.2135513497,0.9864486503,0.2801490706,0.9198509294,1741.0460915845,0.0,0.0,0.0,0.0,0.0,0.0015699421,0.0009781115,0.0018497082,0.0,0.2135513497,0.0,1,KKT conditions numerically satisfied for barrier-golden solution
high_fast_penalty,1221,1.5,4199.5,0.35,0.45,0.5,0.6,0.6,1.8,2B,1,0.813552,0.880149,10901.470227,3311.094114,none,0.2135517822,0.9864482178,0.2801493929,0.9198506071,888.4058864953,0.0,0.0,0.0,0.0,0.0,0.0062032697,0.0044924157,0.0076591353,0.0,0.2135517822,0.0,1,KKT conditions numerically satisfied for barrier-golden solution
high_fast_penalty,1221,1.5,4199.5,0.35,0.45,0.5,0.6,0.6,1.8,3B,1,0.813551,0.880149,11362.072757,2178.487252,none,0.2135513453,0.9864486547,0.2801490674,0.9198509326,2021.012748244,0.0,0.0,0.0,0.0,0.0,0.0015197774,0.0009409807,0.0017875033,0.0,0.2135513453,0.0,1,KKT conditions numerically satisfied for barrier-golden solution
high_fast_penalty,1222,0.7,2310.466667,0.35,0.45,0.5,0.6,0.6,1.8,2B,1,1.420099,1.434992,18302.814396,2310.466656,deadline,0.8200992462,0.3799007538,0.8349922145,0.3650077855,1.06031e-05,0.0,0.0,0.0,0.0,6.8434491335,22.6608525605,-17.353984467,28.5425124271,7.25615e-05,1.06031e-05,0.0,1,KKT conditions numerically satisfied for barrier-golden solution
high_fast_penalty,1222,0.7,2310.466667,0.35,0.45,0.5,0.6,0.6,1.8,3B,1,0.962557,1.009765,15481.846318,2310.466606,deadline,0.3625574173,0.8374425827,0.4097647611,0.7902352389,6.03662e-05,0.0,0.0,0.0,0.0,1.5605400119,0.6965470664,-0.5749086752,0.9031598976,9.42039e-05,6.03662e-05,0.0,1,KKT conditions numerically satisfied for barrier-golden solution
high_fast_penalty,1222,0.75,2475.5,0.35,0.45,0.5,0.6,0.6,1.8,2B,1,1.322242,1.341775,17313.033952,2475.499983,deadline,0.7222418902,0.4777581098,0.7417748184,0.4582251816,1.6541e-05,0.0,0.0,0.0,0.0,5.2195384633,19.0479592168,-14.7111683692,24.0674723457,8.63363e-05,1.6541e-05,0.0,1,KKT conditions numerically satisfied for barrier-golden solution
high_fast_penalty,1222,0.75,2475.5,0.35,0.45,0.5,0.6,0.6,1.8,3B,1,0.892206,0.947612,15293.524548,2475.499872,deadline,0.2922061444,0.9077938556,0.3476120711,0.8523879289,0.0001280464,0.0,0.0,0.0,0.0,0.758728563,0.1695770499,-0.143469336,0.2221256992,9.71525e-05,0.0001280464,0.0,1,KKT conditions numerically satisfied for barrier-golden solution
high_fast_penalty,1222,0.8,2640.533333,0.35,0.45,0.5,0.6,0.6,1.8,2B,1,1.235153,1.261372,16558.182265,2640.533309,deadline,0.6351528778,0.5648471222,0.6613717343,0.5386282657,2.43877e-05,0.0,0.0,0.0,0.0,3.9787459297,0.6915788563,-0.5409382988,0.8780065817,9.70323e-05,2.43877e-05,0.0,1,KKT conditions numerically satisfied for barrier-golden solution
high_fast_penalty,1222,0.8,2640.533333,0.35,0.45,0.5,0.6,0.6,1.8,3B,1,0.829927,0.893978,15221.023568,2640.532646,deadline,0.2299266796,0.9700733204,0.2939782202,0.9060217798,0.0006877792,0.0,0.0,0.0,0.0,0.1465027975,0.0897444964,-0.0780986475,0.1189683713,0.0001007616,0.0006877792,0.0,1,KKT conditions numerically satisfied for barrier-golden solution
high_fast_penalty,1222,0.85,2805.566667,0.35,0.45,0.5,0.6,0.6,1.8,2B,1,1.15906,1.189876,15984.614687,2805.566638,deadline,0.5590598995,0.6409401005,0.5898757993,0.6101242007,2.86929e-05,0.0,0.0,0.0,0.0,3.011162582,0.7691905712,-0.6079763942,0.9804536862,8.6399e-05,2.86929e-05,0.0,1,KKT conditions numerically satisfied for barrier-golden solution
high_fast_penalty,1222,0.85,2805.566667,0.35,0.45,0.5,0.6,0.6,1.8,3B,1,0.813551,0.880149,15217.64313,2687.232127,none,0.2135514607,0.9864485393,0.280148946,0.919851054,118.3345394363,0.0,0.0,0.0,0.0,0.0,0.0032404919,-0.0006948457,0.0033141513,0.0,0.2135514607,0.0,1,KKT conditions numerically satisfied for barrier-golden solution
high_fast_penalty,1222,0.9,2970.6,0.35,0.45,0.5,0.6,0.6,1.8,2B,1,1.091165,1.126556,15553.109335,2970.599954,deadline,0.4911652889,0.7088347111,0.526555694,0.673444306,4.56153e-05,0.0,0.0,0.0,0.0,2.2469568173,2.7730709827,-2.2169020218,3.5502925583,0.0001024957,4.56153e-05,0.0,1,KKT conditions numerically satisfied for barrier-golden solution
high_fast_penalty,1222,0.9,2970.6,0.35,0.45,0.5,0.6,0.6,1.8,3B,1,0.813552,0.880149,15217.64313,2687.230691,none,0.2135519795,0.9864480205,0.2801493428,0.9198506572,283.369309198,0.0,0.0,0.0,0.0,0.0,0.0099747577,0.0062775536,0.0117857316,0.0,0.2135519795,0.0,1,KKT conditions numerically satisfied for barrier-golden solution
high_fast_penalty,1222,0.95,3135.633333,0.35,0.45,0.5,0.6,0.6,1.8,2B,1,1.03579,1.065627,15234.925537,3135.633277,deadline,0.4357901313,0.7642098687,0.4656265421,0.7343734579,5.5896e-05,0.0,0.0,0.0,0.0,1.6275990865,87.063643537,-69.113776146,111.1611086626,9.09762e-05,5.5896e-05,0.0,1,KKT conditions numerically satisfied for barrier-golden solution
high_fast_penalty,1222,0.95,3135.633333,0.35,0.45,0.5,0.6,0.6,1.8,3B,1,0.813552,0.880149,15217.64313,2687.231118,none,0.2135518053,0.9864481947,0.2801492421,0.9198507579,448.4022150766,0.0,0.0,0.0,0.0,0.0,0.0077129608,0.0045090759,0.0089342895,0.0,0.2135518053,0.0,1,KKT conditions numerically satisfied for barrier-golden solution
high_fast_penalty,1222,1.0,3300.666667,0.35,0.45,0.5,0.6,0.6,1.8,2B,1,0.974499,1.020019,15006.689283,3300.666582,deadline,0.3744991455,0.8255008545,0.4200190663,0.7799809337,8.48844e-05,0.0,0.0,0.0,0.0,1.1412115203,4.4253320505,-3.6363089984,5.7276790141,9.68711e-05,8.48844e-05,0.0,1,KKT conditions numerically satisfied for barrier-golden solution
high_fast_penalty,1222,1.0,3300.666667,0.35,0.45,0.5,0.6,0.6,1.8,3B,1,0.813552,0.880149,15217.64313,2687.23131,none,0.2135517161,0.9864482839,0.280149207,0.919850793,613.4353571253,0.0,0.0,0.0,0.0,0.0,0.0065551374,0.0038908138,0.0076228773,0.0,0.2135517161,0.0,1,KKT conditions numerically satisfied for barrier-golden solution
high_fast_penalty,1222,1.05,3465.7,0.35,0.45,0.5,0.6,0.6,1.8,2B,1,0.923638,0.975141,14852.742327,3465.699857,deadline,0.3236377074,0.8763622926,0.375140517,0.824859483,0.0001428341,0.0,0.0,0.0,0.0,0.7372235555,0.8134847734,-0.6800514733,1.0602959412,0.0001053006,0.0001428341,0.0,1,KKT conditions numerically satisfied for barrier-golden solution
high_fast_penalty,1222,1.05,3465.7,0.35,0.45,0.5,0.6,0.6,1.8,3B,1,0.813551,0.880149,15217.64313,2687.232201,none,0.2135514062,0.9864485938,0.2801489499,0.9198510501,778.46779861,0.0,0.0,0.0,0.0,0.0,0.0025329483,-0.0006271369,0.0026094306,0.0,0.2135514062,0.0,1,KKT conditions numerically satisfied for barrier-golden solution
high_fast_penalty,1222,1.1,3630.733333,0.35,0.45,0.5,0.6,0.6,1.8,2B,1,0.877231,0.934547,14759.454326,3630.733092,deadline,0.2772312983,0.9227687017,0.3345469339,0.8654530661,0.0002418009,0.0,0.0,0.0,0.0,0.4036566406,0.4295636209,-0.3656476237,0.5641126564,9.76045e-05,0.0002418009,0.0,1,KKT conditions numerically satisfied for barrier-golden solution
high_fast_penalty,1222,1.1,3630.733333,0.35,0.45,0.5,0.6,0.6,1.8,3B,1,0.813551,0.880149,15217.64313,2687.232209,none,0.2135513951,0.9864486049,0.280148955,0.919851045,943.5011243236,0.0,0.0,0.0,0.0,0.0,0.0023893456,-0.0005359153,0.0024487093,0.0,0.2135513951,0.0,1,KKT conditions numerically satisfied for barrier-golden solution
high_fast_penalty,1222,1.15,3795.766667,0.35,0.45,0.5,0.6,0.6,1.8,2B,1,0.834501,0.89786,14716.421995,3795.765883,deadline,0.2345009319,0.9654990681,0.2978604489,0.9021395511,0.000783807,0.0,0.0,0.0,0.0,0.1261270309,0.1264887584,-0.1098189339,0.1675100123,9.88592e-05,0.000783807,0.0,1,KKT conditions numerically satisfied for barrier-golden solution
high_fast_penalty,1222,1.15,3795.766667,0.35,0.45,0.5,0.6,0.6,1.8,3B,1,0.813551,0.880149,15217.64313,2687.23223,none,0.2135513805,0.9864486195,0.2801489554,0.9198510446,1108.5344365867,0.0,0.0,0.0,0.0,0.0,0.0021993207,-0.0005297545,0.0022622227,0.0,0.2135513805,0.0,1,KKT conditions numerically satisfied for barrier-golden solution
high_fast_penalty,1222,1.2,3960.8,0.35,0.45,0.5,0.6,0.6,1.8,2B,1,0.813552,0.880149,14711.085108,3881.685795,none,0.2135520911,0.9864479089,0.2801493751,0.9198506249,79.1142048017,0.0,0.0,0.0,0.0,0.0,0.0110431746,0.0066172517,0.0128739941,0.0,0.2135520911,0.0,1,KKT conditions numerically satisfied for barrier-golden solution
high_fast_penalty,1222,1.2,3960.8,0.35,0.45,0.5,0.6,0.6,1.8,3B,1,0.813551,0.880149,15217.64313,2687.232239,none,0.2135513722,0.9864486278,0.2801489574,0.9198510426,1273.5677610981,0.0,0.0,0.0,0.0,0.0,0.0020919923,-0.000494176,0.0021495678,0.0,0.2135513722,0.0,1,KKT conditions numerically satisfied for barrier-golden solution
high_fast_penalty,1222,1.25,4125.833333,0.35,0.45,0.5,0.6,0.6,1.8,2B,1,0.813551,0.880149,14711.085108,3881.688222,none,0.2135514229,0.9864485771,0.2801489649,0.9198510351,244.1451113953,0.0,0.0,0.0,0.0,0.0,0.0026587472,-0.0003503322,0.0026817288,0.0,0.2135514229,0.0,1,KKT conditions numerically satisfied for barrier-golden solution
high_fast_penalty,1222,1.25,4125.833333,0.35,0.45,0.5,0.6,0.6,1.8,3B,1,0.813551,0.880149,15217.64313,2687.232222,none,0.2135513772,0.9864486228,0.2801489631,0.9198510369,1438.6011114045,0.0,0.0,0.0,0.0,0.0,0.0021568088,-0.0003942513,0.0021925461,0.0,0.2135513772,0.0,1,KKT conditions numerically satisfied for barrier-golden solution
high_fast_penalty,1222,1.3,4290.866667,0.35,0.45,0.5,0.6,0.6,1.8,2B,1,0.813552,0.880149,14711.085108,3881.686049,none,0.2135519998,0.9864480002,0.2801493512,0.9198506488,409.1806179545,0.0,0.0,0.0,0.0,0.0,0.0098967536,0.0062108717,0.0116842055,0.0,0.2135519998,0.0,1,KKT conditions numerically satisfied for barrier-golden solution
high_fast_penalty,1222,1.3,4290.866667,0.35,0.45,0.5,0.6,0.6,1.8,3B,1,0.813551,0.880149,15217.64313,2687.232239,none,0.2135513671,0.9864486329,0.2801489621,0.9198510379,1603.634428126,0.0,0.0,0.0,0.0,0.0,0.0020253058,-0.0004111575,0.002066619,0.0,0.2135513671,0.0,1,KKT conditions numerically satisfied for barrier-golden solution
high_fast_penalty,1222,1.35,4455.9,0.35,0.45,0.5,0.6,0.6,1.8,2B,1,0.813552,0.880149,14711.085108,3881.686525,none,0.2135518666,0.9864481334,0.2801492725,0.9198507275,574.2134749829,0.0,0.0,0.0,0.0,0.0,0.0082253077,0.0048739847,0.0095609317,0.0,0.2135518666,0.0,1,KKT conditions numerically satisfied for barrier-golden solution
high_fast_penalty,1222,1.35,4455.9,0.35,0.45,0.5,0.6,0.6,1.8,3B,1,0.813551,0.880149,15217.64313,2687.232253,none,0.2135513577,0.9864486423,0.2801489616,0.9198510384,1768.6677466338,0.0,0.0,0.0,0.0,0.0,0.0019030592,-0.0004204402,0.0019489496,0.0,0.2135513577,0.0,1,KKT conditions numerically satisfied for barrier-golden solution
high_fast_penalty,1222,1.4,4620.933333,0.35,0.45,0.5,0.6,0.6,1.8,2B,1,0.813552,0.880149,14711.085108,3881.68684,none,0.2135517645,0.9864482355,0.2801492327,0.9198507673,739.2464933981,0.0,0.0,0.0,0.0,0.0,0.0069445833,0.0041987838,0.008115234,0.0,0.2135517645,0.0,1,KKT conditions numerically satisfied for barrier-golden solution
high_fast_penalty,1222,1.4,4620.933333,0.35,0.45,0.5,0.6,0.6,1.8,3B,1,0.813551,0.880149,15217.64313,2687.232441,none,0.2135512875,0.9864487125,0.2801489118,0.9198510882,1933.7008920514,0.0,0.0,0.0,0.0,0.0,0.0009918607,-0.001296676,0.0016325306,0.0,0.2135512875,0.0,1,KKT conditions numerically satisfied for barrier-golden solution
high_fast_penalty,1222,1.5,4951.0,0.35,0.45,0.5,0.6,0.6,1.8,2B,1,0.813552,0.880149,14711.085108,3881.687059,none,0.2135517024,0.9864482976,0.2801491973,0.9198508027,1069.3129411394,0.0,0.0,0.0,0.0,0.0,0.0061649275,0.0035978605,0.0071379921,0.0,0.2135517024,0.0,1,KKT conditions numerically satisfied for barrier-golden solution
high_fast_penalty,1222,1.5,4951.0,0.35,0.45,0.5,0.6,0.6,1.8,3B,1,0.813551,0.880149,15217.64313,2687.232429,none,0.2135512898,0.9864487102,0.2801489169,0.9198510831,2263.7675708517,0.0,0.0,0.0,0.0,0.0,0.0010218118,-0.0012057703,0.0015805004,0.0,0.2135512898,0.0,1,KKT conditions numerically satisfied for barrier-golden solution
high_fast_penalty,2111,0.7,1368.733333,0.35,0.45,0.5,0.6,0.6,1.8,2B,1,1.42158,1.439188,9768.65616,1368.733319,deadline,0.8215804969,0.3784195031,0.8391877441,0.3608122559,1.3991e-05,0.0,0.0,0.0,0.0,6.1970289503,-0.0407549689,0.062656166,0.0747446495,8.67029e-05,1.3991e-05,0.0,1,KKT conditions numerically satisfied for barrier-golden solution
high_fast_penalty,2111,0.7,1368.733333,0.35,0.45,0.5,0.6,0.6,1.8,3B,1,0.932626,0.983202,8356.421985,1368.733249,deadline,0.3326259027,0.8673740973,0.3832015349,0.8167984651,8.45134e-05,0.0,0.0,0.0,0.0,1.1499101259,-0.0329418033,0.0549172495,0.0640395714,9.71828e-05,8.45134e-05,0.0,1,KKT conditions numerically satisfied for barrier-golden solution
high_fast_penalty,2111,0.75,1466.5,0.35,0.45,0.5,0.6,0.6,1.8,2B,1,1.324732,1.346446,9237.192684,1466.499981,deadline,0.7247323107,0.4752676893,0.7464463832,0.4535536168,1.88217e-05,0.0,0.0,0.0,0.0,4.7419779541,0.0465340255,-0.0721080502,0.0858194991,8.92521e-05,1.88217e-05,0.0,1,KKT conditions numerically satisfied for barrier-golden solution
high_fast_penalty,2111,0.75,1466.5,0.35,0.45,0.5,0.6,0.6,1.8,3B,1,0.86611,0.924986,8278.821467,1466.499788,deadline,0.26610982,0.93389018,0.324986259,0.875013741,0.0002122736,0.0,0.0,0.0,0.0,0.4690815608,-0.0429239176,0.0734370544,0.0850615287,9.95736e-05,0.0002122736,0.0,1,KKT conditions numerically satisfied for barrier-golden solution
high_fast_penalty,2111,0.8,1564.266667,0.35,0.45,0.5,0.6,0.6,1.8,2B,1,1.239722,1.265741,8830.364383,1564.266637,deadline,0.639721747,0.560278253,0.6657410189,0.5342589811,2.94335e-05,0.0,0.0,0.0,0.0,3.6284444611,0.0854196825,-0.1335643275,0.1585432173,0.0001067977,2.94335e-05,0.0,1,KKT conditions numerically satisfied for barrier-golden solution
high_fast_penalty,2111,0.8,1564.266667,0.35,0.45,0.5,0.6,0.6,1.8,3B,1,0.813552,0.88015,8259.199601,1553.540113,none,0.2135520757,0.9864479243,0.2801500888,0.9198499112,10.7265533945,0.0,0.0,0.0,0.0,0.0,0.0085525574,0.0073871851,0.0113011833,0.0,0.2135520757,0.0,1,KKT conditions numerically satisfied for barrier-golden solution
high_fast_penalty,2111,0.85,1662.033333,0.35,0.45,0.5,0.6,0.6,1.8,2B,1,1.164445,1.194983,8519.697896,1662.033293,deadline,0.5644446209,0.6355553791,0.5949826912,0.6050173088,4.03843e-05,0.0,0.0,0.0,0.0,2.7619313462,0.05569575,-0.0879830205,0.1041298635,0.0001115386,4.03843e-05,0.0,1,KKT conditions numerically satisfied for barrier-golden solution
high_fast_penalty,2111,0.85,1662.033333,0.35,0.45,0.5,0.6,0.6,1.8,3B,1,0.813552,0.88015,8259.199601,1553.541105,none,0.2135515243,0.9864484757,0.2801495833,0.9198504167,108.4922283367,0.0,0.0,0.0,0.0,0.0,0.0030981202,0.0040026187,0.0050615516,0.0,0.2135515243,0.0,1,KKT conditions numerically satisfied for barrier-golden solution
high_fast_penalty,2111,0.9,1759.8,0.35,0.45,0.5,0.6,0.6,1.8,2B,1,1.097324,1.132453,8284.398955,1759.799954,deadline,0.4973243138,0.7026756862,0.5324534253,0.6675465747,4.61459e-05,0.0,0.0,0.0,0.0,2.0778019134,0.362561838,-0.5792206599,0.6833356857,9.5882e-05,4.61459e-05,0.0,1,KKT conditions numerically satisfied for barrier-golden solution
high_fast_penalty,2111,0.9,1759.8,0.35,0.45,0.5,0.6,0.6,1.8,3B,1,0.813551,0.880149,8259.199601,1553.541725,none,0.2135511904,0.9864488096,0.2801492485,0.9198507515,206.258275119,0.0,0.0,0.0,0.0,0.0,-0.0002046557,0.0017604329,0.0017722889,0.0,0.2135511904,0.0,1,KKT conditions numerically satisfied for barrier-golden solution
high_fast_penalty,2111,0.95,1857.566667,0.35,0.45,0.5,0.6,0.6,1.8,2B,1,1.036927,1.077101,8108.993664,1857.566598,deadline,0.4369271803,0.7630728197,0.4771009324,0.7228990676,6.91446e-05,0.0,0.0,0.0,0.0,1.5303272551,-0.0403534301,0.065311251,0.0767721227,0.0001058139,6.91446e-05,0.0,1,KKT conditions numerically satisfied for barrier-golden solution
high_fast_penalty,2111,0.95,1857.566667,0.35,0.45,0.5,0.6,0.6,1.8,3B,1,0.813552,0.88015,8259.199601,1553.540658,none,0.2135518015,0.9864481985,0.2801497613,0.9198502387,304.0260089785,0.0,0.0,0.0,0.0,0.0,0.0058401918,0.005194183,0.0078158415,0.0,0.2135518015,0.0,1,KKT conditions numerically satisfied for barrier-golden solution
high_fast_penalty,2111,1.0,1955.333333,0.35,0.45,0.5,0.6,0.6,1.8,2B,1,0.982379,1.027649,7981.773938,1955.333241,deadline,0.3823791392,0.8176208608,0.4276494271,0.7723505729,9.22083e-05,0.0,0.0,0.0,0.0,1.0873764855,-0.0433795313,0.0712045621,0.0833778951,0.0001002652,9.22083e-05,0.0,1,KKT conditions numerically satisfied for barrier-golden solution
high_fast_penalty,2111,1.0,1955.333333,0.35,0.45,0.5,0.6,0.6,1.8,3B,1,0.813552,0.88015,8259.199601,1553.540792,none,0.213551733,0.986448267,0.280149682,0.919850318,401.7925413626,0.0,0.0,0.0,0.0,0.0,0.0051630665,0.0046629064,0.0069570074,0.0,0.213551733,0.0,1,KKT conditions numerically satisfied for barrier-golden solution
high_fast_penalty,2111,1.05,2053.1,0.35,0.45,0.5,0.6,0.6,1.8,2B,1,0.932774,0.983388,7893.747939,2053.099859,deadline,0.3327735169,0.8672264831,0.3833881993,0.8166118007,0.0001412606,0.0,0.0,0.0,0.0,0.7251531758,-0.18692347,0.3116396185,0.3634001038,0.0001024355,0.0001412606,0.0,1,KKT conditions numerically satisfied for barrier-golden solution
high_fast_penalty,2111,1.05,2053.1,0.35,0.45,0.5,0.6,0.6,1.8,3B,1,0.813552,0.88015,8259.199601,1553.540886,none,0.2135516867,0.9864483133,0.2801496238,0.9198503762,499.5591141692,0.0,0.0,0.0,0.0,0.0,0.0047048874,0.0042735948,0.0063560663,0.0,0.2135516867,0.0,1,KKT conditions numerically satisfied for barrier-golden solution
high_fast_penalty,2111,1.1,2150.866667,0.35,0.45,0.5,0.6,0.6,1.8,2B,1,0.887476,0.943562,7837.916692,2150.866437,deadline,0.2874761227,0.9125238773,0.3435623395,0.8564376605,0.0002299288,0.0,0.0,0.0,0.0,0.426243746,-0.155383078,0.2634649346,0.3058719874,9.80057e-05,0.0002299288,0.0,1,KKT conditions numerically satisfied for barrier-golden solution
high_fast_penalty,2111,1.1,2150.866667,0.35,0.45,0.5,0.6,0.6,1.8,3B,1,0.813552,0.88015,8259.199601,1553.54095,none,0.2135516571,0.9864483429,0.2801495804,0.9198504196,597.3257166553,0.0,0.0,0.0,0.0,0.0,0.0044123649,0.0039826979,0.0059439756,0.0,0.2135516571,0.0,1,KKT conditions numerically satisfied for barrier-golden solution
high_fast_penalty,2111,1.15,2248.633333,0.35,0.45,0.5,0.6,0.6,1.8,2B,1,0.845911,0.907636,7808.765976,2248.632772,deadline,0.2459108441,0.9540891559,0.3076364098,0.8923635902,0.0005610006,0.0,0.0,0.0,0.0,0.1774875488,-0.0734363093,0.1268167839,0.1465448334,9.95706e-05,0.0005610006,0.0,1,KKT conditions numerically satisfied for barrier-golden solution
high_fast_penalty,2111,1.15,2248.633333,0.35,0.45,0.5,0.6,0.6,1.8,3B,1,0.813552,0.88015,8259.199601,1553.540996,none,0.2135516342,0.9864483658,0.2801495527,0.9198504473,695.0923375562,0.0,0.0,0.0,0.0,0.0,0.0041851928,0.0037973473,0.0056511667,0.0,0.2135516342,0.0,1,KKT conditions numerically satisfied for barrier-golden solution
high_fast_penalty,2111,1.2,2346.4,0.35,0.45,0.5,0.6,0.6,1.8,2B,1,0.813552,0.88015,7801.657789,2330.707291,none,0.213552144,0.986447856,0.2801501709,0.9198498291,15.6927090988,0.0,0.0,0.0,0.0,0.0,0.0087163939,0.0074971016,0.0114970456,0.0,0.213552144,0.0,1,KKT conditions numerically satisfied for barrier-golden solution
high_fast_penalty,2111,1.2,2346.4,0.35,0.45,0.5,0.6,0.6,1.8,3B,1,0.813552,0.88015,8259.199601,1553.54103,none,0.213551616,0.986448384,0.2801495331,0.9198504669,792.8589696178,0.0,0.0,0.0,0.0,0.0,0.0040057548,0.0036663066,0.005430274,0.0,0.213551616,0.0,1,KKT conditions numerically satisfied for barrier-golden solution
high_fast_penalty,2111,1.25,2444.166667,0.35,0.45,0.5,0.6,0.6,1.8,2B,1,0.813552,0.88015,7801.657789,2330.708729,none,0.2135516213,0.9864483787,0.280149664,0.919850336,113.4579374997,0.0,0.0,0.0,0.0,0.0,0.0038332225,0.0042907707,0.0057536343,0.0,0.2135516213,0.0,1,KKT conditions numerically satisfied for barrier-golden solution
high_fast_penalty,2111,1.25,2444.166667,0.35,0.45,0.5,0.6,0.6,1.8,3B,1,0.813552,0.88015,8259.199601,1553.541049,none,0.213551608,0.986448392,0.2801495198,0.9198504802,890.6256178494,0.0,0.0,0.0,0.0,0.0,0.0039265969,0.003576967,0.0053115776,0.0,0.213551608,0.0,1,KKT conditions numerically satisfied for barrier-golden solution
high_fast_penalty,2111,1.3,2541.933333,0.35,0.45,0.5,0.6,0.6,1.8,2B,1,0.813551,0.88015,7801.657789,2330.709129,none,0.2135514832,0.9864485168,0.2801495104,0.9198504896,211.2242042345,0.0,0.0,0.0,0.0,0.0,0.0025423314,0.0033196361,0.0041813195,0.0,0.2135514832,0.0,1,KKT conditions numerically satisfied for barrier-golden solution
high_fast_penalty,2111,1.3,2541.933333,0.35,0.45,0.5,0.6,0.6,1.8,3B,1,0.813552,0.88015,8259.199601,1553.54106,none,0.2135515999,0.9864484001,0.280149517,0.919850483,988.3922730349,0.0,0.0,0.0,0.0,0.0,0.0038459654,0.0035585653,0.0052397363,0.0,0.2135515999,0.0,1,KKT conditions numerically satisfied for barrier-golden solution
high_fast_penalty,2111,1.35,2639.7,0.35,0.45,0.5,0.6,0.6,1.8,2B,1,0.813551,0.880149,7801.657789,2330.709858,none,0.2135512066,0.9864487934,0.280149274,0.919850726,308.9901419613,0.0,0.0,0.0,0.0,0.0,-4.14881e-05,0.0018240716,0.0018245434,0.0,0.2135512066,0.0,1,KKT conditions numerically satisfied for barrier-golden solution
high_fast_penalty,2111,1.35,2639.7,0.35,0.45,0.5,0.6,0.6,1.8,3B,1,0.813552,0.880149,8259.199601,1553.541092,none,0.2135515861,0.9864484139,0.2801494944,0.9198505056,1086.1589082769,0.0,0.0,0.0,0.0,0.0,0.0037101715,0.0034072988,0.0050373661,0.0,0.2135515861,0.0,1,KKT conditions numerically satisfied for barrier-golden solution
high_fast_penalty,2111,1.4,2737.466667,0.35,0.45,0.5,0.6,0.6,1.8,2B,1,0.813552,0.88015,7801.657789,2330.708077,none,0.213551876,0.986448124,0.2801498623,0.9198501377,406.758589228,0.0,0.0,0.0,0.0,0.0,0.0062131402,0.0055449859,0.0083276635,0.0,0.213551876,0.0,1,KKT conditions numerically satisfied for barrier-golden solution
high_fast_penalty,2111,1.4,2737.466667,0.35,0.45,0.5,0.6,0.6,1.8,3B,1,0.813552,0.88015,8259.199601,1553.541084,none,0.2135515866,0.9864484134,0.2801495051,0.9198504949,1183.9255826447,0.0,0.0,0.0,0.0,0.0,0.0037143539,0.0034789479,0.0050891554,0.0,0.2135515866,0.0,1,KKT conditions numerically satisfied for barrier-golden solution
high_fast_penalty,2111,1.5,2933.0,0.35,0.45,0.5,0.6,0.6,1.8,2B,1,0.813552,0.88015,7801.657789,2330.708423,none,0.2135517641,0.9864482359,0.2801497163,0.9198502837,602.2915768146,0.0,0.0,0.0,0.0,0.0,0.0051675447,0.0046217635,0.0069328361,0.0,0.2135517641,0.0,1,KKT conditions numerically satisfied for barrier-golden solution
high_fast_penalty,2111,1.5,2933.0,0.35,0.45,0.5,0.6,0.6,1.8,3B,1,0.813552,0.880149,8259.199601,1553.541124,none,0.213551569,0.986448431,0.2801494767,0.9198505233,1379.4588760946,0.0,0.0,0.0,0.0,0.0,0.0035409155,0.0032882619,0.0048322613,0.0,0.213551569,0.0,1,KKT conditions numerically satisfied for barrier-golden solution
high_fast_penalty,2112,0.7,1703.1,0.35,0.45,0.5,0.6,0.6,1.8,2B,1,1.419954,1.437294,14441.140484,1703.099988,deadline,0.8199536674,0.3800463326,0.8372944527,0.3627055473,1.24187e-05,0.0,0.0,0.0,0.0,7.3432506346,1.8504161473,-1.8958874903,2.649231831,9.11938e-05,1.24187e-05,0.0,1,KKT conditions numerically satisfied for barrier-golden solution
high_fast_penalty,2112,0.7,1703.1,0.35,0.45,0.5,0.6,0.6,1.8,3B,1,0.941368,0.99089,12268.559575,1703.099929,deadline,0.3413677816,0.8586322184,0.3908901087,0.8091098913,7.10395e-05,0.0,0.0,0.0,0.0,1.4462664266,0.3557550852,-0.3941698864,0.5309722968,0.0001027421,7.10395e-05,0.0,1,KKT conditions numerically satisfied for barrier-golden solution
high_fast_penalty,2112,0.75,1824.75,0.35,0.45,0.5,0.6,0.6,1.8,2B,1,1.322541,1.344303,13658.208465,1824.749983,deadline,0.7225409782,0.4774590218,0.7443033007,0.4556966993,1.67477e-05,0.0,0.0,0.0,0.0,5.6083943381,0.4121060713,-0.4257800103,0.5925538213,9.39275e-05,1.67477e-05,0.0,1,KKT conditions numerically satisfied for barrier-golden solution
high_fast_penalty,2112,0.75,1824.75,0.35,0.45,0.5,0.6,0.6,1.8,3B,1,0.873106,0.931009,12145.099341,1824.749838,deadline,0.2731058029,0.9268941971,0.3310087668,0.8689912332,0.0001621934,0.0,0.0,0.0,0.0,0.6217172067,0.0791116765,-0.0899527364,0.1197921206,0.0001008384,0.0001621934,0.0,1,KKT conditions numerically satisfied for barrier-golden solution
high_fast_penalty,2112,0.8,1946.4,0.35,0.45,0.5,0.6,0.6,1.8,2B,1,1.237049,1.263225,13060.176513,1946.399979,deadline,0.6370493104,0.5629506896,0.6632247481,0.5367752519,2.11204e-05,0.0,0.0,0.0,0.0,4.2807633319,0.1269689917,-0.132399059,0.183441096,9.04112e-05,2.11204e-05,0.0,1,KKT conditions numerically satisfied for barrier-golden solution
high_fast_penalty,2112,0.8,1946.4,0.35,0.45,0.5,0.6,0.6,1.8,3B,1,0.813557,0.880154,12109.410149,1944.699105,none,0.213557373,0.986442627,0.2801540095,0.9198459905,1.7008953992,0.0,0.0,0.0,0.0,0.0,0.0743417977,0.0615443541,0.0965111932,0.0,0.213557373,0.0,0,KKT residual is reported for numerical inspection
high_fast_penalty,2112,0.85,2068.05,0.35,0.45,0.5,0.6,0.6,1.8,2B,1,1.161347,1.191993,12604.800305,2068.049968,deadline,0.5613470288,0.6386529712,0.5919932731,0.6080067269,3.19633e-05,0.0,0.0,0.0,0.0,3.2476959236,0.6605686734,-0.6958915399,0.959487367,0.0001038071,3.19633e-05,0.0,1,KKT conditions numerically satisfied for barrier-golden solution
high_fast_penalty,2112,0.85,2068.05,0.35,0.45,0.5,0.6,0.6,1.8,3B,1,0.813552,0.880149,12109.410149,1944.711366,none,0.2135515636,0.9864484364,0.2801492558,0.9198507442,123.3386338132,0.0,0.0,0.0,0.0,0.0,0.0042530743,0.0033111263,0.0053900091,0.0,0.2135515636,0.0,1,KKT conditions numerically satisfied for barrier-golden solution
high_fast_penalty,2112,0.9,2189.7,0.35,0.45,0.5,0.6,0.6,1.8,2B,1,1.093657,1.129132,12261.227792,2189.699955,deadline,0.4936569097,0.7063430903,0.5291315159,0.6708684841,4.54686e-05,0.0,0.0,0.0,0.0,2.4319836393,0.3510835653,-0.3742289288,0.5131344473,0.000110579,4.54686e-05,0.0,1,KKT conditions numerically satisfied for barrier-golden solution
high_fast_penalty,2112,0.9,2189.7,0.35,0.45,0.5,0.6,0.6,1.8,3B,1,0.813552,0.88015,12109.410149,1944.710589,none,0.21355195,0.98644805,0.2801495359,0.9198504641,244.9894110728,0.0,0.0,0.0,0.0,0.0,0.0089149085,0.0067423449,0.011177424,0.0,0.21355195,0.0,1,KKT conditions numerically satisfied for barrier-golden solution
high_fast_penalty,2112,0.95,2311.35,0.35,0.45,0.5,0.6,0.6,1.8,2B,1,1.032778,1.073263,12006.500152,2311.349947,deadline,0.4327781257,0.7672218743,0.4732633428,0.7267366572,5.30035e-05,0.0,0.0,0.0,0.0,1.7794823426,0.2218929843,-0.2396305044,0.3265873162,9.43187e-05,5.30035e-05,0.0,1,KKT conditions numerically satisfied for barrier-golden solution
high_fast_penalty,2112,0.95,2311.35,0.35,0.45,0.5,0.6,0.6,1.8,3B,1,0.813552,0.880149,12109.410149,1944.710898,none,0.2135518031,0.9864481969,0.2801494166,0.9198505834,366.6391019788,0.0,0.0,0.0,0.0,0.0,0.0071432142,0.005280176,0.0088828919,0.0,0.2135518031,0.0,1,KKT conditions numerically satisfied for barrier-golden solution
high_fast_penalty,2112,1.0,2433.0,0.35,0.45,0.5,0.6,0.6,1.8,2B,1,0.977666,1.023378,11823.244888,2432.999925,deadline,0.3776658525,0.8223341475,0.4233784867,0.7766215133,7.54412e-05,0.0,0.0,0.0,0.0,1.2514806402,0.0951737913,-0.1042819258,0.1411834644,9.44132e-05,7.54412e-05,0.0,1,KKT conditions numerically satisfied for barrier-golden solution
high_fast_penalty,2112,1.0,2433.0,0.35,0.45,0.5,0.6,0.6,1.8,3B,1,0.813552,0.880149,12109.410149,1944.711069,none,0.2135517217,0.9864482783,0.2801493512,0.9198506488,488.2889314971,0.0,0.0,0.0,0.0,0.0,0.0061614011,0.0044792158,0.0076174955,0.0,0.2135517217,0.0,1,KKT conditions numerically satisfied for barrier-golden solution
high_fast_penalty,2112,1.05,2554.65,0.35,0.45,0.5,0.6,0.6,1.8,2B,1,0.927527,0.978604,11698.118948,2554.649877,deadline,0.3275266065,0.8724733935,0.3786040832,0.8213959168,0.0001226862,0.0,0.0,0.0,0.0,0.8197930656,0.4163010166,-0.4634135901,0.6229435704,0.0001005773,0.0001226862,0.0,1,KKT conditions numerically satisfied for barrier-golden solution
high_fast_penalty,2112,1.05,2554.65,0.35,0.45,0.5,0.6,0.6,1.8,3B,1,0.813552,0.880149,12109.410149,1944.711125,none,0.2135516961,0.9864483039,0.2801493285,0.9198506715,609.9388754829,0.0,0.0,0.0,0.0,0.0,0.0058516437,0.0042007989,0.0072033635,0.0,0.2135516961,0.0,1,KKT conditions numerically satisfied for barrier-golden solution
high_fast_penalty,2112,1.1,2676.3,0.35,0.45,0.5,0.6,0.6,1.8,2B,1,0.881589,0.938364,11620.73539,2676.299781,deadline,0.2815886764,0.9184113236,0.3383644862,0.8616355138,0.0002193319,0.0,0.0,0.0,0.0,0.4635782645,0.1037223542,-0.1175123428,0.1567401591,0.0001016775,0.0002193319,0.0,1,KKT conditions numerically satisfied for barrier-golden solution
high_fast_penalty,2112,1.1,2676.3,0.35,0.45,0.5,0.6,0.6,1.8,3B,1,0.813552,0.880149,12109.410149,1944.711196,none,0.2135516616,0.9864483384,0.280149301,0.919850699,731.5888035849,0.0,0.0,0.0,0.0,0.0,0.0054360527,0.0038648205,0.0066698955,0.0,0.2135516616,0.0,1,KKT conditions numerically satisfied for barrier-golden solution
high_fast_penalty,2112,1.15,2797.95,0.35,0.45,0.5,0.6,0.6,1.8,2B,1,0.83937,0.902015,11582.90957,2797.949393,deadline,0.2393697911,0.9606302089,0.3020146151,0.8979853849,0.0006067798,0.0,0.0,0.0,0.0,0.1671841408,0.0462468685,-0.053407569,0.0706480097,0.000101444,0.0006067798,0.0,1,KKT conditions numerically satisfied for barrier-golden solution
high_fast_penalty,2112,1.15,2797.95,0.35,0.45,0.5,0.6,0.6,1.8,3B,1,0.813552,0.880149,12109.410149,1944.711227,none,0.2135516477,0.9864483523,0.2801492887,0.9198507113,853.2387732037,0.0,0.0,0.0,0.0,0.0,0.0052676079,0.0037143325,0.0064454604,0.0,0.2135516477,0.0,1,KKT conditions numerically satisfied for barrier-golden solution
high_fast_penalty,2112,1.2,2919.6,0.35,0.45,0.5,0.6,0.6,1.8,2B,1,0.813552,0.880149,11576.38994,2877.447193,none,0.2135516394,0.9864483606,0.2801493295,0.9198506705,42.1528068711,0.0,0.0,0.0,0.0,0.0,0.0049403913,0.0040280117,0.0063743505,0.0,0.2135516394,0.0,1,KKT conditions numerically satisfied for barrier-golden solution
high_fast_penalty,2112,1.2,2919.6,0.35,0.45,0.5,0.6,0.6,1.8,3B,1,0.813552,0.880149,12109.410149,1944.711259,none,0.2135516321,0.9864483679,0.2801492762,0.9198507238,974.8887405451,0.0,0.0,0.0,0.0,0.0,0.0050800968,0.0035602161,0.0062034282,0.0,0.2135516321,0.0,1,KKT conditions numerically satisfied for barrier-golden solution
high_fast_penalty,2112,1.25,3041.25,0.35,0.45,0.5,0.6,0.6,1.8,2B,1,0.813552,0.880149,11576.38994,2877.447315,none,0.2135516067,0.9864483933,0.2801492903,0.9198507097,163.8026853059,0.0,0.0,0.0,0.0,0.0,0.0045638464,0.0035689309,0.0057936139,0.0,0.2135516067,0.0,1,KKT conditions numerically satisfied for barrier-golden solution
high_fast_penalty,2112,1.25,3041.25,0.35,0.45,0.5,0.6,0.6,1.8,3B,1,0.813551,0.880149,12109.410149,1944.711855,none,0.2135513354,0.9864486646,0.2801490621,0.9198509379,1096.5381447147,0.0,0.0,0.0,0.0,0.0,0.0014999051,0.0009376792,0.0017688859,0.0,0.2135513354,0.0,1,KKT conditions numerically satisfied for barrier-golden solution
high_fast_penalty,2112,1.3,3162.9,0.35,0.45,0.5,0.6,0.6,1.8,2B,1,0.813551,0.880149,11576.38994,2877.448236,none,0.213551309,0.986448691,0.2801490524,0.9198509476,285.4517644604,0.0,0.0,0.0,0.0,0.0,0.0011300286,0.0007825341,0.001374527,0.0,0.213551309,0.0,1,KKT conditions numerically satisfied for barrier-golden solution
high_fast_penalty,2112,1.3,3162.9,0.35,0.45,0.5,0.6,0.6,1.8,3B,1,0.813551,0.880149,12109.410149,1944.711841,none,0.2135513429,0.9864486571,0.280149067,0.919850933,1218.1881592029,0.0,0.0,0.0,0.0,0.0,0.0015902675,0.0009975186,0.0018772304,0.0,0.2135513429,0.0,1,KKT conditions numerically satisfied for barrier-golden solution
high_fast_penalty,2112,1.35,3284.55,0.35,0.45,0.5,0.6,0.6,1.8,2B,1,0.813552,0.88015,11576.38994,2877.446337,none,0.2135519387,0.9864480613,0.2801495242,0.9198504758,407.1036626843,0.0,0.0,0.0,0.0,0.0,0.0083925153,0.0063076709,0.0104986202,0.0,0.2135519387,0.0,1,KKT conditions numerically satisfied for barrier-golden solution
high_fast_penalty,2112,1.35,3284.55,0.35,0.45,0.5,0.6,0.6,1.8,3B,1,0.813551,0.880149,12109.410149,1944.711852,none,0.2135513374,0.9864486626,0.2801490631,0.9198509369,1339.8381483527,0.0,0.0,0.0,0.0,0.0,0.0015249517,0.0009499046,0.0017966069,0.0,0.2135513374,0.0,1,KKT conditions numerically satisfied for barrier-golden solution
high_fast_penalty,2112,1.4,3406.2,0.35,0.45,0.5,0.6,0.6,1.8,2B,1,0.813552,0.880149,11576.38994,2877.446623,none,0.2135518472,0.9864481528,0.2801494493,0.9198505507,528.7533769603,0.0,0.0,0.0,0.0,0.0,0.0073375895,0.0054305769,0.0091286026,0.0,0.2135518472,0.0,1,KKT conditions numerically satisfied for barrier-golden solution
high_fast_penalty,2112,1.4,3406.2,0.35,0.45,0.5,0.6,0.6,1.8,3B,1,0.813551,0.880149,12109.410149,1944.711851,none,0.2135513378,0.9864486622,0.2801490633,0.9198509367,1461.488149055,0.0,0.0,0.0,0.0,0.0,0.0015295317,0.0009525672,0.0018019022,0.0,0.2135513378,0.0,1,KKT conditions numerically satisfied for barrier-golden solution
high_fast_penalty,2112,1.5,3649.5,0.35,0.45,0.5,0.6,0.6,1.8,2B,1,0.813552,0.880149,11576.38994,2877.446908,none,0.2135517561,0.9864482439,0.2801493742,0.9198506258,772.0530916923,0.0,0.0,0.0,0.0,0.0,0.0062867057,0.0045520788,0.0077617067,0.0,0.2135517561,0.0,1,KKT conditions numerically satisfied for barrier-golden solution
high_fast_penalty,2112,1.5,3649.5,0.35,0.45,0.5,0.6,0.6,1.8,3B,1,0.813551,0.880149,12109.410149,1944.711855,none,0.2135513357,0.9864486643,0.2801490616,0.9198509384,1704.7881445905,0.0,0.0,0.0,0.0,0.0,0.0015035157,0.0009319539,0.0017689255,0.0,0.2135513357,0.0,1,KKT conditions numerically satisfied for barrier-golden solution
high_fast_penalty,2121,0.7,1801.1,0.35,0.45,0.5,0.6,0.6,1.8,2B,1,1.419856,1.437394,12775.167859,1801.099984,deadline,0.819856159,0.380143841,0.837394376,0.362605624,1.6243e-05,0.0,0.0,0.0,0.0,6.1426632996,0.634032968,-0.649792993,0.9078704413,9.97752e-05,1.6243e-05,0.0,1,KKT conditions numerically satisfied for barrier-golden solution
high_fast_penalty,2121,0.7,1801.1,0.35,0.45,0.5,0.6,0.6,1.8,3B,1,0.945543,0.994508,10863.340812,1801.099918,deadline,0.3455431181,0.8544568819,0.3945079591,0.8054920409,8.16145e-05,0.0,0.0,0.0,0.0,1.2499609857,0.8302591684,-0.918475403,1.2381144344,0.000102015,8.16145e-05,0.0,1,KKT conditions numerically satisfied for barrier-golden solution
high_fast_penalty,2121,0.75,1929.75,0.35,0.45,0.5,0.6,0.6,1.8,2B,1,1.323054,1.343773,12082.5606,1929.749976,deadline,0.7230542233,0.4769457767,0.7437734488,0.4562265512,2.37329e-05,0.0,0.0,0.0,0.0,4.6913750727,5.645268872,-5.8234648153,8.1105981957,0.0001113398,2.37329e-05,0.0,1,KKT conditions numerically satisfied for barrier-golden solution
high_fast_penalty,2121,0.75,1929.75,0.35,0.45,0.5,0.6,0.6,1.8,3B,1,0.876997,0.934382,10749.34491,1929.749815,deadline,0.2769971253,0.9230028747,0.3343818265,0.8656181735,0.0001852171,0.0,0.0,0.0,0.0,0.5544543666,0.0707705667,-0.0803350558,0.1070616379,0.0001026944,0.0001852171,0.0,1,KKT conditions numerically satisfied for barrier-golden solution
high_fast_penalty,2121,0.8,2058.4,0.35,0.45,0.5,0.6,0.6,1.8,2B,1,1.237269,1.262996,11553.51674,2058.399975,deadline,0.6372690761,0.5627309239,0.6629956698,0.5370043302,2.54047e-05,0.0,0.0,0.0,0.0,3.5808484979,2.3730330796,-2.4727442379,3.4272073272,9.09704e-05,2.54047e-05,0.0,1,KKT conditions numerically satisfied for barrier-golden solution
high_fast_penalty,2121,0.8,2058.4,0.35,0.45,0.5,0.6,0.6,1.8,3B,1,0.816451,0.88259,10713.652723,2058.395752,deadline,0.2164512905,0.9835487095,0.2825900755,0.9174099245,0.0042482134,0.0,0.0,0.0,0.0,0.0235481024,0.005889603,-0.0068824576,0.0090584572,0.0001000374,0.0042482134,0.0,1,KKT conditions numerically satisfied for barrier-golden solution
high_fast_penalty,2121,0.85,2187.05,0.35,0.45,0.5,0.6,0.6,1.8,2B,1,1.161314,1.192029,11150.673469,2187.049963,deadline,0.5613135619,0.6386864381,0.5920285353,0.6079714647,3.71477e-05,0.0,0.0,0.0,0.0,2.7167100365,0.2400899297,-0.2529579032,0.348756183,0.0001009195,3.71477e-05,0.0,1,KKT conditions numerically satisfied for barrier-golden solution
high_fast_penalty,2121,0.85,2187.05,0.35,0.45,0.5,0.6,0.6,1.8,3B,1,0.813552,0.880149,10713.57571,2064.949831,none,0.2135516204,0.9864483796,0.2801493005,0.9198506995,122.1001687494,0.0,0.0,0.0,0.0,0.0,0.0043698772,0.0034138986,0.0055453161,0.0,0.2135516204,0.0,1,KKT conditions numerically satisfied for barrier-golden solution
high_fast_penalty,2121,0.9,2315.7,0.35,0.45,0.5,0.6,0.6,1.8,2B,1,1.093658,1.12913,10846.736522,2315.699947,deadline,0.4936583921,0.7063416079,0.5291299407,0.6708700593,5.29892e-05,0.0,0.0,0.0,0.0,2.0343612796,0.32580568,-0.3472826757,0.476187566,0.0001077992,5.29892e-05,0.0,1,KKT conditions numerically satisfied for barrier-golden solution
high_fast_penalty,2121,0.9,2315.7,0.35,0.45,0.5,0.6,0.6,1.8,3B,1,0.813552,0.88015,10713.57571,2064.948891,none,0.2135520607,0.9864479393,0.2801496198,0.9198503802,250.7511092093,0.0,0.0,0.0,0.0,0.0,0.0090688244,0.0068742562,0.0113797616,0.0,0.2135520607,0.0,1,KKT conditions numerically satisfied for barrier-golden solution
high_fast_penalty,2121,0.95,2444.35,0.35,0.45,0.5,0.6,0.6,1.8,2B,1,1.032778,1.073264,10621.395015,2444.349934,deadline,0.4327778447,0.7672221553,0.4732636556,0.7267363444,6.64126e-05,0.0,0.0,0.0,0.0,1.488542204,0.1933551182,-0.2088116345,0.284584786,9.8858e-05,6.64126e-05,0.0,1,KKT conditions numerically satisfied for barrier-golden solution
high_fast_penalty,2121,0.95,2444.35,0.35,0.45,0.5,0.6,0.6,1.8,3B,1,0.813552,0.880149,10713.57571,2064.949273,none,0.2135518901,0.9864481099,0.2801494806,0.9198505194,379.4007272544,0.0,0.0,0.0,0.0,0.0,0.0072477246,0.005365114,0.0090174253,0.0,0.2135518901,0.0,1,KKT conditions numerically satisfied for barrier-golden solution
high_fast_penalty,2121,1.0,2573.0,0.35,0.45,0.5,0.6,0.6,1.8,2B,1,0.977672,1.023372,10459.280615,2572.999909,deadline,0.3776720295,0.8223279705,0.4233717274,0.7766282726,9.05695e-05,0.0,0.0,0.0,0.0,1.0468668261,0.1477045314,-0.1618356764,0.2191059441,9.48142e-05,9.05695e-05,0.0,1,KKT conditions numerically satisfied for barrier-golden solution
high_fast_penalty,2121,1.0,2573.0,0.35,0.45,0.5,0.6,0.6,1.8,3B,1,0.813552,0.880149,10713.57571,2064.949477,none,0.2135517984,0.9864482016,0.2801494065,0.9198505935,508.0505228056,0.0,0.0,0.0,0.0,0.0,0.0062691105,0.0045618739,0.0077532212,0.0,0.2135517984,0.0,1,KKT conditions numerically satisfied for barrier-golden solution
high_fast_penalty,2121,1.05,2701.65,0.35,0.45,0.5,0.6,0.6,1.8,2B,1,0.927533,0.978597,10348.589579,2701.649848,deadline,0.3275330129,0.8724669871,0.3785969682,0.8214030318,0.0001516689,0.0,0.0,0.0,0.0,0.6857589544,0.4341200931,-0.4832355399,0.6495974463,0.0001040083,0.0001516689,0.0,1,KKT conditions numerically satisfied for barrier-golden solution
high_fast_penalty,2121,1.05,2701.65,0.35,0.45,0.5,0.6,0.6,1.8,3B,1,0.813552,0.880149,10713.57571,2064.949572,none,0.2135517562,0.9864482438,0.2801493713,0.9198506287,636.7004275536,0.0,0.0,0.0,0.0,0.0,0.0058192449,0.0041804365,0.00716517,0.0,0.2135517562,0.0,1,KKT conditions numerically satisfied for barrier-golden solution
high_fast_penalty,2121,1.1,2830.3,0.35,0.45,0.5,0.6,0.6,1.8,2B,1,0.881591,0.938362,10280.133203,2830.299748,deadline,0.2815907232,0.9184092768,0.3383621809,0.8616378191,0.0002519589,0.0,0.0,0.0,0.0,0.3877844965,0.1127513589,-0.1277405417,0.170383435,9.77058e-05,0.0002519589,0.0,1,KKT conditions numerically satisfied for barrier-golden solution
high_fast_penalty,2121,1.1,2830.3,0.35,0.45,0.5,0.6,0.6,1.8,3B,1,0.813552,0.880149,10713.57571,2064.949681,none,0.2135517067,0.9864482933,0.2801493329,0.9198506671,765.3503189899,0.0,0.0,0.0,0.0,0.0,0.0052908473,0.0037643048,0.0064933086,0.0,0.2135517067,0.0,1,KKT conditions numerically satisfied for barrier-golden solution
high_fast_penalty,2121,1.15,2958.95,0.35,0.45,0.5,0.6,0.6,1.8,2B,1,0.83937,0.902015,10246.671082,2958.949295,deadline,0.2393695803,0.9606304197,0.3020148986,0.8979851014,0.0007050259,0.0,0.0,0.0,0.0,0.1398501419,0.0385366877,-0.0445036216,0.0588697599,9.8598e-05,0.0007050259,0.0,1,KKT conditions numerically satisfied for barrier-golden solution
high_fast_penalty,2121,1.15,2958.95,0.35,0.45,0.5,0.6,0.6,1.8,3B,1,0.813552,0.880149,10713.57571,2064.949695,none,0.2135517015,0.9864482985,0.2801493264,0.9198506736,894.0003048428,0.0,0.0,0.0,0.0,0.0,0.0052348536,0.0036947928,0.0064074321,0.0,0.2135517015,0.0,1,KKT conditions numerically satisfied for barrier-golden solution
high_fast_penalty,2121,1.2,3087.6,0.35,0.45,0.5,0.6,0.6,1.8,2B,1,0.813552,0.880149,10240.903567,3043.021491,none,0.2135516819,0.9864483181,0.2801493638,0.9198506362,44.5785087755,0.0,0.0,0.0,0.0,0.0,0.0048045572,0.0039186066,0.0061999393,0.0,0.2135516819,0.0,1,KKT conditions numerically satisfied for barrier-golden solution
high_fast_penalty,2121,1.2,3087.6,0.35,0.45,0.5,0.6,0.6,1.8,3B,1,0.813552,0.880149,10713.57571,2064.949722,none,0.2135516899,0.9864483101,0.2801493163,0.9198506837,1022.6502781834,0.0,0.0,0.0,0.0,0.0,0.0051116065,0.0035848703,0.0062433818,0.0,0.2135516899,0.0,1,KKT conditions numerically satisfied for barrier-golden solution
high_fast_penalty,2121,1.25,3216.25,0.35,0.45,0.5,0.6,0.6,1.8,2B,1,0.813552,0.880149,10240.903567,3043.021593,none,0.2135516584,0.9864483416,0.28014933,0.91985067,173.228406961,0.0,0.0,0.0,0.0,0.0,0.0045642831,0.0035690105,0.0057940069,0.0,0.2135516584,0.0,1,KKT conditions numerically satisfied for barrier-golden solution
high_fast_penalty,2121,1.25,3216.25,0.35,0.45,0.5,0.6,0.6,1.8,3B,1,0.813552,0.880149,10713.57571,2064.94974,none,0.2135516825,0.9864483175,0.2801493092,0.9198506908,1151.3002602954,0.0,0.0,0.0,0.0,0.0,0.0050320734,0.0035073551,0.0061337837,0.0,0.2135516825,0.0,1,KKT conditions numerically satisfied for barrier-golden solution
high_fast_penalty,2121,1.3,3344.9,0.35,0.45,0.5,0.6,0.6,1.8,2B,1,0.813551,0.880149,10240.903567,3043.022675,none,0.2135513279,0.9864486721,0.2801490656,0.9198509344,301.8773252531,0.0,0.0,0.0,0.0,0.0,0.0011918459,0.0008289416,0.0014517716,0.0,0.2135513279,0.0,1,KKT conditions numerically satisfied for barrier-golden solution
high_fast_penalty,2121,1.3,3344.9,0.35,0.45,0.5,0.6,0.6,1.8,3B,1,0.813552,0.880149,10713.57571,2064.94978,none,0.213551664,0.986448336,0.2801492951,0.9198507049,1279.9502200302,0.0,0.0,0.0,0.0,0.0,0.0048346308,0.0033547573,0.0058845605,0.0,0.213551664,0.0,1,KKT conditions numerically satisfied for barrier-golden solution
high_fast_penalty,2121,1.35,3473.55,0.35,0.45,0.5,0.6,0.6,1.8,2B,1,0.813552,0.88015,10240.903567,3043.020432,none,0.2135520313,0.9864479687,0.2801495926,0.9198504074,430.5295677674,0.0,0.0,0.0,0.0,0.0,0.0083689836,0.0062888023,0.0104684727,0.0,0.2135520313,0.0,1,KKT conditions numerically satisfied for barrier-golden solution
high_fast_penalty,2121,1.35,3473.55,0.35,0.45,0.5,0.6,0.6,1.8,3B,1,0.813552,0.880149,10713.57571,2064.949779,none,0.2135516651,0.9864483349,0.2801492946,0.9198507054,1408.6002209554,0.0,0.0,0.0,0.0,0.0,0.0048467981,0.0033491949,0.005891397,0.0,0.2135516651,0.0,1,KKT conditions numerically satisfied for barrier-golden solution
high_fast_penalty,2121,1.4,3602.2,0.35,0.45,0.5,0.6,0.6,1.8,2B,1,0.813552,0.88015,10240.903567,3043.020754,none,0.2135519342,0.9864480658,0.2801495126,0.9198504874,559.1792462484,0.0,0.0,0.0,0.0,0.0,0.007378428,0.005460289,0.0091791043,0.0,0.2135519342,0.0,1,KKT conditions numerically satisfied for barrier-golden solution
high_fast_penalty,2121,1.4,3602.2,0.35,0.45,0.5,0.6,0.6,1.8,3B,1,0.813552,0.880149,10713.57571,2064.949809,none,0.2135516512,0.9864483488,0.2801492842,0.9198507158,1537.2501909166,0.0,0.0,0.0,0.0,0.0,0.004697796,0.0032373798,0.0057052533,0.0,0.2135516512,0.0,1,KKT conditions numerically satisfied for barrier-golden solution
high_fast_penalty,2121,1.5,3859.5,0.35,0.45,0.5,0.6,0.6,1.8,2B,1,0.813552,0.880149,10240.903567,3043.021156,none,0.2135518115,0.9864481885,0.2801494138,0.9198505862,816.4788437804,0.0,0.0,0.0,0.0,0.0,0.0061266937,0.0044371879,0.0075647216,0.0,0.2135518115,0.0,1,KKT conditions numerically satisfied for barrier-golden solution
high_fast_penalty,2121,1.5,3859.5,0.35,0.45,0.5,0.6,0.6,1.8,3B,1,0.813552,0.880149,10713.57571,2064.949851,none,0.213551632,0.986448368,0.2801492695,0.9198507305,1794.5501490209,0.0,0.0,0.0,0.0,0.0,0.0044936194,0.0030771048,0.0054462087,0.0,0.213551632,0.0,1,KKT conditions numerically satisfied for barrier-golden solution
high_fast_penalty,2122,0.7,2157.4,0.35,0.45,0.5,0.6,0.6,1.8,2B,1,1.418816,1.435976,17812.334033,2157.399989,deadline,0.8188163826,0.3811836174,0.8359762122,0.3640237878,1.08032e-05,0.0,0.0,0.0,0.0,7.1357764658,4.3275076477,-3.3246138491,5.457140248,7.70893e-05,1.08032e-05,0.0,1,KKT conditions numerically satisfied for barrier-golden solution
high_fast_penalty,2122,0.7,2157.4,0.35,0.45,0.5,0.6,0.6,1.8,3B,1,1.046503,1.077395,15487.366891,2157.399957,deadline,0.4465033933,0.7534966067,0.4773946296,0.7226053704,4.26887e-05,0.0,0.0,0.0,0.0,2.5373130955,71.3150139217,-56.6905363399,91.1024045849,0.0001083145,4.26887e-05,0.0,1,KKT conditions numerically satisfied for barrier-golden solution
high_fast_penalty,2122,0.75,2311.5,0.35,0.45,0.5,0.6,0.6,1.8,2B,1,1.322836,1.341316,16849.124694,2311.499983,deadline,0.7228360023,0.4771639977,0.7413163363,0.4586836637,1.6748e-05,0.0,0.0,0.0,0.0,5.4387689609,26.7570926617,-20.6324405164,33.7881578274,9.10885e-05,1.6748e-05,0.0,1,KKT conditions numerically satisfied for barrier-golden solution
high_fast_penalty,2122,0.75,2311.5,0.35,0.45,0.5,0.6,0.6,1.8,3B,1,0.966815,1.013599,15173.109357,2311.499937,deadline,0.3668154692,0.8331845308,0.4135994342,0.7864005658,6.34057e-05,0.0,0.0,0.0,0.0,1.572439773,0.4942076531,-0.4073955375,0.6404782028,9.97017e-05,6.34057e-05,0.0,1,KKT conditions numerically satisfied for barrier-golden solution
high_fast_penalty,2122,0.8,2465.6,0.35,0.45,0.5,0.6,0.6,1.8,2B,1,1.235474,1.261121,16114.480513,2465.599975,deadline,0.6354741965,0.5645258035,0.661120523,0.538879477,2.48662e-05,0.0,0.0,0.0,0.0,4.1462441762,5.1240205256,-4.0042201985,6.5030274292,0.0001031014,2.48662e-05,0.0,1,KKT conditions numerically satisfied for barrier-golden solution
high_fast_penalty,2122,0.8,2465.6,0.35,0.45,0.5,0.6,0.6,1.8,3B,1,0.900724,0.954973,14990.679897,2465.599879,deadline,0.3007235036,0.8992764964,0.3549729647,0.8450270353,0.0001207449,0.0,0.0,0.0,0.0,0.8273578826,0.9069865495,-0.7646474997,1.1863011421,9.98992e-05,0.0001207449,0.0,1,KKT conditions numerically satisfied for barrier-golden solution
high_fast_penalty,2122,0.85,2619.7,0.35,0.45,0.5,0.6,0.6,1.8,2B,1,1.159042,1.18989,15556.281084,2619.699971,deadline,0.5590424769,0.6409575231,0.5898895722,0.6101104278,2.87537e-05,0.0,0.0,0.0,0.0,3.1384190246,0.5068564464,-0.4006460358,0.6460810346,9.02413e-05,2.87537e-05,0.0,1,KKT conditions numerically satisfied for barrier-golden solution
high_fast_penalty,2122,0.85,2619.7,0.35,0.45,0.5,0.6,0.6,1.8,3B,1,0.841685,0.903969,14909.573372,2619.699592,deadline,0.2416850951,0.9583149049,0.3039690302,0.8960309698,0.0004076357,0.0,0.0,0.0,0.0,0.2488009652,0.2481735142,-0.2146962824,0.3281532978,0.0001014201,0.0004076357,0.0,1,KKT conditions numerically satisfied for barrier-golden solution
high_fast_penalty,2122,0.9,2773.8,0.35,0.45,0.5,0.6,0.6,1.8,2B,1,1.09111,1.1266,15136.33841,2773.79996,deadline,0.4911095344,0.7088904656,0.5266002686,0.6733997314,4.01008e-05,0.0,0.0,0.0,0.0,2.34197969,1.9238973566,-1.5383181376,2.4632912396,9.39152e-05,4.01008e-05,0.0,1,KKT conditions numerically satisfied for barrier-golden solution
high_fast_penalty,2122,0.9,2773.8,0.35,0.45,0.5,0.6,0.6,1.8,3B,1,0.813552,0.880149,14899.860438,2699.383267,none,0.2135518829,0.9864481171,0.2801492763,0.9198507237,74.4167334461,0.0,0.0,0.0,0.0,0.0,0.0085389395,0.0050031165,0.0098966996,0.0,0.2135518829,0.0,1,KKT conditions numerically satisfied for barrier-golden solution
high_fast_penalty,2122,0.95,2927.9,0.35,0.45,0.5,0.6,0.6,1.8,2B,1,1.035159,1.066128,14826.598375,2927.899946,deadline,0.4351590771,0.7648409229,0.4661280346,0.7338719654,5.38708e-05,0.0,0.0,0.0,0.0,1.6973338563,75.9326557982,-60.4079907954,97.0303744633,9.14368e-05,5.38708e-05,0.0,1,KKT conditions numerically satisfied for barrier-golden solution
high_fast_penalty,2122,0.95,2927.9,0.35,0.45,0.5,0.6,0.6,1.8,3B,1,0.813552,0.880149,14899.860438,2699.382709,none,0.2135521042,0.9864478958,0.2801494112,0.9198505888,228.5172906726,0.0,0.0,0.0,0.0,0.0,0.0113503899,0.0073243932,0.013508445,0.0,0.2135521042,0.0,1,KKT conditions numerically satisfied for barrier-golden solution
high_fast_penalty,2122,1.0,3082.0,0.35,0.45,0.5,0.6,0.6,1.8,2B,1,0.974372,1.020124,14604.560061,3081.999916,deadline,0.3743718545,0.8256281455,0.420123689,0.779876311,8.41186e-05,0.0,0.0,0.0,0.0,1.1895900823,2.530172887,-2.0800207402,3.275402436,0.0001000667,8.41186e-05,0.0,1,KKT conditions numerically satisfied for barrier-golden solution
high_fast_penalty,2122,1.0,3082.0,0.35,0.45,0.5,0.6,0.6,1.8,3B,1,0.813552,0.880149,14899.860438,2699.383309,none,0.2135518583,0.9864481417,0.2801492726,0.9198507274,382.6166905656,0.0,0.0,0.0,0.0,0.0,0.008225991,0.0049392856,0.0095949711,0.0,0.2135518583,0.0,1,KKT conditions numerically satisfied for barrier-golden solution
high_fast_penalty,2122,1.05,3236.1,0.35,0.45,0.5,0.6,0.6,1.8,2B,1,0.923626,0.975151,14454.739066,3236.099874,deadline,0.3236255888,0.8763744112,0.3751506443,0.8248493557,0.0001264926,0.0,0.0,0.0,0.0,0.7683864696,0.6221798687,-0.5201501519,0.8109648387,9.71952e-05,0.0001264926,0.0,1,KKT conditions numerically satisfied for barrier-golden solution
high_fast_penalty,2122,1.05,3236.1,0.35,0.45,0.5,0.6,0.6,1.8,3B,1,0.813552,0.880149,14899.860438,2699.383542,none,0.2135517544,0.9864482456,0.2801492262,0.9198507738,536.7164575243,0.0,0.0,0.0,0.0,0.0,0.006905888,0.004139989,0.0080517575,0.0,0.2135517544,0.0,1,KKT conditions numerically satisfied for barrier-golden solution
high_fast_penalty,2122,1.1,3390.2,0.35,0.45,0.5,0.6,0.6,1.8,2B,1,0.877233,0.934546,14363.950897,3390.199754,deadline,0.2772329472,0.9227670528,0.3345455405,0.8654544595,0.0002461584,0.0,0.0,0.0,0.0,0.4207101524,0.4410994283,-0.3754644543,0.5792600989,0.0001035613,0.0002461584,0.0,1,KKT conditions numerically satisfied for barrier-golden solution
high_fast_penalty,2122,1.1,3390.2,0.35,0.45,0.5,0.6,0.6,1.8,3B,1,0.813552,0.880149,14899.860438,2699.383679,none,0.2135516946,0.9864483054,0.280149198,0.919850802,690.8163209803,0.0,0.0,0.0,0.0,0.0,0.006145372,0.0036562606,0.0071507928,0.0,0.2135516946,0.0,1,KKT conditions numerically satisfied for barrier-golden solution
high_fast_penalty,2122,1.15,3544.3,0.35,0.45,0.5,0.6,0.6,1.8,2B,1,0.834503,0.897859,14322.071683,3544.299232,deadline,0.2345026446,0.9654973554,0.2978589787,0.9021410213,0.0007683155,0.0,0.0,0.0,0.0,0.1314545163,0.1470579425,-0.1276763839,0.1947493195,0.0001009985,0.0007683155,0.0,1,KKT conditions numerically satisfied for barrier-golden solution
high_fast_penalty,2122,1.15,3544.3,0.35,0.45,0.5,0.6,0.6,1.8,3B,1,0.813551,0.880149,14899.860438,2699.38453,none,0.2135514054,0.9864485946,0.2801489495,0.9198510505,844.9154702455,0.0,0.0,0.0,0.0,0.0,0.0024695583,-0.0006203879,0.0025462913,0.0,0.2135514054,0.0,1,KKT conditions numerically satisfied for barrier-golden solution
high_fast_penalty,2122,1.2,3698.4,0.35,0.45,0.5,0.6,0.6,1.8,2B,1,0.813552,0.880149,14316.877801,3624.526969,none,0.2135521194,0.9864478806,0.2801493865,0.9198506135,73.8730310932,0.0,0.0,0.0,0.0,0.0,0.011092695,0.0066288817,0.0129224594,0.0,0.2135521194,0.0,1,KKT conditions numerically satisfied for barrier-golden solution
high_fast_penalty,2122,1.2,3698.4,0.35,0.45,0.5,0.6,0.6,1.8,3B,1,0.813551,0.880149,14899.860438,2699.384543,none,0.2135513906,0.9864486094,0.2801489544,0.9198510456,999.0154566687,0.0,0.0,0.0,0.0,0.0,0.0022818758,-0.0005353062,0.0023438238,0.0,0.2135513906,0.0,1,KKT conditions numerically satisfied for barrier-golden solution
high_fast_penalty,2122,1.25,3852.5,0.35,0.45,0.5,0.6,0.6,1.8,2B,1,0.813551,0.880149,14316.877801,3624.529345,none,0.2135514169,0.9864485831,0.2801489579,0.9198510421,227.9706547607,0.0,0.0,0.0,0.0,0.0,0.0025142898,-0.0004570132,0.0025554871,0.0,0.2135514169,0.0,1,KKT conditions numerically satisfied for barrier-golden solution
high_fast_penalty,2122,1.25,3852.5,0.35,0.45,0.5,0.6,0.6,1.8,3B,1,0.813551,0.880149,14899.860438,2699.384565,none,0.2135513774,0.9864486226,0.2801489534,0.9198510466,1153.1154353234,0.0,0.0,0.0,0.0,0.0,0.0021139713,-0.0005526734,0.0021850223,0.0,0.2135513774,0.0,1,KKT conditions numerically satisfied for barrier-golden solution
high_fast_penalty,2122,1.3,4006.6,0.35,0.45,0.5,0.6,0.6,1.8,2B,1,0.813552,0.880149,14316.877801,3624.527243,none,0.2135520142,0.9864479858,0.2801493583,0.9198506417,382.0727570725,0.0,0.0,0.0,0.0,0.0,0.0098079309,0.0061630507,0.0115835531,0.0,0.2135520142,0.0,1,KKT conditions numerically satisfied for barrier-golden solution
high_fast_penalty,2122,1.3,4006.6,0.35,0.45,0.5,0.6,0.6,1.8,3B,1,0.813551,0.880149,14899.860438,2699.384536,none,0.2135513863,0.9864486137,0.2801489625,0.9198510375,1307.2154639476,0.0,0.0,0.0,0.0,0.0,0.0022270697,-0.000396206,0.0022620386,0.0,0.2135513863,0.0,1,KKT conditions numerically satisfied for barrier-golden solution
high_fast_penalty,2122,1.35,4160.7,0.35,0.45,0.5,0.6,0.6,1.8,2B,1,0.813552,0.880149,14316.877801,3624.527679,none,0.2135518832,0.9864481168,0.2801492815,0.9198507185,536.1723209496,0.0,0.0,0.0,0.0,0.0,0.0082084177,0.004892467,0.0095558544,0.0,0.2135518832,0.0,1,KKT conditions numerically satisfied for barrier-golden solution
high_fast_penalty,2122,1.35,4160.7,0.35,0.45,0.5,0.6,0.6,1.8,3B,1,0.813551,0.880149,14899.860438,2699.384557,none,0.2135513749,0.9864486251,0.2801489604,0.9198510396,1461.315443478,0.0,0.0,0.0,0.0,0.0,0.0020828989,-0.000432879,0.002127405,0.0,0.2135513749,0.0,1,KKT conditions numerically satisfied for barrier-golden solution
high_fast_penalty,2122,1.4,4314.8,0.35,0.45,0.5,0.6,0.6,1.8,2B,1,0.813552,0.880149,14316.877801,3624.527948,none,0.2135518015,0.9864481985,0.2801492347,0.9198507653,690.2720515585,0.0,0.0,0.0,0.0,0.0,0.0072105679,0.0041193253,0.0083042839,0.0,0.2135518015,0.0,1,KKT conditions numerically satisfied for barrier-golden solution
high_fast_penalty,2122,1.4,4314.8,0.35,0.45,0.5,0.6,0.6,1.8,3B,1,0.813551,0.880149,14899.860438,2699.384573,none,0.2135513664,0.9864486336,0.2801489582,0.9198510418,1615.4154271297,0.0,0.0,0.0,0.0,0.0,0.0019743082,-0.0004699573,0.0020294711,0.0,0.2135513664,0.0,1,KKT conditions numerically satisfied for barrier-golden solution
high_fast_penalty,2122,1.5,4623.0,0.35,0.45,0.5,0.6,0.6,1.8,2B,1,0.813552,0.880149,14316.877801,3624.528204,none,0.2135517118,0.9864482882,0.280149201,0.919850799,998.471796009,0.0,0.0,0.0,0.0,0.0,0.0061153142,0.0035625969,0.0070773699,0.0,0.2135517118,0.0,1,KKT conditions numerically satisfied for barrier-golden solution
high_fast_penalty,2122,1.5,4623.0,0.35,0.45,0.5,0.6,0.6,1.8,3B,1,0.813551,0.880149,14899.860438,2699.384574,none,0.2135513626,0.9864486374,0.2801489609,0.9198510391,1923.6154258707,0.0,0.0,0.0,0.0,0.0,0.0019255756,-0.0004248361,0.0019718841,0.0,0.2135513626,0.0,1,KKT conditions numerically satisfied for barrier-golden solution
high_fast_penalty,2211,0.7,1454.366667,0.35,0.45,0.5,0.6,0.6,1.8,2B,1,1.422767,1.440324,10809.620278,1454.366654,deadline,0.8227667417,0.3772332583,0.8403241024,0.3596758976,1.24442e-05,0.0,0.0,0.0,0.0,6.4647252432,-0.0241576603,0.0495151288,0.0550939246,8.04483e-05,1.24442e-05,0.0,1,KKT conditions numerically satisfied for barrier-golden solution
high_fast_penalty,2211,0.7,1454.366667,0.35,0.45,0.5,0.6,0.6,1.8,3B,1,1.021545,1.06314,9352.348888,1454.366617,deadline,0.4215454198,0.7784545802,0.4631401897,0.7368598103,4.97524e-05,0.0,0.0,0.0,0.0,2.1097318645,-0.1580463735,0.3423578111,0.377077614,0.0001049643,4.97524e-05,0.0,1,KKT conditions numerically satisfied for barrier-golden solution
high_fast_penalty,2211,0.75,1558.25,0.35,0.45,0.5,0.6,0.6,1.8,2B,1,1.326186,1.347861,10220.17859,1558.249977,deadline,0.7261862074,0.4738137926,0.7478612693,0.4521387307,2.31843e-05,0.0,0.0,0.0,0.0,4.9529070778,-0.0288223461,0.0595443692,0.0661533033,0.0001148297,2.31843e-05,0.0,1,KKT conditions numerically satisfied for barrier-golden solution
high_fast_penalty,2211,0.75,1558.25,0.35,0.45,0.5,0.6,0.6,1.8,3B,1,0.950348,0.999035,9178.302877,1558.249924,deadline,0.3503480397,0.8496519603,0.3990348743,0.8009651257,7.57427e-05,0.0,0.0,0.0,0.0,1.2791675193,-0.214204359,0.4734283176,0.5196324464,9.68875e-05,7.57427e-05,0.0,1,KKT conditions numerically satisfied for barrier-golden solution
high_fast_penalty,2211,0.8,1662.133333,0.35,0.45,0.5,0.6,0.6,1.8,2B,1,1.241451,1.267457,9768.33385,1662.133307,deadline,0.6414507592,0.5585492408,0.6674567206,0.5325432794,2.58865e-05,0.0,0.0,0.0,0.0,3.7958596385,-0.1188425173,0.2477474073,0.274776858,9.82617e-05,2.58865e-05,0.0,1,KKT conditions numerically satisfied for barrier-golden solution
high_fast_penalty,2211,0.8,1662.133333,0.35,0.45,0.5,0.6,0.6,1.8,3B,1,0.887733,0.943789,9079.805329,1662.13318,deadline,0.2877329451,0.9122670549,0.3437890288,0.8562109712,0.0001528871,0.0,0.0,0.0,0.0,0.6444141442,-0.1335026822,0.3017902194,0.3300004586,9.85226e-05,0.0001528871,0.0,1,KKT conditions numerically satisfied for barrier-golden solution
high_fast_penalty,2211,0.85,1766.016667,0.35,0.45,0.5,0.6,0.6,1.8,2B,1,1.16647,1.196994,9422.65458,1766.016629,deadline,0.5664704458,0.6335295542,0.5969943124,0.6030056876,3.81152e-05,0.0,0.0,0.0,0.0,2.8954735109,-0.2198857378,0.4630882384,0.5126406677,0.0001103617,3.81152e-05,0.0,1,KKT conditions numerically satisfied for barrier-golden solution
high_fast_penalty,2211,0.85,1766.016667,0.35,0.45,0.5,0.6,0.6,1.8,3B,1,0.832169,0.895929,9039.514295,1766.016002,deadline,0.2321690957,0.9678309043,0.2959285244,0.9040714756,0.0006644567,0.0,0.0,0.0,0.0,0.1512816995,-0.0791965673,0.1835946048,0.1999476811,0.0001005201,0.0006644567,0.0,1,KKT conditions numerically satisfied for barrier-golden solution
high_fast_penalty,2211,0.9,1869.9,0.35,0.45,0.5,0.6,0.6,1.8,2B,1,1.099646,1.134773,9160.18645,1869.899956,deadline,0.4996462787,0.7003537213,0.5347733194,0.6652266806,4.36903e-05,0.0,0.0,0.0,0.0,2.1845893968,-0.1015984725,0.2163861145,0.2390506225,9.54453e-05,4.36903e-05,0.0,1,KKT conditions numerically satisfied for barrier-golden solution
high_fast_penalty,2211,0.9,1869.9,0.35,0.45,0.5,0.6,0.6,1.8,3B,1,0.813552,0.88015,9036.707031,1803.653,none,0.2135521194,0.9864478806,0.2801496928,0.9198503072,66.2469999238,0.0,0.0,0.0,0.0,0.0,0.010935533,0.0043228841,0.0117589629,0.0,0.2135521194,0.0,1,KKT conditions numerically satisfied for barrier-golden solution
high_fast_penalty,2211,0.95,1973.783333,0.35,0.45,0.5,0.6,0.6,1.8,2B,1,1.039651,1.079589,8963.848905,1973.783275,deadline,0.4396514417,0.7603485583,0.4795892016,0.7204107984,5.8121e-05,0.0,0.0,0.0,0.0,1.615847847,-0.0335749554,0.0724080721,0.0798135736,9.39147e-05,5.8121e-05,0.0,1,KKT conditions numerically satisfied for barrier-golden solution
high_fast_penalty,2211,0.95,1973.783333,0.35,0.45,0.5,0.6,0.6,1.8,3B,1,0.813551,0.88015,9036.707031,1803.653995,none,0.2135513978,0.9864486022,0.2801498462,0.9198501538,170.1293383813,0.0,0.0,0.0,0.0,0.0,0.002247768,0.0052603807,0.0057204952,0.0,0.2135513978,0.0,1,KKT conditions numerically satisfied for barrier-golden solution
high_fast_penalty,2211,1.0,2077.666667,0.35,0.45,0.5,0.6,0.6,1.8,2B,1,0.985431,1.03047,8820.718582,2077.666581,deadline,0.3854307489,0.8145692511,0.430470422,0.769529578,8.60814e-05,0.0,0.0,0.0,0.0,1.1554358132,-0.195452569,0.4274548221,0.4700205651,9.94616e-05,8.60814e-05,0.0,1,KKT conditions numerically satisfied for barrier-golden solution
high_fast_penalty,2211,1.0,2077.666667,0.35,0.45,0.5,0.6,0.6,1.8,3B,1,0.813551,0.88015,9036.707031,1803.654191,none,0.2135513563,0.9864486437,0.2801496408,0.9198503592,274.012475763,0.0,0.0,0.0,0.0,0.0,0.0017487467,0.0040045021,0.0043696856,0.0,0.2135513563,0.0,1,KKT conditions numerically satisfied for barrier-golden solution
high_fast_penalty,2211,1.05,2181.55,0.35,0.45,0.5,0.6,0.6,1.8,2B,1,0.936226,0.986423,8720.870856,2181.549873,deadline,0.3362262675,0.8637737325,0.3864227864,0.8135772136,0.0001265491,0.0,0.0,0.0,0.0,0.7790416863,-0.0871708364,0.1935377807,0.2122631086,9.8587e-05,0.0001265491,0.0,1,KKT conditions numerically satisfied for barrier-golden solution
high_fast_penalty,2211,1.05,2181.55,0.35,0.45,0.5,0.6,0.6,1.8,3B,1,0.813551,0.88015,9036.707031,1803.654293,none,0.2135513381,0.9864486619,0.2801495254,0.9198504746,377.8957067923,0.0,0.0,0.0,0.0,0.0,0.0015298908,0.0032992927,0.0036367428,0.0,0.2135513381,0.0,1,KKT conditions numerically satisfied for barrier-golden solution
high_fast_penalty,2211,1.1,2285.433333,0.35,0.45,0.5,0.6,0.6,1.8,2B,1,0.891295,0.946904,8656.581439,2285.433114,deadline,0.2912947683,0.9087052317,0.3469041241,0.8530958759,0.0002188645,0.0,0.0,0.0,0.0,0.4682854794,-0.1466154739,0.3309627417,0.3619840239,0.0001024911,0.0002188645,0.0,1,KKT conditions numerically satisfied for barrier-golden solution
high_fast_penalty,2211,1.1,2285.433333,0.35,0.45,0.5,0.6,0.6,1.8,3B,1,0.813551,0.880149,9036.707031,1803.654351,none,0.2135513252,0.9864486748,0.2801494659,0.9198505341,481.7789820682,0.0,0.0,0.0,0.0,0.0,0.0013746793,0.0029359418,0.0032418355,0.0,0.2135513252,0.0,1,KKT conditions numerically satisfied for barrier-golden solution
high_fast_penalty,2211,1.15,2389.316667,0.35,0.45,0.5,0.6,0.6,1.8,2B,1,0.850124,0.911244,8621.765133,2389.316194,deadline,0.250123765,0.949876235,0.3112441845,0.8887558155,0.0004725267,0.0,0.0,0.0,0.0,0.2096625845,-0.0570534233,0.1311042979,0.1429805233,9.90712e-05,0.0004725267,0.0,1,KKT conditions numerically satisfied for barrier-golden solution
high_fast_penalty,2211,1.15,2389.316667,0.35,0.45,0.5,0.6,0.6,1.8,3B,1,0.813551,0.880149,9036.707031,1803.654613,none,0.2135511992,0.9864488008,0.280149357,0.919850643,585.6620536841,0.0,0.0,0.0,0.0,0.0,-0.0001429238,0.0022700328,0.0022745276,0.0,0.2135511992,0.0,1,KKT conditions numerically satisfied for barrier-golden solution
high_fast_penalty,2211,1.2,2493.2,0.35,0.45,0.5,0.6,0.6,1.8,2B,1,0.813555,0.880158,8611.561209,2489.395372,none,0.2135550639,0.9864449361,0.2801575744,0.9198424256,3.8046276666,0.0,0.0,0.0,0.0,0.0,0.0442003211,0.0500235134,0.0667534289,0.0,0.2135550639,0.0,1,KKT conditions numerically satisfied for barrier-golden solution
high_fast_penalty,2211,1.2,2493.2,0.35,0.45,0.5,0.6,0.6,1.8,3B,1,0.813552,0.88015,9036.707031,1803.653319,none,0.2135519141,0.9864480859,0.2801496811,0.9198503189,689.5466809194,0.0,0.0,0.0,0.0,0.0,0.0084631441,0.0042511306,0.0094708458,0.0,0.2135519141,0.0,1,KKT conditions numerically satisfied for barrier-golden solution
high_fast_penalty,2211,1.25,2597.083333,0.35,0.45,0.5,0.6,0.6,1.8,2B,1,0.813552,0.88015,8611.561208,2489.408817,none,0.2135520347,0.9864479653,0.2801496266,0.9198503734,107.6745162037,0.0,0.0,0.0,0.0,0.0,0.0094486615,0.0037334453,0.0101595185,0.0,0.2135520347,0.0,1,KKT conditions numerically satisfied for barrier-golden solution
high_fast_penalty,2211,1.25,2597.083333,0.35,0.45,0.5,0.6,0.6,1.8,3B,1,0.813552,0.88015,9036.707031,1803.653429,none,0.2135518572,0.9864481428,0.2801496447,0.9198503553,793.4299044346,0.0,0.0,0.0,0.0,0.0,0.0077783057,0.0040288081,0.0087597566,0.0,0.2135518572,0.0,1,KKT conditions numerically satisfied for barrier-golden solution
high_fast_penalty,2211,1.3,2700.966667,0.35,0.45,0.5,0.6,0.6,1.8,2B,1,0.813551,0.88015,8611.561208,2489.409788,none,0.2135514325,0.9864485675,0.2801499496,0.9198500504,211.5568781865,0.0,0.0,0.0,0.0,0.0,0.0025409386,0.0056146433,0.0061628393,0.0,0.2135514325,0.0,1,KKT conditions numerically satisfied for barrier-golden solution
high_fast_penalty,2211,1.3,2700.966667,0.35,0.45,0.5,0.6,0.6,1.8,3B,1,0.813552,0.88015,9036.707031,1803.653516,none,0.2135518207,0.9864481793,0.280149596,0.919850404,897.3131508784,0.0,0.0,0.0,0.0,0.0,0.007338964,0.003731075,0.0082329407,0.0,0.2135518207,0.0,1,KKT conditions numerically satisfied for barrier-golden solution
high_fast_penalty,2211,1.35,2804.85,0.35,0.45,0.5,0.6,0.6,1.8,2B,1,0.813551,0.88015,8611.561208,2489.410101,none,0.2135513723,0.9864486277,0.2801497411,0.9198502589,315.4398992036,0.0,0.0,0.0,0.0,0.0,0.0018503757,0.0044006552,0.0047738513,0.0,0.2135513723,0.0,1,KKT conditions numerically satisfied for barrier-golden solution
high_fast_penalty,2211,1.35,2804.85,0.35,0.45,0.5,0.6,0.6,1.8,3B,1,0.813552,0.88015,9036.707031,1803.653588,none,0.2135517823,0.9864482177,0.2801495748,0.9198504252,1001.1964123095,0.0,0.0,0.0,0.0,0.0,0.0068771215,0.0036014984,0.0077630916,0.0,0.2135517823,0.0,1,KKT conditions numerically satisfied for barrier-golden solution
high_fast_penalty,2211,1.4,2908.733333,0.35,0.45,0.5,0.6,0.6,1.8,2B,1,0.813551,0.88015,8611.561208,2489.410267,none,0.2135513465,0.9864486535,0.2801496154,0.9198503846,419.3230660282,0.0,0.0,0.0,0.0,0.0,0.0015539298,0.0036681914,0.0039837578,0.0,0.2135513465,0.0,1,KKT conditions numerically satisfied for barrier-golden solution
high_fast_penalty,2211,1.4,2908.733333,0.35,0.45,0.5,0.6,0.6,1.8,3B,1,0.813552,0.88015,9036.707031,1803.653649,none,0.2135517527,0.9864482473,0.28014955,0.91985045,1105.0796846659,0.0,0.0,0.0,0.0,0.0,0.0065204979,0.0034499633,0.0073769329,0.0,0.2135517527,0.0,1,KKT conditions numerically satisfied for barrier-golden solution
high_fast_penalty,2211,1.5,3116.5,0.35,0.45,0.5,0.6,0.6,1.8,2B,1,0.813551,0.88015,8611.561208,2489.410403,none,0.213551329,0.986448671,0.2801495046,0.9198504954,627.0895969756,0.0,0.0,0.0,0.0,0.0,0.0013527368,0.0030231132,0.0033119647,0.0,0.213551329,0.0,1,KKT conditions numerically satisfied for barrier-golden solution
high_fast_penalty,2211,1.5,3116.5,0.35,0.45,0.5,0.6,0.6,1.8,3B,1,0.813551,0.880149,9036.707031,1803.654761,none,0.2135511656,0.9864488344,0.2801492077,0.9198507923,1312.8452393943,0.0,0.0,0.0,0.0,0.0,-0.0005471481,0.0013575052,0.0014636227,0.0,0.2135511656,0.0,1,KKT conditions numerically satisfied for barrier-golden solution
high_fast_penalty,2212,0.7,1846.833333,0.35,0.45,0.5,0.6,0.6,1.8,2B,1,1.421088,1.438673,16153.733721,1846.833316,deadline,0.8210877406,0.3789122594,0.8386731872,0.3613268128,1.68989e-05,0.0,0.0,0.0,0.0,7.5891477509,0.1441098431,-0.196931367,0.2440278881,0.0001282481,1.68989e-05,0.0,1,KKT conditions numerically satisfied for barrier-golden solution
high_fast_penalty,2212,0.7,1846.833333,0.35,0.45,0.5,0.6,0.6,1.8,3B,1,0.951199,0.999689,13684.607422,1846.833276,deadline,0.3511992292,0.8488007708,0.3996894195,0.8003105805,5.77738e-05,0.0,0.0,0.0,0.0,1.609291296,0.0595366768,-0.0876820183,0.1059846792,9.29748e-05,5.77738e-05,0.0,1,KKT conditions numerically satisfied for barrier-golden solution
high_fast_penalty,2212,0.75,1978.75,0.35,0.45,0.5,0.6,0.6,1.8,2B,1,1.324179,1.345738,15275.759447,1978.749982,deadline,0.7241788585,0.4758211415,0.7457380559,0.4542619441,1.79871e-05,0.0,0.0,0.0,0.0,5.8042656578,1.0496617624,-1.4454926302,1.7864038624,0.0001044019,1.79871e-05,0.0,1,KKT conditions numerically satisfied for barrier-golden solution
high_fast_penalty,2212,0.75,1978.75,0.35,0.45,0.5,0.6,0.6,1.8,3B,1,0.883238,0.939825,13531.469626,1978.749868,deadline,0.2832382469,0.9167617531,0.3398245276,0.8601754724,0.0001317304,0.0,0.0,0.0,0.0,0.7521474413,-0.0421181055,0.0635836391,0.0762680403,9.90807e-05,0.0001317304,0.0,1,KKT conditions numerically satisfied for barrier-golden solution
high_fast_penalty,2212,0.8,2110.666667,0.35,0.45,0.5,0.6,0.6,1.8,2B,1,1.23897,1.265016,14604.091645,2110.666641,deadline,0.6389699985,0.5610300015,0.6650158704,0.5349841296,2.52051e-05,0.0,0.0,0.0,0.0,4.4380232283,0.2377948661,-0.3305305289,0.4071815675,0.0001118608,2.52051e-05,0.0,1,KKT conditions numerically satisfied for barrier-golden solution
high_fast_penalty,2212,0.8,2110.666667,0.35,0.45,0.5,0.6,0.6,1.8,3B,1,0.823279,0.888368,13477.29197,2110.665643,deadline,0.2232793018,0.9767206982,0.2883683157,0.9116316843,0.0010240019,0.0,0.0,0.0,0.0,0.0976928777,-0.0647291852,0.1004917953,0.1195343814,0.0001000377,0.0010240019,0.0,1,KKT conditions numerically satisfied for barrier-golden solution
high_fast_penalty,2212,0.85,2242.583333,0.35,0.45,0.5,0.6,0.6,1.8,2B,1,1.163548,1.194154,14091.597757,2242.583306,deadline,0.5635477835,0.6364522165,0.5941542655,0.6058457345,2.78328e-05,0.0,0.0,0.0,0.0,3.3750049535,0.049339013,-0.0692917638,0.08506284,9.3936e-05,2.78328e-05,0.0,1,KKT conditions numerically satisfied for barrier-golden solution
high_fast_penalty,2212,0.85,2242.583333,0.35,0.45,0.5,0.6,0.6,1.8,3B,1,0.813551,0.880149,13476.177994,2133.637156,none,0.2135512139,0.9864487861,0.2801492224,0.9198507776,108.9461769664,0.0,0.0,0.0,0.0,0.0,4.39954e-05,0.0027710271,0.0027713763,0.0,0.2135512139,0.0,1,KKT conditions numerically satisfied for barrier-golden solution
high_fast_penalty,2212,0.9,2374.5,0.35,0.45,0.5,0.6,0.6,1.8,2B,1,1.09628,1.131521,13703.856006,2374.499956,deadline,0.4962801811,0.7037198189,0.531521411,0.668478589,4.4352e-05,0.0,0.0,0.0,0.0,2.5357117412,0.4975827176,-0.7067835793,0.8643677394,0.0001124639,4.4352e-05,0.0,1,KKT conditions numerically satisfied for barrier-golden solution
high_fast_penalty,2212,0.9,2374.5,0.35,0.45,0.5,0.6,0.6,1.8,3B,1,0.813552,0.88015,13476.177994,2133.635929,none,0.2135517171,0.9864482829,0.2801496739,0.9198503261,240.8640711257,0.0,0.0,0.0,0.0,0.0,0.0077740835,0.0080538928,0.0111938181,0.0,0.2135517171,0.0,1,KKT conditions numerically satisfied for barrier-golden solution
high_fast_penalty,2212,0.95,2506.416667,0.35,0.45,0.5,0.6,0.6,1.8,2B,1,1.035746,1.076021,13415.251364,2506.416616,deadline,0.4357464533,0.7642535467,0.476020548,0.723979452,5.03266e-05,0.0,0.0,0.0,0.0,1.8641877066,-0.0602952759,0.0867673319,0.1056602583,9.38182e-05,5.03266e-05,0.0,1,KKT conditions numerically satisfied for barrier-golden solution
high_fast_penalty,2212,0.95,2506.416667,0.35,0.45,0.5,0.6,0.6,1.8,3B,1,0.813552,0.88015,13476.177994,2133.636296,none,0.2135515913,0.9864484087,0.2801495002,0.9198504998,372.78037061,0.0,0.0,0.0,0.0,0.0,0.0058419418,0.0060218072,0.0083899014,0.0,0.2135515913,0.0,1,KKT conditions numerically satisfied for barrier-golden solution
high_fast_penalty,2212,1.0,2638.333333,0.35,0.45,0.5,0.6,0.6,1.8,2B,1,0.981063,1.026416,13206.402422,2638.333262,deadline,0.3810632766,0.8189367234,0.4264162478,0.7735837522,7.08518e-05,0.0,0.0,0.0,0.0,1.3208616634,0.1760071693,-0.2568751498,0.3113894125,9.35854e-05,7.08518e-05,0.0,1,KKT conditions numerically satisfied for barrier-golden solution
high_fast_penalty,2212,1.0,2638.333333,0.35,0.45,0.5,0.6,0.6,1.8,3B,1,0.813552,0.880149,13476.177994,2133.636421,none,0.2135515421,0.9864484579,0.2801494509,0.9198505491,504.6969120355,0.0,0.0,0.0,0.0,0.0,0.005085209,0.0054448042,0.0074501841,0.0,0.2135515421,0.0,1,KKT conditions numerically satisfied for barrier-golden solution
high_fast_penalty,2212,1.05,2770.25,0.35,0.45,0.5,0.6,0.6,1.8,2B,1,0.931305,0.982012,13062.423774,2770.249885,deadline,0.3313051159,0.8686948841,0.3820121936,0.8179878064,0.0001150869,0.0,0.0,0.0,0.0,0.8765727593,0.0417518089,-0.0618961757,0.0746615706,0.000100882,0.0001150869,0.0,1,KKT conditions numerically satisfied for barrier-golden solution
high_fast_penalty,2212,1.05,2770.25,0.35,0.45,0.5,0.6,0.6,1.8,3B,1,0.813552,0.880149,13476.177994,2133.63651,none,0.2135515108,0.9864484892,0.2801494105,0.9198505895,636.6134902325,0.0,0.0,0.0,0.0,0.0,0.0046056418,0.0049718663,0.0067772701,0.0,0.2135515108,0.0,1,KKT conditions numerically satisfied for barrier-golden solution
high_fast_penalty,2212,1.1,2902.166667,0.35,0.45,0.5,0.6,0.6,1.8,2B,1,0.885815,0.942097,12971.728801,2902.166471,deadline,0.2858151631,0.9141848369,0.342097214,0.857902786,0.0001958913,0.0,0.0,0.0,0.0,0.5099063333,-0.1952627491,0.2944851196,0.3533398178,9.98862e-05,0.0001958913,0.0,1,KKT conditions numerically satisfied for barrier-golden solution
high_fast_penalty,2212,1.1,2902.166667,0.35,0.45,0.5,0.6,0.6,1.8,3B,1,0.813551,0.880149,13476.177994,2133.637178,none,0.2135512072,0.9864487928,0.280149211,0.919850789,768.5294885268,0.0,0.0,0.0,0.0,0.0,-5.94322e-05,0.0026372865,0.0026379561,0.0,0.2135512072,0.0,1,KKT conditions numerically satisfied for barrier-golden solution
high_fast_penalty,2212,1.15,3034.083333,0.35,0.45,0.5,0.6,0.6,1.8,2B,1,0.844068,0.906059,12925.188369,3034.082841,deadline,0.2440679463,0.9559320537,0.3060587121,0.8939412879,0.0004925122,0.0,0.0,0.0,0.0,0.2048006726,-0.1280521735,0.1967358726,0.2347389246,0.0001008668,0.0004925122,0.0,1,KKT conditions numerically satisfied for barrier-golden solution
high_fast_penalty,2212,1.15,3034.083333,0.35,0.45,0.5,0.6,0.6,1.8,3B,1,0.813551,0.880149,13476.177994,2133.637178,none,0.2135512131,0.9864487869,0.2801492016,0.9198507984,900.4461551684,0.0,0.0,0.0,0.0,0.0,3.21004e-05,0.0025282114,0.0025284151,0.0,0.2135512131,0.0,1,KKT conditions numerically satisfied for barrier-golden solution
high_fast_penalty,2212,1.2,3166.0,0.35,0.45,0.5,0.6,0.6,1.8,2B,1,0.813552,0.88015,12914.806332,3137.816799,none,0.2135516478,0.9864483522,0.2801495739,0.9198504261,28.1832010259,0.0,0.0,0.0,0.0,0.0,0.0064306681,0.0065964474,0.0092123075,0.0,0.2135516478,0.0,1,KKT conditions numerically satisfied for barrier-golden solution
high_fast_penalty,2212,1.2,3166.0,0.35,0.45,0.5,0.6,0.6,1.8,3B,1,0.813551,0.880149,13476.177994,2133.637191,none,0.2135512098,0.9864487902,0.2801491934,0.9198508066,1032.3628085374,0.0,0.0,0.0,0.0,0.0,-1.85607e-05,0.0024316666,0.0024317375,0.0,0.2135512098,0.0,1,KKT conditions numerically satisfied for barrier-golden solution
high_fast_penalty,2212,1.25,3297.916667,0.35,0.45,0.5,0.6,0.6,1.8,2B,1,0.813551,0.880149,12914.806332,3137.817441,none,0.2135514799,0.9864485201,0.2801493957,0.9198506043,160.0992252492,0.0,0.0,0.0,0.0,0.0,0.0039588181,0.0045990989,0.0060682742,0.0,0.2135514799,0.0,1,KKT conditions numerically satisfied for barrier-golden solution
high_fast_penalty,2212,1.25,3297.916667,0.35,0.45,0.5,0.6,0.6,1.8,3B,1,0.813551,0.880149,13476.177994,2133.63718,none,0.2135512166,0.9864487834,0.2801491943,0.9198508057,1164.279486532,0.0,0.0,0.0,0.0,0.0,8.46446e-05,0.002442547,0.0024440132,0.0,0.2135512166,0.0,1,KKT conditions numerically satisfied for barrier-golden solution
high_fast_penalty,2212,1.3,3429.833333,0.35,0.45,0.5,0.6,0.6,1.8,2B,1,0.813552,0.88015,12914.806332,3137.816123,none,0.2135518061,0.9864481939,0.2801497901,0.9198502099,292.0172105279,0.0,0.0,0.0,0.0,0.0,0.0087609582,0.009021093,0.0125751543,0.0,0.2135518061,0.0,1,KKT conditions numerically satisfied for barrier-golden solution
high_fast_penalty,2212,1.3,3429.833333,0.35,0.45,0.5,0.6,0.6,1.8,3B,1,0.813551,0.880149,13476.177994,2133.637206,none,0.2135512094,0.9864487906,0.2801491792,0.9198508208,1296.1961271313,0.0,0.0,0.0,0.0,0.0,-2.50734e-05,0.0022656606,0.0022657993,0.0,0.2135512094,0.0,1,KKT conditions numerically satisfied for barrier-golden solution
high_fast_penalty,2212,1.35,3561.75,0.35,0.45,0.5,0.6,0.6,1.8,2B,1,0.813552,0.88015,12914.806332,3137.816658,none,0.2135516777,0.9864483223,0.2801496238,0.9198503762,423.9333419099,0.0,0.0,0.0,0.0,0.0,0.0068699014,0.0071566586,0.0099203481,0.0,0.2135516777,0.0,1,KKT conditions numerically satisfied for barrier-golden solution
high_fast_penalty,2212,1.35,3561.75,0.35,0.45,0.5,0.6,0.6,1.8,3B,1,0.813551,0.880149,13476.177994,2133.637208,none,0.21355121,0.98644879,0.2801491767,0.9198508233,1428.1127922794,0.0,0.0,0.0,0.0,0.0,-1.60119e-05,0.0022369908,0.0022370481,0.0,0.21355121,0.0,1,KKT conditions numerically satisfied for barrier-golden solution
high_fast_penalty,2212,1.4,3693.666667,0.35,0.45,0.5,0.6,0.6,1.8,2B,1,0.813552,0.88015,12914.806332,3137.816955,none,0.2135516099,0.9864483901,0.2801495259,0.9198504741,555.8497112965,0.0,0.0,0.0,0.0,0.0,0.0058719553,0.0060590719,0.0084375477,0.0,0.2135516099,0.0,1,KKT conditions numerically satisfied for barrier-golden solution
high_fast_penalty,2212,1.4,3693.666667,0.35,0.45,0.5,0.6,0.6,1.8,3B,1,0.813551,0.880149,13476.177994,2133.637216,none,0.2135512087,0.9864487913,0.2801491706,0.9198508294,1560.0294508726,0.0,0.0,0.0,0.0,0.0,-3.58617e-05,0.0021654116,0.0021657085,0.0,0.2135512087,0.0,1,KKT conditions numerically satisfied for barrier-golden solution
high_fast_penalty,2212,1.5,3957.5,0.35,0.45,0.5,0.6,0.6,1.8,2B,1,0.813552,0.880149,12914.806332,3137.817173,none,0.2135515531,0.9864484469,0.2801494655,0.9198505345,819.6828270204,0.0,0.0,0.0,0.0,0.0,0.0050355755,0.0053814707,0.0073700236,0.0,0.2135515531,0.0,1,KKT conditions numerically satisfied for barrier-golden solution
high_fast_penalty,2212,1.5,3957.5,0.35,0.45,0.5,0.6,0.6,1.8,3B,1,0.813551,0.880149,13476.177994,2133.637223,none,0.2135512085,0.9864487915,0.2801491639,0.9198508361,1823.8627771007,0.0,0.0,0.0,0.0,0.0,-3.97869e-05,0.0020863207,0.0020867001,0.0,0.2135512085,0.0,1,KKT conditions numerically satisfied for barrier-golden solution
high_fast_penalty,2221,0.7,1800.633333,0.35,0.45,0.5,0.6,0.6,1.8,2B,1,1.421091,1.438669,13068.798058,1800.633319,deadline,0.8210907282,0.3789092718,0.8386691006,0.3613308994,1.44053e-05,0.0,0.0,0.0,0.0,6.2973622561,0.146667162,-0.2004240554,0.248356716,9.07154e-05,1.44053e-05,0.0,1,KKT conditions numerically satisfied for barrier-golden solution
high_fast_penalty,2221,0.7,1800.633333,0.35,0.45,0.5,0.6,0.6,1.8,3B,1,0.951111,0.999652,11111.090263,1800.633256,deadline,0.3511114811,0.8488885189,0.399651698,0.800348302,7.72008e-05,0.0,0.0,0.0,0.0,1.3394592326,-0.130511166,0.1922299151,0.2323478098,0.0001034073,7.72008e-05,0.0,1,KKT conditions numerically satisfied for barrier-golden solution
high_fast_penalty,2221,0.75,1929.25,0.35,0.45,0.5,0.6,0.6,1.8,2B,1,1.324137,1.345796,12358.493572,1929.249982,deadline,0.7241371413,0.4758628587,0.7457955097,0.4542044903,1.79413e-05,0.0,0.0,0.0,0.0,4.8161953785,0.4297968897,-0.591962533,0.7315360598,8.64086e-05,1.79413e-05,0.0,1,KKT conditions numerically satisfied for barrier-golden solution
high_fast_penalty,2221,0.75,1929.25,0.35,0.45,0.5,0.6,0.6,1.8,3B,1,0.883154,0.939794,10986.833367,1929.249842,deadline,0.2831536295,0.9168463705,0.3397941849,0.8602058151,0.0001581962,0.0,0.0,0.0,0.0,0.6257450913,-0.2233703722,0.3372541443,0.4045178377,9.89905e-05,0.0001581962,0.0,1,KKT conditions numerically satisfied for barrier-golden solution
high_fast_penalty,2221,0.8,2057.866667,0.35,0.45,0.5,0.6,0.6,1.8,2B,1,1.238985,1.264995,11815.096646,2057.866639,deadline,0.6389849661,0.5610150339,0.6649950714,0.5350049286,2.81081e-05,0.0,0.0,0.0,0.0,3.6826306908,0.3426448163,-0.4762428803,0.5866964728,0.0001035116,2.81081e-05,0.0,1,KKT conditions numerically satisfied for barrier-golden solution
high_fast_penalty,2221,0.8,2057.866667,0.35,0.45,0.5,0.6,0.6,1.8,3B,1,0.823217,0.888315,10942.916062,2057.865426,deadline,0.2232170534,0.9767829466,0.288314511,0.911685489,0.0012409988,0.0,0.0,0.0,0.0,0.0808329555,-0.0475693223,0.0738534005,0.0878473972,0.0001003136,0.0012409988,0.0,1,KKT conditions numerically satisfied for barrier-golden solution
high_fast_penalty,2221,0.85,2186.483333,0.35,0.45,0.5,0.6,0.6,1.8,2B,1,1.163549,1.194153,11400.47552,2186.4833,deadline,0.5635490456,0.6364509544,0.5941525007,0.6058474993,3.30934e-05,0.0,0.0,0.0,0.0,2.8005279146,0.0525386163,-0.073784912,0.0905788024,9.2679e-05,3.30934e-05,0.0,1,KKT conditions numerically satisfied for barrier-golden solution
high_fast_penalty,2221,0.85,2186.483333,0.35,0.45,0.5,0.6,0.6,1.8,3B,1,0.813552,0.880149,10942.023155,2080.117124,none,0.2135515251,0.9864484749,0.2801494657,0.9198505343,106.3662089142,0.0,0.0,0.0,0.0,0.0,0.0039171194,0.0045612646,0.0060124004,0.0,0.2135515251,0.0,1,KKT conditions numerically satisfied for barrier-golden solution
high_fast_penalty,2221,0.9,2315.1,0.35,0.45,0.5,0.6,0.6,1.8,2B,1,1.096262,1.131547,11086.78217,2315.099946,deadline,0.4962619242,0.7037380758,0.5315473566,0.6684526434,5.35648e-05,0.0,0.0,0.0,0.0,2.1040651893,0.2196934373,-0.3120848084,0.3816570896,0.0001127038,5.35648e-05,0.0,1,KKT conditions numerically satisfied for barrier-golden solution
high_fast_penalty,2221,0.9,2315.1,0.35,0.45,0.5,0.6,0.6,1.8,3B,1,0.813552,0.88015,10942.023155,2080.116315,none,0.2135518287,0.9864481713,0.2801498281,0.9198501719,234.9836847059,0.0,0.0,0.0,0.0,0.0,0.0077045808,0.0080036853,0.0111094349,0.0,0.2135518287,0.0,1,KKT conditions numerically satisfied for barrier-golden solution
high_fast_penalty,2221,0.95,2443.716667,0.35,0.45,0.5,0.6,0.6,1.8,2B,1,1.035902,1.075797,10853.29374,2443.716604,deadline,0.4359017073,0.7640982927,0.4757972257,0.7242027743,6.29729e-05,0.0,0.0,0.0,0.0,1.547090004,1.5036135324,-2.1622141472,2.6336331698,9.74247e-05,6.29729e-05,0.0,1,KKT conditions numerically satisfied for barrier-golden solution
high_fast_penalty,2221,0.95,2443.716667,0.35,0.45,0.5,0.6,0.6,1.8,3B,1,0.813552,0.88015,10942.023155,2080.1167,none,0.2135516923,0.9864483077,0.2801496436,0.9198503564,363.5999669311,0.0,0.0,0.0,0.0,0.0,0.006003344,0.0062512468,0.0086670771,0.0,0.2135516923,0.0,1,KKT conditions numerically satisfied for barrier-golden solution
high_fast_penalty,2221,1.0,2572.333333,0.35,0.45,0.5,0.6,0.6,1.8,2B,1,0.981052,1.026432,10684.329074,2572.333241,deadline,0.3810523819,0.8189476181,0.4264321708,0.7735678292,9.24127e-05,0.0,0.0,0.0,0.0,1.0960163795,0.0335843387,-0.0490175563,0.0594190932,0.0001012858,9.24127e-05,0.0,1,KKT conditions numerically satisfied for barrier-golden solution
high_fast_penalty,2221,1.0,2572.333333,0.35,0.45,0.5,0.6,0.6,1.8,3B,1,0.813552,0.88015,10942.023155,2080.116884,none,0.2135516256,0.9864483744,0.2801495568,0.9198504432,492.2164488932,0.0,0.0,0.0,0.0,0.0,0.0051711202,0.0054269562,0.0074961549,0.0,0.2135516256,0.0,1,KKT conditions numerically satisfied for barrier-golden solution
high_fast_penalty,2221,1.05,2700.95,0.35,0.45,0.5,0.6,0.6,1.8,2B,1,0.931289,0.982036,10567.846531,2700.949869,deadline,0.331288907,0.868711093,0.3820362403,0.8179637597,0.0001309178,0.0,0.0,0.0,0.0,0.7273475685,-0.1277129842,0.1893476675,0.2283925251,9.52228e-05,0.0001309178,0.0,1,KKT conditions numerically satisfied for barrier-golden solution
high_fast_penalty,2221,1.05,2700.95,0.35,0.45,0.5,0.6,0.6,1.8,3B,1,0.813552,0.88015,10942.023155,2080.116972,none,0.2135515938,0.9864484062,0.2801495164,0.9198504836,620.8330283229,0.0,0.0,0.0,0.0,0.0,0.0047739997,0.0050424611,0.0069438813,0.0,0.2135515938,0.0,1,KKT conditions numerically satisfied for barrier-golden solution
high_fast_penalty,2221,1.1,2829.566667,0.35,0.45,0.5,0.6,0.6,1.8,2B,1,0.885815,0.942097,10494.471901,2829.566428,deadline,0.2858154952,0.9141845048,0.3420967516,0.8579032484,0.0002386469,0.0,0.0,0.0,0.0,0.4231126404,-0.1548330739,0.2335107826,0.2801795253,0.0001009745,0.0002386469,0.0,1,KKT conditions numerically satisfied for barrier-golden solution
high_fast_penalty,2221,1.1,2829.566667,0.35,0.45,0.5,0.6,0.6,1.8,3B,1,0.813552,0.880149,10942.023155,2080.117069,none,0.2135515578,0.9864484422,0.2801494718,0.9198505282,749.4495974959,0.0,0.0,0.0,0.0,0.0,0.0043249308,0.0046190075,0.0063277371,0.0,0.2135515578,0.0,1,KKT conditions numerically satisfied for barrier-golden solution
high_fast_penalty,2221,1.15,2958.183333,0.35,0.45,0.5,0.6,0.6,1.8,2B,1,0.844072,0.906053,10456.819457,2958.18275,deadline,0.2440715209,0.9559284791,0.3060532971,0.8939467029,0.0005833999,0.0,0.0,0.0,0.0,0.1699439692,-0.0684714426,0.1051955116,0.1255166687,9.91453e-05,0.0005833999,0.0,1,KKT conditions numerically satisfied for barrier-golden solution
high_fast_penalty,2221,1.15,2958.183333,0.35,0.45,0.5,0.6,0.6,1.8,3B,1,0.813552,0.880149,10942.023155,2080.117097,none,0.2135515463,0.9864484537,0.2801494611,0.9198505389,878.0662365121,0.0,0.0,0.0,0.0,0.0,0.0041820898,0.0045173067,0.0061559675,0.0,0.2135515463,0.0,1,KKT conditions numerically satisfied for barrier-golden solution
high_fast_penalty,2221,1.2,3086.8,0.35,0.45,0.5,0.6,0.6,1.8,2B,1,0.813552,0.88015,10448.420098,3059.321399,none,0.2135517516,0.9864482484,0.2801497109,0.9198502891,27.4786013701,0.0,0.0,0.0,0.0,0.0,0.006438839,0.0065794019,0.009205823,0.0,0.2135517516,0.0,1,KKT conditions numerically satisfied for barrier-golden solution
high_fast_penalty,2221,1.2,3086.8,0.35,0.45,0.5,0.6,0.6,1.8,3B,1,0.813552,0.880149,10942.023155,2080.117142,none,0.2135515307,0.9864484693,0.2801494385,0.9198505615,1006.6828577337,0.0,0.0,0.0,0.0,0.0,0.0039872565,0.0043026972,0.0058661246,0.0,0.2135515307,0.0,1,KKT conditions numerically satisfied for barrier-golden solution
high_fast_penalty,2221,1.25,3215.416667,0.35,0.45,0.5,0.6,0.6,1.8,2B,1,0.813552,0.880149,10448.420098,3059.322158,none,0.2135515465,0.9864484535,0.2801494972,0.9198505028,156.0945084322,0.0,0.0,0.0,0.0,0.0,0.0039959332,0.0046408749,0.0061241491,0.0,0.2135515465,0.0,1,KKT conditions numerically satisfied for barrier-golden solution
high_fast_penalty,2221,1.25,3215.416667,0.35,0.45,0.5,0.6,0.6,1.8,3B,1,0.813552,0.880149,10942.023155,2080.117192,none,0.2135515133,0.9864484867,0.2801494148,0.9198505852,1135.2994751551,0.0,0.0,0.0,0.0,0.0,0.0037697598,0.0040777139,0.0055532729,0.0,0.2135515133,0.0,1,KKT conditions numerically satisfied for barrier-golden solution
high_fast_penalty,2221,1.3,3344.033333,0.35,0.45,0.5,0.6,0.6,1.8,2B,1,0.813551,0.880149,10448.420098,3059.323346,none,0.2135512136,0.9864487864,0.2801491823,0.9198508177,284.7099875558,0.0,0.0,0.0,0.0,0.0,3.0163e-05,0.0017844686,0.0017847235,0.0,0.2135512136,0.0,1,KKT conditions numerically satisfied for barrier-golden solution
high_fast_penalty,2221,1.3,3344.033333,0.35,0.45,0.5,0.6,0.6,1.8,3B,1,0.813551,0.880149,10942.023155,2080.117828,none,0.2135512122,0.9864487878,0.2801492265,0.9198507735,1263.915505022,0.0,0.0,0.0,0.0,0.0,1.46483e-05,0.0022886426,0.0022886895,0.0,0.2135512122,0.0,1,KKT conditions numerically satisfied for barrier-golden solution
high_fast_penalty,2221,1.35,3472.65,0.35,0.45,0.5,0.6,0.6,1.8,2B,1,0.813552,0.88015,10448.420098,3059.321258,none,0.2135517823,0.9864482177,0.2801497621,0.9198502379,413.3287424197,0.0,0.0,0.0,0.0,0.0,0.0068041016,0.0070443686,0.0097938209,0.0,0.2135517823,0.0,1,KKT conditions numerically satisfied for barrier-golden solution
high_fast_penalty,2221,1.35,3472.65,0.35,0.45,0.5,0.6,0.6,1.8,3B,1,0.813551,0.880149,10942.023155,2080.117858,none,0.2135512026,0.9864487974,0.280149211,0.919850789,1392.5321421872,0.0,0.0,0.0,0.0,0.0,-0.0001054573,0.0021417505,0.0021443452,0.0,0.2135512026,0.0,1,KKT conditions numerically satisfied for barrier-golden solution
high_fast_penalty,2221,1.4,3601.266667,0.35,0.45,0.5,0.6,0.6,1.8,2B,1,0.813552,0.88015,10448.420098,3059.321536,none,0.2135517126,0.9864482874,0.2801496753,0.9198503247,541.9451307547,0.0,0.0,0.0,0.0,0.0,0.0059740581,0.0062567201,0.0086507755,0.0,0.2135517126,0.0,1,KKT conditions numerically satisfied for barrier-golden solution
high_fast_penalty,2221,1.4,3601.266667,0.35,0.45,0.5,0.6,0.6,1.8,3B,1,0.813551,0.880149,10942.023155,2080.117832,none,0.2135512132,0.9864487868,0.2801492212,0.9198507788,1521.1488346669,0.0,0.0,0.0,0.0,0.0,2.62391e-05,0.0022386577,0.0022388114,0.0,0.2135512132,0.0,1,KKT conditions numerically satisfied for barrier-golden solution
high_fast_penalty,2221,1.5,3858.5,0.35,0.45,0.5,0.6,0.6,1.8,2B,1,0.813552,0.88015,10448.420098,3059.321922,none,0.2135516212,0.9864483788,0.2801495468,0.9198504532,799.1780783177,0.0,0.0,0.0,0.0,0.0,0.0048855094,0.005091469,0.0070562922,0.0,0.2135516212,0.0,1,KKT conditions numerically satisfied for barrier-golden solution
high_fast_penalty,2221,1.5,3858.5,0.35,0.45,0.5,0.6,0.6,1.8,3B,1,0.813551,0.880149,10942.023155,2080.117835,none,0.2135512138,0.9864487862,0.2801492176,0.9198507824,1778.3821654951,0.0,0.0,0.0,0.0,0.0,3.4241e-05,0.002204553,0.0022048189,0.0,0.2135512138,0.0,1,KKT conditions numerically satisfied for barrier-golden solution
high_fast_penalty,2222,0.7,2187.5,0.35,0.45,0.5,0.6,0.6,1.8,2B,1,1.420081,1.437164,18395.282536,2187.499982,deadline,0.8200806107,0.3799193893,0.8371644165,0.3628355835,1.82913e-05,0.0,0.0,0.0,0.0,7.2825615771,4.2373775229,-4.3399434888,6.0655154569,0.0001332074,1.82913e-05,0.0,1,KKT conditions numerically satisfied for barrier-golden solution
high_fast_penalty,2222,0.7,2187.5,0.35,0.45,0.5,0.6,0.6,1.8,3B,1,1.022925,1.064295,15841.62408,2187.49996,deadline,0.4229246731,0.7770753269,0.4642953715,0.7357046285,3.95464e-05,0.0,0.0,0.0,0.0,2.3715976475,0.2424085875,-0.2624128149,0.3572427868,9.3788e-05,3.95464e-05,0.0,1,KKT conditions numerically satisfied for barrier-golden solution
high_fast_penalty,2222,0.75,2343.75,0.35,0.45,0.5,0.6,0.6,1.8,2B,1,1.322545,1.344299,17397.974341,2343.74998,deadline,0.7225448855,0.4774551145,0.7442992615,0.4557007385,1.95836e-05,0.0,0.0,0.0,0.0,5.5620582993,0.5828266711,-0.6021580504,0.838022223,0.000108925,1.95836e-05,0.0,1,KKT conditions numerically satisfied for barrier-golden solution
high_fast_penalty,2222,0.75,2343.75,0.35,0.45,0.5,0.6,0.6,1.8,3B,1,0.949978,0.998539,15548.728755,2343.749932,deadline,0.3499780279,0.8500219721,0.3985389288,0.8014610712,6.76673e-05,0.0,0.0,0.0,0.0,1.4213692965,0.5615689432,-0.6204488191,0.8368490994,9.61802e-05,6.76673e-05,0.0,1,KKT conditions numerically satisfied for barrier-golden solution
high_fast_penalty,2222,0.8,2500.0,0.35,0.45,0.5,0.6,0.6,1.8,2B,1,1.237294,1.26297,16636.195763,2499.999971,deadline,0.637293791,0.562706209,0.6629699155,0.5370300845,2.8968e-05,0.0,0.0,0.0,0.0,4.2453666877,3.7831730682,-3.9418178645,5.4635452355,0.0001229798,2.8968e-05,0.0,1,KKT conditions numerically satisfied for barrier-golden solution
high_fast_penalty,2222,0.8,2500.0,0.35,0.45,0.5,0.6,0.6,1.8,3B,1,0.88553,0.941803,15385.821783,2499.99985,deadline,0.2855302693,0.9144697307,0.3418027434,0.8581972566,0.000149906,0.0,0.0,0.0,0.0,0.6953091917,0.066117005,-0.0747870243,0.0998226295,0.000104231,0.000149906,0.0,1,KKT conditions numerically satisfied for barrier-golden solution
high_fast_penalty,2222,0.85,2656.25,0.35,0.45,0.5,0.6,0.6,1.8,2B,1,1.161384,1.191955,16056.131663,2656.249962,deadline,0.5613835356,0.6386164644,0.5919548136,0.6080451864,3.77789e-05,0.0,0.0,0.0,0.0,3.2208601747,1.3822253384,-1.4559521558,2.0075715594,0.0001216805,3.77789e-05,0.0,1,KKT conditions numerically satisfied for barrier-golden solution
high_fast_penalty,2222,0.85,2656.25,0.35,0.45,0.5,0.6,0.6,1.8,3B,1,0.828144,0.892473,15323.025719,2656.249241,deadline,0.2281440156,0.9718559844,0.2924733434,0.9075266566,0.0007591171,0.0,0.0,0.0,0.0,0.1315237987,0.0216572414,-0.0251525434,0.0331916638,9.9842e-05,0.0007591171,0.0,1,KKT conditions numerically satisfied for barrier-golden solution
high_fast_penalty,2222,0.9,2812.5,0.35,0.45,0.5,0.6,0.6,1.8,2B,1,1.093673,1.129114,15618.48517,2812.499957,deadline,0.4936728916,0.7063271084,0.5291144682,0.6708855318,4.28821e-05,0.0,0.0,0.0,0.0,2.4118894764,0.6840489809,-0.7291019333,0.9997562889,0.0001034268,4.28821e-05,0.0,1,KKT conditions numerically satisfied for barrier-golden solution
high_fast_penalty,2222,0.9,2812.5,0.35,0.45,0.5,0.6,0.6,1.8,3B,1,0.813552,0.880149,15320.253425,2698.863482,none,0.2135515937,0.9864484063,0.2801492836,0.9198507164,113.6365182919,0.0,0.0,0.0,0.0,0.0,0.0058401468,0.0046193598,0.0074461937,0.0,0.2135515937,0.0,1,KKT conditions numerically satisfied for barrier-golden solution
high_fast_penalty,2222,0.95,2968.75,0.35,0.45,0.5,0.6,0.6,1.8,2B,1,1.032805,1.073234,15294.010371,2968.749937,deadline,0.4328050678,0.7671949322,0.4732342448,0.7267657552,6.29109e-05,0.0,0.0,0.0,0.0,1.7647782982,0.6818082992,-0.7362318581,1.0034440222,0.0001110238,6.29109e-05,0.0,1,KKT conditions numerically satisfied for barrier-golden solution
high_fast_penalty,2222,0.95,2968.75,0.35,0.45,0.5,0.6,0.6,1.8,3B,1,0.813552,0.880149,15320.253425,2698.862706,none,0.2135518722,0.9864481278,0.2801494842,0.9198505158,269.8872939598,0.0,0.0,0.0,0.0,0.0,0.0100918096,0.0077284526,0.0127111605,0.0,0.2135518722,0.0,1,KKT conditions numerically satisfied for barrier-golden solution
high_fast_penalty,2222,1.0,3125.0,0.35,0.45,0.5,0.6,0.6,1.8,2B,1,0.97776,1.023275,15060.577958,3124.999918,deadline,0.3777604989,0.8222395011,0.4232747931,0.7767252069,8.19111e-05,0.0,0.0,0.0,0.0,1.2411337397,1.5236834299,-1.6688385397,2.2597861107,0.0001016626,8.19111e-05,0.0,1,KKT conditions numerically satisfied for barrier-golden solution
high_fast_penalty,2222,1.0,3125.0,0.35,0.45,0.5,0.6,0.6,1.8,3B,1,0.813552,0.880149,15320.253425,2698.863141,none,0.2135517239,0.9864482761,0.2801493627,0.9198506373,426.1368594108,0.0,0.0,0.0,0.0,0.0,0.0078283691,0.00584589,0.0097702504,0.0,0.2135517239,0.0,1,KKT conditions numerically satisfied for barrier-golden solution
high_fast_penalty,2222,1.05,3281.25,0.35,0.45,0.5,0.6,0.6,1.8,2B,1,0.927517,0.978614,14901.190987,3281.249875,deadline,0.3275173494,0.8724826506,0.3786143684,0.8213856316,0.0001254932,0.0,0.0,0.0,0.0,0.8130206578,0.3932641263,-0.4377875671,0.588485027,0.0001020286,0.0001254932,0.0,1,KKT conditions numerically satisfied for barrier-golden solution
high_fast_penalty,2222,1.05,3281.25,0.35,0.45,0.5,0.6,0.6,1.8,3B,1,0.813552,0.880149,15320.253425,2698.863341,none,0.2135516555,0.9864483445,0.2801493065,0.9198506935,582.3866586007,0.0,0.0,0.0,0.0,0.0,0.0067844085,0.0049735584,0.0084121627,0.0,0.2135516555,0.0,1,KKT conditions numerically satisfied for barrier-golden solution
high_fast_penalty,2222,1.1,3437.5,0.35,0.45,0.5,0.6,0.6,1.8,2B,1,0.881588,0.938366,14802.618975,3437.499786,deadline,0.2815875591,0.9184124409,0.3383657138,0.8616342862,0.0002140128,0.0,0.0,0.0,0.0,0.4597481983,0.115848645,-0.131251512,0.1750653248,9.8392e-05,0.0002140128,0.0,1,KKT conditions numerically satisfied for barrier-golden solution
high_fast_penalty,2222,1.1,3437.5,0.35,0.45,0.5,0.6,0.6,1.8,3B,1,0.813551,0.880149,15320.253425,2698.864264,none,0.2135513299,0.9864486701,0.2801490612,0.9198509388,738.6357360301,0.0,0.0,0.0,0.0,0.0,0.0018148454,0.0011718682,0.0021603099,0.0,0.2135513299,0.0,1,KKT conditions numerically satisfied for barrier-golden solution
high_fast_penalty,2222,1.15,3593.75,0.35,0.45,0.5,0.6,0.6,1.8,2B,1,0.839368,0.902016,14754.436035,3593.749405,deadline,0.2393683381,0.9606316619,0.3020161974,0.8979838026,0.0005953903,0.0,0.0,0.0,0.0,0.1658026627,0.0380813982,-0.0439780928,0.0581744406,9.87173e-05,0.0005953903,0.0,1,KKT conditions numerically satisfied for barrier-golden solution
high_fast_penalty,2222,1.15,3593.75,0.35,0.45,0.5,0.6,0.6,1.8,3B,1,0.813551,0.880149,15320.253425,2698.864264,none,0.2135513299,0.9864486701,0.2801490609,0.9198509391,894.885735663,0.0,0.0,0.0,0.0,0.0,0.0018148114,0.0011680466,0.0021582107,0.0,0.2135513299,0.0,1,KKT conditions numerically satisfied for barrier-golden solution
high_fast_penalty,2222,1.2,3750.0,0.35,0.45,0.5,0.6,0.6,1.8,2B,1,0.813552,0.88015,14746.131291,3695.855798,none,0.2135521908,0.9864478092,0.2801497684,0.9198502316,54.1442016748,0.0,0.0,0.0,0.0,0.0,0.0143947737,0.0116782933,0.018536236,0.0,0.2135521908,0.0,1,KKT conditions numerically satisfied for barrier-golden solution
high_fast_penalty,2222,1.2,3750.0,0.35,0.45,0.5,0.6,0.6,1.8,3B,1,0.813551,0.880149,15320.253425,2698.864305,none,0.2135513152,0.9864486848,0.2801490504,0.9198509496,1051.1356946696,0.0,0.0,0.0,0.0,0.0,0.001589005,0.0010050521,0.0018801773,0.0,0.2135513152,0.0,1,KKT conditions numerically satisfied for barrier-golden solution
high_fast_penalty,2222,1.25,3906.25,0.35,0.45,0.5,0.6,0.6,1.8,2B,1,0.813551,0.880149,14746.131291,3695.859268,none,0.2135513231,0.9864486769,0.2801490639,0.9198509361,210.3907321556,0.0,0.0,0.0,0.0,0.0,0.0016464568,0.0011684402,0.0020189285,0.0,0.2135513231,0.0,1,KKT conditions numerically satisfied for barrier-golden solution
high_fast_penalty,2222,1.25,3906.25,0.35,0.45,0.5,0.6,0.6,1.8,3B,1,0.813551,0.880149,15320.253425,2698.864298,none,0.213551318,0.986448682,0.2801490522,0.9198509478,1207.3857023874,0.0,0.0,0.0,0.0,0.0,0.0016331493,0.0010337994,0.0019328522,0.0,0.213551318,0.0,1,KKT conditions numerically satisfied for barrier-golden solution
high_fast_penalty,2222,1.3,4062.5,0.35,0.45,0.5,0.6,0.6,1.8,2B,1,0.813552,0.88015,14746.131291,3695.856921,none,0.2135519243,0.9864480757,0.2801495236,0.9198504764,366.6430787954,0.0,0.0,0.0,0.0,0.0,0.0104794637,0.0080266233,0.0132002213,0.0,0.2135519243,0.0,1,KKT conditions numerically satisfied for barrier-golden solution
high_fast_penalty,2222,1.3,4062.5,0.35,0.45,0.5,0.6,0.6,1.8,3B,1,0.813551,0.880149,15320.253425,2698.864306,none,0.2135513152,0.9864486848,0.2801490501,0.9198509499,1363.6356943058,0.0,0.0,0.0,0.0,0.0,0.0015895987,0.001000518,0.0018782599,0.0,0.2135513152,0.0,1,KKT conditions numerically satisfied for barrier-golden solution
high_fast_penalty,2222,1.35,4218.75,0.35,0.45,0.5,0.6,0.6,1.8,2B,1,0.813552,0.880149,14746.131291,3695.857464,none,0.2135517888,0.9864482112,0.280149413,0.919850587,522.8925358711,0.0,0.0,0.0,0.0,0.0,0.008488779,0.0063769805,0.0106172147,0.0,0.2135517888,0.0,1,KKT conditions numerically satisfied for barrier-golden solution
high_fast_penalty,2222,1.35,4218.75,0.35,0.45,0.5,0.6,0.6,1.8,3B,1,0.813551,0.880149,15320.253425,2698.864278,none,0.2135513254,0.9864486746,0.280149057,0.919850943,1519.8857220537,0.0,0.0,0.0,0.0,0.0,0.0017449738,0.0011078411,0.0020669411,0.0,0.2135513254,0.0,1,KKT conditions numerically satisfied for barrier-golden solution
high_fast_penalty,2222,1.4,4375.0,0.35,0.45,0.5,0.6,0.6,1.8,2B,1,0.813552,0.880149,14746.131291,3695.857743,none,0.2135517195,0.9864482805,0.2801493561,0.9198506439,679.1422573315,0.0,0.0,0.0,0.0,0.0,0.0074694382,0.0055283353,0.009292739,0.0,0.2135517195,0.0,1,KKT conditions numerically satisfied for barrier-golden solution
high_fast_penalty,2222,1.4,4375.0,0.35,0.45,0.5,0.6,0.6,1.8,3B,1,0.813551,0.880149,15320.253425,2698.864307,none,0.2135513148,0.9864486852,0.2801490496,0.9198509504,1676.1356929665,0.0,0.0,0.0,0.0,0.0,0.0015837423,0.0009933857,0.0018695066,0.0,0.2135513148,0.0,1,KKT conditions numerically satisfied for barrier-golden solution
high_fast_penalty,2222,1.5,4687.5,0.35,0.45,0.5,0.6,0.6,1.8,2B,1,0.813552,0.880149,14746.131291,3695.858108,none,0.2135516275,0.9864483725,0.2801492825,0.9198507175,991.6418917146,0.0,0.0,0.0,0.0,0.0,0.0061185276,0.0044297198,0.0075537274,0.0,0.2135516275,0.0,1,KKT conditions numerically satisfied for barrier-golden solution
high_fast_penalty,2222,1.5,4687.5,0.35,0.45,0.5,0.6,0.6,1.8,3B,1,0.813551,0.880149,15320.253425,2698.864511,none,0.2135512412,0.9864487588,0.2801489976,0.9198510024,1988.6354893542,0.0,0.0,0.0,0.0,0.0,0.0004602429,0.0001860939,0.0004964418,0.0,0.2135512412,0.0,1,KKT conditions numerically satisfied for barrier-golden solution
