counts_code,n1,n2,n3,n4,total_tasks,scenario_type,seed_count,seeds_used,method,deadline_ratio,deadline_value,mean_cmax_2B,mean_energy_2B,mean_cmax_3B,mean_energy_3B,std_cmax_2B,std_energy_2B,std_cmax_3B,std_energy_3B,rho_speed_sensitive_energy,speed_min,speed_max,feasible_2B,required_speed_2B,opt_speed_2B_kkt,opt_energy_2B_kkt,opt_cmax_2B_after_speed,barrier_speed_2B_0_618,barrier_energy_2B_0_618,active_constraints_2B,infeasible_reason_2B,feasible_3B,required_speed_3B,opt_speed_3B_kkt,opt_energy_3B_kkt,opt_cmax_3B_after_speed,barrier_speed_3B_0_618,barrier_energy_3B_0_618,active_constraints_3B,infeasible_reason_3B,energy_advantage_2B_minus_3B,recommended_mode,recommendation,recommendation_reason,kkt_pass_2B,kkt_pass_3B,boundary_type,switch_boundary_ratio_estimate,boundary_interval_low,boundary_interval_high,advantage_at_boundary,boundary_method,boundary_explanation,model_formula,course_method
1111,1,1,1,1,4,balanced,3,"0,1,2",optimized,0.7,1304.8,1864.0,8015.0,1144.333333,8445.0,134.658828,712.267506,118.50879,740.591655,0.35,0.6,1.6,1,1.428571,1.428571,10934.75,1304.8,1.428572,10934.751001,deadline,,1,0.877018,0.877018,7762.697343,1304.8,0.877018,7762.698341,deadline,,3172.052657,3B,recommend_3arm_lower_energy_under_deadline,3B has lower optimized energy under the same deadline,1,1,switching_boundary_found,1.44496,1.4,1.5,-0.0004975549,scan_plus_bisection,A sign change is detected between 1.4000 and 1.5000; bisection gives switch boundary r*≈1.444960.,"min E0*((1-rho)+rho*s^2), s.t. C0/s<=D, s_min<=s<=s_max",seed_average + interior_barrier_method + golden_section_0_618 + KKT + bisection_boundary
1111,1,1,1,1,4,balanced,3,"0,1,2",optimized,0.75,1398.0,1864.0,8015.0,1144.333333,8445.0,134.658828,712.267506,118.50879,740.591655,0.35,0.6,1.6,1,1.333333,1.333333,10196.861111,1398.0,1.333333,10196.862095,deadline,,1,0.81855,0.81855,7469.675241,1398.0,0.818551,7469.676244,deadline,,2727.18587,3B,recommend_3arm_lower_energy_under_deadline,3B has lower optimized energy under the same deadline,1,1,switching_boundary_found,1.44496,1.4,1.5,-0.0004975549,scan_plus_bisection,A sign change is detected between 1.4000 and 1.5000; bisection gives switch boundary r*≈1.444960.,"min E0*((1-rho)+rho*s^2), s.t. C0/s<=D, s_min<=s<=s_max",seed_average + interior_barrier_method + golden_section_0_618 + KKT + bisection_boundary
1111,1,1,1,1,4,balanced,3,"0,1,2",optimized,0.8,1491.2,1864.0,8015.0,1144.333333,8445.0,134.658828,712.267506,118.50879,740.591655,0.35,0.6,1.6,1,1.25,1.25,9592.953125,1491.2,1.25,9592.954135,deadline,,1,0.767391,0.767391,7229.858122,1491.2,0.767391,7229.859121,deadline,,2363.095003,3B,recommend_3arm_lower_energy_under_deadline,3B has lower optimized energy under the same deadline,1,1,switching_boundary_found,1.44496,1.4,1.5,-0.0004975549,scan_plus_bisection,A sign change is detected between 1.4000 and 1.5000; bisection gives switch boundary r*≈1.444960.,"min E0*((1-rho)+rho*s^2), s.t. C0/s<=D, s_min<=s<=s_max",seed_average + interior_barrier_method + golden_section_0_618 + KKT + bisection_boundary
1111,1,1,1,1,4,balanced,3,"0,1,2",optimized,0.85,1584.4,1864.0,8015.0,1144.333333,8445.0,134.658828,712.267506,118.50879,740.591655,0.35,0.6,1.6,1,1.176471,1.176471,9092.448962,1584.4,1.176471,9092.449963,deadline,,1,0.72225,0.72225,7031.103561,1584.4,0.722251,7031.104558,deadline,,2061.345401,3B,recommend_3arm_lower_energy_under_deadline,3B has lower optimized energy under the same deadline,1,1,switching_boundary_found,1.44496,1.4,1.5,-0.0004975549,scan_plus_bisection,A sign change is detected between 1.4000 and 1.5000; bisection gives switch boundary r*≈1.444960.,"min E0*((1-rho)+rho*s^2), s.t. C0/s<=D, s_min<=s<=s_max",seed_average + interior_barrier_method + golden_section_0_618 + KKT + bisection_boundary
1111,1,1,1,1,4,balanced,3,"0,1,2",optimized,0.9,1677.6,1864.0,8015.0,1144.333333,8445.0,134.658828,712.267506,118.50879,740.591655,0.35,0.6,1.6,1,1.111111,1.111111,8673.021605,1677.6,1.111111,8673.022595,deadline,,1,0.682125,0.682125,6864.545306,1677.6,0.682126,6864.546299,deadline,,1808.476299,3B,recommend_3arm_lower_energy_under_deadline,3B has lower optimized energy under the same deadline,1,1,switching_boundary_found,1.44496,1.4,1.5,-0.0004975549,scan_plus_bisection,A sign change is detected between 1.4000 and 1.5000; bisection gives switch boundary r*≈1.444960.,"min E0*((1-rho)+rho*s^2), s.t. C0/s<=D, s_min<=s<=s_max",seed_average + interior_barrier_method + golden_section_0_618 + KKT + bisection_boundary
1111,1,1,1,1,4,balanced,3,"0,1,2",optimized,0.95,1770.8,1864.0,8015.0,1144.333333,8445.0,134.658828,712.267506,118.50879,740.591655,0.35,0.6,1.6,1,1.052632,1.052632,8318.060249,1770.8,1.052632,8318.061244,deadline,,1,0.646224,0.646224,6723.587061,1770.8,0.646224,6723.588063,deadline,,1594.473188,3B,recommend_3arm_lower_energy_under_deadline,3B has lower optimized energy under the same deadline,1,1,switching_boundary_found,1.44496,1.4,1.5,-0.0004975549,scan_plus_bisection,A sign change is detected between 1.4000 and 1.5000; bisection gives switch boundary r*≈1.444960.,"min E0*((1-rho)+rho*s^2), s.t. C0/s<=D, s_min<=s<=s_max",seed_average + interior_barrier_method + golden_section_0_618 + KKT + bisection_boundary
1111,1,1,1,1,4,balanced,3,"0,1,2",optimized,1.0,1864.0,1864.0,8015.0,1144.333333,8445.0,134.658828,712.267506,118.50879,740.591655,0.35,0.6,1.6,1,1.0,1.0,8015.0,1864.0,1.0,8015.000992,deadline,,1,0.613913,0.613913,6603.239198,1864.0,0.613913,6603.240196,deadline,,1411.760802,3B,recommend_3arm_lower_energy_under_deadline,3B has lower optimized energy under the same deadline,1,1,switching_boundary_found,1.44496,1.4,1.5,-0.0004975549,scan_plus_bisection,A sign change is detected between 1.4000 and 1.5000; bisection gives switch boundary r*≈1.444960.,"min E0*((1-rho)+rho*s^2), s.t. C0/s<=D, s_min<=s<=s_max",seed_average + interior_barrier_method + golden_section_0_618 + KKT + bisection_boundary
1111,1,1,1,1,4,balanced,3,"0,1,2",optimized,1.05,1957.2,1864.0,8015.0,1144.333333,8445.0,134.658828,712.267506,118.50879,740.591655,0.35,0.6,1.6,1,0.952381,0.952381,7754.194444,1957.2,0.952381,7754.195435,deadline,,1,0.584679,0.6,6553.32,1907.222222,0.6,6553.321004,lower_speed,,1200.874444,3B,recommend_3arm_lower_energy_under_deadline,3B has lower optimized energy under the same deadline,1,1,switching_boundary_found,1.44496,1.4,1.5,-0.0004975549,scan_plus_bisection,A sign change is detected between 1.4000 and 1.5000; bisection gives switch boundary r*≈1.444960.,"min E0*((1-rho)+rho*s^2), s.t. C0/s<=D, s_min<=s<=s_max",seed_average + interior_barrier_method + golden_section_0_618 + KKT + bisection_boundary
1111,1,1,1,1,4,balanced,3,"0,1,2",optimized,1.1,2050.4,1864.0,8015.0,1144.333333,8445.0,134.658828,712.267506,118.50879,740.591655,0.35,0.6,1.6,1,0.909091,0.909091,7528.13843,2050.4,0.909091,7528.139436,deadline,,1,0.558102,0.6,6553.32,1907.222222,0.6,6553.321004,lower_speed,,974.81843,3B,recommend_3arm_lower_energy_under_deadline,3B has lower optimized energy under the same deadline,1,1,switching_boundary_found,1.44496,1.4,1.5,-0.0004975549,scan_plus_bisection,A sign change is detected between 1.4000 and 1.5000; bisection gives switch boundary r*≈1.444960.,"min E0*((1-rho)+rho*s^2), s.t. C0/s<=D, s_min<=s<=s_max",seed_average + interior_barrier_method + golden_section_0_618 + KKT + bisection_boundary
1111,1,1,1,1,4,balanced,3,"0,1,2",optimized,1.15,2143.6,1864.0,8015.0,1144.333333,8445.0,134.658828,712.267506,118.50879,740.591655,0.35,0.6,1.6,1,0.869565,0.869565,7330.922023,2143.6,0.869565,7330.923021,deadline,,1,0.533837,0.6,6553.32,1907.222222,0.6,6553.321004,lower_speed,,777.602023,3B,recommend_3arm_lower_energy_under_deadline,3B has lower optimized energy under the same deadline,1,1,switching_boundary_found,1.44496,1.4,1.5,-0.0004975549,scan_plus_bisection,A sign change is detected between 1.4000 and 1.5000; bisection gives switch boundary r*≈1.444960.,"min E0*((1-rho)+rho*s^2), s.t. C0/s<=D, s_min<=s<=s_max",seed_average + interior_barrier_method + golden_section_0_618 + KKT + bisection_boundary
1111,1,1,1,1,4,balanced,3,"0,1,2",optimized,1.2,2236.8,1864.0,8015.0,1144.333333,8445.0,134.658828,712.267506,118.50879,740.591655,0.35,0.6,1.6,1,0.833333,0.833333,7157.840278,2236.8,0.833334,7157.84128,deadline,,1,0.511594,0.6,6553.32,1907.222222,0.6,6553.321004,lower_speed,,604.520278,3B,recommend_3arm_lower_energy_under_deadline,3B has lower optimized energy under the same deadline,1,1,switching_boundary_found,1.44496,1.4,1.5,-0.0004975549,scan_plus_bisection,A sign change is detected between 1.4000 and 1.5000; bisection gives switch boundary r*≈1.444960.,"min E0*((1-rho)+rho*s^2), s.t. C0/s<=D, s_min<=s<=s_max",seed_average + interior_barrier_method + golden_section_0_618 + KKT + bisection_boundary
1111,1,1,1,1,4,balanced,3,"0,1,2",optimized,1.25,2330.0,1864.0,8015.0,1144.333333,8445.0,134.658828,712.267506,118.50879,740.591655,0.35,0.6,1.6,1,0.8,0.8,7005.11,2330.0,0.8,7005.111002,deadline,,1,0.49113,0.6,6553.32,1907.222222,0.6,6553.321004,lower_speed,,451.79,3B,recommend_3arm_lower_energy_under_deadline,3B has lower optimized energy under the same deadline,1,1,switching_boundary_found,1.44496,1.4,1.5,-0.0004975549,scan_plus_bisection,A sign change is detected between 1.4000 and 1.5000; bisection gives switch boundary r*≈1.444960.,"min E0*((1-rho)+rho*s^2), s.t. C0/s<=D, s_min<=s<=s_max",seed_average + interior_barrier_method + golden_section_0_618 + KKT + bisection_boundary
1111,1,1,1,1,4,balanced,3,"0,1,2",optimized,1.3,2423.2,1864.0,8015.0,1144.333333,8445.0,134.658828,712.267506,118.50879,740.591655,0.35,0.6,1.6,1,0.769231,0.769231,6869.661243,2423.2,0.769231,6869.662241,deadline,,1,0.472241,0.6,6553.32,1907.222222,0.6,6553.321004,lower_speed,,316.341243,3B,recommend_3arm_lower_energy_under_deadline,3B has lower optimized energy under the same deadline,1,1,switching_boundary_found,1.44496,1.4,1.5,-0.0004975549,scan_plus_bisection,A sign change is detected between 1.4000 and 1.5000; bisection gives switch boundary r*≈1.444960.,"min E0*((1-rho)+rho*s^2), s.t. C0/s<=D, s_min<=s<=s_max",seed_average + interior_barrier_method + golden_section_0_618 + KKT + bisection_boundary
1111,1,1,1,1,4,balanced,3,"0,1,2",optimized,1.35,2516.4,1864.0,8015.0,1144.333333,8445.0,134.658828,712.267506,118.50879,740.591655,0.35,0.6,1.6,1,0.740741,0.740741,6748.981824,2516.4,0.740741,6748.982818,deadline,,1,0.45475,0.6,6553.32,1907.222222,0.6,6553.321004,lower_speed,,195.661824,3B,recommend_3arm_lower_energy_under_deadline,3B has lower optimized energy under the same deadline,1,1,switching_boundary_found,1.44496,1.4,1.5,-0.0004975549,scan_plus_bisection,A sign change is detected between 1.4000 and 1.5000; bisection gives switch boundary r*≈1.444960.,"min E0*((1-rho)+rho*s^2), s.t. C0/s<=D, s_min<=s<=s_max",seed_average + interior_barrier_method + golden_section_0_618 + KKT + bisection_boundary
1111,1,1,1,1,4,balanced,3,"0,1,2",optimized,1.4,2609.6,1864.0,8015.0,1144.333333,8445.0,134.658828,712.267506,118.50879,740.591655,0.35,0.6,1.6,1,0.714286,0.714286,6641.0,2609.6,0.714286,6641.000994,deadline,,1,0.438509,0.6,6553.32,1907.222222,0.6,6553.321004,lower_speed,,87.68,3B,recommend_3arm_lower_energy_under_deadline,3B has lower optimized energy under the same deadline,1,1,switching_boundary_found,1.44496,1.4,1.5,-0.0004975549,scan_plus_bisection,A sign change is detected between 1.4000 and 1.5000; bisection gives switch boundary r*≈1.444960.,"min E0*((1-rho)+rho*s^2), s.t. C0/s<=D, s_min<=s<=s_max",seed_average + interior_barrier_method + golden_section_0_618 + KKT + bisection_boundary
1111,1,1,1,1,4,balanced,3,"0,1,2",optimized,1.5,2796.0,1864.0,8015.0,1144.333333,8445.0,134.658828,712.267506,118.50879,740.591655,0.35,0.6,1.6,1,0.666667,0.666667,6456.527778,2796.0,0.666667,6456.528778,deadline,,1,0.409275,0.6,6553.32,1907.222222,0.6,6553.321004,lower_speed,,-96.792222,2B,recommend_2arm_lower_energy_under_deadline,2B has lower optimized energy under the same deadline,1,1,switching_boundary_found,1.44496,1.4,1.5,-0.0004975549,scan_plus_bisection,A sign change is detected between 1.4000 and 1.5000; bisection gives switch boundary r*≈1.444960.,"min E0*((1-rho)+rho*s^2), s.t. C0/s<=D, s_min<=s<=s_max",seed_average + interior_barrier_method + golden_section_0_618 + KKT + bisection_boundary
1112,1,1,1,2,5,type4_dominant,3,"0,1,2",optimized,0.7,1673.233333,2390.333333,12076.333333,1674.666667,12578.0,200.829115,231.810986,43.87862,257.116705,0.35,0.6,1.6,1,1.428571,1.428571,16475.569048,1673.233333,1.428572,16475.570069,deadline,,1,1.000857,1.000857,12585.54547,1673.233333,1.000857,12585.546477,deadline,,3890.023578,3B,recommend_3arm_lower_energy_under_deadline,3B has lower optimized energy under the same deadline,1,1,switching_boundary_found,1.487241,1.4,1.5,-0.0003885665,scan_plus_bisection,A sign change is detected between 1.4000 and 1.5000; bisection gives switch boundary r*≈1.487241.,"min E0*((1-rho)+rho*s^2), s.t. C0/s<=D, s_min<=s<=s_max",seed_average + interior_barrier_method + golden_section_0_618 + KKT + bisection_boundary
1112,1,1,1,2,5,type4_dominant,3,"0,1,2",optimized,0.75,1792.75,2390.333333,12076.333333,1674.666667,12578.0,200.829115,231.810986,43.87862,257.116705,0.35,0.6,1.6,1,1.333333,1.333333,15363.77963,1792.75,1.333333,15363.78064,deadline,,1,0.934133,0.934133,12017.165387,1792.75,0.934133,12017.166398,deadline,,3346.614242,3B,recommend_3arm_lower_energy_under_deadline,3B has lower optimized energy under the same deadline,1,1,switching_boundary_found,1.487241,1.4,1.5,-0.0003885665,scan_plus_bisection,A sign change is detected between 1.4000 and 1.5000; bisection gives switch boundary r*≈1.487241.,"min E0*((1-rho)+rho*s^2), s.t. C0/s<=D, s_min<=s<=s_max",seed_average + interior_barrier_method + golden_section_0_618 + KKT + bisection_boundary
1112,1,1,1,2,5,type4_dominant,3,"0,1,2",optimized,0.8,1912.266667,2390.333333,12076.333333,1674.666667,12578.0,200.829115,231.810986,43.87862,257.116705,0.35,0.6,1.6,1,1.25,1.25,14453.861458,1912.266667,1.25,14453.862468,deadline,,1,0.87575,0.87575,11551.987938,1912.266667,0.87575,11551.988923,deadline,,2901.87352,3B,recommend_3arm_lower_energy_under_deadline,3B has lower optimized energy under the same deadline,1,1,switching_boundary_found,1.487241,1.4,1.5,-0.0003885665,scan_plus_bisection,A sign change is detected between 1.4000 and 1.5000; bisection gives switch boundary r*≈1.487241.,"min E0*((1-rho)+rho*s^2), s.t. C0/s<=D, s_min<=s<=s_max",seed_average + interior_barrier_method + golden_section_0_618 + KKT + bisection_boundary
1112,1,1,1,2,5,type4_dominant,3,"0,1,2",optimized,0.85,2031.783333,2390.333333,12076.333333,1674.666667,12578.0,200.829115,231.810986,43.87862,257.116705,0.35,0.6,1.6,1,1.176471,1.176471,13699.743541,2031.783333,1.176471,13699.744544,deadline,,1,0.824235,0.824235,11166.46025,2031.783333,0.824235,11166.461237,deadline,,2533.283291,3B,recommend_3arm_lower_energy_under_deadline,3B has lower optimized energy under the same deadline,1,1,switching_boundary_found,1.487241,1.4,1.5,-0.0003885665,scan_plus_bisection,A sign change is detected between 1.4000 and 1.5000; bisection gives switch boundary r*≈1.487241.,"min E0*((1-rho)+rho*s^2), s.t. C0/s<=D, s_min<=s<=s_max",seed_average + interior_barrier_method + golden_section_0_618 + KKT + bisection_boundary
1112,1,1,1,2,5,type4_dominant,3,"0,1,2",optimized,0.9,2151.3,2390.333333,12076.333333,1674.666667,12578.0,200.829115,231.810986,43.87862,257.116705,0.35,0.6,1.6,1,1.111111,1.111111,13067.785391,2151.3,1.111111,13067.786385,deadline,,1,0.778444,0.778444,10843.384297,2151.3,0.778444,10843.385281,deadline,,2224.401094,3B,recommend_3arm_lower_energy_under_deadline,3B has lower optimized energy under the same deadline,1,1,switching_boundary_found,1.487241,1.4,1.5,-0.0003885665,scan_plus_bisection,A sign change is detected between 1.4000 and 1.5000; bisection gives switch boundary r*≈1.487241.,"min E0*((1-rho)+rho*s^2), s.t. C0/s<=D, s_min<=s<=s_max",seed_average + interior_barrier_method + golden_section_0_618 + KKT + bisection_boundary
1112,1,1,1,2,5,type4_dominant,3,"0,1,2",optimized,0.95,2270.816667,2390.333333,12076.333333,1674.666667,12578.0,200.829115,231.810986,43.87862,257.116705,0.35,0.6,1.6,1,1.052632,1.052632,12532.959234,2270.816667,1.052632,12532.960239,deadline,,1,0.737473,0.737473,10569.965131,2270.816667,0.737473,10569.966145,deadline,,1962.994103,3B,recommend_3arm_lower_energy_under_deadline,3B has lower optimized energy under the same deadline,1,1,switching_boundary_found,1.487241,1.4,1.5,-0.0003885665,scan_plus_bisection,A sign change is detected between 1.4000 and 1.5000; bisection gives switch boundary r*≈1.487241.,"min E0*((1-rho)+rho*s^2), s.t. C0/s<=D, s_min<=s<=s_max",seed_average + interior_barrier_method + golden_section_0_618 + KKT + bisection_boundary
1112,1,1,1,2,5,type4_dominant,3,"0,1,2",optimized,1.0,2390.333333,2390.333333,12076.333333,1674.666667,12578.0,200.829115,231.810986,43.87862,257.116705,0.35,0.6,1.6,1,1.0,1.0,12076.333333,2390.333333,1.0,12076.334336,deadline,,1,0.7006,0.7006,10336.52428,2390.333333,0.7006,10336.525271,deadline,,1739.809053,3B,recommend_3arm_lower_energy_under_deadline,3B has lower optimized energy under the same deadline,1,1,switching_boundary_found,1.487241,1.4,1.5,-0.0003885665,scan_plus_bisection,A sign change is detected between 1.4000 and 1.5000; bisection gives switch boundary r*≈1.487241.,"min E0*((1-rho)+rho*s^2), s.t. C0/s<=D, s_min<=s<=s_max",seed_average + interior_barrier_method + golden_section_0_618 + KKT + bisection_boundary
1112,1,1,1,2,5,type4_dominant,3,"0,1,2",optimized,1.05,2509.85,2390.333333,12076.333333,1674.666667,12578.0,200.829115,231.810986,43.87862,257.116705,0.35,0.6,1.6,1,0.952381,0.952381,11683.37328,2509.85,0.952381,11683.374268,deadline,,1,0.667238,0.667238,10135.63132,2509.85,0.667238,10135.63232,deadline,,1547.74196,3B,recommend_3arm_lower_energy_under_deadline,3B has lower optimized energy under the same deadline,1,1,switching_boundary_found,1.487241,1.4,1.5,-0.0003885665,scan_plus_bisection,A sign change is detected between 1.4000 and 1.5000; bisection gives switch boundary r*≈1.487241.,"min E0*((1-rho)+rho*s^2), s.t. C0/s<=D, s_min<=s<=s_max",seed_average + interior_barrier_method + golden_section_0_618 + KKT + bisection_boundary
1112,1,1,1,2,5,type4_dominant,3,"0,1,2",optimized,1.1,2629.366667,2390.333333,12076.333333,1674.666667,12578.0,200.829115,231.810986,43.87862,257.116705,0.35,0.6,1.6,1,0.909091,0.909091,11342.770937,2629.366667,0.909091,11342.771937,deadline,,1,0.636909,0.636909,9961.50519,2629.366667,0.636909,9961.506198,deadline,,1381.265746,3B,recommend_3arm_lower_energy_under_deadline,3B has lower optimized energy under the same deadline,1,1,switching_boundary_found,1.487241,1.4,1.5,-0.0003885665,scan_plus_bisection,A sign change is detected between 1.4000 and 1.5000; bisection gives switch boundary r*≈1.487241.,"min E0*((1-rho)+rho*s^2), s.t. C0/s<=D, s_min<=s<=s_max",seed_average + interior_barrier_method + golden_section_0_618 + KKT + bisection_boundary
1112,1,1,1,2,5,type4_dominant,3,"0,1,2",optimized,1.15,2748.883333,2390.333333,12076.333333,1674.666667,12578.0,200.829115,231.810986,43.87862,257.116705,0.35,0.6,1.6,1,0.869565,0.869565,11045.621708,2748.883333,0.869565,11045.622715,deadline,,1,0.609217,0.609217,9809.593596,2748.883333,0.609217,9809.5946,deadline,,1236.028112,3B,recommend_3arm_lower_energy_under_deadline,3B has lower optimized energy under the same deadline,1,1,switching_boundary_found,1.487241,1.4,1.5,-0.0003885665,scan_plus_bisection,A sign change is detected between 1.4000 and 1.5000; bisection gives switch boundary r*≈1.487241.,"min E0*((1-rho)+rho*s^2), s.t. C0/s<=D, s_min<=s<=s_max",seed_average + interior_barrier_method + golden_section_0_618 + KKT + bisection_boundary
1112,1,1,1,2,5,type4_dominant,3,"0,1,2",optimized,1.2,2868.4,2390.333333,12076.333333,1674.666667,12578.0,200.829115,231.810986,43.87862,257.116705,0.35,0.6,1.6,1,0.833333,0.833333,10784.836574,2868.4,0.833333,10784.837584,deadline,,1,0.583833,0.6,9760.528,2791.111111,0.6,9760.528998,lower_speed,,1024.308574,3B,recommend_3arm_lower_energy_under_deadline,3B has lower optimized energy under the same deadline,1,1,switching_boundary_found,1.487241,1.4,1.5,-0.0003885665,scan_plus_bisection,A sign change is detected between 1.4000 and 1.5000; bisection gives switch boundary r*≈1.487241.,"min E0*((1-rho)+rho*s^2), s.t. C0/s<=D, s_min<=s<=s_max",seed_average + interior_barrier_method + golden_section_0_618 + KKT + bisection_boundary
1112,1,1,1,2,5,type4_dominant,3,"0,1,2",optimized,1.25,2987.916667,2390.333333,12076.333333,1674.666667,12578.0,200.829115,231.810986,43.87862,257.116705,0.35,0.6,1.6,1,0.8,0.8,10554.715333,2987.916667,0.8,10554.716342,deadline,,1,0.56048,0.6,9760.528,2791.111111,0.6,9760.528998,lower_speed,,794.187333,3B,recommend_3arm_lower_energy_under_deadline,3B has lower optimized energy under the same deadline,1,1,switching_boundary_found,1.487241,1.4,1.5,-0.0003885665,scan_plus_bisection,A sign change is detected between 1.4000 and 1.5000; bisection gives switch boundary r*≈1.487241.,"min E0*((1-rho)+rho*s^2), s.t. C0/s<=D, s_min<=s<=s_max",seed_average + interior_barrier_method + golden_section_0_618 + KKT + bisection_boundary
1112,1,1,1,2,5,type4_dominant,3,"0,1,2",optimized,1.3,3107.433333,2390.333333,12076.333333,1674.666667,12578.0,200.829115,231.810986,43.87862,257.116705,0.35,0.6,1.6,1,0.769231,0.769231,10350.632446,3107.433333,0.769231,10350.633451,deadline,,1,0.538923,0.6,9760.528,2791.111111,0.6,9760.528998,lower_speed,,590.104446,3B,recommend_3arm_lower_energy_under_deadline,3B has lower optimized energy under the same deadline,1,1,switching_boundary_found,1.487241,1.4,1.5,-0.0003885665,scan_plus_bisection,A sign change is detected between 1.4000 and 1.5000; bisection gives switch boundary r*≈1.487241.,"min E0*((1-rho)+rho*s^2), s.t. C0/s<=D, s_min<=s<=s_max",seed_average + interior_barrier_method + golden_section_0_618 + KKT + bisection_boundary
1112,1,1,1,2,5,type4_dominant,3,"0,1,2",optimized,1.35,3226.95,2390.333333,12076.333333,1674.666667,12578.0,200.829115,231.810986,43.87862,257.116705,0.35,0.6,1.6,1,0.740741,0.740741,10168.802766,3226.95,0.740741,10168.803765,deadline,,1,0.518963,0.6,9760.528,2791.111111,0.6,9760.528998,lower_speed,,408.274766,3B,recommend_3arm_lower_energy_under_deadline,3B has lower optimized energy under the same deadline,1,1,switching_boundary_found,1.487241,1.4,1.5,-0.0003885665,scan_plus_bisection,A sign change is detected between 1.4000 and 1.5000; bisection gives switch boundary r*≈1.487241.,"min E0*((1-rho)+rho*s^2), s.t. C0/s<=D, s_min<=s<=s_max",seed_average + interior_barrier_method + golden_section_0_618 + KKT + bisection_boundary
1112,1,1,1,2,5,type4_dominant,3,"0,1,2",optimized,1.4,3346.466667,2390.333333,12076.333333,1674.666667,12578.0,200.829115,231.810986,43.87862,257.116705,0.35,0.6,1.6,1,0.714286,0.714286,10006.104762,3346.466667,0.714286,10006.105765,deadline,,1,0.500428,0.6,9760.528,2791.111111,0.6,9760.528998,lower_speed,,245.576762,3B,recommend_3arm_lower_energy_under_deadline,3B has lower optimized energy under the same deadline,1,1,switching_boundary_found,1.487241,1.4,1.5,-0.0003885665,scan_plus_bisection,A sign change is detected between 1.4000 and 1.5000; bisection gives switch boundary r*≈1.487241.,"min E0*((1-rho)+rho*s^2), s.t. C0/s<=D, s_min<=s<=s_max",seed_average + interior_barrier_method + golden_section_0_618 + KKT + bisection_boundary
1112,1,1,1,2,5,type4_dominant,3,"0,1,2",optimized,1.5,3585.5,2390.333333,12076.333333,1674.666667,12578.0,200.829115,231.810986,43.87862,257.116705,0.35,0.6,1.6,1,0.666667,0.666667,9728.157407,3585.5,0.666667,9728.158405,deadline,,1,0.467066,0.6,9760.528,2791.111111,0.6,9760.528998,lower_speed,,-32.370593,2B,recommend_2arm_lower_energy_under_deadline,2B has lower optimized energy under the same deadline,1,1,switching_boundary_found,1.487241,1.4,1.5,-0.0003885665,scan_plus_bisection,A sign change is detected between 1.4000 and 1.5000; bisection gives switch boundary r*≈1.487241.,"min E0*((1-rho)+rho*s^2), s.t. C0/s<=D, s_min<=s<=s_max",seed_average + interior_barrier_method + golden_section_0_618 + KKT + bisection_boundary
1121,1,1,2,1,5,dual_arm_dominant,3,"0,1,2",optimized,0.7,1638.7,2341.0,9844.0,1646.666667,10282.333333,299.180547,498.404454,90.787297,487.639553,0.35,0.6,1.6,1,1.428571,1.428571,13430.028571,1638.7,1.428572,13430.029567,deadline,,1,1.004862,1.004862,10317.410242,1638.7,1.004862,10317.411253,deadline,,3112.61833,3B,recommend_3arm_lower_energy_under_deadline,3B has lower optimized energy under the same deadline,1,1,switching_boundary_found,1.476468,1.4,1.5,-0.0002832701,scan_plus_bisection,A sign change is detected between 1.4000 and 1.5000; bisection gives switch boundary r*≈1.476468.,"min E0*((1-rho)+rho*s^2), s.t. C0/s<=D, s_min<=s<=s_max",seed_average + interior_barrier_method + golden_section_0_618 + KKT + bisection_boundary
1121,1,1,2,1,5,dual_arm_dominant,3,"0,1,2",optimized,0.75,1755.75,2341.0,9844.0,1646.666667,10282.333333,299.180547,498.404454,90.787297,487.639553,0.35,0.6,1.6,1,1.333333,1.333333,12523.755556,1755.75,1.333333,12523.756543,deadline,,1,0.937871,0.937871,9849.041736,1755.75,0.937871,9849.042728,deadline,,2674.713819,3B,recommend_3arm_lower_energy_under_deadline,3B has lower optimized energy under the same deadline,1,1,switching_boundary_found,1.476468,1.4,1.5,-0.0002832701,scan_plus_bisection,A sign change is detected between 1.4000 and 1.5000; bisection gives switch boundary r*≈1.476468.,"min E0*((1-rho)+rho*s^2), s.t. C0/s<=D, s_min<=s<=s_max",seed_average + interior_barrier_method + golden_section_0_618 + KKT + bisection_boundary
1121,1,1,2,1,5,dual_arm_dominant,3,"0,1,2",optimized,0.8,1872.8,2341.0,9844.0,1646.666667,10282.333333,299.180547,498.404454,90.787297,487.639553,0.35,0.6,1.6,1,1.25,1.25,11782.0375,1872.8,1.25,11782.038504,deadline,,1,0.879254,0.879254,9465.716435,1872.8,0.879254,9465.717441,deadline,,2316.321065,3B,recommend_3arm_lower_energy_under_deadline,3B has lower optimized energy under the same deadline,1,1,switching_boundary_found,1.476468,1.4,1.5,-0.0002832701,scan_plus_bisection,A sign change is detected between 1.4000 and 1.5000; bisection gives switch boundary r*≈1.476468.,"min E0*((1-rho)+rho*s^2), s.t. C0/s<=D, s_min<=s<=s_max",seed_average + interior_barrier_method + golden_section_0_618 + KKT + bisection_boundary
1121,1,1,2,1,5,dual_arm_dominant,3,"0,1,2",optimized,0.85,1989.85,2341.0,9844.0,1646.666667,10282.333333,299.180547,498.404454,90.787297,487.639553,0.35,0.6,1.6,1,1.176471,1.176471,11167.319723,1989.85,1.176471,11167.320707,deadline,,1,0.827533,0.827533,9148.025804,1989.85,0.827533,9148.026814,deadline,,2019.293919,3B,recommend_3arm_lower_energy_under_deadline,3B has lower optimized energy under the same deadline,1,1,switching_boundary_found,1.476468,1.4,1.5,-0.0002832701,scan_plus_bisection,A sign change is detected between 1.4000 and 1.5000; bisection gives switch boundary r*≈1.476468.,"min E0*((1-rho)+rho*s^2), s.t. C0/s<=D, s_min<=s<=s_max",seed_average + interior_barrier_method + golden_section_0_618 + KKT + bisection_boundary
1121,1,1,2,1,5,dual_arm_dominant,3,"0,1,2",optimized,0.9,2106.9,2341.0,9844.0,1646.666667,10282.333333,299.180547,498.404454,90.787297,487.639553,0.35,0.6,1.6,1,1.111111,1.111111,10652.180247,2106.9,1.111111,10652.181239,deadline,,1,0.781559,0.781559,8881.797965,2106.9,0.781559,8881.798973,deadline,,1770.382282,3B,recommend_3arm_lower_energy_under_deadline,3B has lower optimized energy under the same deadline,1,1,switching_boundary_found,1.476468,1.4,1.5,-0.0002832701,scan_plus_bisection,A sign change is detected between 1.4000 and 1.5000; bisection gives switch boundary r*≈1.476468.,"min E0*((1-rho)+rho*s^2), s.t. C0/s<=D, s_min<=s<=s_max",seed_average + interior_barrier_method + golden_section_0_618 + KKT + bisection_boundary
1121,1,1,2,1,5,dual_arm_dominant,3,"0,1,2",optimized,0.95,2223.95,2341.0,9844.0,1646.666667,10282.333333,299.180547,498.404454,90.787297,487.639553,0.35,0.6,1.6,1,1.052632,1.052632,10216.217729,2223.95,1.052632,10216.21874,deadline,,1,0.740424,0.740424,8656.489356,2223.95,0.740425,8656.490356,deadline,,1559.728373,3B,recommend_3arm_lower_energy_under_deadline,3B has lower optimized energy under the same deadline,1,1,switching_boundary_found,1.476468,1.4,1.5,-0.0002832701,scan_plus_bisection,A sign change is detected between 1.4000 and 1.5000; bisection gives switch boundary r*≈1.476468.,"min E0*((1-rho)+rho*s^2), s.t. C0/s<=D, s_min<=s<=s_max",seed_average + interior_barrier_method + golden_section_0_618 + KKT + bisection_boundary
1121,1,1,2,1,5,dual_arm_dominant,3,"0,1,2",optimized,1.0,2341.0,2341.0,9844.0,1646.666667,10282.333333,299.180547,498.404454,90.787297,487.639553,0.35,0.6,1.6,1,1.0,1.0,9844.0,2341.0,1.0,9844.000989,deadline,,1,0.703403,0.703403,8464.124518,2341.0,0.703403,8464.125517,deadline,,1379.875482,3B,recommend_3arm_lower_energy_under_deadline,3B has lower optimized energy under the same deadline,1,1,switching_boundary_found,1.476468,1.4,1.5,-0.0002832701,scan_plus_bisection,A sign change is detected between 1.4000 and 1.5000; bisection gives switch boundary r*≈1.476468.,"min E0*((1-rho)+rho*s^2), s.t. C0/s<=D, s_min<=s<=s_max",seed_average + interior_barrier_method + golden_section_0_618 + KKT + bisection_boundary
1121,1,1,2,1,5,dual_arm_dominant,3,"0,1,2",optimized,1.05,2458.05,2341.0,9844.0,1646.666667,10282.333333,299.180547,498.404454,90.787297,487.639553,0.35,0.6,1.6,1,0.952381,0.952381,9523.679365,2458.05,0.952381,9523.680358,deadline,,1,0.669908,0.669908,8298.580478,2458.05,0.669908,8298.581482,deadline,,1225.098887,3B,recommend_3arm_lower_energy_under_deadline,3B has lower optimized energy under the same deadline,1,1,switching_boundary_found,1.476468,1.4,1.5,-0.0002832701,scan_plus_bisection,A sign change is detected between 1.4000 and 1.5000; bisection gives switch boundary r*≈1.476468.,"min E0*((1-rho)+rho*s^2), s.t. C0/s<=D, s_min<=s<=s_max",seed_average + interior_barrier_method + golden_section_0_618 + KKT + bisection_boundary
1121,1,1,2,1,5,dual_arm_dominant,3,"0,1,2",optimized,1.1,2575.1,2341.0,9844.0,1646.666667,10282.333333,299.180547,498.404454,90.787297,487.639553,0.35,0.6,1.6,1,0.909091,0.909091,9246.038017,2575.1,0.909091,9246.039023,deadline,,1,0.639457,0.639457,8155.093404,2575.1,0.639458,8155.094404,deadline,,1090.944613,3B,recommend_3arm_lower_energy_under_deadline,3B has lower optimized energy under the same deadline,1,1,switching_boundary_found,1.476468,1.4,1.5,-0.0002832701,scan_plus_bisection,A sign change is detected between 1.4000 and 1.5000; bisection gives switch boundary r*≈1.476468.,"min E0*((1-rho)+rho*s^2), s.t. C0/s<=D, s_min<=s<=s_max",seed_average + interior_barrier_method + golden_section_0_618 + KKT + bisection_boundary
1121,1,1,2,1,5,dual_arm_dominant,3,"0,1,2",optimized,1.15,2692.15,2341.0,9844.0,1646.666667,10282.333333,299.180547,498.404454,90.787297,487.639553,0.35,0.6,1.6,1,0.869565,0.869565,9003.817391,2692.15,0.869565,9003.818406,deadline,,1,0.611655,0.611655,8029.912018,2692.15,0.611655,8029.91302,deadline,,973.905374,3B,recommend_3arm_lower_energy_under_deadline,3B has lower optimized energy under the same deadline,1,1,switching_boundary_found,1.476468,1.4,1.5,-0.0002832701,scan_plus_bisection,A sign change is detected between 1.4000 and 1.5000; bisection gives switch boundary r*≈1.476468.,"min E0*((1-rho)+rho*s^2), s.t. C0/s<=D, s_min<=s<=s_max",seed_average + interior_barrier_method + golden_section_0_618 + KKT + bisection_boundary
1121,1,1,2,1,5,dual_arm_dominant,3,"0,1,2",optimized,1.2,2809.2,2341.0,9844.0,1646.666667,10282.333333,299.180547,498.404454,90.787297,487.639553,0.35,0.6,1.6,1,0.833333,0.833333,8791.238889,2809.2,0.833334,8791.239875,deadline,,1,0.586169,0.6,7979.090667,2744.444444,0.6,7979.091661,lower_speed,,812.148222,3B,recommend_3arm_lower_energy_under_deadline,3B has lower optimized energy under the same deadline,1,1,switching_boundary_found,1.476468,1.4,1.5,-0.0002832701,scan_plus_bisection,A sign change is detected between 1.4000 and 1.5000; bisection gives switch boundary r*≈1.476468.,"min E0*((1-rho)+rho*s^2), s.t. C0/s<=D, s_min<=s<=s_max",seed_average + interior_barrier_method + golden_section_0_618 + KKT + bisection_boundary
1121,1,1,2,1,5,dual_arm_dominant,3,"0,1,2",optimized,1.25,2926.25,2341.0,9844.0,1646.666667,10282.333333,299.180547,498.404454,90.787297,487.639553,0.35,0.6,1.6,1,0.8,0.8,8603.656,2926.25,0.8,8603.656986,deadline,,1,0.562722,0.6,7979.090667,2744.444444,0.6,7979.091661,lower_speed,,624.565333,3B,recommend_3arm_lower_energy_under_deadline,3B has lower optimized energy under the same deadline,1,1,switching_boundary_found,1.476468,1.4,1.5,-0.0002832701,scan_plus_bisection,A sign change is detected between 1.4000 and 1.5000; bisection gives switch boundary r*≈1.476468.,"min E0*((1-rho)+rho*s^2), s.t. C0/s<=D, s_min<=s<=s_max",seed_average + interior_barrier_method + golden_section_0_618 + KKT + bisection_boundary
1121,1,1,2,1,5,dual_arm_dominant,3,"0,1,2",optimized,1.3,3043.3,2341.0,9844.0,1646.666667,10282.333333,299.180547,498.404454,90.787297,487.639553,0.35,0.6,1.6,1,0.769231,0.769231,8437.298225,3043.3,0.769231,8437.299238,deadline,,1,0.541079,0.6,7979.090667,2744.444444,0.6,7979.091661,lower_speed,,458.207558,3B,recommend_3arm_lower_energy_under_deadline,3B has lower optimized energy under the same deadline,1,1,switching_boundary_found,1.476468,1.4,1.5,-0.0002832701,scan_plus_bisection,A sign change is detected between 1.4000 and 1.5000; bisection gives switch boundary r*≈1.476468.,"min E0*((1-rho)+rho*s^2), s.t. C0/s<=D, s_min<=s<=s_max",seed_average + interior_barrier_method + golden_section_0_618 + KKT + bisection_boundary
1121,1,1,2,1,5,dual_arm_dominant,3,"0,1,2",optimized,1.35,3160.35,2341.0,9844.0,1646.666667,10282.333333,299.180547,498.404454,90.787297,487.639553,0.35,0.6,1.6,1,0.740741,0.740741,8289.08011,3160.35,0.740741,8289.081117,deadline,,1,0.521039,0.6,7979.090667,2744.444444,0.6,7979.091661,lower_speed,,309.989443,3B,recommend_3arm_lower_energy_under_deadline,3B has lower optimized energy under the same deadline,1,1,switching_boundary_found,1.476468,1.4,1.5,-0.0002832701,scan_plus_bisection,A sign change is detected between 1.4000 and 1.5000; bisection gives switch boundary r*≈1.476468.,"min E0*((1-rho)+rho*s^2), s.t. C0/s<=D, s_min<=s<=s_max",seed_average + interior_barrier_method + golden_section_0_618 + KKT + bisection_boundary
1121,1,1,2,1,5,dual_arm_dominant,3,"0,1,2",optimized,1.4,3277.4,2341.0,9844.0,1646.666667,10282.333333,299.180547,498.404454,90.787297,487.639553,0.35,0.6,1.6,1,0.714286,0.714286,8156.457143,3277.4,0.714286,8156.458152,deadline,,1,0.502431,0.6,7979.090667,2744.444444,0.6,7979.091661,lower_speed,,177.366476,3B,recommend_3arm_lower_energy_under_deadline,3B has lower optimized energy under the same deadline,1,1,switching_boundary_found,1.476468,1.4,1.5,-0.0002832701,scan_plus_bisection,A sign change is detected between 1.4000 and 1.5000; bisection gives switch boundary r*≈1.476468.,"min E0*((1-rho)+rho*s^2), s.t. C0/s<=D, s_min<=s<=s_max",seed_average + interior_barrier_method + golden_section_0_618 + KKT + bisection_boundary
1121,1,1,2,1,5,dual_arm_dominant,3,"0,1,2",optimized,1.5,3511.5,2341.0,9844.0,1646.666667,10282.333333,299.180547,498.404454,90.787297,487.639553,0.35,0.6,1.6,1,0.666667,0.666667,7929.888889,3511.5,0.666667,7929.889898,deadline,,1,0.468935,0.6,7979.090667,2744.444444,0.6,7979.091661,lower_speed,,-49.201778,2B,recommend_2arm_lower_energy_under_deadline,2B has lower optimized energy under the same deadline,1,1,switching_boundary_found,1.476468,1.4,1.5,-0.0002832701,scan_plus_bisection,A sign change is detected between 1.4000 and 1.5000; bisection gives switch boundary r*≈1.476468.,"min E0*((1-rho)+rho*s^2), s.t. C0/s<=D, s_min<=s<=s_max",seed_average + interior_barrier_method + golden_section_0_618 + KKT + bisection_boundary
1122,1,1,2,2,6,dual_arm_dominant,3,"0,1,2",optimized,0.7,2005.266667,2864.666667,13975.666667,2172.666667,14493.333333,190.326912,447.254216,14.502873,457.967612,0.35,0.6,1.6,1,1.428571,1.428571,19066.802381,2005.266667,1.428571,19066.803375,deadline,,1,1.08348,1.08348,15375.618576,2005.266667,1.08348,15375.619564,deadline,,3691.183805,3B,recommend_3arm_lower_energy_under_deadline,3B has lower optimized energy under the same deadline,1,1,all_3arm_lower_energy_in_scan,,0.7,1.5,,scan_only,"In all comparable scanned deadline ratios, A(r)>0, so 3B has lower optimized energy.","min E0*((1-rho)+rho*s^2), s.t. C0/s<=D, s_min<=s<=s_max",seed_average + interior_barrier_method + golden_section_0_618 + KKT + bisection_boundary
1122,1,1,2,2,6,dual_arm_dominant,3,"0,1,2",optimized,0.75,2148.5,2864.666667,13975.666667,2172.666667,14493.333333,190.326912,447.254216,14.502873,457.967612,0.35,0.6,1.6,1,1.333333,1.333333,17780.153704,2148.5,1.333333,17780.154705,deadline,,1,1.011248,1.011248,14608.091441,2148.5,1.011248,14608.092456,deadline,,3172.062263,3B,recommend_3arm_lower_energy_under_deadline,3B has lower optimized energy under the same deadline,1,1,all_3arm_lower_energy_in_scan,,0.7,1.5,,scan_only,"In all comparable scanned deadline ratios, A(r)>0, so 3B has lower optimized energy.","min E0*((1-rho)+rho*s^2), s.t. C0/s<=D, s_min<=s<=s_max",seed_average + interior_barrier_method + golden_section_0_618 + KKT + bisection_boundary
1122,1,1,2,2,6,dual_arm_dominant,3,"0,1,2",optimized,0.8,2291.733333,2864.666667,13975.666667,2172.666667,14493.333333,190.326912,447.254216,14.502873,457.967612,0.35,0.6,1.6,1,1.25,1.25,16727.126042,2291.733333,1.25,16727.127033,deadline,,1,0.948045,0.948045,13979.926722,2291.733333,0.948045,13979.927722,deadline,,2747.199319,3B,recommend_3arm_lower_energy_under_deadline,3B has lower optimized energy under the same deadline,1,1,all_3arm_lower_energy_in_scan,,0.7,1.5,,scan_only,"In all comparable scanned deadline ratios, A(r)>0, so 3B has lower optimized energy.","min E0*((1-rho)+rho*s^2), s.t. C0/s<=D, s_min<=s<=s_max",seed_average + interior_barrier_method + golden_section_0_618 + KKT + bisection_boundary
1122,1,1,2,2,6,dual_arm_dominant,3,"0,1,2",optimized,0.85,2434.966667,2864.666667,13975.666667,2172.666667,14493.333333,190.326912,447.254216,14.502873,457.967612,0.35,0.6,1.6,1,1.176471,1.176471,15854.40248,2434.966667,1.176471,15854.403495,deadline,,1,0.892278,0.892278,13459.319173,2434.966667,0.892278,13459.320186,deadline,,2395.083307,3B,recommend_3arm_lower_energy_under_deadline,3B has lower optimized energy under the same deadline,1,1,all_3arm_lower_energy_in_scan,,0.7,1.5,,scan_only,"In all comparable scanned deadline ratios, A(r)>0, so 3B has lower optimized energy.","min E0*((1-rho)+rho*s^2), s.t. C0/s<=D, s_min<=s<=s_max",seed_average + interior_barrier_method + golden_section_0_618 + KKT + bisection_boundary
1122,1,1,2,2,6,dual_arm_dominant,3,"0,1,2",optimized,0.9,2578.2,2864.666667,13975.666667,2172.666667,14493.333333,190.326912,447.254216,14.502873,457.967612,0.35,0.6,1.6,1,1.111111,1.111111,15123.051646,2578.2,1.111111,15123.052637,deadline,,1,0.842707,0.842707,13023.044982,2578.2,0.842707,13023.045972,deadline,,2100.006664,3B,recommend_3arm_lower_energy_under_deadline,3B has lower optimized energy under the same deadline,1,1,all_3arm_lower_energy_in_scan,,0.7,1.5,,scan_only,"In all comparable scanned deadline ratios, A(r)>0, so 3B has lower optimized energy.","min E0*((1-rho)+rho*s^2), s.t. C0/s<=D, s_min<=s<=s_max",seed_average + interior_barrier_method + golden_section_0_618 + KKT + bisection_boundary
1122,1,1,2,2,6,dual_arm_dominant,3,"0,1,2",optimized,0.95,2721.433333,2864.666667,13975.666667,2172.666667,14493.333333,190.326912,447.254216,14.502873,457.967612,0.35,0.6,1.6,1,1.052632,1.052632,14504.109464,2721.433333,1.052632,14504.110459,deadline,,1,0.798354,0.798354,12653.826152,2721.433333,0.798354,12653.82714,deadline,,1850.283312,3B,recommend_3arm_lower_energy_under_deadline,3B has lower optimized energy under the same deadline,1,1,all_3arm_lower_energy_in_scan,,0.7,1.5,,scan_only,"In all comparable scanned deadline ratios, A(r)>0, so 3B has lower optimized energy.","min E0*((1-rho)+rho*s^2), s.t. C0/s<=D, s_min<=s<=s_max",seed_average + interior_barrier_method + golden_section_0_618 + KKT + bisection_boundary
1122,1,1,2,2,6,dual_arm_dominant,3,"0,1,2",optimized,1.0,2864.666667,2864.666667,13975.666667,2172.666667,14493.333333,190.326912,447.254216,14.502873,457.967612,0.35,0.6,1.6,1,1.0,1.0,13975.666667,2864.666667,1.0,13975.667652,deadline,,1,0.758436,0.758436,12338.593102,2864.666667,0.758436,12338.594112,deadline,,1637.073564,3B,recommend_3arm_lower_energy_under_deadline,3B has lower optimized energy under the same deadline,1,1,all_3arm_lower_energy_in_scan,,0.7,1.5,,scan_only,"In all comparable scanned deadline ratios, A(r)>0, so 3B has lower optimized energy.","min E0*((1-rho)+rho*s^2), s.t. C0/s<=D, s_min<=s<=s_max",seed_average + interior_barrier_method + golden_section_0_618 + KKT + bisection_boundary
1122,1,1,2,2,6,dual_arm_dominant,3,"0,1,2",optimized,1.05,3007.9,2864.666667,13975.666667,2172.666667,14493.333333,190.326912,447.254216,14.502873,457.967612,0.35,0.6,1.6,1,0.952381,0.952381,13520.90291,3007.9,0.952381,13520.903915,deadline,,1,0.72232,0.72232,12067.31196,3007.9,0.72232,12067.312973,deadline,,1453.59095,3B,recommend_3arm_lower_energy_under_deadline,3B has lower optimized energy under the same deadline,1,1,all_3arm_lower_energy_in_scan,,0.7,1.5,,scan_only,"In all comparable scanned deadline ratios, A(r)>0, so 3B has lower optimized energy.","min E0*((1-rho)+rho*s^2), s.t. C0/s<=D, s_min<=s<=s_max",seed_average + interior_barrier_method + golden_section_0_618 + KKT + bisection_boundary
1122,1,1,2,2,6,dual_arm_dominant,3,"0,1,2",optimized,1.1,3151.133333,2864.666667,13975.666667,2172.666667,14493.333333,190.326912,447.254216,14.502873,457.967612,0.35,0.6,1.6,1,0.909091,0.909091,13126.731543,3151.133333,0.909091,13126.73256,deadline,,1,0.689487,0.689487,11832.176118,3151.133333,0.689488,11832.177119,deadline,,1294.555425,3B,recommend_3arm_lower_energy_under_deadline,3B has lower optimized energy under the same deadline,1,1,all_3arm_lower_energy_in_scan,,0.7,1.5,,scan_only,"In all comparable scanned deadline ratios, A(r)>0, so 3B has lower optimized energy.","min E0*((1-rho)+rho*s^2), s.t. C0/s<=D, s_min<=s<=s_max",seed_average + interior_barrier_method + golden_section_0_618 + KKT + bisection_boundary
1122,1,1,2,2,6,dual_arm_dominant,3,"0,1,2",optimized,1.15,3294.366667,2864.666667,13975.666667,2172.666667,14493.333333,190.326912,447.254216,14.502873,457.967612,0.35,0.6,1.6,1,0.869565,0.869565,12782.84748,3294.366667,0.869565,12782.84846,deadline,,1,0.65951,0.65951,11627.038263,3294.366667,0.65951,11627.039267,deadline,,1155.809217,3B,recommend_3arm_lower_energy_under_deadline,3B has lower optimized energy under the same deadline,1,1,all_3arm_lower_energy_in_scan,,0.7,1.5,,scan_only,"In all comparable scanned deadline ratios, A(r)>0, so 3B has lower optimized energy.","min E0*((1-rho)+rho*s^2), s.t. C0/s<=D, s_min<=s<=s_max",seed_average + interior_barrier_method + golden_section_0_618 + KKT + bisection_boundary
1122,1,1,2,2,6,dual_arm_dominant,3,"0,1,2",optimized,1.2,3437.6,2864.666667,13975.666667,2172.666667,14493.333333,190.326912,447.254216,14.502873,457.967612,0.35,0.6,1.6,1,0.833333,0.833333,12481.046759,3437.6,0.833333,12481.047741,deadline,,1,0.63203,0.63203,11447.004469,3437.6,0.63203,11447.005458,deadline,,1034.04229,3B,recommend_3arm_lower_energy_under_deadline,3B has lower optimized energy under the same deadline,1,1,all_3arm_lower_energy_in_scan,,0.7,1.5,,scan_only,"In all comparable scanned deadline ratios, A(r)>0, so 3B has lower optimized energy.","min E0*((1-rho)+rho*s^2), s.t. C0/s<=D, s_min<=s<=s_max",seed_average + interior_barrier_method + golden_section_0_618 + KKT + bisection_boundary
1122,1,1,2,2,6,dual_arm_dominant,3,"0,1,2",optimized,1.25,3580.833333,2864.666667,13975.666667,2172.666667,14493.333333,190.326912,447.254216,14.502873,457.967612,0.35,0.6,1.6,1,0.8,0.8,12214.732667,3580.833333,0.8,12214.733647,deadline,,1,0.606749,0.606749,11288.139585,3580.833333,0.606749,11288.140584,deadline,,926.593081,3B,recommend_3arm_lower_energy_under_deadline,3B has lower optimized energy under the same deadline,1,1,all_3arm_lower_energy_in_scan,,0.7,1.5,,scan_only,"In all comparable scanned deadline ratios, A(r)>0, so 3B has lower optimized energy.","min E0*((1-rho)+rho*s^2), s.t. C0/s<=D, s_min<=s<=s_max",seed_average + interior_barrier_method + golden_section_0_618 + KKT + bisection_boundary
1122,1,1,2,2,6,dual_arm_dominant,3,"0,1,2",optimized,1.3,3724.066667,2864.666667,13975.666667,2172.666667,14493.333333,190.326912,447.254216,14.502873,457.967612,0.35,0.6,1.6,1,0.769231,0.769231,11978.55217,3724.066667,0.769231,11978.55319,deadline,,1,0.583412,0.6,11246.826667,3621.111111,0.6,11246.827661,lower_speed,,731.725503,3B,recommend_3arm_lower_energy_under_deadline,3B has lower optimized energy under the same deadline,1,1,all_3arm_lower_energy_in_scan,,0.7,1.5,,scan_only,"In all comparable scanned deadline ratios, A(r)>0, so 3B has lower optimized energy.","min E0*((1-rho)+rho*s^2), s.t. C0/s<=D, s_min<=s<=s_max",seed_average + interior_barrier_method + golden_section_0_618 + KKT + bisection_boundary
1122,1,1,2,2,6,dual_arm_dominant,3,"0,1,2",optimized,1.35,3867.3,2864.666667,13975.666667,2172.666667,14493.333333,190.326912,447.254216,14.502873,457.967612,0.35,0.6,1.6,1,0.740741,0.740741,11768.124806,3867.3,0.740741,11768.125819,deadline,,1,0.561805,0.6,11246.826667,3621.111111,0.6,11246.827661,lower_speed,,521.298139,3B,recommend_3arm_lower_energy_under_deadline,3B has lower optimized energy under the same deadline,1,1,all_3arm_lower_energy_in_scan,,0.7,1.5,,scan_only,"In all comparable scanned deadline ratios, A(r)>0, so 3B has lower optimized energy.","min E0*((1-rho)+rho*s^2), s.t. C0/s<=D, s_min<=s<=s_max",seed_average + interior_barrier_method + golden_section_0_618 + KKT + bisection_boundary
1122,1,1,2,2,6,dual_arm_dominant,3,"0,1,2",optimized,1.4,4010.533333,2864.666667,13975.666667,2172.666667,14493.333333,190.326912,447.254216,14.502873,457.967612,0.35,0.6,1.6,1,0.714286,0.714286,11579.838095,4010.533333,0.714286,11579.839087,deadline,,1,0.54174,0.6,11246.826667,3621.111111,0.6,11246.827661,lower_speed,,333.011429,3B,recommend_3arm_lower_energy_under_deadline,3B has lower optimized energy under the same deadline,1,1,all_3arm_lower_energy_in_scan,,0.7,1.5,,scan_only,"In all comparable scanned deadline ratios, A(r)>0, so 3B has lower optimized energy.","min E0*((1-rho)+rho*s^2), s.t. C0/s<=D, s_min<=s<=s_max",seed_average + interior_barrier_method + golden_section_0_618 + KKT + bisection_boundary
1122,1,1,2,2,6,dual_arm_dominant,3,"0,1,2",optimized,1.5,4297.0,2864.666667,13975.666667,2172.666667,14493.333333,190.326912,447.254216,14.502873,457.967612,0.35,0.6,1.6,1,0.666667,0.666667,11258.175926,4297.0,0.666667,11258.176924,deadline,,1,0.505624,0.6,11246.826667,3621.111111,0.6,11246.827661,lower_speed,,11.349259,3B,recommend_3arm_lower_energy_under_deadline,3B has lower optimized energy under the same deadline,1,1,all_3arm_lower_energy_in_scan,,0.7,1.5,,scan_only,"In all comparable scanned deadline ratios, A(r)>0, so 3B has lower optimized energy.","min E0*((1-rho)+rho*s^2), s.t. C0/s<=D, s_min<=s<=s_max",seed_average + interior_barrier_method + golden_section_0_618 + KKT + bisection_boundary
1211,1,2,1,1,5,single_arm_dominant,3,"0,1,2",optimized,0.7,1512.233333,2160.333333,8401.0,1387.0,8807.666667,377.975308,916.960741,157.572206,916.628787,0.35,0.6,1.6,1,1.428571,1.428571,11461.364286,1512.233333,1.428572,11461.365292,deadline,,1,0.917187,0.917187,8318.232357,1512.233333,0.917187,8318.233344,deadline,,3143.131929,3B,recommend_3arm_lower_energy_under_deadline,3B has lower optimized energy under the same deadline,1,1,switching_boundary_found,1.462819,1.4,1.5,-1.36126e-05,scan_plus_bisection,A sign change is detected between 1.4000 and 1.5000; bisection gives switch boundary r*≈1.462819.,"min E0*((1-rho)+rho*s^2), s.t. C0/s<=D, s_min<=s<=s_max",seed_average + interior_barrier_method + golden_section_0_618 + KKT + bisection_boundary
1211,1,2,1,1,5,single_arm_dominant,3,"0,1,2",optimized,0.75,1620.25,2160.333333,8401.0,1387.0,8807.666667,377.975308,916.960741,157.572206,916.628787,0.35,0.6,1.6,1,1.333333,1.333333,10687.938889,1620.25,1.333333,10687.939896,deadline,,1,0.856041,0.856041,7983.991372,1620.25,0.856041,7983.992371,deadline,,2703.947517,3B,recommend_3arm_lower_energy_under_deadline,3B has lower optimized energy under the same deadline,1,1,switching_boundary_found,1.462819,1.4,1.5,-1.36126e-05,scan_plus_bisection,A sign change is detected between 1.4000 and 1.5000; bisection gives switch boundary r*≈1.462819.,"min E0*((1-rho)+rho*s^2), s.t. C0/s<=D, s_min<=s<=s_max",seed_average + interior_barrier_method + golden_section_0_618 + KKT + bisection_boundary
1211,1,2,1,1,5,single_arm_dominant,3,"0,1,2",optimized,0.8,1728.266667,2160.333333,8401.0,1387.0,8807.666667,377.975308,916.960741,157.572206,916.628787,0.35,0.6,1.6,1,1.25,1.25,10054.946875,1728.266667,1.25,10054.947875,deadline,,1,0.802538,0.802538,7710.439617,1728.266667,0.802538,7710.440617,deadline,,2344.507258,3B,recommend_3arm_lower_energy_under_deadline,3B has lower optimized energy under the same deadline,1,1,switching_boundary_found,1.462819,1.4,1.5,-1.36126e-05,scan_plus_bisection,A sign change is detected between 1.4000 and 1.5000; bisection gives switch boundary r*≈1.462819.,"min E0*((1-rho)+rho*s^2), s.t. C0/s<=D, s_min<=s<=s_max",seed_average + interior_barrier_method + golden_section_0_618 + KKT + bisection_boundary
1211,1,2,1,1,5,single_arm_dominant,3,"0,1,2",optimized,0.85,1836.283333,2160.333333,8401.0,1387.0,8807.666667,377.975308,916.960741,157.572206,916.628787,0.35,0.6,1.6,1,1.176471,1.176471,9530.338581,1836.283333,1.176471,9530.339597,deadline,,1,0.75533,0.75533,7483.726616,1836.283333,0.75533,7483.72761,deadline,,2046.611966,3B,recommend_3arm_lower_energy_under_deadline,3B has lower optimized energy under the same deadline,1,1,switching_boundary_found,1.462819,1.4,1.5,-1.36126e-05,scan_plus_bisection,A sign change is detected between 1.4000 and 1.5000; bisection gives switch boundary r*≈1.462819.,"min E0*((1-rho)+rho*s^2), s.t. C0/s<=D, s_min<=s<=s_max",seed_average + interior_barrier_method + golden_section_0_618 + KKT + bisection_boundary
1211,1,2,1,1,5,single_arm_dominant,3,"0,1,2",optimized,0.9,1944.3,2160.333333,8401.0,1387.0,8807.666667,377.975308,916.960741,157.572206,916.628787,0.35,0.6,1.6,1,1.111111,1.111111,9090.711728,1944.3,1.111111,9090.71273,deadline,,1,0.713367,0.713367,7293.738916,1944.3,0.713368,7293.739918,deadline,,1796.972813,3B,recommend_3arm_lower_energy_under_deadline,3B has lower optimized energy under the same deadline,1,1,switching_boundary_found,1.462819,1.4,1.5,-1.36126e-05,scan_plus_bisection,A sign change is detected between 1.4000 and 1.5000; bisection gives switch boundary r*≈1.462819.,"min E0*((1-rho)+rho*s^2), s.t. C0/s<=D, s_min<=s<=s_max",seed_average + interior_barrier_method + golden_section_0_618 + KKT + bisection_boundary
1211,1,2,1,1,5,single_arm_dominant,3,"0,1,2",optimized,0.95,2052.316667,2160.333333,8401.0,1387.0,8807.666667,377.975308,916.960741,157.572206,916.628787,0.35,0.6,1.6,1,1.052632,1.052632,8718.65554,2052.316667,1.052632,8718.656544,deadline,,1,0.675822,0.675822,7132.952332,2052.316667,0.675822,7132.953338,deadline,,1585.703208,3B,recommend_3arm_lower_energy_under_deadline,3B has lower optimized energy under the same deadline,1,1,switching_boundary_found,1.462819,1.4,1.5,-1.36126e-05,scan_plus_bisection,A sign change is detected between 1.4000 and 1.5000; bisection gives switch boundary r*≈1.462819.,"min E0*((1-rho)+rho*s^2), s.t. C0/s<=D, s_min<=s<=s_max",seed_average + interior_barrier_method + golden_section_0_618 + KKT + bisection_boundary
1211,1,2,1,1,5,single_arm_dominant,3,"0,1,2",optimized,1.0,2160.333333,2160.333333,8401.0,1387.0,8807.666667,377.975308,916.960741,157.572206,916.628787,0.35,0.6,1.6,1,1.0,1.0,8401.0,2160.333333,1.0,8401.000999,deadline,,1,0.642031,0.642031,6995.675355,2160.333333,0.642031,6995.67636,deadline,,1405.324645,3B,recommend_3arm_lower_energy_under_deadline,3B has lower optimized energy under the same deadline,1,1,switching_boundary_found,1.462819,1.4,1.5,-1.36126e-05,scan_plus_bisection,A sign change is detected between 1.4000 and 1.5000; bisection gives switch boundary r*≈1.462819.,"min E0*((1-rho)+rho*s^2), s.t. C0/s<=D, s_min<=s<=s_max",seed_average + interior_barrier_method + golden_section_0_618 + KKT + bisection_boundary
1211,1,2,1,1,5,single_arm_dominant,3,"0,1,2",optimized,1.05,2268.35,2160.333333,8401.0,1387.0,8807.666667,377.975308,916.960741,157.572206,916.628787,0.35,0.6,1.6,1,0.952381,0.952381,8127.634127,2268.35,0.952381,8127.635124,deadline,,1,0.611458,0.611458,6877.538455,2268.35,0.611458,6877.539452,deadline,,1250.095672,3B,recommend_3arm_lower_energy_under_deadline,3B has lower optimized energy under the same deadline,1,1,switching_boundary_found,1.462819,1.4,1.5,-1.36126e-05,scan_plus_bisection,A sign change is detected between 1.4000 and 1.5000; bisection gives switch boundary r*≈1.462819.,"min E0*((1-rho)+rho*s^2), s.t. C0/s<=D, s_min<=s<=s_max",seed_average + interior_barrier_method + golden_section_0_618 + KKT + bisection_boundary
1211,1,2,1,1,5,single_arm_dominant,3,"0,1,2",optimized,1.1,2376.366667,2160.333333,8401.0,1387.0,8807.666667,377.975308,916.960741,157.572206,916.628787,0.35,0.6,1.6,1,0.909091,0.909091,7890.691322,2376.366667,0.909091,7890.692334,deadline,,1,0.583664,0.6,6834.749333,2311.666667,0.6,6834.750338,lower_speed,,1055.941989,3B,recommend_3arm_lower_energy_under_deadline,3B has lower optimized energy under the same deadline,1,1,switching_boundary_found,1.462819,1.4,1.5,-1.36126e-05,scan_plus_bisection,A sign change is detected between 1.4000 and 1.5000; bisection gives switch boundary r*≈1.462819.,"min E0*((1-rho)+rho*s^2), s.t. C0/s<=D, s_min<=s<=s_max",seed_average + interior_barrier_method + golden_section_0_618 + KKT + bisection_boundary
1211,1,2,1,1,5,single_arm_dominant,3,"0,1,2",optimized,1.15,2484.383333,2160.333333,8401.0,1387.0,8807.666667,377.975308,916.960741,157.572206,916.628787,0.35,0.6,1.6,1,0.869565,0.869565,7683.977032,2484.383333,0.869565,7683.978026,deadline,,1,0.558287,0.6,6834.749333,2311.666667,0.6,6834.750338,lower_speed,,849.227699,3B,recommend_3arm_lower_energy_under_deadline,3B has lower optimized energy under the same deadline,1,1,switching_boundary_found,1.462819,1.4,1.5,-1.36126e-05,scan_plus_bisection,A sign change is detected between 1.4000 and 1.5000; bisection gives switch boundary r*≈1.462819.,"min E0*((1-rho)+rho*s^2), s.t. C0/s<=D, s_min<=s<=s_max",seed_average + interior_barrier_method + golden_section_0_618 + KKT + bisection_boundary
1211,1,2,1,1,5,single_arm_dominant,3,"0,1,2",optimized,1.2,2592.4,2160.333333,8401.0,1387.0,8807.666667,377.975308,916.960741,157.572206,916.628787,0.35,0.6,1.6,1,0.833333,0.833333,7502.559722,2592.4,0.833334,7502.56072,deadline,,1,0.535025,0.6,6834.749333,2311.666667,0.6,6834.750338,lower_speed,,667.810389,3B,recommend_3arm_lower_energy_under_deadline,3B has lower optimized energy under the same deadline,1,1,switching_boundary_found,1.462819,1.4,1.5,-1.36126e-05,scan_plus_bisection,A sign change is detected between 1.4000 and 1.5000; bisection gives switch boundary r*≈1.462819.,"min E0*((1-rho)+rho*s^2), s.t. C0/s<=D, s_min<=s<=s_max",seed_average + interior_barrier_method + golden_section_0_618 + KKT + bisection_boundary
1211,1,2,1,1,5,single_arm_dominant,3,"0,1,2",optimized,1.25,2700.416667,2160.333333,8401.0,1387.0,8807.666667,377.975308,916.960741,157.572206,916.628787,0.35,0.6,1.6,1,0.8,0.8,7342.474,2700.416667,0.8,7342.474997,deadline,,1,0.513624,0.6,6834.749333,2311.666667,0.6,6834.750338,lower_speed,,507.724667,3B,recommend_3arm_lower_energy_under_deadline,3B has lower optimized energy under the same deadline,1,1,switching_boundary_found,1.462819,1.4,1.5,-1.36126e-05,scan_plus_bisection,A sign change is detected between 1.4000 and 1.5000; bisection gives switch boundary r*≈1.462819.,"min E0*((1-rho)+rho*s^2), s.t. C0/s<=D, s_min<=s<=s_max",seed_average + interior_barrier_method + golden_section_0_618 + KKT + bisection_boundary
1211,1,2,1,1,5,single_arm_dominant,3,"0,1,2",optimized,1.3,2808.433333,2160.333333,8401.0,1387.0,8807.666667,377.975308,916.960741,157.572206,916.628787,0.35,0.6,1.6,1,0.769231,0.769231,7200.502071,2808.433333,0.769231,7200.503065,deadline,,1,0.49387,0.6,6834.749333,2311.666667,0.6,6834.750338,lower_speed,,365.752738,3B,recommend_3arm_lower_energy_under_deadline,3B has lower optimized energy under the same deadline,1,1,switching_boundary_found,1.462819,1.4,1.5,-1.36126e-05,scan_plus_bisection,A sign change is detected between 1.4000 and 1.5000; bisection gives switch boundary r*≈1.462819.,"min E0*((1-rho)+rho*s^2), s.t. C0/s<=D, s_min<=s<=s_max",seed_average + interior_barrier_method + golden_section_0_618 + KKT + bisection_boundary
1211,1,2,1,1,5,single_arm_dominant,3,"0,1,2",optimized,1.35,2916.45,2160.333333,8401.0,1387.0,8807.666667,377.975308,916.960741,157.572206,916.628787,0.35,0.6,1.6,1,0.740741,0.740741,7074.010768,2916.45,0.740741,7074.011757,deadline,,1,0.475578,0.6,6834.749333,2311.666667,0.6,6834.750338,lower_speed,,239.261435,3B,recommend_3arm_lower_energy_under_deadline,3B has lower optimized energy under the same deadline,1,1,switching_boundary_found,1.462819,1.4,1.5,-1.36126e-05,scan_plus_bisection,A sign change is detected between 1.4000 and 1.5000; bisection gives switch boundary r*≈1.462819.,"min E0*((1-rho)+rho*s^2), s.t. C0/s<=D, s_min<=s<=s_max",seed_average + interior_barrier_method + golden_section_0_618 + KKT + bisection_boundary
1211,1,2,1,1,5,single_arm_dominant,3,"0,1,2",optimized,1.4,3024.466667,2160.333333,8401.0,1387.0,8807.666667,377.975308,916.960741,157.572206,916.628787,0.35,0.6,1.6,1,0.714286,0.714286,6960.828571,3024.466667,0.714286,6960.829571,deadline,,1,0.458593,0.6,6834.749333,2311.666667,0.6,6834.750338,lower_speed,,126.079238,3B,recommend_3arm_lower_energy_under_deadline,3B has lower optimized energy under the same deadline,1,1,switching_boundary_found,1.462819,1.4,1.5,-1.36126e-05,scan_plus_bisection,A sign change is detected between 1.4000 and 1.5000; bisection gives switch boundary r*≈1.462819.,"min E0*((1-rho)+rho*s^2), s.t. C0/s<=D, s_min<=s<=s_max",seed_average + interior_barrier_method + golden_section_0_618 + KKT + bisection_boundary
1211,1,2,1,1,5,single_arm_dominant,3,"0,1,2",optimized,1.5,3240.5,2160.333333,8401.0,1387.0,8807.666667,377.975308,916.960741,157.572206,916.628787,0.35,0.6,1.6,1,0.666667,0.666667,6767.472222,3240.5,0.666667,6767.473219,deadline,,1,0.42802,0.6,6834.749333,2311.666667,0.6,6834.750338,lower_speed,,-67.277111,2B,recommend_2arm_lower_energy_under_deadline,2B has lower optimized energy under the same deadline,1,1,switching_boundary_found,1.462819,1.4,1.5,-1.36126e-05,scan_plus_bisection,A sign change is detected between 1.4000 and 1.5000; bisection gives switch boundary r*≈1.462819.,"min E0*((1-rho)+rho*s^2), s.t. C0/s<=D, s_min<=s<=s_max",seed_average + interior_barrier_method + golden_section_0_618 + KKT + bisection_boundary
1212,1,2,1,2,6,mixed_balanced,3,"0,1,2",optimized,0.7,1882.533333,2689.333333,12514.666667,1667.333333,12997.0,286.988385,433.595818,57.492028,431.354842,0.35,0.6,1.6,1,1.428571,1.428571,17073.580952,1882.533333,1.428572,17073.581946,deadline,,1,0.885686,0.885686,12016.426569,1882.533333,0.885686,12016.42756,deadline,,5057.154384,3B,recommend_3arm_lower_energy_under_deadline,3B has lower optimized energy under the same deadline,1,1,switching_boundary_found,1.498303,1.4,1.5,-4.90317e-05,scan_plus_bisection,A sign change is detected between 1.4000 and 1.5000; bisection gives switch boundary r*≈1.498303.,"min E0*((1-rho)+rho*s^2), s.t. C0/s<=D, s_min<=s<=s_max",seed_average + interior_barrier_method + golden_section_0_618 + KKT + bisection_boundary
1212,1,2,1,2,6,mixed_balanced,3,"0,1,2",optimized,0.75,2017.0,2689.333333,12514.666667,1667.333333,12997.0,286.988385,433.595818,57.492028,431.354842,0.35,0.6,1.6,1,1.333333,1.333333,15921.437037,2017.0,1.333333,15921.438049,deadline,,1,0.82664,0.82664,11556.502478,2017.0,0.82664,11556.503473,deadline,,4364.934559,3B,recommend_3arm_lower_energy_under_deadline,3B has lower optimized energy under the same deadline,1,1,switching_boundary_found,1.498303,1.4,1.5,-4.90317e-05,scan_plus_bisection,A sign change is detected between 1.4000 and 1.5000; bisection gives switch boundary r*≈1.498303.,"min E0*((1-rho)+rho*s^2), s.t. C0/s<=D, s_min<=s<=s_max",seed_average + interior_barrier_method + golden_section_0_618 + KKT + bisection_boundary
1212,1,2,1,2,6,mixed_balanced,3,"0,1,2",optimized,0.8,2151.466667,2689.333333,12514.666667,1667.333333,12997.0,286.988385,433.595818,57.492028,431.354842,0.35,0.6,1.6,1,1.25,1.25,14978.491667,2151.466667,1.25,14978.492669,deadline,,1,0.774975,0.774975,11180.08831,2151.466667,0.774975,11180.089301,deadline,,3798.403356,3B,recommend_3arm_lower_energy_under_deadline,3B has lower optimized energy under the same deadline,1,1,switching_boundary_found,1.498303,1.4,1.5,-4.90317e-05,scan_plus_bisection,A sign change is detected between 1.4000 and 1.5000; bisection gives switch boundary r*≈1.498303.,"min E0*((1-rho)+rho*s^2), s.t. C0/s<=D, s_min<=s<=s_max",seed_average + interior_barrier_method + golden_section_0_618 + KKT + bisection_boundary
1212,1,2,1,2,6,mixed_balanced,3,"0,1,2",optimized,0.85,2285.933333,2689.333333,12514.666667,1667.333333,12997.0,286.988385,433.595818,57.492028,431.354842,0.35,0.6,1.6,1,1.176471,1.176471,14197.001615,2285.933333,1.176471,14197.002604,deadline,,1,0.729388,0.729388,10868.125458,2285.933333,0.729389,10868.126464,deadline,,3328.876156,3B,recommend_3arm_lower_energy_under_deadline,3B has lower optimized energy under the same deadline,1,1,switching_boundary_found,1.498303,1.4,1.5,-4.90317e-05,scan_plus_bisection,A sign change is detected between 1.4000 and 1.5000; bisection gives switch boundary r*≈1.498303.,"min E0*((1-rho)+rho*s^2), s.t. C0/s<=D, s_min<=s<=s_max",seed_average + interior_barrier_method + golden_section_0_618 + KKT + bisection_boundary
1212,1,2,1,2,6,mixed_balanced,3,"0,1,2",optimized,0.9,2420.4,2689.333333,12514.666667,1667.333333,12997.0,286.988385,433.595818,57.492028,431.354842,0.35,0.6,1.6,1,1.111111,1.111111,13542.10535,2420.4,1.111111,13542.106326,deadline,,1,0.688867,0.688867,10606.697554,2420.4,0.688867,10606.698557,deadline,,2935.407796,3B,recommend_3arm_lower_energy_under_deadline,3B has lower optimized energy under the same deadline,1,1,switching_boundary_found,1.498303,1.4,1.5,-4.90317e-05,scan_plus_bisection,A sign change is detected between 1.4000 and 1.5000; bisection gives switch boundary r*≈1.498303.,"min E0*((1-rho)+rho*s^2), s.t. C0/s<=D, s_min<=s<=s_max",seed_average + interior_barrier_method + golden_section_0_618 + KKT + bisection_boundary
1212,1,2,1,2,6,mixed_balanced,3,"0,1,2",optimized,0.95,2554.866667,2689.333333,12514.666667,1667.333333,12997.0,286.988385,433.595818,57.492028,431.354842,0.35,0.6,1.6,1,1.052632,1.052632,12987.866667,2554.866667,1.052632,12987.867673,deadline,,1,0.652611,0.652611,10385.451129,2554.866667,0.652611,10385.45213,deadline,,2602.415538,3B,recommend_3arm_lower_energy_under_deadline,3B has lower optimized energy under the same deadline,1,1,switching_boundary_found,1.498303,1.4,1.5,-4.90317e-05,scan_plus_bisection,A sign change is detected between 1.4000 and 1.5000; bisection gives switch boundary r*≈1.498303.,"min E0*((1-rho)+rho*s^2), s.t. C0/s<=D, s_min<=s<=s_max",seed_average + interior_barrier_method + golden_section_0_618 + KKT + bisection_boundary
1212,1,2,1,2,6,mixed_balanced,3,"0,1,2",optimized,1.0,2689.333333,2689.333333,12514.666667,1667.333333,12997.0,286.988385,433.595818,57.492028,431.354842,0.35,0.6,1.6,1,1.0,1.0,12514.666667,2689.333333,1.0,12514.667669,deadline,,1,0.61998,0.61998,10196.554519,2689.333333,0.61998,10196.555525,deadline,,2318.112148,3B,recommend_3arm_lower_energy_under_deadline,3B has lower optimized energy under the same deadline,1,1,switching_boundary_found,1.498303,1.4,1.5,-4.90317e-05,scan_plus_bisection,A sign change is detected between 1.4000 and 1.5000; bisection gives switch boundary r*≈1.498303.,"min E0*((1-rho)+rho*s^2), s.t. C0/s<=D, s_min<=s<=s_max",seed_average + interior_barrier_method + golden_section_0_618 + KKT + bisection_boundary
1212,1,2,1,2,6,mixed_balanced,3,"0,1,2",optimized,1.05,2823.8,2689.333333,12514.666667,1667.333333,12997.0,286.988385,433.595818,57.492028,431.354842,0.35,0.6,1.6,1,0.952381,0.952381,12107.443386,2823.8,0.952381,12107.444386,deadline,,1,0.590457,0.6,10085.672,2778.888889,0.6,10085.672992,lower_speed,,2021.771386,3B,recommend_3arm_lower_energy_under_deadline,3B has lower optimized energy under the same deadline,1,1,switching_boundary_found,1.498303,1.4,1.5,-4.90317e-05,scan_plus_bisection,A sign change is detected between 1.4000 and 1.5000; bisection gives switch boundary r*≈1.498303.,"min E0*((1-rho)+rho*s^2), s.t. C0/s<=D, s_min<=s<=s_max",seed_average + interior_barrier_method + golden_section_0_618 + KKT + bisection_boundary
1212,1,2,1,2,6,mixed_balanced,3,"0,1,2",optimized,1.1,2958.266667,2689.333333,12514.666667,1667.333333,12997.0,286.988385,433.595818,57.492028,431.354842,0.35,0.6,1.6,1,0.909091,0.909091,11754.478237,2958.266667,0.909091,11754.47925,deadline,,1,0.563618,0.6,10085.672,2778.888889,0.6,10085.672992,lower_speed,,1668.806237,3B,recommend_3arm_lower_energy_under_deadline,3B has lower optimized energy under the same deadline,1,1,switching_boundary_found,1.498303,1.4,1.5,-4.90317e-05,scan_plus_bisection,A sign change is detected between 1.4000 and 1.5000; bisection gives switch boundary r*≈1.498303.,"min E0*((1-rho)+rho*s^2), s.t. C0/s<=D, s_min<=s<=s_max",seed_average + interior_barrier_method + golden_section_0_618 + KKT + bisection_boundary
1212,1,2,1,2,6,mixed_balanced,3,"0,1,2",optimized,1.15,3092.733333,2689.333333,12514.666667,1667.333333,12997.0,286.988385,433.595818,57.492028,431.354842,0.35,0.6,1.6,1,0.869565,0.869565,11446.543415,3092.733333,0.869565,11446.544396,deadline,,1,0.539113,0.6,10085.672,2778.888889,0.6,10085.672992,lower_speed,,1360.871415,3B,recommend_3arm_lower_energy_under_deadline,3B has lower optimized energy under the same deadline,1,1,switching_boundary_found,1.498303,1.4,1.5,-4.90317e-05,scan_plus_bisection,A sign change is detected between 1.4000 and 1.5000; bisection gives switch boundary r*≈1.498303.,"min E0*((1-rho)+rho*s^2), s.t. C0/s<=D, s_min<=s<=s_max",seed_average + interior_barrier_method + golden_section_0_618 + KKT + bisection_boundary
1212,1,2,1,2,6,mixed_balanced,3,"0,1,2",optimized,1.2,3227.2,2689.333333,12514.666667,1667.333333,12997.0,286.988385,433.595818,57.492028,431.354842,0.35,0.6,1.6,1,0.833333,0.833333,11176.292593,3227.2,0.833333,11176.293575,deadline,,1,0.51665,0.6,10085.672,2778.888889,0.6,10085.672992,lower_speed,,1090.620593,3B,recommend_3arm_lower_energy_under_deadline,3B has lower optimized energy under the same deadline,1,1,switching_boundary_found,1.498303,1.4,1.5,-4.90317e-05,scan_plus_bisection,A sign change is detected between 1.4000 and 1.5000; bisection gives switch boundary r*≈1.498303.,"min E0*((1-rho)+rho*s^2), s.t. C0/s<=D, s_min<=s<=s_max",seed_average + interior_barrier_method + golden_section_0_618 + KKT + bisection_boundary
1212,1,2,1,2,6,mixed_balanced,3,"0,1,2",optimized,1.25,3361.666667,2689.333333,12514.666667,1667.333333,12997.0,286.988385,433.595818,57.492028,431.354842,0.35,0.6,1.6,1,0.8,0.8,10937.818667,3361.666667,0.8,10937.819648,deadline,,1,0.495984,0.6,10085.672,2778.888889,0.6,10085.672992,lower_speed,,852.146667,3B,recommend_3arm_lower_energy_under_deadline,3B has lower optimized energy under the same deadline,1,1,switching_boundary_found,1.498303,1.4,1.5,-4.90317e-05,scan_plus_bisection,A sign change is detected between 1.4000 and 1.5000; bisection gives switch boundary r*≈1.498303.,"min E0*((1-rho)+rho*s^2), s.t. C0/s<=D, s_min<=s<=s_max",seed_average + interior_barrier_method + golden_section_0_618 + KKT + bisection_boundary
1212,1,2,1,2,6,mixed_balanced,3,"0,1,2",optimized,1.3,3496.133333,2689.333333,12514.666667,1667.333333,12997.0,286.988385,433.595818,57.492028,431.354842,0.35,0.6,1.6,1,0.769231,0.769231,10726.328205,3496.133333,0.769231,10726.329222,deadline,,1,0.476908,0.6,10085.672,2778.888889,0.6,10085.672992,lower_speed,,640.656205,3B,recommend_3arm_lower_energy_under_deadline,3B has lower optimized energy under the same deadline,1,1,switching_boundary_found,1.498303,1.4,1.5,-4.90317e-05,scan_plus_bisection,A sign change is detected between 1.4000 and 1.5000; bisection gives switch boundary r*≈1.498303.,"min E0*((1-rho)+rho*s^2), s.t. C0/s<=D, s_min<=s<=s_max",seed_average + interior_barrier_method + golden_section_0_618 + KKT + bisection_boundary
1212,1,2,1,2,6,mixed_balanced,3,"0,1,2",optimized,1.35,3630.6,2689.333333,12514.666667,1667.333333,12997.0,286.988385,433.595818,57.492028,431.354842,0.35,0.6,1.6,1,0.740741,0.740741,10537.898674,3630.6,0.740741,10537.899685,deadline,,1,0.459245,0.6,10085.672,2778.888889,0.6,10085.672992,lower_speed,,452.226674,3B,recommend_3arm_lower_energy_under_deadline,3B has lower optimized energy under the same deadline,1,1,switching_boundary_found,1.498303,1.4,1.5,-4.90317e-05,scan_plus_bisection,A sign change is detected between 1.4000 and 1.5000; bisection gives switch boundary r*≈1.498303.,"min E0*((1-rho)+rho*s^2), s.t. C0/s<=D, s_min<=s<=s_max",seed_average + interior_barrier_method + golden_section_0_618 + KKT + bisection_boundary
1212,1,2,1,2,6,mixed_balanced,3,"0,1,2",optimized,1.4,3765.066667,2689.333333,12514.666667,1667.333333,12997.0,286.988385,433.595818,57.492028,431.354842,0.35,0.6,1.6,1,0.714286,0.714286,10369.295238,3765.066667,0.714286,10369.296229,deadline,,1,0.442843,0.6,10085.672,2778.888889,0.6,10085.672992,lower_speed,,283.623238,3B,recommend_3arm_lower_energy_under_deadline,3B has lower optimized energy under the same deadline,1,1,switching_boundary_found,1.498303,1.4,1.5,-4.90317e-05,scan_plus_bisection,A sign change is detected between 1.4000 and 1.5000; bisection gives switch boundary r*≈1.498303.,"min E0*((1-rho)+rho*s^2), s.t. C0/s<=D, s_min<=s<=s_max",seed_average + interior_barrier_method + golden_section_0_618 + KKT + bisection_boundary
1212,1,2,1,2,6,mixed_balanced,3,"0,1,2",optimized,1.5,4034.0,2689.333333,12514.666667,1667.333333,12997.0,286.988385,433.595818,57.492028,431.354842,0.35,0.6,1.6,1,0.666667,0.666667,10081.259259,4034.0,0.666667,10081.260254,deadline,,1,0.41332,0.6,10085.672,2778.888889,0.6,10085.672992,lower_speed,,-4.412741,2B,recommend_2arm_lower_energy_under_deadline,2B has lower optimized energy under the same deadline,1,1,switching_boundary_found,1.498303,1.4,1.5,-4.90317e-05,scan_plus_bisection,A sign change is detected between 1.4000 and 1.5000; bisection gives switch boundary r*≈1.498303.,"min E0*((1-rho)+rho*s^2), s.t. C0/s<=D, s_min<=s<=s_max",seed_average + interior_barrier_method + golden_section_0_618 + KKT + bisection_boundary
1221,1,2,2,1,6,mixed_balanced,3,"0,1,2",optimized,0.7,1959.766667,2799.666667,11139.666667,1842.0,11610.333333,338.3908,441.46272,159.339261,459.645878,0.35,0.6,1.6,1,1.428571,1.428571,15197.688095,1959.766667,1.428572,15197.689094,deadline,,1,0.939908,0.939908,11136.62411,1959.766667,0.939908,11136.625099,deadline,,4061.063986,3B,recommend_3arm_lower_energy_under_deadline,3B has lower optimized energy under the same deadline,1,1,switching_boundary_found,1.484658,1.4,1.5,0.000745587,scan_plus_bisection,A sign change is detected between 1.4000 and 1.5000; bisection gives switch boundary r*≈1.484658.,"min E0*((1-rho)+rho*s^2), s.t. C0/s<=D, s_min<=s<=s_max",seed_average + interior_barrier_method + golden_section_0_618 + KKT + bisection_boundary
1221,1,2,2,1,6,mixed_balanced,3,"0,1,2",optimized,0.75,2099.75,2799.666667,11139.666667,1842.0,11610.333333,338.3908,441.46272,159.339261,459.645878,0.35,0.6,1.6,1,1.333333,1.333333,14172.131481,2099.75,1.333333,14172.132497,deadline,,1,0.877247,0.877247,10673.924928,2099.75,0.877247,10673.925932,deadline,,3498.206553,3B,recommend_3arm_lower_energy_under_deadline,3B has lower optimized energy under the same deadline,1,1,switching_boundary_found,1.484658,1.4,1.5,0.000745587,scan_plus_bisection,A sign change is detected between 1.4000 and 1.5000; bisection gives switch boundary r*≈1.484658.,"min E0*((1-rho)+rho*s^2), s.t. C0/s<=D, s_min<=s<=s_max",seed_average + interior_barrier_method + golden_section_0_618 + KKT + bisection_boundary
1221,1,2,2,1,6,mixed_balanced,3,"0,1,2",optimized,0.8,2239.733333,2799.666667,11139.666667,1842.0,11610.333333,338.3908,441.46272,159.339261,459.645878,0.35,0.6,1.6,1,1.25,1.25,13332.788542,2239.733333,1.25,13332.789536,deadline,,1,0.822419,0.822419,10295.239553,2239.733333,0.822419,10295.240561,deadline,,3037.548989,3B,recommend_3arm_lower_energy_under_deadline,3B has lower optimized energy under the same deadline,1,1,switching_boundary_found,1.484658,1.4,1.5,0.000745587,scan_plus_bisection,A sign change is detected between 1.4000 and 1.5000; bisection gives switch boundary r*≈1.484658.,"min E0*((1-rho)+rho*s^2), s.t. C0/s<=D, s_min<=s<=s_max",seed_average + interior_barrier_method + golden_section_0_618 + KKT + bisection_boundary
1221,1,2,2,1,6,mixed_balanced,3,"0,1,2",optimized,0.85,2379.716667,2799.666667,11139.666667,1842.0,11610.333333,338.3908,441.46272,159.339261,459.645878,0.35,0.6,1.6,1,1.176471,1.176471,12637.161649,2379.716667,1.176471,12637.162647,deadline,,1,0.774042,0.774042,9981.394379,2379.716667,0.774042,9981.395383,deadline,,2655.76727,3B,recommend_3arm_lower_energy_under_deadline,3B has lower optimized energy under the same deadline,1,1,switching_boundary_found,1.484658,1.4,1.5,0.000745587,scan_plus_bisection,A sign change is detected between 1.4000 and 1.5000; bisection gives switch boundary r*≈1.484658.,"min E0*((1-rho)+rho*s^2), s.t. C0/s<=D, s_min<=s<=s_max",seed_average + interior_barrier_method + golden_section_0_618 + KKT + bisection_boundary
1221,1,2,2,1,6,mixed_balanced,3,"0,1,2",optimized,0.9,2519.7,2799.666667,11139.666667,1842.0,11610.333333,338.3908,441.46272,159.339261,459.645878,0.35,0.6,1.6,1,1.111111,1.111111,12054.219547,2519.7,1.111111,12054.220543,deadline,,1,0.731039,0.731039,9718.38907,2519.7,0.73104,9718.390065,deadline,,2335.830477,3B,recommend_3arm_lower_energy_under_deadline,3B has lower optimized energy under the same deadline,1,1,switching_boundary_found,1.484658,1.4,1.5,0.000745587,scan_plus_bisection,A sign change is detected between 1.4000 and 1.5000; bisection gives switch boundary r*≈1.484658.,"min E0*((1-rho)+rho*s^2), s.t. C0/s<=D, s_min<=s<=s_max",seed_average + interior_barrier_method + golden_section_0_618 + KKT + bisection_boundary
1221,1,2,2,1,6,mixed_balanced,3,"0,1,2",optimized,0.95,2659.683333,2799.666667,11139.666667,1842.0,11610.333333,338.3908,441.46272,159.339261,459.645878,0.35,0.6,1.6,1,1.052632,1.052632,11560.875669,2659.683333,1.052632,11560.87668,deadline,,1,0.692564,0.692564,9495.807688,2659.683333,0.692564,9495.808694,deadline,,2065.067981,3B,recommend_3arm_lower_energy_under_deadline,3B has lower optimized energy under the same deadline,1,1,switching_boundary_found,1.484658,1.4,1.5,0.000745587,scan_plus_bisection,A sign change is detected between 1.4000 and 1.5000; bisection gives switch boundary r*≈1.484658.,"min E0*((1-rho)+rho*s^2), s.t. C0/s<=D, s_min<=s<=s_max",seed_average + interior_barrier_method + golden_section_0_618 + KKT + bisection_boundary
1221,1,2,2,1,6,mixed_balanced,3,"0,1,2",optimized,1.0,2799.666667,2799.666667,11139.666667,1842.0,11610.333333,338.3908,441.46272,159.339261,459.645878,0.35,0.6,1.6,1,1.0,1.0,11139.666667,2799.666667,1.0,11139.667678,deadline,,1,0.657935,0.657935,9305.771314,2799.666667,0.657936,9305.772304,deadline,,1833.895353,3B,recommend_3arm_lower_energy_under_deadline,3B has lower optimized energy under the same deadline,1,1,switching_boundary_found,1.484658,1.4,1.5,0.000745587,scan_plus_bisection,A sign change is detected between 1.4000 and 1.5000; bisection gives switch boundary r*≈1.484658.,"min E0*((1-rho)+rho*s^2), s.t. C0/s<=D, s_min<=s<=s_max",seed_average + interior_barrier_method + golden_section_0_618 + KKT + bisection_boundary
1221,1,2,2,1,6,mixed_balanced,3,"0,1,2",optimized,1.05,2939.65,2799.666667,11139.666667,1842.0,11610.333333,338.3908,441.46272,159.339261,459.645878,0.35,0.6,1.6,1,0.952381,0.952381,10777.18545,2939.65,0.952381,10777.18645,deadline,,1,0.626605,0.626605,9142.231086,2939.65,0.626605,9142.23208,deadline,,1634.954364,3B,recommend_3arm_lower_energy_under_deadline,3B has lower optimized energy under the same deadline,1,1,switching_boundary_found,1.484658,1.4,1.5,0.000745587,scan_plus_bisection,A sign change is detected between 1.4000 and 1.5000; bisection gives switch boundary r*≈1.484658.,"min E0*((1-rho)+rho*s^2), s.t. C0/s<=D, s_min<=s<=s_max",seed_average + interior_barrier_method + golden_section_0_618 + KKT + bisection_boundary
1221,1,2,2,1,6,mixed_balanced,3,"0,1,2",optimized,1.1,3079.633333,2799.666667,11139.666667,1842.0,11610.333333,338.3908,441.46272,159.339261,459.645878,0.35,0.6,1.6,1,0.909091,0.909091,10463.000964,3079.633333,0.909091,10463.001957,deadline,,1,0.598123,0.6,9009.618667,3070.0,0.6,9009.619665,lower_speed,,1453.382298,3B,recommend_3arm_lower_energy_under_deadline,3B has lower optimized energy under the same deadline,1,1,switching_boundary_found,1.484658,1.4,1.5,0.000745587,scan_plus_bisection,A sign change is detected between 1.4000 and 1.5000; bisection gives switch boundary r*≈1.484658.,"min E0*((1-rho)+rho*s^2), s.t. C0/s<=D, s_min<=s<=s_max",seed_average + interior_barrier_method + golden_section_0_618 + KKT + bisection_boundary
1221,1,2,2,1,6,mixed_balanced,3,"0,1,2",optimized,1.15,3219.616667,2799.666667,11139.666667,1842.0,11610.333333,338.3908,441.46272,159.339261,459.645878,0.35,0.6,1.6,1,0.869565,0.869565,10188.899275,3219.616667,0.869565,10188.900275,deadline,,1,0.572118,0.6,9009.618667,3070.0,0.6,9009.619665,lower_speed,,1179.280609,3B,recommend_3arm_lower_energy_under_deadline,3B has lower optimized energy under the same deadline,1,1,switching_boundary_found,1.484658,1.4,1.5,0.000745587,scan_plus_bisection,A sign change is detected between 1.4000 and 1.5000; bisection gives switch boundary r*≈1.484658.,"min E0*((1-rho)+rho*s^2), s.t. C0/s<=D, s_min<=s<=s_max",seed_average + interior_barrier_method + golden_section_0_618 + KKT + bisection_boundary
1221,1,2,2,1,6,mixed_balanced,3,"0,1,2",optimized,1.2,3359.6,2799.666667,11139.666667,1842.0,11610.333333,338.3908,441.46272,159.339261,459.645878,0.35,0.6,1.6,1,0.833333,0.833333,9948.341204,3359.6,0.833333,9948.342206,deadline,,1,0.54828,0.6,9009.618667,3070.0,0.6,9009.619665,lower_speed,,938.722537,3B,recommend_3arm_lower_energy_under_deadline,3B has lower optimized energy under the same deadline,1,1,switching_boundary_found,1.484658,1.4,1.5,0.000745587,scan_plus_bisection,A sign change is detected between 1.4000 and 1.5000; bisection gives switch boundary r*≈1.484658.,"min E0*((1-rho)+rho*s^2), s.t. C0/s<=D, s_min<=s<=s_max",seed_average + interior_barrier_method + golden_section_0_618 + KKT + bisection_boundary
1221,1,2,2,1,6,mixed_balanced,3,"0,1,2",optimized,1.25,3499.583333,2799.666667,11139.666667,1842.0,11610.333333,338.3908,441.46272,159.339261,459.645878,0.35,0.6,1.6,1,0.8,0.8,9736.068667,3499.583333,0.8,9736.069668,deadline,,1,0.526348,0.6,9009.618667,3070.0,0.6,9009.619665,lower_speed,,726.45,3B,recommend_3arm_lower_energy_under_deadline,3B has lower optimized energy under the same deadline,1,1,switching_boundary_found,1.484658,1.4,1.5,0.000745587,scan_plus_bisection,A sign change is detected between 1.4000 and 1.5000; bisection gives switch boundary r*≈1.484658.,"min E0*((1-rho)+rho*s^2), s.t. C0/s<=D, s_min<=s<=s_max",seed_average + interior_barrier_method + golden_section_0_618 + KKT + bisection_boundary
1221,1,2,2,1,6,mixed_balanced,3,"0,1,2",optimized,1.3,3639.566667,2799.666667,11139.666667,1842.0,11610.333333,338.3908,441.46272,159.339261,459.645878,0.35,0.6,1.6,1,0.769231,0.769231,9547.814892,3639.566667,0.769231,9547.815889,deadline,,1,0.506104,0.6,9009.618667,3070.0,0.6,9009.619665,lower_speed,,538.196225,3B,recommend_3arm_lower_energy_under_deadline,3B has lower optimized energy under the same deadline,1,1,switching_boundary_found,1.484658,1.4,1.5,0.000745587,scan_plus_bisection,A sign change is detected between 1.4000 and 1.5000; bisection gives switch boundary r*≈1.484658.,"min E0*((1-rho)+rho*s^2), s.t. C0/s<=D, s_min<=s<=s_max",seed_average + interior_barrier_method + golden_section_0_618 + KKT + bisection_boundary
1221,1,2,2,1,6,mixed_balanced,3,"0,1,2",optimized,1.35,3779.55,2799.666667,11139.666667,1842.0,11610.333333,338.3908,441.46272,159.339261,459.645878,0.35,0.6,1.6,1,0.740741,0.740741,9380.088317,3779.55,0.740741,9380.089309,deadline,,1,0.48736,0.6,9009.618667,3070.0,0.6,9009.619665,lower_speed,,370.469651,3B,recommend_3arm_lower_energy_under_deadline,3B has lower optimized energy under the same deadline,1,1,switching_boundary_found,1.484658,1.4,1.5,0.000745587,scan_plus_bisection,A sign change is detected between 1.4000 and 1.5000; bisection gives switch boundary r*≈1.484658.,"min E0*((1-rho)+rho*s^2), s.t. C0/s<=D, s_min<=s<=s_max",seed_average + interior_barrier_method + golden_section_0_618 + KKT + bisection_boundary
1221,1,2,2,1,6,mixed_balanced,3,"0,1,2",optimized,1.4,3919.533333,2799.666667,11139.666667,1842.0,11610.333333,338.3908,441.46272,159.339261,459.645878,0.35,0.6,1.6,1,0.714286,0.714286,9230.009524,3919.533333,0.714286,9230.010518,deadline,,1,0.469954,0.6,9009.618667,3070.0,0.6,9009.619665,lower_speed,,220.390857,3B,recommend_3arm_lower_energy_under_deadline,3B has lower optimized energy under the same deadline,1,1,switching_boundary_found,1.484658,1.4,1.5,0.000745587,scan_plus_bisection,A sign change is detected between 1.4000 and 1.5000; bisection gives switch boundary r*≈1.484658.,"min E0*((1-rho)+rho*s^2), s.t. C0/s<=D, s_min<=s<=s_max",seed_average + interior_barrier_method + golden_section_0_618 + KKT + bisection_boundary
1221,1,2,2,1,6,mixed_balanced,3,"0,1,2",optimized,1.5,4199.5,2799.666667,11139.666667,1842.0,11610.333333,338.3908,441.46272,159.339261,459.645878,0.35,0.6,1.6,1,0.666667,0.666667,8973.62037,4199.5,0.666667,8973.621367,deadline,,1,0.438624,0.6,9009.618667,3070.0,0.6,9009.619665,lower_speed,,-35.998296,2B,recommend_2arm_lower_energy_under_deadline,2B has lower optimized energy under the same deadline,1,1,switching_boundary_found,1.484658,1.4,1.5,0.000745587,scan_plus_bisection,A sign change is detected between 1.4000 and 1.5000; bisection gives switch boundary r*≈1.484658.,"min E0*((1-rho)+rho*s^2), s.t. C0/s<=D, s_min<=s<=s_max",seed_average + interior_barrier_method + golden_section_0_618 + KKT + bisection_boundary
1222,1,2,2,2,7,dual_arm_dominant,3,"0,1,2",optimized,0.7,2310.466667,3300.666667,15014.333333,2285.0,15531.333333,338.053743,709.500059,122.405065,710.27131,0.35,0.6,1.6,1,1.428571,1.428571,20483.840476,2310.466667,1.428571,20483.841496,deadline,,1,0.988978,0.988978,15412.159998,2310.466667,0.988978,15412.160977,deadline,,5071.680478,3B,recommend_3arm_lower_energy_under_deadline,3B has lower optimized energy under the same deadline,1,1,all_3arm_lower_energy_in_scan,,0.7,1.5,,scan_only,"In all comparable scanned deadline ratios, A(r)>0, so 3B has lower optimized energy.","min E0*((1-rho)+rho*s^2), s.t. C0/s<=D, s_min<=s<=s_max",seed_average + interior_barrier_method + golden_section_0_618 + KKT + bisection_boundary
1222,1,2,2,2,7,dual_arm_dominant,3,"0,1,2",optimized,0.75,2475.5,3300.666667,15014.333333,2285.0,15531.333333,338.053743,709.500059,122.405065,710.27131,0.35,0.6,1.6,1,1.333333,1.333333,19101.568519,2475.5,1.333333,19101.569551,deadline,,1,0.923046,0.923046,14726.884413,2475.5,0.923046,14726.885414,deadline,,4374.684106,3B,recommend_3arm_lower_energy_under_deadline,3B has lower optimized energy under the same deadline,1,1,all_3arm_lower_energy_in_scan,,0.7,1.5,,scan_only,"In all comparable scanned deadline ratios, A(r)>0, so 3B has lower optimized energy.","min E0*((1-rho)+rho*s^2), s.t. C0/s<=D, s_min<=s<=s_max",seed_average + interior_barrier_method + golden_section_0_618 + KKT + bisection_boundary
1222,1,2,2,2,7,dual_arm_dominant,3,"0,1,2",optimized,0.8,2640.533333,3300.666667,15014.333333,2285.0,15531.333333,338.053743,709.500059,122.405065,710.27131,0.35,0.6,1.6,1,1.25,1.25,17970.280208,2640.533333,1.25,17970.281189,deadline,,1,0.865355,0.865355,14166.036561,2640.533333,0.865356,14166.037571,deadline,,3804.243647,3B,recommend_3arm_lower_energy_under_deadline,3B has lower optimized energy under the same deadline,1,1,all_3arm_lower_energy_in_scan,,0.7,1.5,,scan_only,"In all comparable scanned deadline ratios, A(r)>0, so 3B has lower optimized energy.","min E0*((1-rho)+rho*s^2), s.t. C0/s<=D, s_min<=s<=s_max",seed_average + interior_barrier_method + golden_section_0_618 + KKT + bisection_boundary
1222,1,2,2,2,7,dual_arm_dominant,3,"0,1,2",optimized,0.85,2805.566667,3300.666667,15014.333333,2285.0,15531.333333,338.053743,709.500059,122.405065,710.27131,0.35,0.6,1.6,1,1.176471,1.176471,17032.696136,2805.566667,1.176471,17032.69713,deadline,,1,0.814452,0.814452,13701.219583,2805.566667,0.814452,13701.220594,deadline,,3331.476553,3B,recommend_3arm_lower_energy_under_deadline,3B has lower optimized energy under the same deadline,1,1,all_3arm_lower_energy_in_scan,,0.7,1.5,,scan_only,"In all comparable scanned deadline ratios, A(r)>0, so 3B has lower optimized energy.","min E0*((1-rho)+rho*s^2), s.t. C0/s<=D, s_min<=s<=s_max",seed_average + interior_barrier_method + golden_section_0_618 + KKT + bisection_boundary
1222,1,2,2,2,7,dual_arm_dominant,3,"0,1,2",optimized,0.9,2970.6,3300.666667,15014.333333,2285.0,15531.333333,338.053743,709.500059,122.405065,710.27131,0.35,0.6,1.6,1,1.111111,1.111111,16246.991564,2970.6,1.111111,16246.992563,deadline,,1,0.769205,0.769205,13311.698435,2970.6,0.769205,13311.69944,deadline,,2935.293129,3B,recommend_3arm_lower_energy_under_deadline,3B has lower optimized energy under the same deadline,1,1,all_3arm_lower_energy_in_scan,,0.7,1.5,,scan_only,"In all comparable scanned deadline ratios, A(r)>0, so 3B has lower optimized energy.","min E0*((1-rho)+rho*s^2), s.t. C0/s<=D, s_min<=s<=s_max",seed_average + interior_barrier_method + golden_section_0_618 + KKT + bisection_boundary
1222,1,2,2,2,7,dual_arm_dominant,3,"0,1,2",optimized,0.95,3135.633333,3300.666667,15014.333333,2285.0,15531.333333,338.053743,709.500059,122.405065,710.27131,0.35,0.6,1.6,1,1.052632,1.052632,15582.049815,3135.633333,1.052632,15582.050798,deadline,,1,0.72872,0.72872,12982.046702,3135.633333,0.728721,12982.047697,deadline,,2600.003113,3B,recommend_3arm_lower_energy_under_deadline,3B has lower optimized energy under the same deadline,1,1,all_3arm_lower_energy_in_scan,,0.7,1.5,,scan_only,"In all comparable scanned deadline ratios, A(r)>0, so 3B has lower optimized energy.","min E0*((1-rho)+rho*s^2), s.t. C0/s<=D, s_min<=s<=s_max",seed_average + interior_barrier_method + golden_section_0_618 + KKT + bisection_boundary
1222,1,2,2,2,7,dual_arm_dominant,3,"0,1,2",optimized,1.0,3300.666667,3300.666667,15014.333333,2285.0,15531.333333,338.053743,709.500059,122.405065,710.27131,0.35,0.6,1.6,1,1.0,1.0,15014.333333,3300.666667,1.0,15014.334347,deadline,,1,0.692284,0.692284,12700.595399,3300.666667,0.692285,12700.596395,deadline,,2313.737934,3B,recommend_3arm_lower_energy_under_deadline,3B has lower optimized energy under the same deadline,1,1,all_3arm_lower_energy_in_scan,,0.7,1.5,,scan_only,"In all comparable scanned deadline ratios, A(r)>0, so 3B has lower optimized energy.","min E0*((1-rho)+rho*s^2), s.t. C0/s<=D, s_min<=s<=s_max",seed_average + interior_barrier_method + golden_section_0_618 + KKT + bisection_boundary
1222,1,2,2,2,7,dual_arm_dominant,3,"0,1,2",optimized,1.05,3465.7,3300.666667,15014.333333,2285.0,15531.333333,338.053743,709.500059,122.405065,710.27131,0.35,0.6,1.6,1,0.952381,0.952381,14525.771693,3465.7,0.952381,14525.772699,deadline,,1,0.659318,0.659318,12458.385925,3465.7,0.659319,12458.386924,deadline,,2067.385768,3B,recommend_3arm_lower_energy_under_deadline,3B has lower optimized energy under the same deadline,1,1,all_3arm_lower_energy_in_scan,,0.7,1.5,,scan_only,"In all comparable scanned deadline ratios, A(r)>0, so 3B has lower optimized energy.","min E0*((1-rho)+rho*s^2), s.t. C0/s<=D, s_min<=s<=s_max",seed_average + interior_barrier_method + golden_section_0_618 + KKT + bisection_boundary
1222,1,2,2,2,7,dual_arm_dominant,3,"0,1,2",optimized,1.1,3630.733333,3300.666667,15014.333333,2285.0,15531.333333,338.053743,709.500059,122.405065,710.27131,0.35,0.6,1.6,1,0.909091,0.909091,14102.305647,3630.733333,0.909091,14102.306665,deadline,,1,0.629349,0.629349,12248.448264,3630.733333,0.62935,12248.449274,deadline,,1853.857384,3B,recommend_3arm_lower_energy_under_deadline,3B has lower optimized energy under the same deadline,1,1,all_3arm_lower_energy_in_scan,,0.7,1.5,,scan_only,"In all comparable scanned deadline ratios, A(r)>0, so 3B has lower optimized energy.","min E0*((1-rho)+rho*s^2), s.t. C0/s<=D, s_min<=s<=s_max",seed_average + interior_barrier_method + golden_section_0_618 + KKT + bisection_boundary
1222,1,2,2,2,7,dual_arm_dominant,3,"0,1,2",optimized,1.15,3795.766667,3300.666667,15014.333333,2285.0,15531.333333,338.053743,709.500059,122.405065,710.27131,0.35,0.6,1.6,1,0.869565,0.869565,13732.864241,3795.766667,0.869565,13732.865217,deadline,,1,0.601986,0.601986,12065.293874,3795.766667,0.601987,12065.294867,deadline,,1667.570366,3B,recommend_3arm_lower_energy_under_deadline,3B has lower optimized energy under the same deadline,1,1,all_3arm_lower_energy_in_scan,,0.7,1.5,,scan_only,"In all comparable scanned deadline ratios, A(r)>0, so 3B has lower optimized energy.","min E0*((1-rho)+rho*s^2), s.t. C0/s<=D, s_min<=s<=s_max",seed_average + interior_barrier_method + golden_section_0_618 + KKT + bisection_boundary
1222,1,2,2,2,7,dual_arm_dominant,3,"0,1,2",optimized,1.2,3960.8,3300.666667,15014.333333,2285.0,15531.333333,338.053743,709.500059,122.405065,710.27131,0.35,0.6,1.6,1,0.833333,0.833333,13408.633796,3960.8,0.833333,13408.634774,deadline,,1,0.576904,0.6,12052.314667,3808.333333,0.6,12052.315657,lower_speed,,1356.31913,3B,recommend_3arm_lower_energy_under_deadline,3B has lower optimized energy under the same deadline,1,1,all_3arm_lower_energy_in_scan,,0.7,1.5,,scan_only,"In all comparable scanned deadline ratios, A(r)>0, so 3B has lower optimized energy.","min E0*((1-rho)+rho*s^2), s.t. C0/s<=D, s_min<=s<=s_max",seed_average + interior_barrier_method + golden_section_0_618 + KKT + bisection_boundary
1222,1,2,2,2,7,dual_arm_dominant,3,"0,1,2",optimized,1.25,4125.833333,3300.666667,15014.333333,2285.0,15531.333333,338.053743,709.500059,122.405065,710.27131,0.35,0.6,1.6,1,0.8,0.8,13122.527333,4125.833333,0.8,13122.528357,deadline,,1,0.553828,0.6,12052.314667,3808.333333,0.6,12052.315657,lower_speed,,1070.212667,3B,recommend_3arm_lower_energy_under_deadline,3B has lower optimized energy under the same deadline,1,1,all_3arm_lower_energy_in_scan,,0.7,1.5,,scan_only,"In all comparable scanned deadline ratios, A(r)>0, so 3B has lower optimized energy.","min E0*((1-rho)+rho*s^2), s.t. C0/s<=D, s_min<=s<=s_max",seed_average + interior_barrier_method + golden_section_0_618 + KKT + bisection_boundary
1222,1,2,2,2,7,dual_arm_dominant,3,"0,1,2",optimized,1.3,4290.866667,3300.666667,15014.333333,2285.0,15531.333333,338.053743,709.500059,122.405065,710.27131,0.35,0.6,1.6,1,0.769231,0.769231,12868.793984,4290.866667,0.769231,12868.795003,deadline,,1,0.532526,0.6,12052.314667,3808.333333,0.6,12052.315657,lower_speed,,816.479318,3B,recommend_3arm_lower_energy_under_deadline,3B has lower optimized energy under the same deadline,1,1,all_3arm_lower_energy_in_scan,,0.7,1.5,,scan_only,"In all comparable scanned deadline ratios, A(r)>0, so 3B has lower optimized energy.","min E0*((1-rho)+rho*s^2), s.t. C0/s<=D, s_min<=s<=s_max",seed_average + interior_barrier_method + golden_section_0_618 + KKT + bisection_boundary
1222,1,2,2,2,7,dual_arm_dominant,3,"0,1,2",optimized,1.35,4455.9,3300.666667,15014.333333,2285.0,15531.333333,338.053743,709.500059,122.405065,710.27131,0.35,0.6,1.6,1,0.740741,0.740741,12642.727732,4455.9,0.740741,12642.728744,deadline,,1,0.512803,0.6,12052.314667,3808.333333,0.6,12052.315657,lower_speed,,590.413065,3B,recommend_3arm_lower_energy_under_deadline,3B has lower optimized energy under the same deadline,1,1,all_3arm_lower_energy_in_scan,,0.7,1.5,,scan_only,"In all comparable scanned deadline ratios, A(r)>0, so 3B has lower optimized energy.","min E0*((1-rho)+rho*s^2), s.t. C0/s<=D, s_min<=s<=s_max",seed_average + interior_barrier_method + golden_section_0_618 + KKT + bisection_boundary
1222,1,2,2,2,7,dual_arm_dominant,3,"0,1,2",optimized,1.4,4620.933333,3300.666667,15014.333333,2285.0,15531.333333,338.053743,709.500059,122.405065,710.27131,0.35,0.6,1.6,1,0.714286,0.714286,12440.447619,4620.933333,0.714286,12440.448608,deadline,,1,0.494489,0.6,12052.314667,3808.333333,0.6,12052.315657,lower_speed,,388.132952,3B,recommend_3arm_lower_energy_under_deadline,3B has lower optimized energy under the same deadline,1,1,all_3arm_lower_energy_in_scan,,0.7,1.5,,scan_only,"In all comparable scanned deadline ratios, A(r)>0, so 3B has lower optimized energy.","min E0*((1-rho)+rho*s^2), s.t. C0/s<=D, s_min<=s<=s_max",seed_average + interior_barrier_method + golden_section_0_618 + KKT + bisection_boundary
1222,1,2,2,2,7,dual_arm_dominant,3,"0,1,2",optimized,1.5,4951.0,3300.666667,15014.333333,2285.0,15531.333333,338.053743,709.500059,122.405065,710.27131,0.35,0.6,1.6,1,0.666667,0.666667,12094.87963,4951.0,0.666667,12094.880627,deadline,,1,0.461523,0.6,12052.314667,3808.333333,0.6,12052.315657,lower_speed,,42.564963,3B,recommend_3arm_lower_energy_under_deadline,3B has lower optimized energy under the same deadline,1,1,all_3arm_lower_energy_in_scan,,0.7,1.5,,scan_only,"In all comparable scanned deadline ratios, A(r)>0, so 3B has lower optimized energy.","min E0*((1-rho)+rho*s^2), s.t. C0/s<=D, s_min<=s<=s_max",seed_average + interior_barrier_method + golden_section_0_618 + KKT + bisection_boundary
2111,2,1,1,1,5,single_arm_dominant,3,"0,1,2",optimized,0.7,1368.733333,1955.333333,7985.666667,1303.333333,8454.0,200.85401,847.969536,79.588525,829.310557,0.35,0.6,1.6,1,1.428571,1.428571,10894.730952,1368.733333,1.428572,10894.73195,deadline,,1,0.952219,0.952219,8177.994563,1368.733333,0.952219,8177.995566,deadline,,2716.73639,3B,recommend_3arm_lower_energy_under_deadline,3B has lower optimized energy under the same deadline,1,1,switching_boundary_found,1.428531,1.4,1.5,-0.0003596611,scan_plus_bisection,A sign change is detected between 1.4000 and 1.5000; bisection gives switch boundary r*≈1.428531.,"min E0*((1-rho)+rho*s^2), s.t. C0/s<=D, s_min<=s<=s_max",seed_average + interior_barrier_method + golden_section_0_618 + KKT + bisection_boundary
2111,2,1,1,1,5,single_arm_dominant,3,"0,1,2",optimized,0.75,1466.5,1955.333333,7985.666667,1303.333333,8454.0,200.85401,847.969536,79.588525,829.310557,0.35,0.6,1.6,1,1.333333,1.333333,10159.542593,1466.5,1.333333,10159.543609,deadline,,1,0.888737,0.888737,7832.199264,1466.5,0.888738,7832.20026,deadline,,2327.343329,3B,recommend_3arm_lower_energy_under_deadline,3B has lower optimized energy under the same deadline,1,1,switching_boundary_found,1.428531,1.4,1.5,-0.0003596611,scan_plus_bisection,A sign change is detected between 1.4000 and 1.5000; bisection gives switch boundary r*≈1.428531.,"min E0*((1-rho)+rho*s^2), s.t. C0/s<=D, s_min<=s<=s_max",seed_average + interior_barrier_method + golden_section_0_618 + KKT + bisection_boundary
2111,2,1,1,1,5,single_arm_dominant,3,"0,1,2",optimized,0.8,1564.266667,1955.333333,7985.666667,1303.333333,8454.0,200.85401,847.969536,79.588525,829.310557,0.35,0.6,1.6,1,1.25,1.25,9557.844792,1564.266667,1.25,9557.845798,deadline,,1,0.833191,0.833191,7549.19115,1564.266667,0.833191,7549.192153,deadline,,2008.653642,3B,recommend_3arm_lower_energy_under_deadline,3B has lower optimized energy under the same deadline,1,1,switching_boundary_found,1.428531,1.4,1.5,-0.0003596611,scan_plus_bisection,A sign change is detected between 1.4000 and 1.5000; bisection gives switch boundary r*≈1.428531.,"min E0*((1-rho)+rho*s^2), s.t. C0/s<=D, s_min<=s<=s_max",seed_average + interior_barrier_method + golden_section_0_618 + KKT + bisection_boundary
2111,2,1,1,1,5,single_arm_dominant,3,"0,1,2",optimized,0.85,1662.033333,1955.333333,7985.666667,1303.333333,8454.0,200.85401,847.969536,79.588525,829.310557,0.35,0.6,1.6,1,1.176471,1.176471,9059.172376,1662.033333,1.176471,9059.173373,deadline,,1,0.78418,0.78418,7314.640949,1662.033333,0.78418,7314.641951,deadline,,1744.531427,3B,recommend_3arm_lower_energy_under_deadline,3B has lower optimized energy under the same deadline,1,1,switching_boundary_found,1.428531,1.4,1.5,-0.0003596611,scan_plus_bisection,A sign change is detected between 1.4000 and 1.5000; bisection gives switch boundary r*≈1.428531.,"min E0*((1-rho)+rho*s^2), s.t. C0/s<=D, s_min<=s<=s_max",seed_average + interior_barrier_method + golden_section_0_618 + KKT + bisection_boundary
2111,2,1,1,1,5,single_arm_dominant,3,"0,1,2",optimized,0.9,1759.8,1955.333333,7985.666667,1303.333333,8454.0,200.85401,847.969536,79.588525,829.310557,0.35,0.6,1.6,1,1.111111,1.111111,8641.280041,1759.8,1.111111,8641.281049,deadline,,1,0.740614,0.740614,7118.0856,1759.8,0.740615,7118.086594,deadline,,1523.194441,3B,recommend_3arm_lower_energy_under_deadline,3B has lower optimized energy under the same deadline,1,1,switching_boundary_found,1.428531,1.4,1.5,-0.0003596611,scan_plus_bisection,A sign change is detected between 1.4000 and 1.5000; bisection gives switch boundary r*≈1.428531.,"min E0*((1-rho)+rho*s^2), s.t. C0/s<=D, s_min<=s<=s_max",seed_average + interior_barrier_method + golden_section_0_618 + KKT + bisection_boundary
2111,2,1,1,1,5,single_arm_dominant,3,"0,1,2",optimized,0.95,1857.566667,1955.333333,7985.666667,1303.333333,8454.0,200.85401,847.969536,79.588525,829.310557,0.35,0.6,1.6,1,1.052632,1.052632,8287.617775,1857.566667,1.052632,8287.618766,deadline,,1,0.701635,0.701635,6951.740815,1857.566667,0.701635,6951.741817,deadline,,1335.876959,3B,recommend_3arm_lower_energy_under_deadline,3B has lower optimized energy under the same deadline,1,1,switching_boundary_found,1.428531,1.4,1.5,-0.0003596611,scan_plus_bisection,A sign change is detected between 1.4000 and 1.5000; bisection gives switch boundary r*≈1.428531.,"min E0*((1-rho)+rho*s^2), s.t. C0/s<=D, s_min<=s<=s_max",seed_average + interior_barrier_method + golden_section_0_618 + KKT + bisection_boundary
2111,2,1,1,1,5,single_arm_dominant,3,"0,1,2",optimized,1.0,1955.333333,1955.333333,7985.666667,1303.333333,8454.0,200.85401,847.969536,79.588525,829.310557,0.35,0.6,1.6,1,1.0,1.0,7985.666667,1955.333333,1.0,7985.667655,deadline,,1,0.666553,0.666553,6809.718336,1955.333333,0.666553,6809.719339,deadline,,1175.948331,3B,recommend_3arm_lower_energy_under_deadline,3B has lower optimized energy under the same deadline,1,1,switching_boundary_found,1.428531,1.4,1.5,-0.0003596611,scan_plus_bisection,A sign change is detected between 1.4000 and 1.5000; bisection gives switch boundary r*≈1.428531.,"min E0*((1-rho)+rho*s^2), s.t. C0/s<=D, s_min<=s<=s_max",seed_average + interior_barrier_method + golden_section_0_618 + KKT + bisection_boundary
2111,2,1,1,1,5,single_arm_dominant,3,"0,1,2",optimized,1.05,2053.1,1955.333333,7985.666667,1303.333333,8454.0,200.85401,847.969536,79.588525,829.310557,0.35,0.6,1.6,1,0.952381,0.952381,7725.815608,2053.1,0.952381,7725.81662,deadline,,1,0.634812,0.634812,6687.497583,2053.1,0.634813,6687.49858,deadline,,1038.318025,3B,recommend_3arm_lower_energy_under_deadline,3B has lower optimized energy under the same deadline,1,1,switching_boundary_found,1.428531,1.4,1.5,-0.0003596611,scan_plus_bisection,A sign change is detected between 1.4000 and 1.5000; bisection gives switch boundary r*≈1.428531.,"min E0*((1-rho)+rho*s^2), s.t. C0/s<=D, s_min<=s<=s_max",seed_average + interior_barrier_method + golden_section_0_618 + KKT + bisection_boundary
2111,2,1,1,1,5,single_arm_dominant,3,"0,1,2",optimized,1.1,2150.866667,1955.333333,7985.666667,1303.333333,8454.0,200.85401,847.969536,79.588525,829.310557,0.35,0.6,1.6,1,0.909091,0.909091,7500.586915,2150.866667,0.909091,7500.587917,deadline,,1,0.605957,0.605957,6581.561435,2150.866667,0.605958,6581.562428,deadline,,919.02548,3B,recommend_3arm_lower_energy_under_deadline,3B has lower optimized energy under the same deadline,1,1,switching_boundary_found,1.428531,1.4,1.5,-0.0003596611,scan_plus_bisection,A sign change is detected between 1.4000 and 1.5000; bisection gives switch boundary r*≈1.428531.,"min E0*((1-rho)+rho*s^2), s.t. C0/s<=D, s_min<=s<=s_max",seed_average + interior_barrier_method + golden_section_0_618 + KKT + bisection_boundary
2111,2,1,1,1,5,single_arm_dominant,3,"0,1,2",optimized,1.15,2248.633333,1955.333333,7985.666667,1303.333333,8454.0,200.85401,847.969536,79.588525,829.310557,0.35,0.6,1.6,1,0.869565,0.869565,7304.092281,2248.633333,0.869565,7304.093276,deadline,,1,0.579611,0.6,6560.304,2172.222222,0.6,6560.305005,lower_speed,,743.788281,3B,recommend_3arm_lower_energy_under_deadline,3B has lower optimized energy under the same deadline,1,1,switching_boundary_found,1.428531,1.4,1.5,-0.0003596611,scan_plus_bisection,A sign change is detected between 1.4000 and 1.5000; bisection gives switch boundary r*≈1.428531.,"min E0*((1-rho)+rho*s^2), s.t. C0/s<=D, s_min<=s<=s_max",seed_average + interior_barrier_method + golden_section_0_618 + KKT + bisection_boundary
2111,2,1,1,1,5,single_arm_dominant,3,"0,1,2",optimized,1.2,2346.4,1955.333333,7985.666667,1303.333333,8454.0,200.85401,847.969536,79.588525,829.310557,0.35,0.6,1.6,1,0.833333,0.833333,7131.643981,2346.4,0.833334,7131.64498,deadline,,1,0.555461,0.6,6560.304,2172.222222,0.6,6560.305005,lower_speed,,571.339981,3B,recommend_3arm_lower_energy_under_deadline,3B has lower optimized energy under the same deadline,1,1,switching_boundary_found,1.428531,1.4,1.5,-0.0003596611,scan_plus_bisection,A sign change is detected between 1.4000 and 1.5000; bisection gives switch boundary r*≈1.428531.,"min E0*((1-rho)+rho*s^2), s.t. C0/s<=D, s_min<=s<=s_max",seed_average + interior_barrier_method + golden_section_0_618 + KKT + bisection_boundary
2111,2,1,1,1,5,single_arm_dominant,3,"0,1,2",optimized,1.25,2444.166667,1955.333333,7985.666667,1303.333333,8454.0,200.85401,847.969536,79.588525,829.310557,0.35,0.6,1.6,1,0.8,0.8,6979.472667,2444.166667,0.8,6979.473665,deadline,,1,0.533242,0.6,6560.304,2172.222222,0.6,6560.305005,lower_speed,,419.168667,3B,recommend_3arm_lower_energy_under_deadline,3B has lower optimized energy under the same deadline,1,1,switching_boundary_found,1.428531,1.4,1.5,-0.0003596611,scan_plus_bisection,A sign change is detected between 1.4000 and 1.5000; bisection gives switch boundary r*≈1.428531.,"min E0*((1-rho)+rho*s^2), s.t. C0/s<=D, s_min<=s<=s_max",seed_average + interior_barrier_method + golden_section_0_618 + KKT + bisection_boundary
2111,2,1,1,1,5,single_arm_dominant,3,"0,1,2",optimized,1.3,2541.933333,1955.333333,7985.666667,1303.333333,8454.0,200.85401,847.969536,79.588525,829.310557,0.35,0.6,1.6,1,0.769231,0.769231,6844.519625,2541.933333,0.769231,6844.52062,deadline,,1,0.512733,0.6,6560.304,2172.222222,0.6,6560.305005,lower_speed,,284.215625,3B,recommend_3arm_lower_energy_under_deadline,3B has lower optimized energy under the same deadline,1,1,switching_boundary_found,1.428531,1.4,1.5,-0.0003596611,scan_plus_bisection,A sign change is detected between 1.4000 and 1.5000; bisection gives switch boundary r*≈1.428531.,"min E0*((1-rho)+rho*s^2), s.t. C0/s<=D, s_min<=s<=s_max",seed_average + interior_barrier_method + golden_section_0_618 + KKT + bisection_boundary
2111,2,1,1,1,5,single_arm_dominant,3,"0,1,2",optimized,1.35,2639.7,1955.333333,7985.666667,1303.333333,8454.0,200.85401,847.969536,79.588525,829.310557,0.35,0.6,1.6,1,0.740741,0.740741,6724.28187,2639.7,0.740741,6724.282876,deadline,,1,0.493743,0.6,6560.304,2172.222222,0.6,6560.305005,lower_speed,,163.97787,3B,recommend_3arm_lower_energy_under_deadline,3B has lower optimized energy under the same deadline,1,1,switching_boundary_found,1.428531,1.4,1.5,-0.0003596611,scan_plus_bisection,A sign change is detected between 1.4000 and 1.5000; bisection gives switch boundary r*≈1.428531.,"min E0*((1-rho)+rho*s^2), s.t. C0/s<=D, s_min<=s<=s_max",seed_average + interior_barrier_method + golden_section_0_618 + KKT + bisection_boundary
2111,2,1,1,1,5,single_arm_dominant,3,"0,1,2",optimized,1.4,2737.466667,1955.333333,7985.666667,1303.333333,8454.0,200.85401,847.969536,79.588525,829.310557,0.35,0.6,1.6,1,0.714286,0.714286,6616.695238,2737.466667,0.714286,6616.696244,deadline,,1,0.476109,0.6,6560.304,2172.222222,0.6,6560.305005,lower_speed,,56.391238,3B,recommend_3arm_lower_energy_under_deadline,3B has lower optimized energy under the same deadline,1,1,switching_boundary_found,1.428531,1.4,1.5,-0.0003596611,scan_plus_bisection,A sign change is detected between 1.4000 and 1.5000; bisection gives switch boundary r*≈1.428531.,"min E0*((1-rho)+rho*s^2), s.t. C0/s<=D, s_min<=s<=s_max",seed_average + interior_barrier_method + golden_section_0_618 + KKT + bisection_boundary
2111,2,1,1,1,5,single_arm_dominant,3,"0,1,2",optimized,1.5,2933.0,1955.333333,7985.666667,1303.333333,8454.0,200.85401,847.969536,79.588525,829.310557,0.35,0.6,1.6,1,0.666667,0.666667,6432.898148,2933.0,0.666667,6432.899145,deadline,,1,0.444369,0.6,6560.304,2172.222222,0.6,6560.305005,lower_speed,,-127.405852,2B,recommend_2arm_lower_energy_under_deadline,2B has lower optimized energy under the same deadline,1,1,switching_boundary_found,1.428531,1.4,1.5,-0.0003596611,scan_plus_bisection,A sign change is detected between 1.4000 and 1.5000; bisection gives switch boundary r*≈1.428531.,"min E0*((1-rho)+rho*s^2), s.t. C0/s<=D, s_min<=s<=s_max",seed_average + interior_barrier_method + golden_section_0_618 + KKT + bisection_boundary
2112,2,1,1,2,6,mixed_balanced,3,"0,1,2",optimized,0.7,1703.1,2433.0,11829.333333,1644.333333,12374.0,173.813118,724.76364,95.521376,681.364073,0.35,0.6,1.6,1,1.428571,1.428571,16138.590476,1703.1,1.428572,16138.591476,deadline,,1,0.965494,0.965494,12080.275041,1703.1,0.965494,12080.276048,deadline,,4058.315435,3B,recommend_3arm_lower_energy_under_deadline,3B has lower optimized energy under the same deadline,1,1,switching_boundary_found,1.471089,1.4,1.5,-0.0006404808,scan_plus_bisection,A sign change is detected between 1.4000 and 1.5000; bisection gives switch boundary r*≈1.471089.,"min E0*((1-rho)+rho*s^2), s.t. C0/s<=D, s_min<=s<=s_max",seed_average + interior_barrier_method + golden_section_0_618 + KKT + bisection_boundary
2112,2,1,1,2,6,mixed_balanced,3,"0,1,2",optimized,0.75,1824.75,2433.0,11829.333333,1644.333333,12374.0,173.813118,724.76364,95.521376,681.364073,0.35,0.6,1.6,1,1.333333,1.333333,15049.540741,1824.75,1.333333,15049.541731,deadline,,1,0.901128,0.901128,11559.928036,1824.75,0.901128,11559.929039,deadline,,3489.612705,3B,recommend_3arm_lower_energy_under_deadline,3B has lower optimized energy under the same deadline,1,1,switching_boundary_found,1.471089,1.4,1.5,-0.0006404808,scan_plus_bisection,A sign change is detected between 1.4000 and 1.5000; bisection gives switch boundary r*≈1.471089.,"min E0*((1-rho)+rho*s^2), s.t. C0/s<=D, s_min<=s<=s_max",seed_average + interior_barrier_method + golden_section_0_618 + KKT + bisection_boundary
2112,2,1,1,2,6,mixed_balanced,3,"0,1,2",optimized,0.8,1946.4,2433.0,11829.333333,1644.333333,12374.0,173.813118,724.76364,95.521376,681.364073,0.35,0.6,1.6,1,1.25,1.25,14158.233333,1946.4,1.25,14158.234323,deadline,,1,0.844808,0.844808,11134.062141,1946.4,0.844808,11134.063151,deadline,,3024.171193,3B,recommend_3arm_lower_energy_under_deadline,3B has lower optimized energy under the same deadline,1,1,switching_boundary_found,1.471089,1.4,1.5,-0.0006404808,scan_plus_bisection,A sign change is detected between 1.4000 and 1.5000; bisection gives switch boundary r*≈1.471089.,"min E0*((1-rho)+rho*s^2), s.t. C0/s<=D, s_min<=s<=s_max",seed_average + interior_barrier_method + golden_section_0_618 + KKT + bisection_boundary
2112,2,1,1,2,6,mixed_balanced,3,"0,1,2",optimized,0.85,2068.05,2433.0,11829.333333,1644.333333,12374.0,173.813118,724.76364,95.521376,681.364073,0.35,0.6,1.6,1,1.176471,1.176471,13419.539562,2068.05,1.176471,13419.540544,deadline,,1,0.795113,0.795113,10781.114907,2068.05,0.795113,10781.115916,deadline,,2638.424655,3B,recommend_3arm_lower_energy_under_deadline,3B has lower optimized energy under the same deadline,1,1,switching_boundary_found,1.471089,1.4,1.5,-0.0006404808,scan_plus_bisection,A sign change is detected between 1.4000 and 1.5000; bisection gives switch boundary r*≈1.471089.,"min E0*((1-rho)+rho*s^2), s.t. C0/s<=D, s_min<=s<=s_max",seed_average + interior_barrier_method + golden_section_0_618 + KKT + bisection_boundary
2112,2,1,1,2,6,mixed_balanced,3,"0,1,2",optimized,0.9,2189.7,2433.0,11829.333333,1644.333333,12374.0,173.813118,724.76364,95.521376,681.364073,0.35,0.6,1.6,1,1.111111,1.111111,12800.506996,2189.7,1.111111,12800.508002,deadline,,1,0.75094,0.75094,10485.341691,2189.7,0.75094,10485.342693,deadline,,2315.165305,3B,recommend_3arm_lower_energy_under_deadline,3B has lower optimized energy under the same deadline,1,1,switching_boundary_found,1.471089,1.4,1.5,-0.0006404808,scan_plus_bisection,A sign change is detected between 1.4000 and 1.5000; bisection gives switch boundary r*≈1.471089.,"min E0*((1-rho)+rho*s^2), s.t. C0/s<=D, s_min<=s<=s_max",seed_average + interior_barrier_method + golden_section_0_618 + KKT + bisection_boundary
2112,2,1,1,2,6,mixed_balanced,3,"0,1,2",optimized,0.95,2311.35,2433.0,11829.333333,1644.333333,12374.0,173.813118,724.76364,95.521376,681.364073,0.35,0.6,1.6,1,1.052632,1.052632,12276.61976,2311.35,1.052632,12276.620766,deadline,,1,0.711417,0.711417,10235.028831,2311.35,0.711417,10235.029833,deadline,,2041.590929,3B,recommend_3arm_lower_energy_under_deadline,3B has lower optimized energy under the same deadline,1,1,switching_boundary_found,1.471089,1.4,1.5,-0.0006404808,scan_plus_bisection,A sign change is detected between 1.4000 and 1.5000; bisection gives switch boundary r*≈1.471089.,"min E0*((1-rho)+rho*s^2), s.t. C0/s<=D, s_min<=s<=s_max",seed_average + interior_barrier_method + golden_section_0_618 + KKT + bisection_boundary
2112,2,1,1,2,6,mixed_balanced,3,"0,1,2",optimized,1.0,2433.0,2433.0,11829.333333,1644.333333,12374.0,173.813118,724.76364,95.521376,681.364073,0.35,0.6,1.6,1,1.0,1.0,11829.333333,2433.0,1.0,11829.334351,deadline,,1,0.675846,0.675846,10021.31577,2433.0,0.675846,10021.316782,deadline,,1808.017563,3B,recommend_3arm_lower_energy_under_deadline,3B has lower optimized energy under the same deadline,1,1,switching_boundary_found,1.471089,1.4,1.5,-0.0006404808,scan_plus_bisection,A sign change is detected between 1.4000 and 1.5000; bisection gives switch boundary r*≈1.471089.,"min E0*((1-rho)+rho*s^2), s.t. C0/s<=D, s_min<=s<=s_max",seed_average + interior_barrier_method + golden_section_0_618 + KKT + bisection_boundary
2112,2,1,1,2,6,mixed_balanced,3,"0,1,2",optimized,1.05,2554.65,2433.0,11829.333333,1644.333333,12374.0,173.813118,724.76364,95.521376,681.364073,0.35,0.6,1.6,1,0.952381,0.952381,11444.410582,2554.65,0.952381,11444.411586,deadline,,1,0.643663,0.643663,9837.400018,2554.65,0.643663,9837.401013,deadline,,1607.010564,3B,recommend_3arm_lower_energy_under_deadline,3B has lower optimized energy under the same deadline,1,1,switching_boundary_found,1.471089,1.4,1.5,-0.0006404808,scan_plus_bisection,A sign change is detected between 1.4000 and 1.5000; bisection gives switch boundary r*≈1.471089.,"min E0*((1-rho)+rho*s^2), s.t. C0/s<=D, s_min<=s<=s_max",seed_average + interior_barrier_method + golden_section_0_618 + KKT + bisection_boundary
2112,2,1,1,2,6,mixed_balanced,3,"0,1,2",optimized,1.1,2676.3,2433.0,11829.333333,1644.333333,12374.0,173.813118,724.76364,95.521376,681.364073,0.35,0.6,1.6,1,0.909091,0.909091,11110.774656,2676.3,0.909091,11110.775673,deadline,,1,0.614405,0.614405,9677.989066,2676.3,0.614406,9677.990058,deadline,,1432.78559,3B,recommend_3arm_lower_energy_under_deadline,3B has lower optimized energy under the same deadline,1,1,switching_boundary_found,1.471089,1.4,1.5,-0.0006404808,scan_plus_bisection,A sign change is detected between 1.4000 and 1.5000; bisection gives switch boundary r*≈1.471089.,"min E0*((1-rho)+rho*s^2), s.t. C0/s<=D, s_min<=s<=s_max",seed_average + interior_barrier_method + golden_section_0_618 + KKT + bisection_boundary
2112,2,1,1,2,6,mixed_balanced,3,"0,1,2",optimized,1.15,2797.95,2433.0,11829.333333,1644.333333,12374.0,173.813118,724.76364,95.521376,681.364073,0.35,0.6,1.6,1,0.869565,0.869565,10819.703088,2797.95,0.869565,10819.704075,deadline,,1,0.587692,0.6,9602.224,2740.555556,0.6,9602.225004,lower_speed,,1217.479088,3B,recommend_3arm_lower_energy_under_deadline,3B has lower optimized energy under the same deadline,1,1,switching_boundary_found,1.471089,1.4,1.5,-0.0006404808,scan_plus_bisection,A sign change is detected between 1.4000 and 1.5000; bisection gives switch boundary r*≈1.471089.,"min E0*((1-rho)+rho*s^2), s.t. C0/s<=D, s_min<=s<=s_max",seed_average + interior_barrier_method + golden_section_0_618 + KKT + bisection_boundary
2112,2,1,1,2,6,mixed_balanced,3,"0,1,2",optimized,1.2,2919.6,2433.0,11829.333333,1644.333333,12374.0,173.813118,724.76364,95.521376,681.364073,0.35,0.6,1.6,1,0.833333,0.833333,10564.251852,2919.6,0.833333,10564.252841,deadline,,1,0.563205,0.6,9602.224,2740.555556,0.6,9602.225004,lower_speed,,962.027852,3B,recommend_3arm_lower_energy_under_deadline,3B has lower optimized energy under the same deadline,1,1,switching_boundary_found,1.471089,1.4,1.5,-0.0006404808,scan_plus_bisection,A sign change is detected between 1.4000 and 1.5000; bisection gives switch boundary r*≈1.471089.,"min E0*((1-rho)+rho*s^2), s.t. C0/s<=D, s_min<=s<=s_max",seed_average + interior_barrier_method + golden_section_0_618 + KKT + bisection_boundary
2112,2,1,1,2,6,mixed_balanced,3,"0,1,2",optimized,1.25,3041.25,2433.0,11829.333333,1644.333333,12374.0,173.813118,724.76364,95.521376,681.364073,0.35,0.6,1.6,1,0.8,0.8,10338.837333,3041.25,0.8,10338.838322,deadline,,1,0.540677,0.6,9602.224,2740.555556,0.6,9602.225004,lower_speed,,736.613333,3B,recommend_3arm_lower_energy_under_deadline,3B has lower optimized energy under the same deadline,1,1,switching_boundary_found,1.471089,1.4,1.5,-0.0006404808,scan_plus_bisection,A sign change is detected between 1.4000 and 1.5000; bisection gives switch boundary r*≈1.471089.,"min E0*((1-rho)+rho*s^2), s.t. C0/s<=D, s_min<=s<=s_max",seed_average + interior_barrier_method + golden_section_0_618 + KKT + bisection_boundary
2112,2,1,1,2,6,mixed_balanced,3,"0,1,2",optimized,1.3,3162.9,2433.0,11829.333333,1644.333333,12374.0,173.813118,724.76364,95.521376,681.364073,0.35,0.6,1.6,1,0.769231,0.769231,10138.9286,3162.9,0.769231,10138.929584,deadline,,1,0.519882,0.6,9602.224,2740.555556,0.6,9602.225004,lower_speed,,536.7046,3B,recommend_3arm_lower_energy_under_deadline,3B has lower optimized energy under the same deadline,1,1,switching_boundary_found,1.471089,1.4,1.5,-0.0006404808,scan_plus_bisection,A sign change is detected between 1.4000 and 1.5000; bisection gives switch boundary r*≈1.471089.,"min E0*((1-rho)+rho*s^2), s.t. C0/s<=D, s_min<=s<=s_max",seed_average + interior_barrier_method + golden_section_0_618 + KKT + bisection_boundary
2112,2,1,1,2,6,mixed_balanced,3,"0,1,2",optimized,1.35,3284.55,2433.0,11829.333333,1644.333333,12374.0,173.813118,724.76364,95.521376,681.364073,0.35,0.6,1.6,1,0.740741,0.740741,9960.817924,3284.55,0.740741,9960.81894,deadline,,1,0.500627,0.6,9602.224,2740.555556,0.6,9602.225004,lower_speed,,358.593924,3B,recommend_3arm_lower_energy_under_deadline,3B has lower optimized energy under the same deadline,1,1,switching_boundary_found,1.471089,1.4,1.5,-0.0006404808,scan_plus_bisection,A sign change is detected between 1.4000 and 1.5000; bisection gives switch boundary r*≈1.471089.,"min E0*((1-rho)+rho*s^2), s.t. C0/s<=D, s_min<=s<=s_max",seed_average + interior_barrier_method + golden_section_0_618 + KKT + bisection_boundary
2112,2,1,1,2,6,mixed_balanced,3,"0,1,2",optimized,1.4,3406.2,2433.0,11829.333333,1644.333333,12374.0,173.813118,724.76364,95.521376,681.364073,0.35,0.6,1.6,1,0.714286,0.714286,9801.447619,3406.2,0.714286,9801.448615,deadline,,1,0.482747,0.6,9602.224,2740.555556,0.6,9602.225004,lower_speed,,199.223619,3B,recommend_3arm_lower_energy_under_deadline,3B has lower optimized energy under the same deadline,1,1,switching_boundary_found,1.471089,1.4,1.5,-0.0006404808,scan_plus_bisection,A sign change is detected between 1.4000 and 1.5000; bisection gives switch boundary r*≈1.471089.,"min E0*((1-rho)+rho*s^2), s.t. C0/s<=D, s_min<=s<=s_max",seed_average + interior_barrier_method + golden_section_0_618 + KKT + bisection_boundary
2112,2,1,1,2,6,mixed_balanced,3,"0,1,2",optimized,1.5,3649.5,2433.0,11829.333333,1644.333333,12374.0,173.813118,724.76364,95.521376,681.364073,0.35,0.6,1.6,1,0.666667,0.666667,9529.185185,3649.5,0.666667,9529.186185,deadline,,1,0.450564,0.6,9602.224,2740.555556,0.6,9602.225004,lower_speed,,-73.038815,2B,recommend_2arm_lower_energy_under_deadline,2B has lower optimized energy under the same deadline,1,1,switching_boundary_found,1.471089,1.4,1.5,-0.0006404808,scan_plus_bisection,A sign change is detected between 1.4000 and 1.5000; bisection gives switch boundary r*≈1.471089.,"min E0*((1-rho)+rho*s^2), s.t. C0/s<=D, s_min<=s<=s_max",seed_average + interior_barrier_method + golden_section_0_618 + KKT + bisection_boundary
2121,2,1,2,1,6,mixed_balanced,3,"0,1,2",optimized,0.7,1801.1,2573.0,10464.666667,1746.0,10947.666667,206.303175,704.412048,163.330952,701.112212,0.35,0.6,1.6,1,1.428571,1.428571,14276.795238,1801.1,1.428572,14276.796263,deadline,,1,0.969408,0.969408,10716.811824,1801.1,0.969408,10716.812834,deadline,,3559.983414,3B,recommend_3arm_lower_energy_under_deadline,3B has lower optimized energy under the same deadline,1,1,switching_boundary_found,1.470695,1.4,1.5,-0.000493681,scan_plus_bisection,A sign change is detected between 1.4000 and 1.5000; bisection gives switch boundary r*≈1.470695.,"min E0*((1-rho)+rho*s^2), s.t. C0/s<=D, s_min<=s<=s_max",seed_average + interior_barrier_method + golden_section_0_618 + KKT + bisection_boundary
2121,2,1,2,1,6,mixed_balanced,3,"0,1,2",optimized,0.75,1929.75,2573.0,10464.666667,1746.0,10947.666667,206.303175,704.412048,163.330952,701.112212,0.35,0.6,1.6,1,1.333333,1.333333,13313.381481,1929.75,1.333333,13313.382483,deadline,,1,0.90478,0.90478,10252.705041,1929.75,0.904781,10252.706038,deadline,,3060.67644,3B,recommend_3arm_lower_energy_under_deadline,3B has lower optimized energy under the same deadline,1,1,switching_boundary_found,1.470695,1.4,1.5,-0.000493681,scan_plus_bisection,A sign change is detected between 1.4000 and 1.5000; bisection gives switch boundary r*≈1.470695.,"min E0*((1-rho)+rho*s^2), s.t. C0/s<=D, s_min<=s<=s_max",seed_average + interior_barrier_method + golden_section_0_618 + KKT + bisection_boundary
2121,2,1,2,1,6,mixed_balanced,3,"0,1,2",optimized,0.8,2058.4,2573.0,10464.666667,1746.0,10947.666667,206.303175,704.412048,163.330952,701.112212,0.35,0.6,1.6,1,1.25,1.25,12524.897917,2058.4,1.25,12524.898911,deadline,,1,0.848232,0.848232,9872.867647,2058.4,0.848232,9872.868652,deadline,,2652.03027,3B,recommend_3arm_lower_energy_under_deadline,3B has lower optimized energy under the same deadline,1,1,switching_boundary_found,1.470695,1.4,1.5,-0.000493681,scan_plus_bisection,A sign change is detected between 1.4000 and 1.5000; bisection gives switch boundary r*≈1.470695.,"min E0*((1-rho)+rho*s^2), s.t. C0/s<=D, s_min<=s<=s_max",seed_average + interior_barrier_method + golden_section_0_618 + KKT + bisection_boundary
2121,2,1,2,1,6,mixed_balanced,3,"0,1,2",optimized,0.85,2187.05,2573.0,10464.666667,1746.0,10947.666667,206.303175,704.412048,163.330952,701.112212,0.35,0.6,1.6,1,1.176471,1.176471,11871.42203,2187.05,1.176471,11871.42305,deadline,,1,0.798336,0.798336,9558.067708,2187.05,0.798336,9558.068713,deadline,,2313.354322,3B,recommend_3arm_lower_energy_under_deadline,3B has lower optimized energy under the same deadline,1,1,switching_boundary_found,1.470695,1.4,1.5,-0.000493681,scan_plus_bisection,A sign change is detected between 1.4000 and 1.5000; bisection gives switch boundary r*≈1.470695.,"min E0*((1-rho)+rho*s^2), s.t. C0/s<=D, s_min<=s<=s_max",seed_average + interior_barrier_method + golden_section_0_618 + KKT + bisection_boundary
2121,2,1,2,1,6,mixed_balanced,3,"0,1,2",optimized,0.9,2315.7,2573.0,10464.666667,1746.0,10947.666667,206.303175,704.412048,163.330952,701.112212,0.35,0.6,1.6,1,1.111111,1.111111,11323.802881,2315.7,1.111111,11323.803889,deadline,,1,0.753984,0.753984,9294.262297,2315.7,0.753984,9294.263296,deadline,,2029.540584,3B,recommend_3arm_lower_energy_under_deadline,3B has lower optimized energy under the same deadline,1,1,switching_boundary_found,1.470695,1.4,1.5,-0.000493681,scan_plus_bisection,A sign change is detected between 1.4000 and 1.5000; bisection gives switch boundary r*≈1.470695.,"min E0*((1-rho)+rho*s^2), s.t. C0/s<=D, s_min<=s<=s_max",seed_average + interior_barrier_method + golden_section_0_618 + KKT + bisection_boundary
2121,2,1,2,1,6,mixed_balanced,3,"0,1,2",optimized,0.95,2444.35,2573.0,10464.666667,1746.0,10947.666667,206.303175,704.412048,163.330952,701.112212,0.35,0.6,1.6,1,1.052632,1.052632,10860.352816,2444.35,1.052632,10860.353814,deadline,,1,0.7143,0.7143,9071.003788,2444.35,0.714301,9071.004787,deadline,,1789.349028,3B,recommend_3arm_lower_energy_under_deadline,3B has lower optimized energy under the same deadline,1,1,switching_boundary_found,1.470695,1.4,1.5,-0.000493681,scan_plus_bisection,A sign change is detected between 1.4000 and 1.5000; bisection gives switch boundary r*≈1.470695.,"min E0*((1-rho)+rho*s^2), s.t. C0/s<=D, s_min<=s<=s_max",seed_average + interior_barrier_method + golden_section_0_618 + KKT + bisection_boundary
2121,2,1,2,1,6,mixed_balanced,3,"0,1,2",optimized,1.0,2573.0,2573.0,10464.666667,1746.0,10947.666667,206.303175,704.412048,163.330952,701.112212,0.35,0.6,1.6,1,1.0,1.0,10464.666667,2573.0,1.0,10464.667667,deadline,,1,0.678585,0.678585,8880.389294,2573.0,0.678586,8880.390292,deadline,,1584.277373,3B,recommend_3arm_lower_energy_under_deadline,3B has lower optimized energy under the same deadline,1,1,switching_boundary_found,1.470695,1.4,1.5,-0.000493681,scan_plus_bisection,A sign change is detected between 1.4000 and 1.5000; bisection gives switch boundary r*≈1.470695.,"min E0*((1-rho)+rho*s^2), s.t. C0/s<=D, s_min<=s<=s_max",seed_average + interior_barrier_method + golden_section_0_618 + KKT + bisection_boundary
2121,2,1,2,1,6,mixed_balanced,3,"0,1,2",optimized,1.05,2701.65,2573.0,10464.666667,1746.0,10947.666667,206.303175,704.412048,163.330952,701.112212,0.35,0.6,1.6,1,0.952381,0.952381,10124.149735,2701.65,0.952381,10124.150739,deadline,,1,0.646272,0.646272,8716.351552,2701.65,0.646272,8716.352554,deadline,,1407.798184,3B,recommend_3arm_lower_energy_under_deadline,3B has lower optimized energy under the same deadline,1,1,switching_boundary_found,1.470695,1.4,1.5,-0.000493681,scan_plus_bisection,A sign change is detected between 1.4000 and 1.5000; bisection gives switch boundary r*≈1.470695.,"min E0*((1-rho)+rho*s^2), s.t. C0/s<=D, s_min<=s<=s_max",seed_average + interior_barrier_method + golden_section_0_618 + KKT + bisection_boundary
2121,2,1,2,1,6,mixed_balanced,3,"0,1,2",optimized,1.1,2830.3,2573.0,10464.666667,1746.0,10947.666667,206.303175,704.412048,163.330952,701.112212,0.35,0.6,1.6,1,0.909091,0.909091,9829.00303,2830.3,0.909091,9829.004015,deadline,,1,0.616896,0.616896,8574.170078,2830.3,0.616896,8574.171075,deadline,,1254.832953,3B,recommend_3arm_lower_energy_under_deadline,3B has lower optimized energy under the same deadline,1,1,switching_boundary_found,1.470695,1.4,1.5,-0.000493681,scan_plus_bisection,A sign change is detected between 1.4000 and 1.5000; bisection gives switch boundary r*≈1.470695.,"min E0*((1-rho)+rho*s^2), s.t. C0/s<=D, s_min<=s<=s_max",seed_average + interior_barrier_method + golden_section_0_618 + KKT + bisection_boundary
2121,2,1,2,1,6,mixed_balanced,3,"0,1,2",optimized,1.15,2958.95,2573.0,10464.666667,1746.0,10947.666667,206.303175,704.412048,163.330952,701.112212,0.35,0.6,1.6,1,0.869565,0.869565,9571.510334,2958.95,0.869565,9571.511326,deadline,,1,0.590074,0.6,8495.389333,2910.0,0.6,8495.39034,lower_speed,,1076.121001,3B,recommend_3arm_lower_energy_under_deadline,3B has lower optimized energy under the same deadline,1,1,switching_boundary_found,1.470695,1.4,1.5,-0.000493681,scan_plus_bisection,A sign change is detected between 1.4000 and 1.5000; bisection gives switch boundary r*≈1.470695.,"min E0*((1-rho)+rho*s^2), s.t. C0/s<=D, s_min<=s<=s_max",seed_average + interior_barrier_method + golden_section_0_618 + KKT + bisection_boundary
2121,2,1,2,1,6,mixed_balanced,3,"0,1,2",optimized,1.2,3087.6,2573.0,10464.666667,1746.0,10947.666667,206.303175,704.412048,163.330952,701.112212,0.35,0.6,1.6,1,0.833333,0.833333,9345.528704,3087.6,0.833333,9345.529699,deadline,,1,0.565488,0.6,8495.389333,2910.0,0.6,8495.39034,lower_speed,,850.13937,3B,recommend_3arm_lower_energy_under_deadline,3B has lower optimized energy under the same deadline,1,1,switching_boundary_found,1.470695,1.4,1.5,-0.000493681,scan_plus_bisection,A sign change is detected between 1.4000 and 1.5000; bisection gives switch boundary r*≈1.470695.,"min E0*((1-rho)+rho*s^2), s.t. C0/s<=D, s_min<=s<=s_max",seed_average + interior_barrier_method + golden_section_0_618 + KKT + bisection_boundary
2121,2,1,2,1,6,mixed_balanced,3,"0,1,2",optimized,1.25,3216.25,2573.0,10464.666667,1746.0,10947.666667,206.303175,704.412048,163.330952,701.112212,0.35,0.6,1.6,1,0.8,0.8,9146.118667,3216.25,0.8,9146.119661,deadline,,1,0.542868,0.6,8495.389333,2910.0,0.6,8495.39034,lower_speed,,650.729333,3B,recommend_3arm_lower_energy_under_deadline,3B has lower optimized energy under the same deadline,1,1,switching_boundary_found,1.470695,1.4,1.5,-0.000493681,scan_plus_bisection,A sign change is detected between 1.4000 and 1.5000; bisection gives switch boundary r*≈1.470695.,"min E0*((1-rho)+rho*s^2), s.t. C0/s<=D, s_min<=s<=s_max",seed_average + interior_barrier_method + golden_section_0_618 + KKT + bisection_boundary
2121,2,1,2,1,6,mixed_balanced,3,"0,1,2",optimized,1.3,3344.9,2573.0,10464.666667,1746.0,10947.666667,206.303175,704.412048,163.330952,701.112212,0.35,0.6,1.6,1,0.769231,0.769231,8969.271992,3344.9,0.769231,8969.272983,deadline,,1,0.521989,0.6,8495.389333,2910.0,0.6,8495.39034,lower_speed,,473.882659,3B,recommend_3arm_lower_energy_under_deadline,3B has lower optimized energy under the same deadline,1,1,switching_boundary_found,1.470695,1.4,1.5,-0.000493681,scan_plus_bisection,A sign change is detected between 1.4000 and 1.5000; bisection gives switch boundary r*≈1.470695.,"min E0*((1-rho)+rho*s^2), s.t. C0/s<=D, s_min<=s<=s_max",seed_average + interior_barrier_method + golden_section_0_618 + KKT + bisection_boundary
2121,2,1,2,1,6,mixed_balanced,3,"0,1,2",optimized,1.35,3473.55,2573.0,10464.666667,1746.0,10947.666667,206.303175,704.412048,163.330952,701.112212,0.35,0.6,1.6,1,0.740741,0.740741,8811.708688,3473.55,0.740741,8811.709673,deadline,,1,0.502656,0.6,8495.389333,2910.0,0.6,8495.39034,lower_speed,,316.319354,3B,recommend_3arm_lower_energy_under_deadline,3B has lower optimized energy under the same deadline,1,1,switching_boundary_found,1.470695,1.4,1.5,-0.000493681,scan_plus_bisection,A sign change is detected between 1.4000 and 1.5000; bisection gives switch boundary r*≈1.470695.,"min E0*((1-rho)+rho*s^2), s.t. C0/s<=D, s_min<=s<=s_max",seed_average + interior_barrier_method + golden_section_0_618 + KKT + bisection_boundary
2121,2,1,2,1,6,mixed_balanced,3,"0,1,2",optimized,1.4,3602.2,2573.0,10464.666667,1746.0,10947.666667,206.303175,704.412048,163.330952,701.112212,0.35,0.6,1.6,1,0.714286,0.714286,8670.72381,3602.2,0.714286,8670.724809,deadline,,1,0.484704,0.6,8495.389333,2910.0,0.6,8495.39034,lower_speed,,175.334476,3B,recommend_3arm_lower_energy_under_deadline,3B has lower optimized energy under the same deadline,1,1,switching_boundary_found,1.470695,1.4,1.5,-0.000493681,scan_plus_bisection,A sign change is detected between 1.4000 and 1.5000; bisection gives switch boundary r*≈1.470695.,"min E0*((1-rho)+rho*s^2), s.t. C0/s<=D, s_min<=s<=s_max",seed_average + interior_barrier_method + golden_section_0_618 + KKT + bisection_boundary
2121,2,1,2,1,6,mixed_balanced,3,"0,1,2",optimized,1.5,3859.5,2573.0,10464.666667,1746.0,10947.666667,206.303175,704.412048,163.330952,701.112212,0.35,0.6,1.6,1,0.666667,0.666667,8429.87037,3859.5,0.666667,8429.871371,deadline,,1,0.45239,0.6,8495.389333,2910.0,0.6,8495.39034,lower_speed,,-65.518963,2B,recommend_2arm_lower_energy_under_deadline,2B has lower optimized energy under the same deadline,1,1,switching_boundary_found,1.470695,1.4,1.5,-0.000493681,scan_plus_bisection,A sign change is detected between 1.4000 and 1.5000; bisection gives switch boundary r*≈1.470695.,"min E0*((1-rho)+rho*s^2), s.t. C0/s<=D, s_min<=s<=s_max",seed_average + interior_barrier_method + golden_section_0_618 + KKT + bisection_boundary
2122,2,1,2,2,7,dual_arm_dominant,3,"0,1,2",optimized,0.7,2157.4,3082.0,14612.0,2295.333333,15207.0,190.48097,750.460525,113.376952,740.538318,0.35,0.6,1.6,1,1.428571,1.428571,19934.942857,2157.4,1.428571,19934.94385,deadline,,1,1.063935,1.063935,15909.337989,2157.4,1.063935,15909.338998,deadline,,4025.604868,3B,recommend_3arm_lower_energy_under_deadline,3B has lower optimized energy under the same deadline,1,1,switching_boundary_found,1.490245,1.4,1.5,-0.0007937207,scan_plus_bisection,A sign change is detected between 1.4000 and 1.5000; bisection gives switch boundary r*≈1.490245.,"min E0*((1-rho)+rho*s^2), s.t. C0/s<=D, s_min<=s<=s_max",seed_average + interior_barrier_method + golden_section_0_618 + KKT + bisection_boundary
2122,2,1,2,2,7,dual_arm_dominant,3,"0,1,2",optimized,0.75,2311.5,3082.0,14612.0,2295.333333,15207.0,190.48097,750.460525,113.376952,740.538318,0.35,0.6,1.6,1,1.333333,1.333333,18589.711111,2311.5,1.333333,18589.712116,deadline,,1,0.993006,0.993006,15132.809759,2311.5,0.993006,15132.810761,deadline,,3456.901352,3B,recommend_3arm_lower_energy_under_deadline,3B has lower optimized energy under the same deadline,1,1,switching_boundary_found,1.490245,1.4,1.5,-0.0007937207,scan_plus_bisection,A sign change is detected between 1.4000 and 1.5000; bisection gives switch boundary r*≈1.490245.,"min E0*((1-rho)+rho*s^2), s.t. C0/s<=D, s_min<=s<=s_max",seed_average + interior_barrier_method + golden_section_0_618 + KKT + bisection_boundary
2122,2,1,2,2,7,dual_arm_dominant,3,"0,1,2",optimized,0.8,2465.6,3082.0,14612.0,2295.333333,15207.0,190.48097,750.460525,113.376952,740.538318,0.35,0.6,1.6,1,1.25,1.25,17488.7375,2465.6,1.25,17488.738505,deadline,,1,0.930943,0.930943,14497.278304,2465.6,0.930943,14497.279283,deadline,,2991.459196,3B,recommend_3arm_lower_energy_under_deadline,3B has lower optimized energy under the same deadline,1,1,switching_boundary_found,1.490245,1.4,1.5,-0.0007937207,scan_plus_bisection,A sign change is detected between 1.4000 and 1.5000; bisection gives switch boundary r*≈1.490245.,"min E0*((1-rho)+rho*s^2), s.t. C0/s<=D, s_min<=s<=s_max",seed_average + interior_barrier_method + golden_section_0_618 + KKT + bisection_boundary
2122,2,1,2,2,7,dual_arm_dominant,3,"0,1,2",optimized,0.85,2619.7,3082.0,14612.0,2295.333333,15207.0,190.48097,750.460525,113.376952,740.538318,0.35,0.6,1.6,1,1.176471,1.176471,16576.277509,2619.7,1.176471,16576.278534,deadline,,1,0.876182,0.876182,13970.565384,2619.7,0.876182,13970.566372,deadline,,2605.712125,3B,recommend_3arm_lower_energy_under_deadline,3B has lower optimized energy under the same deadline,1,1,switching_boundary_found,1.490245,1.4,1.5,-0.0007937207,scan_plus_bisection,A sign change is detected between 1.4000 and 1.5000; bisection gives switch boundary r*≈1.490245.,"min E0*((1-rho)+rho*s^2), s.t. C0/s<=D, s_min<=s<=s_max",seed_average + interior_barrier_method + golden_section_0_618 + KKT + bisection_boundary
2122,2,1,2,2,7,dual_arm_dominant,3,"0,1,2",optimized,0.9,2773.8,3082.0,14612.0,2295.333333,15207.0,190.48097,750.460525,113.376952,740.538318,0.35,0.6,1.6,1,1.111111,1.111111,15811.62716,2773.8,1.111111,15811.628133,deadline,,1,0.827505,0.827505,13529.174833,2773.8,0.827505,13529.175823,deadline,,2282.452328,3B,recommend_3arm_lower_energy_under_deadline,3B has lower optimized energy under the same deadline,1,1,switching_boundary_found,1.490245,1.4,1.5,-0.0007937207,scan_plus_bisection,A sign change is detected between 1.4000 and 1.5000; bisection gives switch boundary r*≈1.490245.,"min E0*((1-rho)+rho*s^2), s.t. C0/s<=D, s_min<=s<=s_max",seed_average + interior_barrier_method + golden_section_0_618 + KKT + bisection_boundary
2122,2,1,2,2,7,dual_arm_dominant,3,"0,1,2",optimized,0.95,2927.9,3082.0,14612.0,2295.333333,15207.0,190.48097,750.460525,113.376952,740.538318,0.35,0.6,1.6,1,1.052632,1.052632,15164.503601,2927.9,1.052632,15164.504599,deadline,,1,0.783952,0.783952,13155.626027,2927.9,0.783952,13155.627014,deadline,,2008.877574,3B,recommend_3arm_lower_energy_under_deadline,3B has lower optimized energy under the same deadline,1,1,switching_boundary_found,1.490245,1.4,1.5,-0.0007937207,scan_plus_bisection,A sign change is detected between 1.4000 and 1.5000; bisection gives switch boundary r*≈1.490245.,"min E0*((1-rho)+rho*s^2), s.t. C0/s<=D, s_min<=s<=s_max",seed_average + interior_barrier_method + golden_section_0_618 + KKT + bisection_boundary
2122,2,1,2,2,7,dual_arm_dominant,3,"0,1,2",optimized,1.0,3082.0,3082.0,14612.0,2295.333333,15207.0,190.48097,750.460525,113.376952,740.538318,0.35,0.6,1.6,1,1.0,1.0,14612.0,3082.0,1.0,14612.000986,deadline,,1,0.744754,0.744754,12836.696115,3082.0,0.744755,12836.697093,deadline,,1775.303885,3B,recommend_3arm_lower_energy_under_deadline,3B has lower optimized energy under the same deadline,1,1,switching_boundary_found,1.490245,1.4,1.5,-0.0007937207,scan_plus_bisection,A sign change is detected between 1.4000 and 1.5000; bisection gives switch boundary r*≈1.490245.,"min E0*((1-rho)+rho*s^2), s.t. C0/s<=D, s_min<=s<=s_max",seed_average + interior_barrier_method + golden_section_0_618 + KKT + bisection_boundary
2122,2,1,2,2,7,dual_arm_dominant,3,"0,1,2",optimized,1.05,3236.1,3082.0,14612.0,2295.333333,15207.0,190.48097,750.460525,113.376952,740.538318,0.35,0.6,1.6,1,0.952381,0.952381,14136.530159,3236.1,0.952381,14136.531165,deadline,,1,0.70929,0.70929,12562.233551,3236.1,0.70929,12562.234551,deadline,,1574.296608,3B,recommend_3arm_lower_energy_under_deadline,3B has lower optimized energy under the same deadline,1,1,switching_boundary_found,1.490245,1.4,1.5,-0.0007937207,scan_plus_bisection,A sign change is detected between 1.4000 and 1.5000; bisection gives switch boundary r*≈1.490245.,"min E0*((1-rho)+rho*s^2), s.t. C0/s<=D, s_min<=s<=s_max",seed_average + interior_barrier_method + golden_section_0_618 + KKT + bisection_boundary
2122,2,1,2,2,7,dual_arm_dominant,3,"0,1,2",optimized,1.1,3390.2,3082.0,14612.0,2295.333333,15207.0,190.48097,750.460525,113.376952,740.538318,0.35,0.6,1.6,1,0.909091,0.909091,13724.41157,3390.2,0.909091,13724.412561,deadline,,1,0.67705,0.67705,12324.340177,3390.2,0.67705,12324.341164,deadline,,1400.071393,3B,recommend_3arm_lower_energy_under_deadline,3B has lower optimized energy under the same deadline,1,1,switching_boundary_found,1.490245,1.4,1.5,-0.0007937207,scan_plus_bisection,A sign change is detected between 1.4000 and 1.5000; bisection gives switch boundary r*≈1.490245.,"min E0*((1-rho)+rho*s^2), s.t. C0/s<=D, s_min<=s<=s_max",seed_average + interior_barrier_method + golden_section_0_618 + KKT + bisection_boundary
2122,2,1,2,2,7,dual_arm_dominant,3,"0,1,2",optimized,1.15,3544.3,3082.0,14612.0,2295.333333,15207.0,190.48097,750.460525,113.376952,740.538318,0.35,0.6,1.6,1,0.869565,0.869565,13364.869943,3544.3,0.869565,13364.87094,deadline,,1,0.647613,0.647613,12116.79659,3544.3,0.647613,12116.79759,deadline,,1248.073354,3B,recommend_3arm_lower_energy_under_deadline,3B has lower optimized energy under the same deadline,1,1,switching_boundary_found,1.490245,1.4,1.5,-0.0007937207,scan_plus_bisection,A sign change is detected between 1.4000 and 1.5000; bisection gives switch boundary r*≈1.490245.,"min E0*((1-rho)+rho*s^2), s.t. C0/s<=D, s_min<=s<=s_max",seed_average + interior_barrier_method + golden_section_0_618 + KKT + bisection_boundary
2122,2,1,2,2,7,dual_arm_dominant,3,"0,1,2",optimized,1.2,3698.4,3082.0,14612.0,2295.333333,15207.0,190.48097,750.460525,113.376952,740.538318,0.35,0.6,1.6,1,0.833333,0.833333,13049.327778,3698.4,0.833333,13049.328776,deadline,,1,0.620629,0.620629,11934.651469,3698.4,0.620629,11934.652481,deadline,,1114.676309,3B,recommend_3arm_lower_energy_under_deadline,3B has lower optimized energy under the same deadline,1,1,switching_boundary_found,1.490245,1.4,1.5,-0.0007937207,scan_plus_bisection,A sign change is detected between 1.4000 and 1.5000; bisection gives switch boundary r*≈1.490245.,"min E0*((1-rho)+rho*s^2), s.t. C0/s<=D, s_min<=s<=s_max",seed_average + interior_barrier_method + golden_section_0_618 + KKT + bisection_boundary
2122,2,1,2,2,7,dual_arm_dominant,3,"0,1,2",optimized,1.25,3852.5,3082.0,14612.0,2295.333333,15207.0,190.48097,750.460525,113.376952,740.538318,0.35,0.6,1.6,1,0.8,0.8,12770.888,3852.5,0.8,12770.888996,deadline,,1,0.595804,0.6,11800.632,3825.555556,0.6,11800.632998,lower_speed,,970.256,3B,recommend_3arm_lower_energy_under_deadline,3B has lower optimized energy under the same deadline,1,1,switching_boundary_found,1.490245,1.4,1.5,-0.0007937207,scan_plus_bisection,A sign change is detected between 1.4000 and 1.5000; bisection gives switch boundary r*≈1.490245.,"min E0*((1-rho)+rho*s^2), s.t. C0/s<=D, s_min<=s<=s_max",seed_average + interior_barrier_method + golden_section_0_618 + KKT + bisection_boundary
2122,2,1,2,2,7,dual_arm_dominant,3,"0,1,2",optimized,1.3,4006.6,3082.0,14612.0,2295.333333,15207.0,190.48097,750.460525,113.376952,740.538318,0.35,0.6,1.6,1,0.769231,0.769231,12523.953846,4006.6,0.769231,12523.954838,deadline,,1,0.572888,0.6,11800.632,3825.555556,0.6,11800.632998,lower_speed,,723.321846,3B,recommend_3arm_lower_energy_under_deadline,3B has lower optimized energy under the same deadline,1,1,switching_boundary_found,1.490245,1.4,1.5,-0.0007937207,scan_plus_bisection,A sign change is detected between 1.4000 and 1.5000; bisection gives switch boundary r*≈1.490245.,"min E0*((1-rho)+rho*s^2), s.t. C0/s<=D, s_min<=s<=s_max",seed_average + interior_barrier_method + golden_section_0_618 + KKT + bisection_boundary
2122,2,1,2,2,7,dual_arm_dominant,3,"0,1,2",optimized,1.35,4160.7,3082.0,14612.0,2295.333333,15207.0,190.48097,750.460525,113.376952,740.538318,0.35,0.6,1.6,1,0.740741,0.740741,12303.945405,4160.7,0.740741,12303.946418,deadline,,1,0.55167,0.6,11800.632,3825.555556,0.6,11800.632998,lower_speed,,503.313405,3B,recommend_3arm_lower_energy_under_deadline,3B has lower optimized energy under the same deadline,1,1,switching_boundary_found,1.490245,1.4,1.5,-0.0007937207,scan_plus_bisection,A sign change is detected between 1.4000 and 1.5000; bisection gives switch boundary r*≈1.490245.,"min E0*((1-rho)+rho*s^2), s.t. C0/s<=D, s_min<=s<=s_max",seed_average + interior_barrier_method + golden_section_0_618 + KKT + bisection_boundary
2122,2,1,2,2,7,dual_arm_dominant,3,"0,1,2",optimized,1.4,4314.8,3082.0,14612.0,2295.333333,15207.0,190.48097,750.460525,113.376952,740.538318,0.35,0.6,1.6,1,0.714286,0.714286,12107.085714,4314.8,0.714286,12107.086705,deadline,,1,0.531967,0.6,11800.632,3825.555556,0.6,11800.632998,lower_speed,,306.453714,3B,recommend_3arm_lower_energy_under_deadline,3B has lower optimized energy under the same deadline,1,1,switching_boundary_found,1.490245,1.4,1.5,-0.0007937207,scan_plus_bisection,A sign change is detected between 1.4000 and 1.5000; bisection gives switch boundary r*≈1.490245.,"min E0*((1-rho)+rho*s^2), s.t. C0/s<=D, s_min<=s<=s_max",seed_average + interior_barrier_method + golden_section_0_618 + KKT + bisection_boundary
2122,2,1,2,2,7,dual_arm_dominant,3,"0,1,2",optimized,1.5,4623.0,3082.0,14612.0,2295.333333,15207.0,190.48097,750.460525,113.376952,740.538318,0.35,0.6,1.6,1,0.666667,0.666667,11770.777778,4623.0,0.666667,11770.778777,deadline,,1,0.496503,0.6,11800.632,3825.555556,0.6,11800.632998,lower_speed,,-29.854222,2B,recommend_2arm_lower_energy_under_deadline,2B has lower optimized energy under the same deadline,1,1,switching_boundary_found,1.490245,1.4,1.5,-0.0007937207,scan_plus_bisection,A sign change is detected between 1.4000 and 1.5000; bisection gives switch boundary r*≈1.490245.,"min E0*((1-rho)+rho*s^2), s.t. C0/s<=D, s_min<=s<=s_max",seed_average + interior_barrier_method + golden_section_0_618 + KKT + bisection_boundary
2211,2,2,1,1,6,single_arm_dominant,3,"0,1,2",optimized,0.7,1454.366667,2077.666667,8824.666667,1505.333333,9260.333333,165.306786,760.129156,103.751305,791.960437,0.35,0.6,1.6,1,1.428571,1.428571,12039.366667,1454.366667,1.428572,12039.367678,deadline,,1,1.035044,1.035044,9491.476343,1454.366667,1.035044,9491.47735,deadline,,2547.890324,3B,recommend_3arm_lower_energy_under_deadline,3B has lower optimized energy under the same deadline,1,1,switching_boundary_found,1.459491,1.4,1.5,0.0004978292,scan_plus_bisection,A sign change is detected between 1.4000 and 1.5000; bisection gives switch boundary r*≈1.459491.,"min E0*((1-rho)+rho*s^2), s.t. C0/s<=D, s_min<=s<=s_max",seed_average + interior_barrier_method + golden_section_0_618 + KKT + bisection_boundary
2211,2,2,1,1,6,single_arm_dominant,3,"0,1,2",optimized,0.75,1558.25,2077.666667,8824.666667,1505.333333,9260.333333,165.306786,760.129156,103.751305,791.960437,0.35,0.6,1.6,1,1.333333,1.333333,11226.937037,1558.25,1.333333,11226.938029,deadline,,1,0.966041,0.966041,9043.940651,1558.25,0.966041,9043.941653,deadline,,2182.996386,3B,recommend_3arm_lower_energy_under_deadline,3B has lower optimized energy under the same deadline,1,1,switching_boundary_found,1.459491,1.4,1.5,0.0004978292,scan_plus_bisection,A sign change is detected between 1.4000 and 1.5000; bisection gives switch boundary r*≈1.459491.,"min E0*((1-rho)+rho*s^2), s.t. C0/s<=D, s_min<=s<=s_max",seed_average + interior_barrier_method + golden_section_0_618 + KKT + bisection_boundary
2211,2,2,1,1,6,single_arm_dominant,3,"0,1,2",optimized,0.8,1662.133333,2077.666667,8824.666667,1505.333333,9260.333333,165.306786,760.129156,103.751305,791.960437,0.35,0.6,1.6,1,1.25,1.25,10562.022917,1662.133333,1.25,10562.023917,deadline,,1,0.905663,0.905663,8677.665481,1662.133333,0.905664,8677.666475,deadline,,1884.357436,3B,recommend_3arm_lower_energy_under_deadline,3B has lower optimized energy under the same deadline,1,1,switching_boundary_found,1.459491,1.4,1.5,0.0004978292,scan_plus_bisection,A sign change is detected between 1.4000 and 1.5000; bisection gives switch boundary r*≈1.459491.,"min E0*((1-rho)+rho*s^2), s.t. C0/s<=D, s_min<=s<=s_max",seed_average + interior_barrier_method + golden_section_0_618 + KKT + bisection_boundary
2211,2,2,1,1,6,single_arm_dominant,3,"0,1,2",optimized,0.85,1766.016667,2077.666667,8824.666667,1505.333333,9260.333333,165.306786,760.129156,103.751305,791.960437,0.35,0.6,1.6,1,1.176471,1.176471,10010.958362,1766.016667,1.176471,10010.959372,deadline,,1,0.852389,0.852389,8374.105582,1766.016667,0.852389,8374.106585,deadline,,1636.85278,3B,recommend_3arm_lower_energy_under_deadline,3B has lower optimized energy under the same deadline,1,1,switching_boundary_found,1.459491,1.4,1.5,0.0004978292,scan_plus_bisection,A sign change is detected between 1.4000 and 1.5000; bisection gives switch boundary r*≈1.459491.,"min E0*((1-rho)+rho*s^2), s.t. C0/s<=D, s_min<=s<=s_max",seed_average + interior_barrier_method + golden_section_0_618 + KKT + bisection_boundary
2211,2,2,1,1,6,single_arm_dominant,3,"0,1,2",optimized,0.9,1869.9,2077.666667,8824.666667,1505.333333,9260.333333,165.306786,760.129156,103.751305,791.960437,0.35,0.6,1.6,1,1.111111,1.111111,9549.160905,1869.9,1.111111,9549.161895,deadline,,1,0.805034,0.805034,8119.719434,1869.9,0.805034,8119.720438,deadline,,1429.441472,3B,recommend_3arm_lower_energy_under_deadline,3B has lower optimized energy under the same deadline,1,1,switching_boundary_found,1.459491,1.4,1.5,0.0004978292,scan_plus_bisection,A sign change is detected between 1.4000 and 1.5000; bisection gives switch boundary r*≈1.459491.,"min E0*((1-rho)+rho*s^2), s.t. C0/s<=D, s_min<=s<=s_max",seed_average + interior_barrier_method + golden_section_0_618 + KKT + bisection_boundary
2211,2,2,1,1,6,single_arm_dominant,3,"0,1,2",optimized,0.95,1973.783333,2077.666667,8824.666667,1505.333333,9260.333333,165.306786,760.129156,103.751305,791.960437,0.35,0.6,1.6,1,1.052632,1.052632,9158.341736,1973.783333,1.052632,9158.342725,deadline,,1,0.762664,0.762664,7904.432446,1973.783333,0.762664,7904.433446,deadline,,1253.90929,3B,recommend_3arm_lower_energy_under_deadline,3B has lower optimized energy under the same deadline,1,1,switching_boundary_found,1.459491,1.4,1.5,0.0004978292,scan_plus_bisection,A sign change is detected between 1.4000 and 1.5000; bisection gives switch boundary r*≈1.459491.,"min E0*((1-rho)+rho*s^2), s.t. C0/s<=D, s_min<=s<=s_max",seed_average + interior_barrier_method + golden_section_0_618 + KKT + bisection_boundary
2211,2,2,1,1,6,single_arm_dominant,3,"0,1,2",optimized,1.0,2077.666667,2077.666667,8824.666667,1505.333333,9260.333333,165.306786,760.129156,103.751305,791.960437,0.35,0.6,1.6,1,1.0,1.0,8824.666667,2077.666667,1.0,8824.667664,deadline,,1,0.724531,0.724531,7720.623908,2077.666667,0.724531,7720.624908,deadline,,1104.042759,3B,recommend_3arm_lower_energy_under_deadline,3B has lower optimized energy under the same deadline,1,1,switching_boundary_found,1.459491,1.4,1.5,0.0004978292,scan_plus_bisection,A sign change is detected between 1.4000 and 1.5000; bisection gives switch boundary r*≈1.459491.,"min E0*((1-rho)+rho*s^2), s.t. C0/s<=D, s_min<=s<=s_max",seed_average + interior_barrier_method + golden_section_0_618 + KKT + bisection_boundary
2211,2,2,1,1,6,single_arm_dominant,3,"0,1,2",optimized,1.05,2181.55,2077.666667,8824.666667,1505.333333,9260.333333,165.306786,760.129156,103.751305,791.960437,0.35,0.6,1.6,1,0.952381,0.952381,8537.514815,2181.55,0.952381,8537.515819,deadline,,1,0.690029,0.690029,7562.443189,2181.55,0.690029,7562.444188,deadline,,975.071626,3B,recommend_3arm_lower_energy_under_deadline,3B has lower optimized energy under the same deadline,1,1,switching_boundary_found,1.459491,1.4,1.5,0.0004978292,scan_plus_bisection,A sign change is detected between 1.4000 and 1.5000; bisection gives switch boundary r*≈1.459491.,"min E0*((1-rho)+rho*s^2), s.t. C0/s<=D, s_min<=s<=s_max",seed_average + interior_barrier_method + golden_section_0_618 + KKT + bisection_boundary
2211,2,2,1,1,6,single_arm_dominant,3,"0,1,2",optimized,1.1,2285.433333,2077.666667,8824.666667,1505.333333,9260.333333,165.306786,760.129156,103.751305,791.960437,0.35,0.6,1.6,1,0.909091,0.909091,8288.622865,2285.433333,0.909091,8288.623856,deadline,,1,0.658664,0.658664,7425.338354,2285.433333,0.658665,7425.339356,deadline,,863.284511,3B,recommend_3arm_lower_energy_under_deadline,3B has lower optimized energy under the same deadline,1,1,switching_boundary_found,1.459491,1.4,1.5,0.0004978292,scan_plus_bisection,A sign change is detected between 1.4000 and 1.5000; bisection gives switch boundary r*≈1.459491.,"min E0*((1-rho)+rho*s^2), s.t. C0/s<=D, s_min<=s<=s_max",seed_average + interior_barrier_method + golden_section_0_618 + KKT + bisection_boundary
2211,2,2,1,1,6,single_arm_dominant,3,"0,1,2",optimized,1.15,2389.316667,2077.666667,8824.666667,1505.333333,9260.333333,165.306786,760.129156,103.751305,791.960437,0.35,0.6,1.6,1,0.869565,0.869565,8071.483869,2389.316667,0.869565,8071.484868,deadline,,1,0.630027,0.630027,7305.724978,2389.316667,0.630027,7305.725982,deadline,,765.758891,3B,recommend_3arm_lower_energy_under_deadline,3B has lower optimized energy under the same deadline,1,1,switching_boundary_found,1.459491,1.4,1.5,0.0004978292,scan_plus_bisection,A sign change is detected between 1.4000 and 1.5000; bisection gives switch boundary r*≈1.459491.,"min E0*((1-rho)+rho*s^2), s.t. C0/s<=D, s_min<=s<=s_max",seed_average + interior_barrier_method + golden_section_0_618 + KKT + bisection_boundary
2211,2,2,1,1,6,single_arm_dominant,3,"0,1,2",optimized,1.2,2493.2,2077.666667,8824.666667,1505.333333,9260.333333,165.306786,760.129156,103.751305,791.960437,0.35,0.6,1.6,1,0.833333,0.833333,7880.917593,2493.2,0.833334,7880.918595,deadline,,1,0.603776,0.603776,7200.749473,2493.2,0.603776,7200.750471,deadline,,680.16812,3B,recommend_3arm_lower_energy_under_deadline,3B has lower optimized energy under the same deadline,1,1,switching_boundary_found,1.459491,1.4,1.5,0.0004978292,scan_plus_bisection,A sign change is detected between 1.4000 and 1.5000; bisection gives switch boundary r*≈1.459491.,"min E0*((1-rho)+rho*s^2), s.t. C0/s<=D, s_min<=s<=s_max",seed_average + interior_barrier_method + golden_section_0_618 + KKT + bisection_boundary
2211,2,2,1,1,6,single_arm_dominant,3,"0,1,2",optimized,1.25,2597.083333,2077.666667,8824.666667,1505.333333,9260.333333,165.306786,760.129156,103.751305,791.960437,0.35,0.6,1.6,1,0.8,0.8,7712.758667,2597.083333,0.8,7712.759669,deadline,,1,0.579625,0.6,7186.018667,2508.888889,0.6,7186.019662,lower_speed,,526.74,3B,recommend_3arm_lower_energy_under_deadline,3B has lower optimized energy under the same deadline,1,1,switching_boundary_found,1.459491,1.4,1.5,0.0004978292,scan_plus_bisection,A sign change is detected between 1.4000 and 1.5000; bisection gives switch boundary r*≈1.459491.,"min E0*((1-rho)+rho*s^2), s.t. C0/s<=D, s_min<=s<=s_max",seed_average + interior_barrier_method + golden_section_0_618 + KKT + bisection_boundary
2211,2,2,1,1,6,single_arm_dominant,3,"0,1,2",optimized,1.3,2700.966667,2077.666667,8824.666667,1505.333333,9260.333333,165.306786,760.129156,103.751305,791.960437,0.35,0.6,1.6,1,0.769231,0.769231,7563.627022,2700.966667,0.769231,7563.62802,deadline,,1,0.557331,0.6,7186.018667,2508.888889,0.6,7186.019662,lower_speed,,377.608355,3B,recommend_3arm_lower_energy_under_deadline,3B has lower optimized energy under the same deadline,1,1,switching_boundary_found,1.459491,1.4,1.5,0.0004978292,scan_plus_bisection,A sign change is detected between 1.4000 and 1.5000; bisection gives switch boundary r*≈1.459491.,"min E0*((1-rho)+rho*s^2), s.t. C0/s<=D, s_min<=s<=s_max",seed_average + interior_barrier_method + golden_section_0_618 + KKT + bisection_boundary
2211,2,2,1,1,6,single_arm_dominant,3,"0,1,2",optimized,1.35,2804.85,2077.666667,8824.666667,1505.333333,9260.333333,165.306786,760.129156,103.751305,791.960437,0.35,0.6,1.6,1,0.740741,0.740741,7430.756699,2804.85,0.740741,7430.757692,deadline,,1,0.536689,0.6,7186.018667,2508.888889,0.6,7186.019662,lower_speed,,244.738032,3B,recommend_3arm_lower_energy_under_deadline,3B has lower optimized energy under the same deadline,1,1,switching_boundary_found,1.459491,1.4,1.5,0.0004978292,scan_plus_bisection,A sign change is detected between 1.4000 and 1.5000; bisection gives switch boundary r*≈1.459491.,"min E0*((1-rho)+rho*s^2), s.t. C0/s<=D, s_min<=s<=s_max",seed_average + interior_barrier_method + golden_section_0_618 + KKT + bisection_boundary
2211,2,2,1,1,6,single_arm_dominant,3,"0,1,2",optimized,1.4,2908.733333,2077.666667,8824.666667,1505.333333,9260.333333,165.306786,760.129156,103.751305,791.960437,0.35,0.6,1.6,1,0.714286,0.714286,7311.866667,2908.733333,0.714286,7311.867672,deadline,,1,0.517522,0.6,7186.018667,2508.888889,0.6,7186.019662,lower_speed,,125.848,3B,recommend_3arm_lower_energy_under_deadline,3B has lower optimized energy under the same deadline,1,1,switching_boundary_found,1.459491,1.4,1.5,0.0004978292,scan_plus_bisection,A sign change is detected between 1.4000 and 1.5000; bisection gives switch boundary r*≈1.459491.,"min E0*((1-rho)+rho*s^2), s.t. C0/s<=D, s_min<=s<=s_max",seed_average + interior_barrier_method + golden_section_0_618 + KKT + bisection_boundary
2211,2,2,1,1,6,single_arm_dominant,3,"0,1,2",optimized,1.5,3116.5,2077.666667,8824.666667,1505.333333,9260.333333,165.306786,760.129156,103.751305,791.960437,0.35,0.6,1.6,1,0.666667,0.666667,7108.759259,3116.5,0.666667,7108.760262,deadline,,1,0.48302,0.6,7186.018667,2508.888889,0.6,7186.019662,lower_speed,,-77.259407,2B,recommend_2arm_lower_energy_under_deadline,2B has lower optimized energy under the same deadline,1,1,switching_boundary_found,1.459491,1.4,1.5,0.0004978292,scan_plus_bisection,A sign change is detected between 1.4000 and 1.5000; bisection gives switch boundary r*≈1.459491.,"min E0*((1-rho)+rho*s^2), s.t. C0/s<=D, s_min<=s<=s_max",seed_average + interior_barrier_method + golden_section_0_618 + KKT + bisection_boundary
2212,2,2,1,2,7,single_arm_dominant,3,"0,1,2",optimized,0.7,1846.833333,2638.333333,13213.0,1794.0,13787.333333,149.937765,746.06434,96.503886,741.950358,0.35,0.6,1.6,1,1.428571,1.428571,18026.307143,1846.833333,1.428572,18026.30815,deadline,,1,0.971392,0.971392,13515.18748,1846.833333,0.971393,13515.188464,deadline,,4511.119663,3B,recommend_3arm_lower_energy_under_deadline,3B has lower optimized energy under the same deadline,1,1,switching_boundary_found,1.480267,1.4,1.5,-0.0010536354,scan_plus_bisection,A sign change is detected between 1.4000 and 1.5000; bisection gives switch boundary r*≈1.480267.,"min E0*((1-rho)+rho*s^2), s.t. C0/s<=D, s_min<=s<=s_max",seed_average + interior_barrier_method + golden_section_0_618 + KKT + bisection_boundary
2212,2,2,1,2,7,single_arm_dominant,3,"0,1,2",optimized,0.75,1978.75,2638.333333,13213.0,1794.0,13787.333333,149.937765,746.06434,96.503886,741.950358,0.35,0.6,1.6,1,1.333333,1.333333,16809.872222,1978.75,1.333333,16809.873229,deadline,,1,0.906633,0.906633,12928.302131,1978.75,0.906633,12928.303135,deadline,,3881.570092,3B,recommend_3arm_lower_energy_under_deadline,3B has lower optimized energy under the same deadline,1,1,switching_boundary_found,1.480267,1.4,1.5,-0.0010536354,scan_plus_bisection,A sign change is detected between 1.4000 and 1.5000; bisection gives switch boundary r*≈1.480267.,"min E0*((1-rho)+rho*s^2), s.t. C0/s<=D, s_min<=s<=s_max",seed_average + interior_barrier_method + golden_section_0_618 + KKT + bisection_boundary
2212,2,2,1,2,7,single_arm_dominant,3,"0,1,2",optimized,0.8,2110.666667,2638.333333,13213.0,1794.0,13787.333333,149.937765,746.06434,96.503886,741.950358,0.35,0.6,1.6,1,1.25,1.25,15814.309375,2110.666667,1.25,15814.310359,deadline,,1,0.849968,0.849968,12447.979477,2110.666667,0.849969,12447.980489,deadline,,3366.329898,3B,recommend_3arm_lower_energy_under_deadline,3B has lower optimized energy under the same deadline,1,1,switching_boundary_found,1.480267,1.4,1.5,-0.0010536354,scan_plus_bisection,A sign change is detected between 1.4000 and 1.5000; bisection gives switch boundary r*≈1.480267.,"min E0*((1-rho)+rho*s^2), s.t. C0/s<=D, s_min<=s<=s_max",seed_average + interior_barrier_method + golden_section_0_618 + KKT + bisection_boundary
2212,2,2,1,2,7,single_arm_dominant,3,"0,1,2",optimized,0.85,2242.583333,2638.333333,13213.0,1794.0,13787.333333,149.937765,746.06434,96.503886,741.950358,0.35,0.6,1.6,1,1.176471,1.176471,14989.211246,2242.583333,1.176471,14989.212258,deadline,,1,0.79997,0.79997,12049.899813,2242.583333,0.79997,12049.900824,deadline,,2939.311432,3B,recommend_3arm_lower_energy_under_deadline,3B has lower optimized energy under the same deadline,1,1,switching_boundary_found,1.480267,1.4,1.5,-0.0010536354,scan_plus_bisection,A sign change is detected between 1.4000 and 1.5000; bisection gives switch boundary r*≈1.480267.,"min E0*((1-rho)+rho*s^2), s.t. C0/s<=D, s_min<=s<=s_max",seed_average + interior_barrier_method + golden_section_0_618 + KKT + bisection_boundary
2212,2,2,1,2,7,single_arm_dominant,3,"0,1,2",optimized,0.9,2374.5,2638.333333,13213.0,1794.0,13787.333333,149.937765,746.06434,96.503886,741.950358,0.35,0.6,1.6,1,1.111111,1.111111,14297.770988,2374.5,1.111111,14297.771982,deadline,,1,0.755527,0.755527,11716.305183,2374.5,0.755528,11716.306187,deadline,,2581.465804,3B,recommend_3arm_lower_energy_under_deadline,3B has lower optimized energy under the same deadline,1,1,switching_boundary_found,1.480267,1.4,1.5,-0.0010536354,scan_plus_bisection,A sign change is detected between 1.4000 and 1.5000; bisection gives switch boundary r*≈1.480267.,"min E0*((1-rho)+rho*s^2), s.t. C0/s<=D, s_min<=s<=s_max",seed_average + interior_barrier_method + golden_section_0_618 + KKT + bisection_boundary
2212,2,2,1,2,7,single_arm_dominant,3,"0,1,2",optimized,0.95,2506.416667,2638.333333,13213.0,1794.0,13787.333333,149.937765,746.06434,96.503886,741.950358,0.35,0.6,1.6,1,1.052632,1.052632,13712.605125,2506.416667,1.052632,13712.606126,deadline,,1,0.715763,0.715763,11433.984061,2506.416667,0.715763,11433.985067,deadline,,2278.621064,3B,recommend_3arm_lower_energy_under_deadline,3B has lower optimized energy under the same deadline,1,1,switching_boundary_found,1.480267,1.4,1.5,-0.0010536354,scan_plus_bisection,A sign change is detected between 1.4000 and 1.5000; bisection gives switch boundary r*≈1.480267.,"min E0*((1-rho)+rho*s^2), s.t. C0/s<=D, s_min<=s<=s_max",seed_average + interior_barrier_method + golden_section_0_618 + KKT + bisection_boundary
2212,2,2,1,2,7,single_arm_dominant,3,"0,1,2",optimized,1.0,2638.333333,2638.333333,13213.0,1794.0,13787.333333,149.937765,746.06434,96.503886,741.950358,0.35,0.6,1.6,1,1.0,1.0,13213.0,2638.333333,1.0,13213.000995,deadline,,1,0.679975,0.679975,11192.942865,2638.333333,0.679975,11192.943873,deadline,,2020.057135,3B,recommend_3arm_lower_energy_under_deadline,3B has lower optimized energy under the same deadline,1,1,switching_boundary_found,1.480267,1.4,1.5,-0.0010536354,scan_plus_bisection,A sign change is detected between 1.4000 and 1.5000; bisection gives switch boundary r*≈1.480267.,"min E0*((1-rho)+rho*s^2), s.t. C0/s<=D, s_min<=s<=s_max",seed_average + interior_barrier_method + golden_section_0_618 + KKT + bisection_boundary
2212,2,2,1,2,7,single_arm_dominant,3,"0,1,2",optimized,1.05,2770.25,2638.333333,13213.0,1794.0,13787.333333,149.937765,746.06434,96.503886,741.950358,0.35,0.6,1.6,1,0.952381,0.952381,12783.053175,2770.25,0.952381,12783.054165,deadline,,1,0.647595,0.647595,10985.50925,2770.25,0.647595,10985.510241,deadline,,1797.543924,3B,recommend_3arm_lower_energy_under_deadline,3B has lower optimized energy under the same deadline,1,1,switching_boundary_found,1.480267,1.4,1.5,-0.0010536354,scan_plus_bisection,A sign change is detected between 1.4000 and 1.5000; bisection gives switch boundary r*≈1.480267.,"min E0*((1-rho)+rho*s^2), s.t. C0/s<=D, s_min<=s<=s_max",seed_average + interior_barrier_method + golden_section_0_618 + KKT + bisection_boundary
2212,2,2,1,2,7,single_arm_dominant,3,"0,1,2",optimized,1.1,2902.166667,2638.333333,13213.0,1794.0,13787.333333,149.937765,746.06434,96.503886,741.950358,0.35,0.6,1.6,1,0.909091,0.909091,12410.392149,2902.166667,0.909091,12410.393152,deadline,,1,0.618159,0.618159,10805.713938,2902.166667,0.618159,10805.714937,deadline,,1604.678211,3B,recommend_3arm_lower_energy_under_deadline,3B has lower optimized energy under the same deadline,1,1,switching_boundary_found,1.480267,1.4,1.5,-0.0010536354,scan_plus_bisection,A sign change is detected between 1.4000 and 1.5000; bisection gives switch boundary r*≈1.480267.,"min E0*((1-rho)+rho*s^2), s.t. C0/s<=D, s_min<=s<=s_max",seed_average + interior_barrier_method + golden_section_0_618 + KKT + bisection_boundary
2212,2,2,1,2,7,single_arm_dominant,3,"0,1,2",optimized,1.15,3034.083333,2638.333333,13213.0,1794.0,13787.333333,149.937765,746.06434,96.503886,741.950358,0.35,0.6,1.6,1,0.869565,0.869565,12085.274197,3034.083333,0.869565,12085.275206,deadline,,1,0.591282,0.6,10698.970667,2990.0,0.6,10698.971679,lower_speed,,1386.30353,3B,recommend_3arm_lower_energy_under_deadline,3B has lower optimized energy under the same deadline,1,1,switching_boundary_found,1.480267,1.4,1.5,-0.0010536354,scan_plus_bisection,A sign change is detected between 1.4000 and 1.5000; bisection gives switch boundary r*≈1.480267.,"min E0*((1-rho)+rho*s^2), s.t. C0/s<=D, s_min<=s<=s_max",seed_average + interior_barrier_method + golden_section_0_618 + KKT + bisection_boundary
2212,2,2,1,2,7,single_arm_dominant,3,"0,1,2",optimized,1.2,3166.0,2638.333333,13213.0,1794.0,13787.333333,149.937765,746.06434,96.503886,741.950358,0.35,0.6,1.6,1,0.833333,0.833333,11799.943056,3166.0,0.833333,11799.944067,deadline,,1,0.566646,0.6,10698.970667,2990.0,0.6,10698.971679,lower_speed,,1100.972389,3B,recommend_3arm_lower_energy_under_deadline,3B has lower optimized energy under the same deadline,1,1,switching_boundary_found,1.480267,1.4,1.5,-0.0010536354,scan_plus_bisection,A sign change is detected between 1.4000 and 1.5000; bisection gives switch boundary r*≈1.480267.,"min E0*((1-rho)+rho*s^2), s.t. C0/s<=D, s_min<=s<=s_max",seed_average + interior_barrier_method + golden_section_0_618 + KKT + bisection_boundary
2212,2,2,1,2,7,single_arm_dominant,3,"0,1,2",optimized,1.25,3297.916667,2638.333333,13213.0,1794.0,13787.333333,149.937765,746.06434,96.503886,741.950358,0.35,0.6,1.6,1,0.8,0.8,11548.162,3297.916667,0.8,11548.16301,deadline,,1,0.54398,0.6,10698.970667,2990.0,0.6,10698.971679,lower_speed,,849.191333,3B,recommend_3arm_lower_energy_under_deadline,3B has lower optimized energy under the same deadline,1,1,switching_boundary_found,1.480267,1.4,1.5,-0.0010536354,scan_plus_bisection,A sign change is detected between 1.4000 and 1.5000; bisection gives switch boundary r*≈1.480267.,"min E0*((1-rho)+rho*s^2), s.t. C0/s<=D, s_min<=s<=s_max",seed_average + interior_barrier_method + golden_section_0_618 + KKT + bisection_boundary
2212,2,2,1,2,7,single_arm_dominant,3,"0,1,2",optimized,1.3,3429.833333,2638.333333,13213.0,1794.0,13787.333333,149.937765,746.06434,96.503886,741.950358,0.35,0.6,1.6,1,0.769231,0.769231,11324.870118,3429.833333,0.769231,11324.871124,deadline,,1,0.523057,0.6,10698.970667,2990.0,0.6,10698.971679,lower_speed,,625.899452,3B,recommend_3arm_lower_energy_under_deadline,3B has lower optimized energy under the same deadline,1,1,switching_boundary_found,1.480267,1.4,1.5,-0.0010536354,scan_plus_bisection,A sign change is detected between 1.4000 and 1.5000; bisection gives switch boundary r*≈1.480267.,"min E0*((1-rho)+rho*s^2), s.t. C0/s<=D, s_min<=s<=s_max",seed_average + interior_barrier_method + golden_section_0_618 + KKT + bisection_boundary
2212,2,2,1,2,7,single_arm_dominant,3,"0,1,2",optimized,1.35,3561.75,2638.333333,13213.0,1794.0,13787.333333,149.937765,746.06434,96.503886,741.950358,0.35,0.6,1.6,1,0.740741,0.740741,11125.925995,3561.75,0.740741,11125.926994,deadline,,1,0.503685,0.6,10698.970667,2990.0,0.6,10698.971679,lower_speed,,426.955328,3B,recommend_3arm_lower_energy_under_deadline,3B has lower optimized energy under the same deadline,1,1,switching_boundary_found,1.480267,1.4,1.5,-0.0010536354,scan_plus_bisection,A sign change is detected between 1.4000 and 1.5000; bisection gives switch boundary r*≈1.480267.,"min E0*((1-rho)+rho*s^2), s.t. C0/s<=D, s_min<=s<=s_max",seed_average + interior_barrier_method + golden_section_0_618 + KKT + bisection_boundary
2212,2,2,1,2,7,single_arm_dominant,3,"0,1,2",optimized,1.4,3693.666667,2638.333333,13213.0,1794.0,13787.333333,149.937765,746.06434,96.503886,741.950358,0.35,0.6,1.6,1,0.714286,0.714286,10947.914286,3693.666667,0.714286,10947.91529,deadline,,1,0.485696,0.6,10698.970667,2990.0,0.6,10698.971679,lower_speed,,248.943619,3B,recommend_3arm_lower_energy_under_deadline,3B has lower optimized energy under the same deadline,1,1,switching_boundary_found,1.480267,1.4,1.5,-0.0010536354,scan_plus_bisection,A sign change is detected between 1.4000 and 1.5000; bisection gives switch boundary r*≈1.480267.,"min E0*((1-rho)+rho*s^2), s.t. C0/s<=D, s_min<=s<=s_max",seed_average + interior_barrier_method + golden_section_0_618 + KKT + bisection_boundary
2212,2,2,1,2,7,single_arm_dominant,3,"0,1,2",optimized,1.5,3957.5,2638.333333,13213.0,1794.0,13787.333333,149.937765,746.06434,96.503886,741.950358,0.35,0.6,1.6,1,0.666667,0.666667,10643.805556,3957.5,0.666667,10643.806565,deadline,,1,0.453316,0.6,10698.970667,2990.0,0.6,10698.971679,lower_speed,,-55.165111,2B,recommend_2arm_lower_energy_under_deadline,2B has lower optimized energy under the same deadline,1,1,switching_boundary_found,1.480267,1.4,1.5,-0.0010536354,scan_plus_bisection,A sign change is detected between 1.4000 and 1.5000; bisection gives switch boundary r*≈1.480267.,"min E0*((1-rho)+rho*s^2), s.t. C0/s<=D, s_min<=s<=s_max",seed_average + interior_barrier_method + golden_section_0_618 + KKT + bisection_boundary
2221,2,2,2,1,7,single_arm_dominant,3,"0,1,2",optimized,0.7,1800.633333,2572.333333,10689.666667,1749.0,11194.666667,128.764643,470.523467,88.42511,511.763943,0.35,0.6,1.6,1,1.428571,1.428571,14583.759524,1800.633333,1.428572,14583.760516,deadline,,1,0.971325,0.971325,10973.182698,1800.633333,0.971325,10973.183695,deadline,,3610.576826,3B,recommend_3arm_lower_energy_under_deadline,3B has lower optimized energy under the same deadline,1,1,switching_boundary_found,1.466878,1.4,1.5,1.81749e-05,scan_plus_bisection,A sign change is detected between 1.4000 and 1.5000; bisection gives switch boundary r*≈1.466878.,"min E0*((1-rho)+rho*s^2), s.t. C0/s<=D, s_min<=s<=s_max",seed_average + interior_barrier_method + golden_section_0_618 + KKT + bisection_boundary
2221,2,2,2,1,7,single_arm_dominant,3,"0,1,2",optimized,0.75,1929.25,2572.333333,10689.666667,1749.0,11194.666667,128.764643,470.523467,88.42511,511.763943,0.35,0.6,1.6,1,1.333333,1.333333,13599.631481,1929.25,1.333333,13599.632505,deadline,,1,0.90657,0.90657,10496.725669,1929.25,0.90657,10496.726667,deadline,,3102.905813,3B,recommend_3arm_lower_energy_under_deadline,3B has lower optimized energy under the same deadline,1,1,switching_boundary_found,1.466878,1.4,1.5,1.81749e-05,scan_plus_bisection,A sign change is detected between 1.4000 and 1.5000; bisection gives switch boundary r*≈1.466878.,"min E0*((1-rho)+rho*s^2), s.t. C0/s<=D, s_min<=s<=s_max",seed_average + interior_barrier_method + golden_section_0_618 + KKT + bisection_boundary
2221,2,2,2,1,7,single_arm_dominant,3,"0,1,2",optimized,0.8,2057.866667,2572.333333,10689.666667,1749.0,11194.666667,128.764643,470.523467,88.42511,511.763943,0.35,0.6,1.6,1,1.25,1.25,12794.194792,2057.866667,1.25,12794.195784,deadline,,1,0.849909,0.849909,10106.780503,2057.866667,0.849909,10106.78151,deadline,,2687.414289,3B,recommend_3arm_lower_energy_under_deadline,3B has lower optimized energy under the same deadline,1,1,switching_boundary_found,1.466878,1.4,1.5,1.81749e-05,scan_plus_bisection,A sign change is detected between 1.4000 and 1.5000; bisection gives switch boundary r*≈1.466878.,"min E0*((1-rho)+rho*s^2), s.t. C0/s<=D, s_min<=s<=s_max",seed_average + interior_barrier_method + golden_section_0_618 + KKT + bisection_boundary
2221,2,2,2,1,7,single_arm_dominant,3,"0,1,2",optimized,0.85,2186.483333,2572.333333,10689.666667,1749.0,11194.666667,128.764643,470.523467,88.42511,511.763943,0.35,0.6,1.6,1,1.176471,1.176471,12126.66857,2186.483333,1.176471,12126.669569,deadline,,1,0.799915,0.799915,9783.603491,2186.483333,0.799915,9783.604497,deadline,,2343.065079,3B,recommend_3arm_lower_energy_under_deadline,3B has lower optimized energy under the same deadline,1,1,switching_boundary_found,1.466878,1.4,1.5,1.81749e-05,scan_plus_bisection,A sign change is detected between 1.4000 and 1.5000; bisection gives switch boundary r*≈1.466878.,"min E0*((1-rho)+rho*s^2), s.t. C0/s<=D, s_min<=s<=s_max",seed_average + interior_barrier_method + golden_section_0_618 + KKT + bisection_boundary
2221,2,2,2,1,7,single_arm_dominant,3,"0,1,2",optimized,0.9,2315.1,2572.333333,10689.666667,1749.0,11194.666667,128.764643,470.523467,88.42511,511.763943,0.35,0.6,1.6,1,1.111111,1.111111,11567.275103,2315.1,1.111111,11567.276105,deadline,,1,0.755475,0.755475,9512.778011,2315.1,0.755475,9512.779011,deadline,,2054.497092,3B,recommend_3arm_lower_energy_under_deadline,3B has lower optimized energy under the same deadline,1,1,switching_boundary_found,1.466878,1.4,1.5,1.81749e-05,scan_plus_bisection,A sign change is detected between 1.4000 and 1.5000; bisection gives switch boundary r*≈1.466878.,"min E0*((1-rho)+rho*s^2), s.t. C0/s<=D, s_min<=s<=s_max",seed_average + interior_barrier_method + golden_section_0_618 + KKT + bisection_boundary
2221,2,2,2,1,7,single_arm_dominant,3,"0,1,2",optimized,0.95,2443.716667,2572.333333,10689.666667,1749.0,11194.666667,128.764643,470.523467,88.42511,511.763943,0.35,0.6,1.6,1,1.052632,1.052632,11093.860434,2443.716667,1.052632,11093.861423,deadline,,1,0.715713,0.715713,9283.578418,2443.716667,0.715713,9283.579418,deadline,,1810.282016,3B,recommend_3arm_lower_energy_under_deadline,3B has lower optimized energy under the same deadline,1,1,switching_boundary_found,1.466878,1.4,1.5,1.81749e-05,scan_plus_bisection,A sign change is detected between 1.4000 and 1.5000; bisection gives switch boundary r*≈1.466878.,"min E0*((1-rho)+rho*s^2), s.t. C0/s<=D, s_min<=s<=s_max",seed_average + interior_barrier_method + golden_section_0_618 + KKT + bisection_boundary
2221,2,2,2,1,7,single_arm_dominant,3,"0,1,2",optimized,1.0,2572.333333,2572.333333,10689.666667,1749.0,11194.666667,128.764643,470.523467,88.42511,511.763943,0.35,0.6,1.6,1,1.0,1.0,10689.666667,2572.333333,1.0,10689.667669,deadline,,1,0.679927,0.679927,9087.891522,2572.333333,0.679928,9087.89253,deadline,,1601.775145,3B,recommend_3arm_lower_energy_under_deadline,3B has lower optimized energy under the same deadline,1,1,switching_boundary_found,1.466878,1.4,1.5,1.81749e-05,scan_plus_bisection,A sign change is detected between 1.4000 and 1.5000; bisection gives switch boundary r*≈1.466878.,"min E0*((1-rho)+rho*s^2), s.t. C0/s<=D, s_min<=s<=s_max",seed_average + interior_barrier_method + golden_section_0_618 + KKT + bisection_boundary
2221,2,2,2,1,7,single_arm_dominant,3,"0,1,2",optimized,1.05,2700.95,2572.333333,10689.666667,1749.0,11194.666667,128.764643,470.523467,88.42511,511.763943,0.35,0.6,1.6,1,0.952381,0.952381,10341.828307,2700.95,0.952381,10341.829299,deadline,,1,0.64755,0.64755,8919.488607,2700.95,0.64755,8919.489611,deadline,,1422.3397,3B,recommend_3arm_lower_energy_under_deadline,3B has lower optimized energy under the same deadline,1,1,switching_boundary_found,1.466878,1.4,1.5,1.81749e-05,scan_plus_bisection,A sign change is detected between 1.4000 and 1.5000; bisection gives switch boundary r*≈1.466878.,"min E0*((1-rho)+rho*s^2), s.t. C0/s<=D, s_min<=s<=s_max",seed_average + interior_barrier_method + golden_section_0_618 + KKT + bisection_boundary
2221,2,2,2,1,7,single_arm_dominant,3,"0,1,2",optimized,1.1,2829.566667,2572.333333,10689.666667,1749.0,11194.666667,128.764643,470.523467,88.42511,511.763943,0.35,0.6,1.6,1,0.909091,0.909091,10040.335675,2829.566667,0.909091,10040.336681,deadline,,1,0.618116,0.618116,8773.523572,2829.566667,0.618116,8773.52458,deadline,,1266.812103,3B,recommend_3arm_lower_energy_under_deadline,3B has lower optimized energy under the same deadline,1,1,switching_boundary_found,1.466878,1.4,1.5,1.81749e-05,scan_plus_bisection,A sign change is detected between 1.4000 and 1.5000; bisection gives switch boundary r*≈1.466878.,"min E0*((1-rho)+rho*s^2), s.t. C0/s<=D, s_min<=s<=s_max",seed_average + interior_barrier_method + golden_section_0_618 + KKT + bisection_boundary
2221,2,2,2,1,7,single_arm_dominant,3,"0,1,2",optimized,1.15,2958.183333,2572.333333,10689.666667,1749.0,11194.666667,128.764643,470.523467,88.42511,511.763943,0.35,0.6,1.6,1,0.869565,0.869565,9777.306648,2958.183333,0.869565,9777.307661,deadline,,1,0.591241,0.6,8687.061333,2915.0,0.6,8687.062329,lower_speed,,1090.245314,3B,recommend_3arm_lower_energy_under_deadline,3B has lower optimized energy under the same deadline,1,1,switching_boundary_found,1.466878,1.4,1.5,1.81749e-05,scan_plus_bisection,A sign change is detected between 1.4000 and 1.5000; bisection gives switch boundary r*≈1.466878.,"min E0*((1-rho)+rho*s^2), s.t. C0/s<=D, s_min<=s<=s_max",seed_average + interior_barrier_method + golden_section_0_618 + KKT + bisection_boundary
2221,2,2,2,1,7,single_arm_dominant,3,"0,1,2",optimized,1.2,3086.8,2572.333333,10689.666667,1749.0,11194.666667,128.764643,470.523467,88.42511,511.763943,0.35,0.6,1.6,1,0.833333,0.833333,9546.466204,3086.8,0.833333,9546.46722,deadline,,1,0.566606,0.6,8687.061333,2915.0,0.6,8687.062329,lower_speed,,859.40487,3B,recommend_3arm_lower_energy_under_deadline,3B has lower optimized energy under the same deadline,1,1,switching_boundary_found,1.466878,1.4,1.5,1.81749e-05,scan_plus_bisection,A sign change is detected between 1.4000 and 1.5000; bisection gives switch boundary r*≈1.466878.,"min E0*((1-rho)+rho*s^2), s.t. C0/s<=D, s_min<=s<=s_max",seed_average + interior_barrier_method + golden_section_0_618 + KKT + bisection_boundary
2221,2,2,2,1,7,single_arm_dominant,3,"0,1,2",optimized,1.25,3215.416667,2572.333333,10689.666667,1749.0,11194.666667,128.764643,470.523467,88.42511,511.763943,0.35,0.6,1.6,1,0.8,0.8,9342.768667,3215.416667,0.8,9342.769682,deadline,,1,0.543942,0.6,8687.061333,2915.0,0.6,8687.062329,lower_speed,,655.707333,3B,recommend_3arm_lower_energy_under_deadline,3B has lower optimized energy under the same deadline,1,1,switching_boundary_found,1.466878,1.4,1.5,1.81749e-05,scan_plus_bisection,A sign change is detected between 1.4000 and 1.5000; bisection gives switch boundary r*≈1.466878.,"min E0*((1-rho)+rho*s^2), s.t. C0/s<=D, s_min<=s<=s_max",seed_average + interior_barrier_method + golden_section_0_618 + KKT + bisection_boundary
2221,2,2,2,1,7,single_arm_dominant,3,"0,1,2",optimized,1.3,3344.033333,2572.333333,10689.666667,1749.0,11194.666667,128.764643,470.523467,88.42511,511.763943,0.35,0.6,1.6,1,0.769231,0.769231,9162.119625,3344.033333,0.769231,9162.120637,deadline,,1,0.523021,0.6,8687.061333,2915.0,0.6,8687.062329,lower_speed,,475.058292,3B,recommend_3arm_lower_energy_under_deadline,3B has lower optimized energy under the same deadline,1,1,switching_boundary_found,1.466878,1.4,1.5,1.81749e-05,scan_plus_bisection,A sign change is detected between 1.4000 and 1.5000; bisection gives switch boundary r*≈1.466878.,"min E0*((1-rho)+rho*s^2), s.t. C0/s<=D, s_min<=s<=s_max",seed_average + interior_barrier_method + golden_section_0_618 + KKT + bisection_boundary
2221,2,2,2,1,7,single_arm_dominant,3,"0,1,2",optimized,1.35,3472.65,2572.333333,10689.666667,1749.0,11194.666667,128.764643,470.523467,88.42511,511.763943,0.35,0.6,1.6,1,0.740741,0.740741,9001.168564,3472.65,0.740741,9001.16957,deadline,,1,0.50365,0.6,8687.061333,2915.0,0.6,8687.062329,lower_speed,,314.107231,3B,recommend_3arm_lower_energy_under_deadline,3B has lower optimized energy under the same deadline,1,1,switching_boundary_found,1.466878,1.4,1.5,1.81749e-05,scan_plus_bisection,A sign change is detected between 1.4000 and 1.5000; bisection gives switch boundary r*≈1.466878.,"min E0*((1-rho)+rho*s^2), s.t. C0/s<=D, s_min<=s<=s_max",seed_average + interior_barrier_method + golden_section_0_618 + KKT + bisection_boundary
2221,2,2,2,1,7,single_arm_dominant,3,"0,1,2",optimized,1.4,3601.266667,2572.333333,10689.666667,1749.0,11194.666667,128.764643,470.523467,88.42511,511.763943,0.35,0.6,1.6,1,0.714286,0.714286,8857.152381,3601.266667,0.714286,8857.15339,deadline,,1,0.485662,0.6,8687.061333,2915.0,0.6,8687.062329,lower_speed,,170.091048,3B,recommend_3arm_lower_energy_under_deadline,3B has lower optimized energy under the same deadline,1,1,switching_boundary_found,1.466878,1.4,1.5,1.81749e-05,scan_plus_bisection,A sign change is detected between 1.4000 and 1.5000; bisection gives switch boundary r*≈1.466878.,"min E0*((1-rho)+rho*s^2), s.t. C0/s<=D, s_min<=s<=s_max",seed_average + interior_barrier_method + golden_section_0_618 + KKT + bisection_boundary
2221,2,2,2,1,7,single_arm_dominant,3,"0,1,2",optimized,1.5,3858.5,2572.333333,10689.666667,1749.0,11194.666667,128.764643,470.523467,88.42511,511.763943,0.35,0.6,1.6,1,0.666667,0.666667,8611.12037,3858.5,0.666667,8611.121372,deadline,,1,0.453285,0.6,8687.061333,2915.0,0.6,8687.062329,lower_speed,,-75.940963,2B,recommend_2arm_lower_energy_under_deadline,2B has lower optimized energy under the same deadline,1,1,switching_boundary_found,1.466878,1.4,1.5,1.81749e-05,scan_plus_bisection,A sign change is detected between 1.4000 and 1.5000; bisection gives switch boundary r*≈1.466878.,"min E0*((1-rho)+rho*s^2), s.t. C0/s<=D, s_min<=s<=s_max",seed_average + interior_barrier_method + golden_section_0_618 + KKT + bisection_boundary
2222,2,2,2,2,8,balanced,3,"0,1,2",optimized,0.7,2187.5,3125.0,15068.333333,2282.0,15655.0,124.89996,239.117823,82.540899,247.606543,0.35,0.6,1.6,1,1.428571,1.428571,20557.511905,2187.5,1.428571,20557.512928,deadline,,1,1.0432,1.0432,16138.632796,2187.5,1.0432,16138.633799,deadline,,4418.879109,3B,recommend_3arm_lower_energy_under_deadline,3B has lower optimized energy under the same deadline,1,1,switching_boundary_found,1.496842,1.4,1.5,0.0011232732,scan_plus_bisection,A sign change is detected between 1.4000 and 1.5000; bisection gives switch boundary r*≈1.496842.,"min E0*((1-rho)+rho*s^2), s.t. C0/s<=D, s_min<=s<=s_max",seed_average + interior_barrier_method + golden_section_0_618 + KKT + bisection_boundary
2222,2,2,2,2,8,balanced,3,"0,1,2",optimized,0.75,2343.75,3125.0,15068.333333,2282.0,15655.0,124.89996,239.117823,82.540899,247.606543,0.35,0.6,1.6,1,1.333333,1.333333,19170.268519,2343.75,1.333333,19170.269485,deadline,,1,0.973653,0.973653,15370.083457,2343.75,0.973653,15370.08445,deadline,,3800.185061,3B,recommend_3arm_lower_energy_under_deadline,3B has lower optimized energy under the same deadline,1,1,switching_boundary_found,1.496842,1.4,1.5,0.0011232732,scan_plus_bisection,A sign change is detected between 1.4000 and 1.5000; bisection gives switch boundary r*≈1.496842.,"min E0*((1-rho)+rho*s^2), s.t. C0/s<=D, s_min<=s<=s_max",seed_average + interior_barrier_method + golden_section_0_618 + KKT + bisection_boundary
2222,2,2,2,2,8,balanced,3,"0,1,2",optimized,0.8,2500.0,3125.0,15068.333333,2282.0,15655.0,124.89996,239.117823,82.540899,247.606543,0.35,0.6,1.6,1,1.25,1.25,18034.911458,2500.0,1.25,18034.912442,deadline,,1,0.9128,0.9128,14741.08214,2500.0,0.9128,14741.083152,deadline,,3293.829318,3B,recommend_3arm_lower_energy_under_deadline,3B has lower optimized energy under the same deadline,1,1,switching_boundary_found,1.496842,1.4,1.5,0.0011232732,scan_plus_bisection,A sign change is detected between 1.4000 and 1.5000; bisection gives switch boundary r*≈1.496842.,"min E0*((1-rho)+rho*s^2), s.t. C0/s<=D, s_min<=s<=s_max",seed_average + interior_barrier_method + golden_section_0_618 + KKT + bisection_boundary
2222,2,2,2,2,8,balanced,3,"0,1,2",optimized,0.85,2656.25,3125.0,15068.333333,2282.0,15655.0,124.89996,239.117823,82.540899,247.606543,0.35,0.6,1.6,1,1.176471,1.176471,17093.955306,2656.25,1.176471,17093.956303,deadline,,1,0.859106,0.859106,14219.781238,2656.25,0.859106,14219.782258,deadline,,2874.174067,3B,recommend_3arm_lower_energy_under_deadline,3B has lower optimized energy under the same deadline,1,1,switching_boundary_found,1.496842,1.4,1.5,0.0011232732,scan_plus_bisection,A sign change is detected between 1.4000 and 1.5000; bisection gives switch boundary r*≈1.496842.,"min E0*((1-rho)+rho*s^2), s.t. C0/s<=D, s_min<=s<=s_max",seed_average + interior_barrier_method + golden_section_0_618 + KKT + bisection_boundary
2222,2,2,2,2,8,balanced,3,"0,1,2",optimized,0.9,2812.5,3125.0,15068.333333,2282.0,15655.0,124.89996,239.117823,82.540899,247.606543,0.35,0.6,1.6,1,1.111111,1.111111,16305.424897,2812.5,1.111111,16305.4259,deadline,,1,0.811378,0.811378,13782.926012,2812.5,0.811378,13782.927031,deadline,,2522.498885,3B,recommend_3arm_lower_energy_under_deadline,3B has lower optimized energy under the same deadline,1,1,switching_boundary_found,1.496842,1.4,1.5,0.0011232732,scan_plus_bisection,A sign change is detected between 1.4000 and 1.5000; bisection gives switch boundary r*≈1.496842.,"min E0*((1-rho)+rho*s^2), s.t. C0/s<=D, s_min<=s<=s_max",seed_average + interior_barrier_method + golden_section_0_618 + KKT + bisection_boundary
2222,2,2,2,2,8,balanced,3,"0,1,2",optimized,0.95,2968.75,3125.0,15068.333333,2282.0,15655.0,124.89996,239.117823,82.540899,247.606543,0.35,0.6,1.6,1,1.052632,1.052632,15638.091644,2968.75,1.052632,15638.09263,deadline,,1,0.768674,0.768674,13413.215451,2968.75,0.768674,13413.216464,deadline,,2224.876192,3B,recommend_3arm_lower_energy_under_deadline,3B has lower optimized energy under the same deadline,1,1,switching_boundary_found,1.496842,1.4,1.5,0.0011232732,scan_plus_bisection,A sign change is detected between 1.4000 and 1.5000; bisection gives switch boundary r*≈1.496842.,"min E0*((1-rho)+rho*s^2), s.t. C0/s<=D, s_min<=s<=s_max",seed_average + interior_barrier_method + golden_section_0_618 + KKT + bisection_boundary
2222,2,2,2,2,8,balanced,3,"0,1,2",optimized,1.0,3125.0,3125.0,15068.333333,2282.0,15655.0,124.89996,239.117823,82.540899,247.606543,0.35,0.6,1.6,1,1.0,1.0,15068.333333,3125.0,1.0,15068.334323,deadline,,1,0.73024,0.73024,13097.56257,3125.0,0.73024,13097.563573,deadline,,1970.770764,3B,recommend_3arm_lower_energy_under_deadline,3B has lower optimized energy under the same deadline,1,1,switching_boundary_found,1.496842,1.4,1.5,0.0011232732,scan_plus_bisection,A sign change is detected between 1.4000 and 1.5000; bisection gives switch boundary r*≈1.496842.,"min E0*((1-rho)+rho*s^2), s.t. C0/s<=D, s_min<=s<=s_max",seed_average + interior_barrier_method + golden_section_0_618 + KKT + bisection_boundary
2222,2,2,2,2,8,balanced,3,"0,1,2",optimized,1.05,3281.25,3125.0,15068.333333,2282.0,15655.0,124.89996,239.117823,82.540899,247.606543,0.35,0.6,1.6,1,0.952381,0.952381,14578.01455,3281.25,0.952381,14578.015559,deadline,,1,0.695467,0.695467,12825.920131,3281.25,0.695467,12825.921137,deadline,,1752.094419,3B,recommend_3arm_lower_energy_under_deadline,3B has lower optimized energy under the same deadline,1,1,switching_boundary_found,1.496842,1.4,1.5,0.0011232732,scan_plus_bisection,A sign change is detected between 1.4000 and 1.5000; bisection gives switch boundary r*≈1.496842.,"min E0*((1-rho)+rho*s^2), s.t. C0/s<=D, s_min<=s<=s_max",seed_average + interior_barrier_method + golden_section_0_618 + KKT + bisection_boundary
2222,2,2,2,2,8,balanced,3,"0,1,2",optimized,1.1,3437.5,3125.0,15068.333333,2282.0,15655.0,124.89996,239.117823,82.540899,247.606543,0.35,0.6,1.6,1,0.909091,0.909091,14153.025482,3437.5,0.909091,14153.026503,deadline,,1,0.663855,0.663855,12590.471132,3437.5,0.663855,12590.472141,deadline,,1562.55435,3B,recommend_3arm_lower_energy_under_deadline,3B has lower optimized energy under the same deadline,1,1,switching_boundary_found,1.496842,1.4,1.5,0.0011232732,scan_plus_bisection,A sign change is detected between 1.4000 and 1.5000; bisection gives switch boundary r*≈1.496842.,"min E0*((1-rho)+rho*s^2), s.t. C0/s<=D, s_min<=s<=s_max",seed_average + interior_barrier_method + golden_section_0_618 + KKT + bisection_boundary
2222,2,2,2,2,8,balanced,3,"0,1,2",optimized,1.15,3593.75,3125.0,15068.333333,2282.0,15655.0,124.89996,239.117823,82.540899,247.606543,0.35,0.6,1.6,1,0.869565,0.869565,13782.255356,3593.75,0.869565,13782.256336,deadline,,1,0.634991,0.634991,12385.060072,3593.75,0.634991,12385.061065,deadline,,1397.195284,3B,recommend_3arm_lower_energy_under_deadline,3B has lower optimized energy under the same deadline,1,1,switching_boundary_found,1.496842,1.4,1.5,0.0011232732,scan_plus_bisection,A sign change is detected between 1.4000 and 1.5000; bisection gives switch boundary r*≈1.496842.,"min E0*((1-rho)+rho*s^2), s.t. C0/s<=D, s_min<=s<=s_max",seed_average + interior_barrier_method + golden_section_0_618 + KKT + bisection_boundary
2222,2,2,2,2,8,balanced,3,"0,1,2",optimized,1.2,3750.0,3125.0,15068.333333,2282.0,15655.0,124.89996,239.117823,82.540899,247.606543,0.35,0.6,1.6,1,0.833333,0.833333,13456.858796,3750.0,0.833333,13456.859778,deadline,,1,0.608533,0.608533,12204.786507,3750.0,0.608533,12204.787511,deadline,,1252.072289,3B,recommend_3arm_lower_energy_under_deadline,3B has lower optimized energy under the same deadline,1,1,switching_boundary_found,1.496842,1.4,1.5,0.0011232732,scan_plus_bisection,A sign change is detected between 1.4000 and 1.5000; bisection gives switch boundary r*≈1.496842.,"min E0*((1-rho)+rho*s^2), s.t. C0/s<=D, s_min<=s<=s_max",seed_average + interior_barrier_method + golden_section_0_618 + KKT + bisection_boundary
2222,2,2,2,2,8,balanced,3,"0,1,2",optimized,1.25,3906.25,3125.0,15068.333333,2282.0,15655.0,124.89996,239.117823,82.540899,247.606543,0.35,0.6,1.6,1,0.8,0.8,13169.723333,3906.25,0.8,13169.724313,deadline,,1,0.584192,0.6,12148.28,3803.333333,0.6,12148.280999,lower_speed,,1021.443333,3B,recommend_3arm_lower_energy_under_deadline,3B has lower optimized energy under the same deadline,1,1,switching_boundary_found,1.496842,1.4,1.5,0.0011232732,scan_plus_bisection,A sign change is detected between 1.4000 and 1.5000; bisection gives switch boundary r*≈1.496842.,"min E0*((1-rho)+rho*s^2), s.t. C0/s<=D, s_min<=s<=s_max",seed_average + interior_barrier_method + golden_section_0_618 + KKT + bisection_boundary
2222,2,2,2,2,8,balanced,3,"0,1,2",optimized,1.3,4062.5,3125.0,15068.333333,2282.0,15655.0,124.89996,239.117823,82.540899,247.606543,0.35,0.6,1.6,1,0.769231,0.769231,12915.077416,4062.5,0.769231,12915.078439,deadline,,1,0.561723,0.6,12148.28,3803.333333,0.6,12148.280999,lower_speed,,766.797416,3B,recommend_3arm_lower_energy_under_deadline,3B has lower optimized energy under the same deadline,1,1,switching_boundary_found,1.496842,1.4,1.5,0.0011232732,scan_plus_bisection,A sign change is detected between 1.4000 and 1.5000; bisection gives switch boundary r*≈1.496842.,"min E0*((1-rho)+rho*s^2), s.t. C0/s<=D, s_min<=s<=s_max",seed_average + interior_barrier_method + golden_section_0_618 + KKT + bisection_boundary
2222,2,2,2,2,8,balanced,3,"0,1,2",optimized,1.35,4218.75,3125.0,15068.333333,2282.0,15655.0,124.89996,239.117823,82.540899,247.606543,0.35,0.6,1.6,1,0.740741,0.740741,12688.198102,4218.75,0.740741,12688.199118,deadline,,1,0.540919,0.6,12148.28,3803.333333,0.6,12148.280999,lower_speed,,539.918102,3B,recommend_3arm_lower_energy_under_deadline,3B has lower optimized energy under the same deadline,1,1,switching_boundary_found,1.496842,1.4,1.5,0.0011232732,scan_plus_bisection,A sign change is detected between 1.4000 and 1.5000; bisection gives switch boundary r*≈1.496842.,"min E0*((1-rho)+rho*s^2), s.t. C0/s<=D, s_min<=s<=s_max",seed_average + interior_barrier_method + golden_section_0_618 + KKT + bisection_boundary
2222,2,2,2,2,8,balanced,3,"0,1,2",optimized,1.4,4375.0,3125.0,15068.333333,2282.0,15655.0,124.89996,239.117823,82.540899,247.606543,0.35,0.6,1.6,1,0.714286,0.714286,12485.190476,4375.0,0.714286,12485.191469,deadline,,1,0.5216,0.6,12148.28,3803.333333,0.6,12148.280999,lower_speed,,336.910476,3B,recommend_3arm_lower_energy_under_deadline,3B has lower optimized energy under the same deadline,1,1,switching_boundary_found,1.496842,1.4,1.5,0.0011232732,scan_plus_bisection,A sign change is detected between 1.4000 and 1.5000; bisection gives switch boundary r*≈1.496842.,"min E0*((1-rho)+rho*s^2), s.t. C0/s<=D, s_min<=s<=s_max",seed_average + interior_barrier_method + golden_section_0_618 + KKT + bisection_boundary
2222,2,2,2,2,8,balanced,3,"0,1,2",optimized,1.5,4687.5,3125.0,15068.333333,2282.0,15655.0,124.89996,239.117823,82.540899,247.606543,0.35,0.6,1.6,1,0.666667,0.666667,12138.37963,4687.5,0.666667,12138.380631,deadline,,1,0.486827,0.6,12148.28,3803.333333,0.6,12148.280999,lower_speed,,-9.90037,2B,recommend_2arm_lower_energy_under_deadline,2B has lower optimized energy under the same deadline,1,1,switching_boundary_found,1.496842,1.4,1.5,0.0011232732,scan_plus_bisection,A sign change is detected between 1.4000 and 1.5000; bisection gives switch boundary r*≈1.496842.,"min E0*((1-rho)+rho*s^2), s.t. C0/s<=D, s_min<=s<=s_max",seed_average + interior_barrier_method + golden_section_0_618 + KKT + bisection_boundary
