counts_code,n1,n2,n3,n4,total_tasks,scenario_type,method,seed_count,seeds_used,deadline_base,deadline_reference_cmax_2B,deadline_ratio,deadline_value,mean_cmax_2B_original,std_cmax_2B_original,max_cmax_2B_original,mean_energy_2B_original,std_energy_2B_original,max_energy_2B_original,mean_cmax_3B_original,std_cmax_3B_original,max_cmax_3B_original,mean_energy_3B_original,std_energy_3B_original,max_energy_3B_original,rho_speed_sensitive_energy,speed_min,speed_max,robust_feasible_2B,required_uniform_speed_2B,opt_uniform_speed_2B,worst_energy_z_2B,mean_energy_after_speed_2B,std_energy_after_speed_2B,max_cmax_after_speed_2B,mean_cmax_after_speed_2B,worst_energy_seed_2B,binding_time_seed_2B,infeasible_reason_2B,robust_feasible_3B,required_uniform_speed_3B,opt_uniform_speed_3B,worst_energy_z_3B,mean_energy_after_speed_3B,std_energy_after_speed_3B,max_cmax_after_speed_3B,mean_cmax_after_speed_3B,worst_energy_seed_3B,binding_time_seed_3B,infeasible_reason_3B,worst_energy_gap_2B_minus_3B,worst_energy_gap_percent_vs_2B,recommended_mode,recommendation,recommendation_reason,robust_model_formula,model_meaning
1111,1,1,1,1,4,balanced,optimized,3,"0,1,2",mean_2b,1864.0,0.7,1304.8,1864.0,134.658828,1977.0,8015.0,712.267506,8620.0,1144.333333,118.50879,1256.0,8445.0,740.591655,9079.0,0.35,0.6,1.6,1,1.515175,1.515175,12529.291299,11649.915286,1035.290843,1304.8,1230.221143,2,1,,1,0.9626,0.9626,8845.754299,8228.042192,721.565351,1304.8,1188.794692,2,2,,3683.537,29.3994,3B,recommend_3arm_lower_worst_case_energy,3B has lower worst-case energy under seed perturbations,"min z, s.t. E_j0*((1-rho)+rho*s^2)<=z, C_j0/s<=D for all seeds, s_min<=s<=s_max",choose one uniform speed for all seed perturbations and minimize worst-case energy
1111,1,1,1,1,4,balanced,optimized,3,"0,1,2",mean_2b,1864.0,0.75,1398.0,1864.0,134.658828,1977.0,8015.0,712.267506,8620.0,1144.333333,118.50879,1256.0,8445.0,740.591655,9079.0,0.35,0.6,1.6,1,1.414163,1.414163,11636.56931,10819.849538,961.525545,1398.0,1318.094082,2,1,,1,0.898426,0.898426,8466.253301,7875.042309,690.608718,1398.0,1273.708599,2,2,,3170.316009,27.2444,3B,recommend_3arm_lower_worst_case_energy,3B has lower worst-case energy under seed perturbations,"min z, s.t. E_j0*((1-rho)+rho*s^2)<=z, C_j0/s<=D for all seeds, s_min<=s<=s_max",choose one uniform speed for all seed perturbations and minimize worst-case energy
1111,1,1,1,1,4,balanced,optimized,3,"0,1,2",mean_2b,1864.0,0.8,1491.2,1864.0,134.658828,1977.0,8015.0,712.267506,8620.0,1144.333333,118.50879,1256.0,8445.0,740.591655,9079.0,0.35,0.6,1.6,1,1.325778,1.325778,10905.941776,10140.501547,901.154054,1491.2,1405.967021,2,1,,1,0.842275,0.842275,8155.659542,7586.137772,665.272982,1491.2,1358.622505,2,2,,2750.282234,25.2182,3B,recommend_3arm_lower_worst_case_energy,3B has lower worst-case energy under seed perturbations,"min z, s.t. E_j0*((1-rho)+rho*s^2)<=z, C_j0/s<=D for all seeds, s_min<=s<=s_max",choose one uniform speed for all seed perturbations and minimize worst-case energy
1111,1,1,1,1,4,balanced,optimized,3,"0,1,2",mean_2b,1864.0,0.85,1584.4,1864.0,134.658828,1977.0,8015.0,712.267506,8620.0,1144.333333,118.50879,1256.0,8445.0,740.591655,9079.0,0.35,0.6,1.6,1,1.247791,1.247791,10300.415552,9577.474554,851.11964,1584.4,1493.83996,2,1,,1,0.792729,0.792729,7898.247033,7346.70076,644.275344,1584.4,1443.536412,2,2,,2402.168519,23.3211,3B,recommend_3arm_lower_worst_case_energy,3B has lower worst-case energy under seed perturbations,"min z, s.t. E_j0*((1-rho)+rho*s^2)<=z, C_j0/s<=D for all seeds, s_min<=s<=s_max",choose one uniform speed for all seed perturbations and minimize worst-case energy
1111,1,1,1,1,4,balanced,optimized,3,"0,1,2",mean_2b,1864.0,0.9,1677.6,1864.0,134.658828,1977.0,8015.0,712.267506,8620.0,1144.333333,118.50879,1256.0,8445.0,740.591655,9079.0,0.35,0.6,1.6,1,1.178469,1.178469,9792.978687,9105.652457,809.190314,1677.6,1581.712898,2,1,,1,0.748689,0.748689,7682.532848,7146.050215,626.679119,1677.6,1528.450318,2,2,,2110.44584,21.5506,3B,recommend_3arm_lower_worst_case_energy,3B has lower worst-case energy under seed perturbations,"min z, s.t. E_j0*((1-rho)+rho*s^2)<=z, C_j0/s<=D for all seeds, s_min<=s<=s_max",choose one uniform speed for all seed perturbations and minimize worst-case energy
1111,1,1,1,1,4,balanced,optimized,3,"0,1,2",mean_2b,1864.0,0.95,1770.8,1864.0,134.658828,1977.0,8015.0,712.267506,8620.0,1144.333333,118.50879,1256.0,8445.0,740.591655,9079.0,0.35,0.6,1.6,1,1.116445,1.116445,9363.534888,8706.349435,773.705527,1770.8,1669.585837,2,1,,1,0.709284,0.709284,7499.973941,6976.239666,611.787434,1770.8,1613.364225,2,2,,1863.560947,19.9023,3B,recommend_3arm_lower_worst_case_energy,3B has lower worst-case energy under seed perturbations,"min z, s.t. E_j0*((1-rho)+rho*s^2)<=z, C_j0/s<=D for all seeds, s_min<=s<=s_max",choose one uniform speed for all seed perturbations and minimize worst-case energy
1111,1,1,1,1,4,balanced,optimized,3,"0,1,2",mean_2b,1864.0,1.0,1864.0,1864.0,134.658828,1977.0,8015.0,712.267506,8620.0,1144.333333,118.50879,1256.0,8445.0,740.591655,9079.0,0.35,0.6,1.6,1,1.060622,1.060622,8996.882737,8365.43099,743.409191,1864.0,1757.458776,2,1,,1,0.67382,0.67382,7344.108107,6831.258174,599.073156,1864.0,1698.278132,2,2,,1652.77463,18.3705,3B,recommend_3arm_lower_worst_case_energy,3B has lower worst-case energy under seed perturbations,"min z, s.t. E_j0*((1-rho)+rho*s^2)<=z, C_j0/s<=D for all seeds, s_min<=s<=s_max",choose one uniform speed for all seed perturbations and minimize worst-case energy
1111,1,1,1,1,4,balanced,optimized,3,"0,1,2",mean_2b,1864.0,1.05,1957.2,1864.0,134.658828,1977.0,8015.0,712.267506,8620.0,1144.333333,118.50879,1256.0,8445.0,740.591655,9079.0,0.35,0.6,1.6,1,1.010116,1.010116,8681.351689,8072.045683,717.336974,1957.2,1845.331715,2,1,,1,0.641733,0.641733,7209.974133,6706.490974,588.131587,1957.2,1783.192038,2,2,,1471.377556,16.9487,3B,recommend_3arm_lower_worst_case_energy,3B has lower worst-case energy under seed perturbations,"min z, s.t. E_j0*((1-rho)+rho*s^2)<=z, C_j0/s<=D for all seeds, s_min<=s<=s_max",choose one uniform speed for all seed perturbations and minimize worst-case energy
1111,1,1,1,1,4,balanced,optimized,3,"0,1,2",mean_2b,1864.0,1.1,2050.4,1864.0,134.658828,1977.0,8015.0,712.267506,8620.0,1144.333333,118.50879,1256.0,8445.0,740.591655,9079.0,0.35,0.6,1.6,1,0.964202,0.964202,8407.861766,7817.750818,694.7386,2050.4,1933.204654,2,1,,1,0.612563,0.612563,7093.712072,6598.347664,578.647865,2050.4,1868.105945,2,2,,1314.149694,15.63,3B,recommend_3arm_lower_worst_case_energy,3B has lower worst-case energy under seed perturbations,"min z, s.t. E_j0*((1-rho)+rho*s^2)<=z, C_j0/s<=D for all seeds, s_min<=s<=s_max",choose one uniform speed for all seed perturbations and minimize worst-case energy
1111,1,1,1,1,4,balanced,optimized,3,"0,1,2",mean_2b,1864.0,1.15,2143.6,1864.0,134.658828,1977.0,8015.0,712.267506,8620.0,1144.333333,118.50879,1256.0,8445.0,740.591655,9079.0,0.35,0.6,1.6,1,0.92228,0.92228,8169.262939,7595.898197,675.023264,2143.6,2021.077592,2,1,,1,0.58593,0.6,7045.304,6553.32,574.699125,2093.333333,1907.222222,2,2,,1123.958939,13.7584,3B,recommend_3arm_lower_worst_case_energy,3B has lower worst-case energy under seed perturbations,"min z, s.t. E_j0*((1-rho)+rho*s^2)<=z, C_j0/s<=D for all seeds, s_min<=s<=s_max",choose one uniform speed for all seed perturbations and minimize worst-case energy
1111,1,1,1,1,4,balanced,optimized,3,"0,1,2",mean_2b,1864.0,1.2,2236.8,1864.0,134.658828,1977.0,8015.0,712.267506,8620.0,1144.333333,118.50879,1256.0,8445.0,740.591655,9079.0,0.35,0.6,1.6,1,0.883852,0.883852,7959.863012,7401.195132,657.720624,2236.8,2108.950531,2,1,,1,0.561516,0.6,7045.304,6553.32,574.699125,2093.333333,1907.222222,2,2,,914.559012,11.4896,3B,recommend_3arm_lower_worst_case_energy,3B has lower worst-case energy under seed perturbations,"min z, s.t. E_j0*((1-rho)+rho*s^2)<=z, C_j0/s<=D for all seeds, s_min<=s<=s_max",choose one uniform speed for all seed perturbations and minimize worst-case energy
1111,1,1,1,1,4,balanced,optimized,3,"0,1,2",mean_2b,1864.0,1.25,2330.0,1864.0,134.658828,1977.0,8015.0,712.267506,8620.0,1144.333333,118.50879,1256.0,8445.0,740.591655,9079.0,0.35,0.6,1.6,1,0.848498,0.848498,7775.084951,7229.385834,642.452479,2330.0,2196.82347,2,1,,1,0.539056,0.6,7045.304,6553.32,574.699125,2093.333333,1907.222222,2,2,,729.780951,9.3861,3B,recommend_3arm_lower_worst_case_energy,3B has lower worst-case energy under seed perturbations,"min z, s.t. E_j0*((1-rho)+rho*s^2)<=z, C_j0/s<=D for all seeds, s_min<=s<=s_max",choose one uniform speed for all seed perturbations and minimize worst-case energy
1111,1,1,1,1,4,balanced,optimized,3,"0,1,2",mean_2b,1864.0,1.3,2423.2,1864.0,134.658828,1977.0,8015.0,712.267506,8620.0,1144.333333,118.50879,1256.0,8445.0,740.591655,9079.0,0.35,0.6,1.6,1,0.815863,0.815863,7611.214637,7077.016858,628.911933,2423.2,2284.696409,2,1,,1,0.518323,0.6,7045.304,6553.32,574.699125,2093.333333,1907.222222,2,2,,565.910637,7.4352,3B,recommend_3arm_lower_worst_case_energy,3B has lower worst-case energy under seed perturbations,"min z, s.t. E_j0*((1-rho)+rho*s^2)<=z, C_j0/s<=D for all seeds, s_min<=s<=s_max",choose one uniform speed for all seed perturbations and minimize worst-case energy
1111,1,1,1,1,4,balanced,optimized,3,"0,1,2",mean_2b,1864.0,1.35,2516.4,1864.0,134.658828,1977.0,8015.0,712.267506,8620.0,1144.333333,118.50879,1256.0,8445.0,740.591655,9079.0,0.35,0.6,1.6,1,0.785646,0.785646,7465.21275,6941.262203,616.84785,2516.4,2372.569347,2,1,,1,0.499126,0.6,7045.304,6553.32,574.699125,2093.333333,1907.222222,2,2,,419.90875,5.6249,3B,recommend_3arm_lower_worst_case_energy,3B has lower worst-case energy under seed perturbations,"min z, s.t. E_j0*((1-rho)+rho*s^2)<=z, C_j0/s<=D for all seeds, s_min<=s<=s_max",choose one uniform speed for all seed perturbations and minimize worst-case energy
1111,1,1,1,1,4,balanced,optimized,3,"0,1,2",mean_2b,1864.0,1.4,2609.6,1864.0,134.658828,1977.0,8015.0,712.267506,8620.0,1144.333333,118.50879,1256.0,8445.0,740.591655,9079.0,0.35,0.6,1.6,1,0.757587,0.757587,7334.572825,6819.791321,606.05312,2609.6,2460.442286,2,1,,1,0.4813,0.6,7045.304,6553.32,574.699125,2093.333333,1907.222222,2,2,,289.268825,3.9439,3B,recommend_3arm_lower_worst_case_energy,3B has lower worst-case energy under seed perturbations,"min z, s.t. E_j0*((1-rho)+rho*s^2)<=z, C_j0/s<=D for all seeds, s_min<=s<=s_max",choose one uniform speed for all seed perturbations and minimize worst-case energy
1111,1,1,1,1,4,balanced,optimized,3,"0,1,2",mean_2b,1864.0,1.5,2796.0,1864.0,134.658828,1977.0,8015.0,712.267506,8620.0,1144.333333,118.50879,1256.0,8445.0,740.591655,9079.0,0.35,0.6,1.6,1,0.707082,0.707082,7111.392327,6612.274884,587.611795,2796.0,2636.188164,2,1,,1,0.449213,0.6,7045.304,6553.32,574.699125,2093.333333,1907.222222,2,2,,66.088327,0.9293,3B,recommend_3arm_lower_worst_case_energy,3B has lower worst-case energy under seed perturbations,"min z, s.t. E_j0*((1-rho)+rho*s^2)<=z, C_j0/s<=D for all seeds, s_min<=s<=s_max",choose one uniform speed for all seed perturbations and minimize worst-case energy
1112,1,1,1,2,5,type4_dominant,optimized,3,"0,1,2",mean_2b,2390.333333,0.7,1673.233333,2390.333333,200.829115,2520.0,12076.333333,231.810986,12245.0,1674.666667,43.87862,1700.0,12578.0,257.116705,12766.0,0.35,0.6,1.6,1,1.506066,1.506066,17680.338564,17436.803752,334.707776,1673.233333,1587.137068,1,1,,1,1.015997,1.015997,12910.095541,12719.973501,260.018896,1673.233333,1648.298876,1,1,,4770.243023,26.9805,3B,recommend_3arm_lower_worst_case_energy,3B has lower worst-case energy under seed perturbations,"min z, s.t. E_j0*((1-rho)+rho*s^2)<=z, C_j0/s<=D for all seeds, s_min<=s<=s_max",choose one uniform speed for all seed perturbations and minimize worst-case energy
1112,1,1,1,2,5,type4_dominant,optimized,3,"0,1,2",mean_2b,2390.333333,0.75,1792.75,2390.333333,200.829115,2520.0,12076.333333,231.810986,12245.0,1674.666667,43.87862,1700.0,12578.0,257.116705,12766.0,0.35,0.6,1.6,1,1.405662,1.405662,16427.39826,16201.121861,310.988272,1792.75,1700.504001,1,1,,1,0.948264,0.948264,12315.634783,12134.267139,248.046016,1792.75,1766.03451,1,1,,4111.763477,25.0299,3B,recommend_3arm_lower_worst_case_energy,3B has lower worst-case energy under seed perturbations,"min z, s.t. E_j0*((1-rho)+rho*s^2)<=z, C_j0/s<=D for all seeds, s_min<=s<=s_max",choose one uniform speed for all seed perturbations and minimize worst-case energy
1112,1,1,1,2,5,type4_dominant,optimized,3,"0,1,2",mean_2b,2390.333333,0.8,1912.266667,2390.333333,200.829115,2520.0,12076.333333,231.810986,12245.0,1674.666667,43.87862,1700.0,12578.0,257.116705,12766.0,0.35,0.6,1.6,1,1.317808,1.317808,15401.958432,15189.806779,291.575596,1912.266667,1813.870935,1,1,,1,0.888997,0.888997,11829.112211,11654.909399,238.24709,1912.266667,1883.770144,1,1,,3572.84622,23.1974,3B,recommend_3arm_lower_worst_case_energy,3B has lower worst-case energy under seed perturbations,"min z, s.t. E_j0*((1-rho)+rho*s^2)<=z, C_j0/s<=D for all seeds, s_min<=s<=s_max",choose one uniform speed for all seed perturbations and minimize worst-case energy
1112,1,1,1,2,5,type4_dominant,optimized,3,"0,1,2",mean_2b,2390.333333,0.85,2031.783333,2390.333333,200.829115,2520.0,12076.333333,231.810986,12245.0,1674.666667,43.87862,1700.0,12578.0,257.116705,12766.0,0.35,0.6,1.6,1,1.24029,1.24029,14552.098991,14351.653583,275.486845,2031.783333,1927.237868,1,1,,1,0.836703,0.836703,11425.894208,11257.629433,230.125981,2031.783333,2001.505778,1,1,,3126.204783,21.4828,3B,recommend_3arm_lower_worst_case_energy,3B has lower worst-case energy under seed perturbations,"min z, s.t. E_j0*((1-rho)+rho*s^2)<=z, C_j0/s<=D for all seeds, s_min<=s<=s_max",choose one uniform speed for all seed perturbations and minimize worst-case energy
1112,1,1,1,2,5,type4_dominant,optimized,3,"0,1,2",mean_2b,2390.333333,0.9,2151.3,2390.333333,200.829115,2520.0,12076.333333,231.810986,12245.0,1674.666667,43.87862,1700.0,12578.0,257.116705,12766.0,0.35,0.6,1.6,1,1.171385,1.171385,13839.908514,13649.273052,262.004315,2151.3,2040.604802,1,1,,1,0.79022,0.79022,11087.993599,10924.704958,223.320412,2151.3,2119.241412,1,1,,2751.914915,19.8839,3B,recommend_3arm_lower_worst_case_energy,3B has lower worst-case energy under seed perturbations,"min z, s.t. E_j0*((1-rho)+rho*s^2)<=z, C_j0/s<=D for all seeds, s_min<=s<=s_max",choose one uniform speed for all seed perturbations and minimize worst-case energy
1112,1,1,1,2,5,type4_dominant,optimized,3,"0,1,2",mean_2b,2390.333333,0.95,2270.816667,2390.333333,200.829115,2520.0,12076.333333,231.810986,12245.0,1674.666667,43.87862,1700.0,12578.0,257.116705,12766.0,0.35,0.6,1.6,1,1.109733,1.109733,13237.181741,13054.848436,250.594051,2270.816667,2153.971735,1,1,,1,0.748629,0.748629,10802.028327,10642.950987,217.560859,2270.816667,2236.977046,1,1,,2435.153414,18.3963,3B,recommend_3arm_lower_worst_case_energy,3B has lower worst-case energy under seed perturbations,"min z, s.t. E_j0*((1-rho)+rho*s^2)<=z, C_j0/s<=D for all seeds, s_min<=s<=s_max",choose one uniform speed for all seed perturbations and minimize worst-case energy
1112,1,1,1,2,5,type4_dominant,optimized,3,"0,1,2",mean_2b,2390.333333,1.0,2390.333333,2390.333333,200.829115,2520.0,12076.333333,231.810986,12245.0,1674.666667,43.87862,1700.0,12578.0,257.116705,12766.0,0.35,0.6,1.6,1,1.054246,1.054246,12722.583396,12547.338338,240.852152,2390.333333,2267.338668,1,1,,1,0.711198,0.711198,10557.875815,10402.394016,212.643447,2390.333333,2354.71268,1,1,,2164.707581,17.0147,3B,recommend_3arm_lower_worst_case_energy,3B has lower worst-case energy under seed perturbations,"min z, s.t. E_j0*((1-rho)+rho*s^2)<=z, C_j0/s<=D for all seeds, s_min<=s<=s_max",choose one uniform speed for all seed perturbations and minimize worst-case energy
1112,1,1,1,2,5,type4_dominant,optimized,3,"0,1,2",mean_2b,2390.333333,1.05,2509.85,2390.333333,200.829115,2520.0,12076.333333,231.810986,12245.0,1674.666667,43.87862,1700.0,12578.0,257.116705,12766.0,0.35,0.6,1.6,1,1.004044,1.004044,12279.733806,12110.588705,232.468534,2509.85,2380.705602,1,1,,1,0.677331,0.677331,10347.764685,10195.377112,208.411653,2509.85,2472.448314,1,1,,1931.969121,15.733,3B,recommend_3arm_lower_worst_case_energy,3B has lower worst-case energy under seed perturbations,"min z, s.t. E_j0*((1-rho)+rho*s^2)<=z, C_j0/s<=D for all seeds, s_min<=s<=s_max",choose one uniform speed for all seed perturbations and minimize worst-case energy
1112,1,1,1,2,5,type4_dominant,optimized,3,"0,1,2",mean_2b,2390.333333,1.1,2629.366667,2390.333333,200.829115,2520.0,12076.333333,231.810986,12245.0,1674.666667,43.87862,1700.0,12578.0,257.116705,12766.0,0.35,0.6,1.6,1,0.958406,0.958406,11895.88917,11732.031271,225.201944,2629.366667,2494.072535,1,1,,1,0.646544,0.646544,10165.648608,10015.942988,204.7437,2629.366667,2590.183948,1,1,,1730.240563,14.5449,3B,recommend_3arm_lower_worst_case_energy,3B has lower worst-case energy under seed perturbations,"min z, s.t. E_j0*((1-rho)+rho*s^2)<=z, C_j0/s<=D for all seeds, s_min<=s<=s_max",choose one uniform speed for all seed perturbations and minimize worst-case energy
1112,1,1,1,2,5,type4_dominant,optimized,3,"0,1,2",mean_2b,2390.333333,1.15,2748.883333,2390.333333,200.829115,2520.0,12076.333333,231.810986,12245.0,1674.666667,43.87862,1700.0,12578.0,257.116705,12766.0,0.35,0.6,1.6,1,0.916736,0.916736,11561.014383,11401.76916,218.862405,2748.883333,2607.439469,1,1,,1,0.618433,0.618433,10006.766401,9859.400579,201.543695,2748.883333,2707.919582,1,1,,1554.247982,13.4439,3B,recommend_3arm_lower_worst_case_energy,3B has lower worst-case energy under seed perturbations,"min z, s.t. E_j0*((1-rho)+rho*s^2)<=z, C_j0/s<=D for all seeds, s_min<=s<=s_max",choose one uniform speed for all seed perturbations and minimize worst-case energy
1112,1,1,1,2,5,type4_dominant,optimized,3,"0,1,2",mean_2b,2390.333333,1.2,2868.4,2390.333333,200.829115,2520.0,12076.333333,231.810986,12245.0,1674.666667,43.87862,1700.0,12578.0,257.116705,12766.0,0.35,0.6,1.6,1,0.878539,0.878539,11267.120414,11111.923383,213.298677,2868.4,2720.806402,1,1,,1,0.592665,0.6,9906.416,9760.528,199.522563,2833.333333,2791.111111,1,1,,1360.704414,12.0768,3B,recommend_3arm_lower_worst_case_energy,3B has lower worst-case energy under seed perturbations,"min z, s.t. E_j0*((1-rho)+rho*s^2)<=z, C_j0/s<=D for all seeds, s_min<=s<=s_max",choose one uniform speed for all seed perturbations and minimize worst-case energy
1112,1,1,1,2,5,type4_dominant,optimized,3,"0,1,2",mean_2b,2390.333333,1.25,2987.916667,2390.333333,200.829115,2520.0,12076.333333,231.810986,12245.0,1674.666667,43.87862,1700.0,12578.0,257.116705,12766.0,0.35,0.6,1.6,1,0.843397,0.843397,11007.783374,10856.158537,208.389148,2987.916667,2834.173336,1,1,,1,0.568958,0.6,9906.416,9760.528,199.522563,2833.333333,2791.111111,1,1,,1101.367374,10.0054,3B,recommend_3arm_lower_worst_case_energy,3B has lower worst-case energy under seed perturbations,"min z, s.t. E_j0*((1-rho)+rho*s^2)<=z, C_j0/s<=D for all seeds, s_min<=s<=s_max",choose one uniform speed for all seed perturbations and minimize worst-case energy
1112,1,1,1,2,5,type4_dominant,optimized,3,"0,1,2",mean_2b,2390.333333,1.3,3107.433333,2390.333333,200.829115,2520.0,12076.333333,231.810986,12245.0,1674.666667,43.87862,1700.0,12578.0,257.116705,12766.0,0.35,0.6,1.6,1,0.810959,0.810959,10777.790471,10629.333632,204.035136,3107.433333,2947.540269,1,1,,1,0.547075,0.6,9906.416,9760.528,199.522563,2833.333333,2791.111111,1,1,,871.374471,8.0849,3B,recommend_3arm_lower_worst_case_energy,3B has lower worst-case energy under seed perturbations,"min z, s.t. E_j0*((1-rho)+rho*s^2)<=z, C_j0/s<=D for all seeds, s_min<=s<=s_max",choose one uniform speed for all seed perturbations and minimize worst-case energy
1112,1,1,1,2,5,type4_dominant,optimized,3,"0,1,2",mean_2b,2390.333333,1.35,3226.95,2390.333333,200.829115,2520.0,12076.333333,231.810986,12245.0,1674.666667,43.87862,1700.0,12578.0,257.116705,12766.0,0.35,0.6,1.6,1,0.780923,0.780923,10572.876006,10427.241727,200.155885,3226.95,3060.907202,1,1,,1,0.526813,0.6,9906.416,9760.528,199.522563,2833.333333,2791.111111,1,1,,666.460006,6.3035,3B,recommend_3arm_lower_worst_case_energy,3B has lower worst-case energy under seed perturbations,"min z, s.t. E_j0*((1-rho)+rho*s^2)<=z, C_j0/s<=D for all seeds, s_min<=s<=s_max",choose one uniform speed for all seed perturbations and minimize worst-case energy
1112,1,1,1,2,5,type4_dominant,optimized,3,"0,1,2",mean_2b,2390.333333,1.4,3346.466667,2390.333333,200.829115,2520.0,12076.333333,231.810986,12245.0,1674.666667,43.87862,1700.0,12578.0,257.116705,12766.0,0.35,0.6,1.6,1,0.753033,0.753033,10389.522141,10246.413438,196.6848,3346.466667,3174.274136,1,1,,1,0.507998,0.6,9906.416,9760.528,199.522563,2833.333333,2791.111111,1,1,,483.106141,4.6499,3B,recommend_3arm_lower_worst_case_energy,3B has lower worst-case energy under seed perturbations,"min z, s.t. E_j0*((1-rho)+rho*s^2)<=z, C_j0/s<=D for all seeds, s_min<=s<=s_max",choose one uniform speed for all seed perturbations and minimize worst-case energy
1112,1,1,1,2,5,type4_dominant,optimized,3,"0,1,2",mean_2b,2390.333333,1.5,3585.5,2390.333333,200.829115,2520.0,12076.333333,231.810986,12245.0,1674.666667,43.87862,1700.0,12578.0,257.116705,12766.0,0.35,0.6,1.6,1,0.702831,0.702831,10076.287065,9937.492965,190.754924,3585.5,3401.008003,1,1,,1,0.474132,0.6,9906.416,9760.528,199.522563,2833.333333,2791.111111,1,1,,169.871065,1.6858,3B,recommend_3arm_lower_worst_case_energy,3B has lower worst-case energy under seed perturbations,"min z, s.t. E_j0*((1-rho)+rho*s^2)<=z, C_j0/s<=D for all seeds, s_min<=s<=s_max",choose one uniform speed for all seed perturbations and minimize worst-case energy
1121,1,1,2,1,5,dual_arm_dominant,optimized,3,"0,1,2",mean_2b,2341.0,0.7,1638.7,2341.0,299.180547,2529.0,9844.0,498.404454,10245.0,1646.666667,90.787297,1733.0,10282.333333,487.639553,10682.0,0.35,0.6,1.6,1,1.543297,1.543297,15199.660747,14604.73015,739.441544,1638.7,1516.882839,0,0,,1,1.057546,1.057546,11124.672282,10708.443047,507.847801,1638.7,1557.064435,0,1,,4074.988465,26.8097,3B,recommend_3arm_lower_worst_case_energy,3B has lower worst-case energy under seed perturbations,"min z, s.t. E_j0*((1-rho)+rho*s^2)<=z, C_j0/s<=D for all seeds, s_min<=s<=s_max",choose one uniform speed for all seed perturbations and minimize worst-case energy
1121,1,1,2,1,5,dual_arm_dominant,optimized,3,"0,1,2",mean_2b,2341.0,0.75,1755.75,2341.0,299.180547,2529.0,9844.0,498.404454,10245.0,1646.666667,90.787297,1733.0,10282.333333,487.639553,10682.0,0.35,0.6,1.6,1,1.44041,1.44041,14098.896695,13547.051153,685.890963,1755.75,1625.231613,0,0,,1,0.987043,0.987043,10585.739854,10189.674758,483.245221,1755.75,1668.283324,0,1,,3513.15684,24.918,3B,recommend_3arm_lower_worst_case_energy,3B has lower worst-case energy under seed perturbations,"min z, s.t. E_j0*((1-rho)+rho*s^2)<=z, C_j0/s<=D for all seeds, s_min<=s<=s_max",choose one uniform speed for all seed perturbations and minimize worst-case energy
1121,1,1,2,1,5,dual_arm_dominant,optimized,3,"0,1,2",mean_2b,2341.0,0.8,1872.8,2341.0,299.180547,2529.0,9844.0,498.404454,10245.0,1646.666667,90.787297,1733.0,10282.333333,487.639553,10682.0,0.35,0.6,1.6,1,1.350384,1.350384,13198.001978,12681.418396,642.063736,1872.8,1733.580388,0,0,,1,0.925352,0.925352,10144.663153,9765.100926,463.109811,1872.8,1779.502212,0,1,,3053.338825,23.1349,3B,recommend_3arm_lower_worst_case_energy,3B has lower worst-case energy under seed perturbations,"min z, s.t. E_j0*((1-rho)+rho*s^2)<=z, C_j0/s<=D for all seeds, s_min<=s<=s_max",choose one uniform speed for all seed perturbations and minimize worst-case energy
1121,1,1,2,1,5,dual_arm_dominant,optimized,3,"0,1,2",mean_2b,2341.0,0.85,1989.85,2341.0,299.180547,2529.0,9844.0,498.404454,10245.0,1646.666667,90.787297,1733.0,10282.333333,487.639553,10682.0,0.35,0.6,1.6,1,1.27095,1.27095,12451.362479,11964.003147,605.740802,1989.85,1841.929162,0,0,,1,0.87092,0.87092,9779.109575,9413.224523,446.422076,1989.85,1890.7211,0,1,,2672.252903,21.4615,3B,recommend_3arm_lower_worst_case_energy,3B has lower worst-case energy under seed perturbations,"min z, s.t. E_j0*((1-rho)+rho*s^2)<=z, C_j0/s<=D for all seeds, s_min<=s<=s_max",choose one uniform speed for all seed perturbations and minimize worst-case energy
1121,1,1,2,1,5,dual_arm_dominant,optimized,3,"0,1,2",mean_2b,2341.0,0.9,2106.9,2341.0,299.180547,2529.0,9844.0,498.404454,10245.0,1646.666667,90.787297,1733.0,10282.333333,487.639553,10682.0,0.35,0.6,1.6,1,1.200342,1.200342,11825.671316,11362.80219,575.301831,2106.9,1950.277936,0,0,,1,0.822535,0.822535,9472.772121,9118.348674,432.437592,2106.9,2001.939988,0,1,,2352.899195,19.8965,3B,recommend_3arm_lower_worst_case_energy,3B has lower worst-case energy under seed perturbations,"min z, s.t. E_j0*((1-rho)+rho*s^2)<=z, C_j0/s<=D for all seeds, s_min<=s<=s_max",choose one uniform speed for all seed perturbations and minimize worst-case energy
1121,1,1,2,1,5,dual_arm_dominant,optimized,3,"0,1,2",mean_2b,2341.0,0.95,2223.95,2341.0,299.180547,2529.0,9844.0,498.404454,10245.0,1646.666667,90.787297,1733.0,10282.333333,487.639553,10682.0,0.35,0.6,1.6,1,1.137166,1.137166,11296.148909,10854.005843,549.541331,2223.95,2058.62671,0,0,,1,0.779244,0.779244,9213.518746,8868.795255,420.602524,2223.95,2113.158877,0,1,,2082.630164,18.4366,3B,recommend_3arm_lower_worst_case_energy,3B has lower worst-case energy under seed perturbations,"min z, s.t. E_j0*((1-rho)+rho*s^2)<=z, C_j0/s<=D for all seeds, s_min<=s<=s_max",choose one uniform speed for all seed perturbations and minimize worst-case energy
1121,1,1,2,1,5,dual_arm_dominant,optimized,3,"0,1,2",mean_2b,2341.0,1.0,2341.0,2341.0,299.180547,2529.0,9844.0,498.404454,10245.0,1646.666667,90.787297,1733.0,10282.333333,487.639553,10682.0,0.35,0.6,1.6,1,1.080308,1.080308,10844.051266,10419.603774,527.547433,2341.0,2166.975484,0,0,,1,0.740282,0.740282,8992.172418,8655.730593,410.497934,2341.0,2224.377765,0,1,,1851.878848,17.0774,3B,recommend_3arm_lower_worst_case_energy,3B has lower worst-case energy under seed perturbations,"min z, s.t. E_j0*((1-rho)+rho*s^2)<=z, C_j0/s<=D for all seeds, s_min<=s<=s_max",choose one uniform speed for all seed perturbations and minimize worst-case energy
1121,1,1,2,1,5,dual_arm_dominant,optimized,3,"0,1,2",mean_2b,2341.0,1.05,2458.05,2341.0,299.180547,2529.0,9844.0,498.404454,10245.0,1646.666667,90.787297,1733.0,10282.333333,487.639553,10682.0,0.35,0.6,1.6,1,1.028864,1.028864,10454.98811,10045.768956,508.620073,2458.05,2275.324259,0,0,,1,0.70503,0.70503,8801.687681,8472.372836,401.802195,2458.05,2335.596653,0,1,,1653.300429,15.8135,3B,recommend_3arm_lower_worst_case_energy,3B has lower worst-case energy under seed perturbations,"min z, s.t. E_j0*((1-rho)+rho*s^2)<=z, C_j0/s<=D for all seeds, s_min<=s<=s_max",choose one uniform speed for all seed perturbations and minimize worst-case energy
1121,1,1,2,1,5,dual_arm_dominant,optimized,3,"0,1,2",mean_2b,2341.0,1.1,2575.1,2341.0,299.180547,2529.0,9844.0,498.404454,10245.0,1646.666667,90.787297,1733.0,10282.333333,487.639553,10682.0,0.35,0.6,1.6,1,0.982098,0.982098,10117.763443,9721.743615,492.214579,2575.1,2383.673033,0,0,,1,0.672984,0.672984,8636.58299,8313.445531,394.265069,2575.1,2446.815541,0,1,,1481.180453,14.6394,3B,recommend_3arm_lower_worst_case_energy,3B has lower worst-case energy under seed perturbations,"min z, s.t. E_j0*((1-rho)+rho*s^2)<=z, C_j0/s<=D for all seeds, s_min<=s<=s_max",choose one uniform speed for all seed perturbations and minimize worst-case energy
1121,1,1,2,1,5,dual_arm_dominant,optimized,3,"0,1,2",mean_2b,2341.0,1.15,2692.15,2341.0,299.180547,2529.0,9844.0,498.404454,10245.0,1646.666667,90.787297,1733.0,10282.333333,487.639553,10682.0,0.35,0.6,1.6,1,0.939398,0.939398,9823.560976,9439.05654,477.902054,2692.15,2492.021807,0,0,,1,0.643723,0.643723,8492.541904,8174.793738,387.689509,2692.15,2558.03443,0,1,,1331.019072,13.5493,3B,recommend_3arm_lower_worst_case_energy,3B has lower worst-case energy under seed perturbations,"min z, s.t. E_j0*((1-rho)+rho*s^2)<=z, C_j0/s<=D for all seeds, s_min<=s<=s_max",choose one uniform speed for all seed perturbations and minimize worst-case energy
1121,1,1,2,1,5,dual_arm_dominant,optimized,3,"0,1,2",mean_2b,2341.0,1.2,2809.2,2341.0,299.180547,2529.0,9844.0,498.404454,10245.0,1646.666667,90.787297,1733.0,10282.333333,487.639553,10682.0,0.35,0.6,1.6,1,0.900256,0.900256,9565.36199,9190.963732,465.341047,2809.2,2600.370581,0,0,,1,0.616902,0.616902,8366.128068,8053.109671,381.918643,2809.2,2669.253318,0,1,,1199.233922,12.5373,3B,recommend_3arm_lower_worst_case_energy,3B has lower worst-case energy under seed perturbations,"min z, s.t. E_j0*((1-rho)+rho*s^2)<=z, C_j0/s<=D for all seeds, s_min<=s<=s_max",choose one uniform speed for all seed perturbations and minimize worst-case energy
1121,1,1,2,1,5,dual_arm_dominant,optimized,3,"0,1,2",mean_2b,2341.0,1.25,2926.25,2341.0,299.180547,2529.0,9844.0,498.404454,10245.0,1646.666667,90.787297,1733.0,10282.333333,487.639553,10682.0,0.35,0.6,1.6,1,0.864246,0.864246,9337.52281,8972.042415,454.257,2926.25,2708.719355,0,0,,1,0.592226,0.6,8289.232,7979.090667,378.408293,2888.333333,2744.444444,0,1,,1048.29081,11.2266,3B,recommend_3arm_lower_worst_case_energy,3B has lower worst-case energy under seed perturbations,"min z, s.t. E_j0*((1-rho)+rho*s^2)<=z, C_j0/s<=D for all seeds, s_min<=s<=s_max",choose one uniform speed for all seed perturbations and minimize worst-case energy
1121,1,1,2,1,5,dual_arm_dominant,optimized,3,"0,1,2",mean_2b,2341.0,1.3,3043.3,2341.0,299.180547,2529.0,9844.0,498.404454,10245.0,1646.666667,90.787297,1733.0,10282.333333,487.639553,10682.0,0.35,0.6,1.6,1,0.831006,0.831006,9135.463767,8777.892174,444.427119,3043.3,2817.06813,0,0,,1,0.569448,0.6,8289.232,7979.090667,378.408293,2888.333333,2744.444444,0,1,,846.231767,9.2632,3B,recommend_3arm_lower_worst_case_energy,3B has lower worst-case energy under seed perturbations,"min z, s.t. E_j0*((1-rho)+rho*s^2)<=z, C_j0/s<=D for all seeds, s_min<=s<=s_max",choose one uniform speed for all seed perturbations and minimize worst-case energy
1121,1,1,2,1,5,dual_arm_dominant,optimized,3,"0,1,2",mean_2b,2341.0,1.35,3160.35,2341.0,299.180547,2529.0,9844.0,498.404454,10245.0,1646.666667,90.787297,1733.0,10282.333333,487.639553,10682.0,0.35,0.6,1.6,1,0.800228,0.800228,8955.437251,8604.912084,435.669089,3160.35,2925.416904,0,0,,1,0.548357,0.6,8289.232,7979.090667,378.408293,2888.333333,2744.444444,0,1,,666.205251,7.4391,3B,recommend_3arm_lower_worst_case_energy,3B has lower worst-case energy under seed perturbations,"min z, s.t. E_j0*((1-rho)+rho*s^2)<=z, C_j0/s<=D for all seeds, s_min<=s<=s_max",choose one uniform speed for all seed perturbations and minimize worst-case energy
1121,1,1,2,1,5,dual_arm_dominant,optimized,3,"0,1,2",mean_2b,2341.0,1.4,3277.4,2341.0,299.180547,2529.0,9844.0,498.404454,10245.0,1646.666667,90.787297,1733.0,10282.333333,487.639553,10682.0,0.35,0.6,1.6,1,0.771648,0.771648,8794.352687,8450.132538,427.832557,3277.4,3033.765678,0,0,,1,0.528773,0.6,8289.232,7979.090667,378.408293,2888.333333,2744.444444,0,1,,505.120687,5.7437,3B,recommend_3arm_lower_worst_case_energy,3B has lower worst-case energy under seed perturbations,"min z, s.t. E_j0*((1-rho)+rho*s^2)<=z, C_j0/s<=D for all seeds, s_min<=s<=s_max",choose one uniform speed for all seed perturbations and minimize worst-case energy
1121,1,1,2,1,5,dual_arm_dominant,optimized,3,"0,1,2",mean_2b,2341.0,1.5,3511.5,2341.0,299.180547,2529.0,9844.0,498.404454,10245.0,1646.666667,90.787297,1733.0,10282.333333,487.639553,10682.0,0.35,0.6,1.6,1,0.720205,0.720205,8519.161674,8185.712788,414.444912,3511.5,3250.463227,0,0,,1,0.493521,0.6,8289.232,7979.090667,378.408293,2888.333333,2744.444444,0,1,,229.929674,2.699,3B,recommend_3arm_lower_worst_case_energy,3B has lower worst-case energy under seed perturbations,"min z, s.t. E_j0*((1-rho)+rho*s^2)<=z, C_j0/s<=D for all seeds, s_min<=s<=s_max",choose one uniform speed for all seed perturbations and minimize worst-case energy
1122,1,1,2,2,6,dual_arm_dominant,optimized,3,"0,1,2",mean_2b,2864.666667,0.7,2005.266667,2864.666667,190.326912,3019.0,13975.666667,447.254216,14286.0,2172.666667,14.502873,2187.0,14493.333333,457.967612,14815.0,0.35,0.6,1.6,1,1.505535,1.505535,20619.311219,20171.400007,645.53226,2005.266667,1902.756071,2,0,,1,1.090628,1.090628,15797.446531,15454.44876,488.337419,2005.266667,1992.124392,2,2,,4821.864688,23.3852,3B,recommend_3arm_lower_worst_case_energy,3B has lower worst-case energy under seed perturbations,"min z, s.t. E_j0*((1-rho)+rho*s^2)<=z, C_j0/s<=D for all seeds, s_min<=s<=s_max",choose one uniform speed for all seed perturbations and minimize worst-case energy
1122,1,1,2,2,6,dual_arm_dominant,optimized,3,"0,1,2",mean_2b,2864.666667,0.75,2148.5,2864.666667,190.326912,3019.0,13975.666667,447.254216,14286.0,2172.666667,14.502873,2187.0,14493.333333,457.967612,14815.0,0.35,0.6,1.6,1,1.405166,1.405166,19158.56044,18742.380969,599.800288,2148.5,2038.667219,2,0,,1,1.017919,1.017919,15002.498978,14676.76129,463.76366,2148.5,2134.418991,2,2,,4156.061462,21.693,3B,recommend_3arm_lower_worst_case_energy,3B has lower worst-case energy under seed perturbations,"min z, s.t. E_j0*((1-rho)+rho*s^2)<=z, C_j0/s<=D for all seeds, s_min<=s<=s_max",choose one uniform speed for all seed perturbations and minimize worst-case energy
1122,1,1,2,2,6,dual_arm_dominant,optimized,3,"0,1,2",mean_2b,2864.666667,0.8,2291.733333,2864.666667,190.326912,3019.0,13975.666667,447.254216,14286.0,2172.666667,14.502873,2187.0,14493.333333,457.967612,14815.0,0.35,0.6,1.6,1,1.317343,1.317343,17963.042965,17572.833599,562.372021,2291.733333,2174.578367,2,0,,1,0.9543,0.9543,14351.892656,14040.281082,443.65184,2291.733333,2276.71359,2,2,,3611.150308,20.1032,3B,recommend_3arm_lower_worst_case_energy,3B has lower worst-case energy under seed perturbations,"min z, s.t. E_j0*((1-rho)+rho*s^2)<=z, C_j0/s<=D for all seeds, s_min<=s<=s_max",choose one uniform speed for all seed perturbations and minimize worst-case energy
1122,1,1,2,2,6,dual_arm_dominant,optimized,3,"0,1,2",mean_2b,2864.666667,0.85,2434.966667,2864.666667,190.326912,3019.0,13975.666667,447.254216,14286.0,2172.666667,14.502873,2187.0,14493.333333,457.967612,14815.0,0.35,0.6,1.6,1,1.239853,1.239853,16972.227332,16603.541354,531.352388,2434.966667,2310.489515,2,0,,1,0.898164,0.898164,13812.686055,13512.781858,426.983655,2434.966667,2419.00819,2,2,,3159.541277,18.6159,3B,recommend_3arm_lower_worst_case_energy,3B has lower worst-case energy under seed perturbations,"min z, s.t. E_j0*((1-rho)+rho*s^2)<=z, C_j0/s<=D for all seeds, s_min<=s<=s_max",choose one uniform speed for all seed perturbations and minimize worst-case energy
1122,1,1,2,2,6,dual_arm_dominant,optimized,3,"0,1,2",mean_2b,2864.666667,0.9,2578.2,2864.666667,190.326912,3019.0,13975.666667,447.254216,14286.0,2172.666667,14.502873,2187.0,14493.333333,457.967612,14815.0,0.35,0.6,1.6,1,1.170972,1.170972,16141.914194,15791.265025,505.357635,2578.2,2446.400662,2,0,,1,0.848266,0.848266,13360.825679,13070.732378,413.015554,2578.2,2561.302789,2,2,,2781.088515,17.229,3B,recommend_3arm_lower_worst_case_energy,3B has lower worst-case energy under seed perturbations,"min z, s.t. E_j0*((1-rho)+rho*s^2)<=z, C_j0/s<=D for all seeds, s_min<=s<=s_max",choose one uniform speed for all seed perturbations and minimize worst-case energy
1122,1,1,2,2,6,dual_arm_dominant,optimized,3,"0,1,2",mean_2b,2864.666667,0.95,2721.433333,2864.666667,190.326912,3019.0,13975.666667,447.254216,14286.0,2172.666667,14.502873,2187.0,14493.333333,457.967612,14815.0,0.35,0.6,1.6,1,1.109342,1.109342,15439.220219,15103.835599,483.358276,2721.433333,2582.31181,2,0,,1,0.803621,0.803621,12978.41626,12696.62592,401.19435,2721.433333,2703.597389,2,2,,2460.803958,15.9387,3B,recommend_3arm_lower_worst_case_energy,3B has lower worst-case energy under seed perturbations,"min z, s.t. E_j0*((1-rho)+rho*s^2)<=z, C_j0/s<=D for all seeds, s_min<=s<=s_max",choose one uniform speed for all seed perturbations and minimize worst-case energy
1122,1,1,2,2,6,dual_arm_dominant,optimized,3,"0,1,2",mean_2b,2864.666667,1.0,2864.666667,2864.666667,190.326912,3019.0,13975.666667,447.254216,14286.0,2172.666667,14.502873,2187.0,14493.333333,457.967612,14815.0,0.35,0.6,1.6,1,1.053875,1.053875,14839.271497,14516.919503,464.57558,2864.666667,2718.222958,2,0,,1,0.76344,0.76344,12651.9213,12377.219893,391.101598,2864.666667,2845.891988,2,2,,2187.350197,14.7403,3B,recommend_3arm_lower_worst_case_energy,3B has lower worst-case energy under seed perturbations,"min z, s.t. E_j0*((1-rho)+rho*s^2)<=z, C_j0/s<=D for all seeds, s_min<=s<=s_max",choose one uniform speed for all seed perturbations and minimize worst-case energy
1122,1,1,2,2,6,dual_arm_dominant,optimized,3,"0,1,2",mean_2b,2864.666667,1.05,3007.9,2864.666667,190.326912,3019.0,13975.666667,447.254216,14286.0,2172.666667,14.502873,2187.0,14493.333333,457.967612,14815.0,0.35,0.6,1.6,1,1.00369,1.00369,14322.971653,14011.835188,448.411693,3007.9,2854.134106,2,0,,1,0.727085,0.727085,12370.948458,12102.347597,382.416046,3007.9,2988.186587,2,2,,1952.023195,13.6286,3B,recommend_3arm_lower_worst_case_energy,3B has lower worst-case energy under seed perturbations,"min z, s.t. E_j0*((1-rho)+rho*s^2)<=z, C_j0/s<=D for all seeds, s_min<=s<=s_max",choose one uniform speed for all seed perturbations and minimize worst-case energy
1122,1,1,2,2,6,dual_arm_dominant,optimized,3,"0,1,2",mean_2b,2864.666667,1.1,3151.133333,2864.666667,190.326912,3019.0,13975.666667,447.254216,14286.0,2172.666667,14.502873,2187.0,14493.333333,457.967612,14815.0,0.35,0.6,1.6,1,0.958068,0.958068,13875.463221,13574.047937,434.401471,3151.133333,2990.045254,2,0,,1,0.694036,0.694036,12127.412231,11864.099085,374.88775,3151.133333,3130.481187,2,2,,1748.05099,12.5981,3B,recommend_3arm_lower_worst_case_energy,3B has lower worst-case energy under seed perturbations,"min z, s.t. E_j0*((1-rho)+rho*s^2)<=z, C_j0/s<=D for all seeds, s_min<=s<=s_max",choose one uniform speed for all seed perturbations and minimize worst-case energy
1122,1,1,2,2,6,dual_arm_dominant,optimized,3,"0,1,2",mean_2b,2864.666667,1.15,3294.366667,2864.666667,190.326912,3019.0,13975.666667,447.254216,14286.0,2172.666667,14.502873,2187.0,14493.333333,457.967612,14815.0,0.35,0.6,1.6,1,0.916413,0.916413,13485.04669,13192.112384,422.178635,3294.366667,3125.956402,2,0,,1,0.663861,0.663861,11914.94569,11656.245665,368.319893,3294.366667,3272.775786,2,2,,1570.101,11.6433,3B,recommend_3arm_lower_worst_case_energy,3B has lower worst-case energy under seed perturbations,"min z, s.t. E_j0*((1-rho)+rho*s^2)<=z, C_j0/s<=D for all seeds, s_min<=s<=s_max",choose one uniform speed for all seed perturbations and minimize worst-case energy
1122,1,1,2,2,6,dual_arm_dominant,optimized,3,"0,1,2",mean_2b,2864.666667,1.2,3437.6,2864.666667,190.326912,3019.0,13975.666667,447.254216,14286.0,2172.666667,14.502873,2187.0,14493.333333,457.967612,14815.0,0.35,0.6,1.6,1,0.878229,0.878229,13142.407984,12856.916785,411.451587,3437.6,3261.86755,2,0,,1,0.6362,0.6362,11728.480069,11473.828629,362.555788,3437.6,3415.070386,2,2,,1413.927915,10.7585,3B,recommend_3arm_lower_worst_case_energy,3B has lower worst-case energy under seed perturbations,"min z, s.t. E_j0*((1-rho)+rho*s^2)<=z, C_j0/s<=D for all seeds, s_min<=s<=s_max",choose one uniform speed for all seed perturbations and minimize worst-case energy
1122,1,1,2,2,6,dual_arm_dominant,optimized,3,"0,1,2",mean_2b,2864.666667,1.25,3580.833333,2864.666667,190.326912,3019.0,13975.666667,447.254216,14286.0,2172.666667,14.502873,2187.0,14493.333333,457.967612,14815.0,0.35,0.6,1.6,1,0.8431,0.8431,12840.057758,12561.134482,401.985858,3580.833333,3397.778698,2,0,,1,0.610752,0.610752,11563.939632,11312.860731,357.469444,3580.833333,3557.364985,2,2,,1276.118126,9.9386,3B,recommend_3arm_lower_worst_case_energy,3B has lower worst-case energy under seed perturbations,"min z, s.t. E_j0*((1-rho)+rho*s^2)<=z, C_j0/s<=D for all seeds, s_min<=s<=s_max",choose one uniform speed for all seed perturbations and minimize worst-case energy
1122,1,1,2,2,6,dual_arm_dominant,optimized,3,"0,1,2",mean_2b,2864.666667,1.3,3724.066667,2864.666667,190.326912,3019.0,13975.666667,447.254216,14286.0,2172.666667,14.502873,2187.0,14493.333333,457.967612,14815.0,0.35,0.6,1.6,1,0.810673,0.810673,12571.918637,12298.82012,393.591181,3724.066667,3533.689846,2,0,,1,0.587261,0.6,11496.44,11246.826667,355.382867,3645.0,3621.111111,2,2,,1075.478637,8.5546,3B,recommend_3arm_lower_worst_case_energy,3B has lower worst-case energy under seed perturbations,"min z, s.t. E_j0*((1-rho)+rho*s^2)<=z, C_j0/s<=D for all seeds, s_min<=s<=s_max",choose one uniform speed for all seed perturbations and minimize worst-case energy
1122,1,1,2,2,6,dual_arm_dominant,optimized,3,"0,1,2",mean_2b,2864.666667,1.35,3867.3,2864.666667,190.326912,3019.0,13975.666667,447.254216,14286.0,2172.666667,14.502873,2187.0,14493.333333,457.967612,14815.0,0.35,0.6,1.6,1,0.780648,0.780648,12333.01742,12065.108529,386.11186,3867.3,3669.600994,2,0,,1,0.565511,0.6,11496.44,11246.826667,355.382867,3645.0,3621.111111,2,2,,836.57742,6.7832,3B,recommend_3arm_lower_worst_case_energy,3B has lower worst-case energy under seed perturbations,"min z, s.t. E_j0*((1-rho)+rho*s^2)<=z, C_j0/s<=D for all seeds, s_min<=s<=s_max",choose one uniform speed for all seed perturbations and minimize worst-case energy
1122,1,1,2,2,6,dual_arm_dominant,optimized,3,"0,1,2",mean_2b,2864.666667,1.4,4010.533333,2864.666667,190.326912,3019.0,13975.666667,447.254216,14286.0,2172.666667,14.502873,2187.0,14493.333333,457.967612,14815.0,0.35,0.6,1.6,1,0.752768,0.752768,12119.252805,11855.987502,379.419495,4010.533333,3805.512142,2,0,,1,0.545314,0.6,11496.44,11246.826667,355.382867,3645.0,3621.111111,2,2,,622.812805,5.139,3B,recommend_3arm_lower_worst_case_energy,3B has lower worst-case energy under seed perturbations,"min z, s.t. E_j0*((1-rho)+rho*s^2)<=z, C_j0/s<=D for all seeds, s_min<=s<=s_max",choose one uniform speed for all seed perturbations and minimize worst-case energy
1122,1,1,2,2,6,dual_arm_dominant,optimized,3,"0,1,2",mean_2b,2864.666667,1.5,4297.0,2864.666667,190.326912,3019.0,13975.666667,447.254216,14286.0,2172.666667,14.502873,2187.0,14493.333333,457.967612,14815.0,0.35,0.6,1.6,1,0.702583,0.702583,11754.06511,11498.732742,367.986502,4297.0,4077.334437,2,0,,1,0.50896,0.6,11496.44,11246.826667,355.382867,3645.0,3621.111111,2,2,,257.62511,2.1918,3B,recommend_3arm_lower_worst_case_energy,3B has lower worst-case energy under seed perturbations,"min z, s.t. E_j0*((1-rho)+rho*s^2)<=z, C_j0/s<=D for all seeds, s_min<=s<=s_max",choose one uniform speed for all seed perturbations and minimize worst-case energy
1211,1,2,1,1,5,single_arm_dominant,optimized,3,"0,1,2",mean_2b,2160.333333,0.7,1512.233333,2160.333333,377.975308,2405.0,8401.0,916.960741,9089.0,1387.0,157.572206,1500.0,8807.666667,916.628787,9491.0,0.35,0.6,1.6,1,1.590363,1.590363,13953.78826,12897.543753,1407.75399,1512.233333,1358.390053,0,0,,1,0.99191,0.99191,9437.47264,8757.993171,911.459182,1512.233333,1398.311756,0,0,,4516.31562,32.3662,3B,recommend_3arm_lower_worst_case_energy,3B has lower worst-case energy under seed perturbations,"min z, s.t. E_j0*((1-rho)+rho*s^2)<=z, C_j0/s<=D for all seeds, s_min<=s<=s_max",choose one uniform speed for all seed perturbations and minimize worst-case energy
1211,1,2,1,1,5,single_arm_dominant,optimized,3,"0,1,2",mean_2b,2160.333333,0.75,1620.25,2160.333333,377.975308,2405.0,8401.0,916.960741,9089.0,1387.0,157.572206,1500.0,8807.666667,916.628787,9491.0,0.35,0.6,1.6,1,1.484339,1.484339,12916.756217,11939.01078,1303.131076,1620.25,1455.417914,0,0,,1,0.925783,0.925783,9016.222166,8367.071903,870.775344,1620.25,1498.191167,0,0,,3900.534051,30.1975,3B,recommend_3arm_lower_worst_case_energy,3B has lower worst-case energy under seed perturbations,"min z, s.t. E_j0*((1-rho)+rho*s^2)<=z, C_j0/s<=D for all seeds, s_min<=s<=s_max",choose one uniform speed for all seed perturbations and minimize worst-case energy
1211,1,2,1,1,5,single_arm_dominant,optimized,3,"0,1,2",mean_2b,2160.333333,0.8,1728.266667,2160.333333,377.975308,2405.0,8401.0,916.960741,9089.0,1387.0,157.572206,1500.0,8807.666667,916.628787,9491.0,0.35,0.6,1.6,1,1.391568,1.391568,12068.02148,11154.521779,1217.504887,1728.266667,1552.445775,0,0,,1,0.867922,0.867922,8671.459521,8047.131491,837.478603,1728.266667,1598.070578,0,0,,3396.561959,28.1451,3B,recommend_3arm_lower_worst_case_energy,3B has lower worst-case energy under seed perturbations,"min z, s.t. E_j0*((1-rho)+rho*s^2)<=z, C_j0/s<=D for all seeds, s_min<=s<=s_max",choose one uniform speed for all seed perturbations and minimize worst-case energy
1211,1,2,1,1,5,single_arm_dominant,optimized,3,"0,1,2",mean_2b,2160.333333,0.85,1836.283333,2160.333333,377.975308,2405.0,8401.0,916.960741,9089.0,1387.0,157.572206,1500.0,8807.666667,916.628787,9491.0,0.35,0.6,1.6,1,1.309711,1.309711,11364.610896,10504.35649,1146.539996,1836.283333,1649.473636,0,0,,1,0.816867,0.816867,8385.728676,7781.972704,809.883079,1836.283333,1697.949989,0,0,,2978.88222,26.2119,3B,recommend_3arm_lower_worst_case_energy,3B has lower worst-case energy under seed perturbations,"min z, s.t. E_j0*((1-rho)+rho*s^2)<=z, C_j0/s<=D for all seeds, s_min<=s<=s_max",choose one uniform speed for all seed perturbations and minimize worst-case energy
1211,1,2,1,1,5,single_arm_dominant,optimized,3,"0,1,2",mean_2b,2160.333333,0.9,1944.3,2160.333333,377.975308,2405.0,8401.0,916.960741,9089.0,1387.0,157.572206,1500.0,8807.666667,916.628787,9491.0,0.35,0.6,1.6,1,1.236949,1.236949,10775.145984,9959.511653,1087.070728,1944.3,1746.501497,0,0,,1,0.771486,0.771486,8146.283449,7559.767063,786.757762,1944.3,1797.8294,0,0,,2628.862535,24.3975,3B,recommend_3arm_lower_worst_case_energy,3B has lower worst-case energy under seed perturbations,"min z, s.t. E_j0*((1-rho)+rho*s^2)<=z, C_j0/s<=D for all seeds, s_min<=s<=s_max",choose one uniform speed for all seed perturbations and minimize worst-case energy
1211,1,2,1,1,5,single_arm_dominant,optimized,3,"0,1,2",mean_2b,2160.333333,0.95,2052.316667,2160.333333,377.975308,2405.0,8401.0,916.960741,9089.0,1387.0,157.572206,1500.0,8807.666667,916.628787,9491.0,0.35,0.6,1.6,1,1.171846,1.171846,10276.281853,9498.409489,1036.741888,2052.316667,1843.529358,0,0,,1,0.730881,0.730881,7943.640962,7371.714437,767.186807,2052.316667,1897.708811,0,0,,2332.64089,22.6993,3B,recommend_3arm_lower_worst_case_energy,3B has lower worst-case energy under seed perturbations,"min z, s.t. E_j0*((1-rho)+rho*s^2)<=z, C_j0/s<=D for all seeds, s_min<=s<=s_max",choose one uniform speed for all seed perturbations and minimize worst-case energy
1211,1,2,1,1,5,single_arm_dominant,optimized,3,"0,1,2",mean_2b,2160.333333,1.0,2160.333333,2160.333333,377.975308,2405.0,8401.0,916.960741,9089.0,1387.0,157.572206,1500.0,8807.666667,916.628787,9491.0,0.35,0.6,1.6,1,1.113254,1.113254,9850.359747,9104.727939,993.771941,2160.333333,1940.557219,0,0,,1,0.694337,0.694337,7770.628094,7211.158154,750.477442,2160.333333,1997.588222,0,0,,2079.731654,21.1133,3B,recommend_3arm_lower_worst_case_energy,3B has lower worst-case energy under seed perturbations,"min z, s.t. E_j0*((1-rho)+rho*s^2)<=z, C_j0/s<=D for all seeds, s_min<=s<=s_max",choose one uniform speed for all seed perturbations and minimize worst-case energy
1211,1,2,1,1,5,single_arm_dominant,optimized,3,"0,1,2",mean_2b,2160.333333,1.05,2268.35,2160.333333,377.975308,2405.0,8401.0,916.960741,9089.0,1387.0,157.572206,1500.0,8807.666667,916.628787,9491.0,0.35,0.6,1.6,1,1.060242,1.060242,9483.82256,8765.936112,956.793152,2268.35,2037.58508,0,0,,1,0.661274,0.661274,7621.73784,7072.987706,736.09781,2268.35,2097.467633,0,0,,1862.08472,19.6343,3B,recommend_3arm_lower_worst_case_energy,3B has lower worst-case energy under seed perturbations,"min z, s.t. E_j0*((1-rho)+rho*s^2)<=z, C_j0/s<=D for all seeds, s_min<=s<=s_max",choose one uniform speed for all seed perturbations and minimize worst-case energy
1211,1,2,1,1,5,single_arm_dominant,optimized,3,"0,1,2",mean_2b,2160.333333,1.1,2376.366667,2160.333333,377.975308,2405.0,8401.0,916.960741,9089.0,1387.0,157.572206,1500.0,8807.666667,916.628787,9491.0,0.35,0.6,1.6,1,1.012049,1.012049,9166.122518,8472.28466,924.74139,2376.366667,2134.612941,0,0,,1,0.631216,0.631216,7492.685615,6953.226987,723.634109,2376.366667,2197.347044,0,0,,1673.436904,18.2568,3B,recommend_3arm_lower_worst_case_energy,3B has lower worst-case energy under seed perturbations,"min z, s.t. E_j0*((1-rho)+rho*s^2)<=z, C_j0/s<=D for all seeds, s_min<=s<=s_max",choose one uniform speed for all seed perturbations and minimize worst-case energy
1211,1,2,1,1,5,single_arm_dominant,optimized,3,"0,1,2",mean_2b,2160.333333,1.15,2484.383333,2160.333333,377.975308,2405.0,8401.0,916.960741,9089.0,1387.0,157.572206,1500.0,8807.666667,916.628787,9491.0,0.35,0.6,1.6,1,0.968047,0.968047,8888.953779,8216.096457,896.778704,2484.383333,2231.640802,0,0,,1,0.603772,0.603772,7380.097519,6848.745012,712.760493,2484.383333,2297.226456,0,0,,1508.85626,16.9745,3B,recommend_3arm_lower_worst_case_energy,3B has lower worst-case energy under seed perturbations,"min z, s.t. E_j0*((1-rho)+rho*s^2)<=z, C_j0/s<=D for all seeds, s_min<=s<=s_max",choose one uniform speed for all seed perturbations and minimize worst-case energy
1211,1,2,1,1,5,single_arm_dominant,optimized,3,"0,1,2",mean_2b,2160.333333,1.2,2592.4,2160.333333,377.975308,2405.0,8401.0,916.960741,9089.0,1387.0,157.572206,1500.0,8807.666667,916.628787,9491.0,0.35,0.6,1.6,1,0.927712,0.927712,8645.703991,7991.25968,872.237995,2592.4,2328.668663,0,0,,1,0.578614,0.6,7365.016,6834.749333,711.303939,2500.0,2311.666667,0,0,,1280.687991,14.813,3B,recommend_3arm_lower_worst_case_energy,3B has lower worst-case energy under seed perturbations,"min z, s.t. E_j0*((1-rho)+rho*s^2)<=z, C_j0/s<=D for all seeds, s_min<=s<=s_max",choose one uniform speed for all seed perturbations and minimize worst-case energy
1211,1,2,1,1,5,single_arm_dominant,optimized,3,"0,1,2",mean_2b,2160.333333,1.25,2700.416667,2160.333333,377.975308,2405.0,8401.0,916.960741,9089.0,1387.0,157.572206,1500.0,8807.666667,916.628787,9491.0,0.35,0.6,1.6,1,0.890603,0.890603,8431.056238,7792.859881,850.582855,2700.416667,2425.696523,0,0,,1,0.55547,0.6,7365.016,6834.749333,711.303939,2500.0,2311.666667,0,0,,1066.040238,12.6442,3B,recommend_3arm_lower_worst_case_energy,3B has lower worst-case energy under seed perturbations,"min z, s.t. E_j0*((1-rho)+rho*s^2)<=z, C_j0/s<=D for all seeds, s_min<=s<=s_max",choose one uniform speed for all seed perturbations and minimize worst-case energy
1211,1,2,1,1,5,single_arm_dominant,optimized,3,"0,1,2",mean_2b,2160.333333,1.3,2808.433333,2160.333333,377.975308,2405.0,8401.0,916.960741,9089.0,1387.0,157.572206,1500.0,8807.666667,916.628787,9491.0,0.35,0.6,1.6,1,0.856349,0.856349,8240.696004,7616.909135,831.378008,2808.433333,2522.724384,0,0,,1,0.534106,0.6,7365.016,6834.749333,711.303939,2500.0,2311.666667,0,0,,875.680004,10.6263,3B,recommend_3arm_lower_worst_case_energy,3B has lower worst-case energy under seed perturbations,"min z, s.t. E_j0*((1-rho)+rho*s^2)<=z, C_j0/s<=D for all seeds, s_min<=s<=s_max",choose one uniform speed for all seed perturbations and minimize worst-case energy
1211,1,2,1,1,5,single_arm_dominant,optimized,3,"0,1,2",mean_2b,2160.333333,1.35,2916.45,2160.333333,377.975308,2405.0,8401.0,916.960741,9089.0,1387.0,157.572206,1500.0,8807.666667,916.628787,9491.0,0.35,0.6,1.6,1,0.824633,0.824633,8071.09266,7460.144068,814.267258,2916.45,2619.752245,0,0,,1,0.514324,0.6,7365.016,6834.749333,711.303939,2500.0,2311.666667,0,0,,706.07666,8.7482,3B,recommend_3arm_lower_worst_case_energy,3B has lower worst-case energy under seed perturbations,"min z, s.t. E_j0*((1-rho)+rho*s^2)<=z, C_j0/s<=D for all seeds, s_min<=s<=s_max",choose one uniform speed for all seed perturbations and minimize worst-case energy
1211,1,2,1,1,5,single_arm_dominant,optimized,3,"0,1,2",mean_2b,2160.333333,1.4,3024.466667,2160.333333,377.975308,2405.0,8401.0,916.960741,9089.0,1387.0,157.572206,1500.0,8807.666667,916.628787,9491.0,0.35,0.6,1.6,1,0.795182,0.795182,7919.334565,7319.873438,798.956859,3024.466667,2716.780106,0,0,,1,0.495955,0.6,7365.016,6834.749333,711.303939,2500.0,2311.666667,0,0,,554.318565,6.9996,3B,recommend_3arm_lower_worst_case_energy,3B has lower worst-case energy under seed perturbations,"min z, s.t. E_j0*((1-rho)+rho*s^2)<=z, C_j0/s<=D for all seeds, s_min<=s<=s_max",choose one uniform speed for all seed perturbations and minimize worst-case energy
1211,1,2,1,1,5,single_arm_dominant,optimized,3,"0,1,2",mean_2b,2160.333333,1.5,3240.5,2160.333333,377.975308,2405.0,8401.0,916.960741,9089.0,1387.0,157.572206,1500.0,8807.666667,916.628787,9491.0,0.35,0.6,1.6,1,0.742169,0.742169,7660.076554,7080.240195,772.80113,3240.5,2910.835828,0,0,,1,0.462892,0.6,7365.016,6834.749333,711.303939,2500.0,2311.666667,0,0,,295.060554,3.8519,3B,recommend_3arm_lower_worst_case_energy,3B has lower worst-case energy under seed perturbations,"min z, s.t. E_j0*((1-rho)+rho*s^2)<=z, C_j0/s<=D for all seeds, s_min<=s<=s_max",choose one uniform speed for all seed perturbations and minimize worst-case energy
1212,1,2,1,2,6,mixed_balanced,optimized,3,"0,1,2",mean_2b,2689.333333,0.7,1882.533333,2689.333333,286.988385,2923.0,12514.666667,433.595818,13012.0,1667.333333,57.492028,1720.0,12997.0,431.354842,13488.0,0.35,0.6,1.6,1,1.552695,1.552695,19437.345935,18694.428624,647.70611,1882.533333,1732.042301,0,0,,1,0.913662,0.913662,12708.024965,12245.418185,406.410743,1882.533333,1824.889871,0,0,,6729.32097,34.6206,3B,recommend_3arm_lower_worst_case_energy,3B has lower worst-case energy under seed perturbations,"min z, s.t. E_j0*((1-rho)+rho*s^2)<=z, C_j0/s<=D for all seeds, s_min<=s<=s_max",choose one uniform speed for all seed perturbations and minimize worst-case energy
1212,1,2,1,2,6,mixed_balanced,optimized,3,"0,1,2",mean_2b,2689.333333,0.75,2017.0,2689.333333,286.988385,2923.0,12514.666667,433.595818,13012.0,1667.333333,57.492028,1720.0,12997.0,431.354842,13488.0,0.35,0.6,1.6,1,1.449182,1.449182,18022.204459,17333.375454,600.549684,2017.0,1855.759608,0,0,,1,0.852752,0.852752,12200.096414,11755.979619,390.166864,2017.0,1955.239147,0,0,,5822.108045,32.3052,3B,recommend_3arm_lower_worst_case_energy,3B has lower worst-case energy under seed perturbations,"min z, s.t. E_j0*((1-rho)+rho*s^2)<=z, C_j0/s<=D for all seeds, s_min<=s<=s_max",choose one uniform speed for all seed perturbations and minimize worst-case energy
1212,1,2,1,2,6,mixed_balanced,optimized,3,"0,1,2",mean_2b,2689.333333,0.8,2151.466667,2689.333333,286.988385,2923.0,12514.666667,433.595818,13012.0,1667.333333,57.492028,1720.0,12997.0,431.354842,13488.0,0.35,0.6,1.6,1,1.358608,1.358608,16864.014856,16219.453166,561.955604,2151.466667,1979.476915,0,0,,1,0.799455,0.799455,11784.394114,11355.410016,376.87244,2151.466667,2085.588424,0,0,,5079.620742,30.1211,3B,recommend_3arm_lower_worst_case_energy,3B has lower worst-case energy under seed perturbations,"min z, s.t. E_j0*((1-rho)+rho*s^2)<=z, C_j0/s<=D for all seeds, s_min<=s<=s_max",choose one uniform speed for all seed perturbations and minimize worst-case energy
1212,1,2,1,2,6,mixed_balanced,optimized,3,"0,1,2",mean_2b,2689.333333,0.85,2285.933333,2689.333333,286.988385,2923.0,12514.666667,433.595818,13012.0,1667.333333,57.492028,1720.0,12997.0,431.354842,13488.0,0.35,0.6,1.6,1,1.27869,1.27869,15904.135651,15296.261628,529.969775,2285.933333,2103.194222,0,0,,1,0.752428,0.752428,11439.870219,11023.427731,365.854346,2285.933333,2215.9377,0,0,,4464.265433,28.0698,3B,recommend_3arm_lower_worst_case_energy,3B has lower worst-case energy under seed perturbations,"min z, s.t. E_j0*((1-rho)+rho*s^2)<=z, C_j0/s<=D for all seeds, s_min<=s<=s_max",choose one uniform speed for all seed perturbations and minimize worst-case energy
1212,1,2,1,2,6,mixed_balanced,optimized,3,"0,1,2",mean_2b,2689.333333,0.9,2420.4,2689.333333,286.988385,2923.0,12514.666667,433.595818,13012.0,1667.333333,57.492028,1720.0,12997.0,431.354842,13488.0,0.35,0.6,1.6,1,1.207652,1.207652,15099.747541,14522.618139,503.165339,2420.4,2226.911529,0,0,,1,0.710626,0.710626,11151.155843,10745.223346,356.621076,2420.4,2346.286977,0,0,,3948.591698,26.1501,3B,recommend_3arm_lower_worst_case_energy,3B has lower worst-case energy under seed perturbations,"min z, s.t. E_j0*((1-rho)+rho*s^2)<=z, C_j0/s<=D for all seeds, s_min<=s<=s_max",choose one uniform speed for all seed perturbations and minimize worst-case energy
1212,1,2,1,2,6,mixed_balanced,optimized,3,"0,1,2",mean_2b,2689.333333,0.95,2554.866667,2689.333333,286.988385,2923.0,12514.666667,433.595818,13012.0,1667.333333,57.492028,1720.0,12997.0,431.354842,13488.0,0.35,0.6,1.6,1,1.144091,1.144091,14418.993915,13867.883685,480.480745,2554.866667,2350.628836,0,0,,1,0.673225,0.673225,10906.816879,10509.778987,348.80696,2554.866667,2476.636253,0,0,,3512.177036,24.358,3B,recommend_3arm_lower_worst_case_energy,3B has lower worst-case energy under seed perturbations,"min z, s.t. E_j0*((1-rho)+rho*s^2)<=z, C_j0/s<=D for all seeds, s_min<=s<=s_max",choose one uniform speed for all seed perturbations and minimize worst-case energy
1212,1,2,1,2,6,mixed_balanced,optimized,3,"0,1,2",mean_2b,2689.333333,1.0,2689.333333,2689.333333,286.988385,2923.0,12514.666667,433.595818,13012.0,1667.333333,57.492028,1720.0,12997.0,431.354842,13488.0,0.35,0.6,1.6,1,1.086886,1.086886,13837.777508,13308.882026,461.113008,2689.333333,2474.346144,0,0,,1,0.639564,0.639564,10698.204233,10308.76041,342.135394,2689.333333,2606.98553,0,0,,3139.573275,22.6884,3B,recommend_3arm_lower_worst_case_energy,3B has lower worst-case energy under seed perturbations,"min z, s.t. E_j0*((1-rho)+rho*s^2)<=z, C_j0/s<=D for all seeds, s_min<=s<=s_max",choose one uniform speed for all seed perturbations and minimize worst-case energy
1212,1,2,1,2,6,mixed_balanced,optimized,3,"0,1,2",mean_2b,2689.333333,1.05,2823.8,2689.333333,286.988385,2923.0,12514.666667,433.595818,13012.0,1667.333333,57.492028,1720.0,12997.0,431.354842,13488.0,0.35,0.6,1.6,1,1.03513,1.03513,13337.598193,12827.820129,444.44565,2823.8,2598.063451,0,0,,1,0.609108,0.609108,10518.677762,10135.769193,336.394023,2823.8,2737.334806,0,0,,2818.920431,21.1351,3B,recommend_3arm_lower_worst_case_energy,3B has lower worst-case energy under seed perturbations,"min z, s.t. E_j0*((1-rho)+rho*s^2)<=z, C_j0/s<=D for all seeds, s_min<=s<=s_max",choose one uniform speed for all seed perturbations and minimize worst-case energy
1212,1,2,1,2,6,mixed_balanced,optimized,3,"0,1,2",mean_2b,2689.333333,1.1,2958.266667,2689.333333,286.988385,2923.0,12514.666667,433.595818,13012.0,1667.333333,57.492028,1720.0,12997.0,431.354842,13488.0,0.35,0.6,1.6,1,0.988079,0.988079,12904.062403,12410.854567,429.999039,2958.266667,2721.780758,0,0,,1,0.581422,0.6,10466.688,10085.672,334.731358,2866.666667,2778.888889,0,0,,2437.374403,18.8884,3B,recommend_3arm_lower_worst_case_energy,3B has lower worst-case energy under seed perturbations,"min z, s.t. E_j0*((1-rho)+rho*s^2)<=z, C_j0/s<=D for all seeds, s_min<=s<=s_max",choose one uniform speed for all seed perturbations and minimize worst-case energy
1212,1,2,1,2,6,mixed_balanced,optimized,3,"0,1,2",mean_2b,2689.333333,1.15,3092.733333,2689.333333,286.988385,2923.0,12514.666667,433.595818,13012.0,1667.333333,57.492028,1720.0,12997.0,431.354842,13488.0,0.35,0.6,1.6,1,0.945119,0.945119,12525.835923,12047.08433,417.395487,3092.733333,2845.498065,0,0,,1,0.556142,0.6,10466.688,10085.672,334.731358,2866.666667,2778.888889,0,0,,2059.147923,16.4392,3B,recommend_3arm_lower_worst_case_energy,3B has lower worst-case energy under seed perturbations,"min z, s.t. E_j0*((1-rho)+rho*s^2)<=z, C_j0/s<=D for all seeds, s_min<=s<=s_max",choose one uniform speed for all seed perturbations and minimize worst-case energy
1212,1,2,1,2,6,mixed_balanced,optimized,3,"0,1,2",mean_2b,2689.333333,1.2,3227.2,2689.333333,286.988385,2923.0,12514.666667,433.595818,13012.0,1667.333333,57.492028,1720.0,12997.0,431.354842,13488.0,0.35,0.6,1.6,1,0.905739,0.905739,12193.895492,11727.831037,406.334314,3227.2,2969.215372,0,0,,1,0.53297,0.6,10466.688,10085.672,334.731358,2866.666667,2778.888889,0,0,,1727.207492,14.1645,3B,recommend_3arm_lower_worst_case_energy,3B has lower worst-case energy under seed perturbations,"min z, s.t. E_j0*((1-rho)+rho*s^2)<=z, C_j0/s<=D for all seeds, s_min<=s<=s_max",choose one uniform speed for all seed perturbations and minimize worst-case energy
1212,1,2,1,2,6,mixed_balanced,optimized,3,"0,1,2",mean_2b,2689.333333,1.25,3361.666667,2689.333333,286.988385,2923.0,12514.666667,433.595818,13012.0,1667.333333,57.492028,1720.0,12997.0,431.354842,13488.0,0.35,0.6,1.6,1,0.869509,0.869509,11900.985605,11446.116497,396.573746,3361.666667,3092.93268,0,0,,1,0.511651,0.6,10466.688,10085.672,334.731358,2866.666667,2778.888889,0,0,,1434.297605,12.0519,3B,recommend_3arm_lower_worst_case_energy,3B has lower worst-case energy under seed perturbations,"min z, s.t. E_j0*((1-rho)+rho*s^2)<=z, C_j0/s<=D for all seeds, s_min<=s<=s_max",choose one uniform speed for all seed perturbations and minimize worst-case energy
1212,1,2,1,2,6,mixed_balanced,optimized,3,"0,1,2",mean_2b,2689.333333,1.3,3496.133333,2689.333333,286.988385,2923.0,12514.666667,433.595818,13012.0,1667.333333,57.492028,1720.0,12997.0,431.354842,13488.0,0.35,0.6,1.6,1,0.836067,0.836067,11641.218644,11196.278122,387.917593,3496.133333,3216.649987,0,0,,1,0.491972,0.6,10466.688,10085.672,334.731358,2866.666667,2778.888889,0,0,,1174.530644,10.0894,3B,recommend_3arm_lower_worst_case_energy,3B has lower worst-case energy under seed perturbations,"min z, s.t. E_j0*((1-rho)+rho*s^2)<=z, C_j0/s<=D for all seeds, s_min<=s<=s_max",choose one uniform speed for all seed perturbations and minimize worst-case energy
1212,1,2,1,2,6,mixed_balanced,optimized,3,"0,1,2",mean_2b,2689.333333,1.35,3630.6,2689.333333,286.988385,2923.0,12514.666667,433.595818,13012.0,1667.333333,57.492028,1720.0,12997.0,431.354842,13488.0,0.35,0.6,1.6,1,0.805101,0.805101,11409.776685,10973.682136,380.205307,3630.6,3340.367294,0,0,,1,0.473751,0.6,10466.688,10085.672,334.731358,2866.666667,2778.888889,0,0,,943.088685,8.2656,3B,recommend_3arm_lower_worst_case_energy,3B has lower worst-case energy under seed perturbations,"min z, s.t. E_j0*((1-rho)+rho*s^2)<=z, C_j0/s<=D for all seeds, s_min<=s<=s_max",choose one uniform speed for all seed perturbations and minimize worst-case energy
1212,1,2,1,2,6,mixed_balanced,optimized,3,"0,1,2",mean_2b,2689.333333,1.4,3765.066667,2689.333333,286.988385,2923.0,12514.666667,433.595818,13012.0,1667.333333,57.492028,1720.0,12997.0,431.354842,13488.0,0.35,0.6,1.6,1,0.776347,0.776347,11202.686484,10774.507156,373.304489,3765.066667,3464.084601,0,0,,1,0.456831,0.6,10466.688,10085.672,334.731358,2866.666667,2778.888889,0,0,,735.998484,6.5698,3B,recommend_3arm_lower_worst_case_energy,3B has lower worst-case energy under seed perturbations,"min z, s.t. E_j0*((1-rho)+rho*s^2)<=z, C_j0/s<=D for all seeds, s_min<=s<=s_max",choose one uniform speed for all seed perturbations and minimize worst-case energy
1212,1,2,1,2,6,mixed_balanced,optimized,3,"0,1,2",mean_2b,2689.333333,1.5,4034.0,2689.333333,286.988385,2923.0,12514.666667,433.595818,13012.0,1667.333333,57.492028,1720.0,12997.0,431.354842,13488.0,0.35,0.6,1.6,1,0.724591,0.724591,10848.901115,10434.243863,361.515382,4034.0,3711.519215,0,0,,1,0.426376,0.6,10466.688,10085.672,334.731358,2866.666667,2778.888889,0,0,,382.213115,3.5231,3B,recommend_3arm_lower_worst_case_energy,3B has lower worst-case energy under seed perturbations,"min z, s.t. E_j0*((1-rho)+rho*s^2)<=z, C_j0/s<=D for all seeds, s_min<=s<=s_max",choose one uniform speed for all seed perturbations and minimize worst-case energy
1221,1,2,2,1,6,mixed_balanced,optimized,3,"0,1,2",mean_2b,2799.666667,0.7,1959.766667,2799.666667,338.3908,3078.0,11139.666667,441.46272,11647.0,1842.0,159.339261,1995.0,11610.333333,459.645878,12138.0,0.35,0.6,1.6,1,1.570595,1.570595,17626.210858,16858.428227,668.096076,1959.766667,1782.551466,0,0,,1,1.017978,1.017978,12292.127822,11757.760866,465.482443,1959.766667,1809.468772,0,0,,5334.083036,30.2622,3B,recommend_3arm_lower_worst_case_energy,3B has lower worst-case energy under seed perturbations,"min z, s.t. E_j0*((1-rho)+rho*s^2)<=z, C_j0/s<=D for all seeds, s_min<=s<=s_max",choose one uniform speed for all seed perturbations and minimize worst-case energy
1221,1,2,2,1,6,mixed_balanced,optimized,3,"0,1,2",mean_2b,2799.666667,0.75,2099.75,2799.666667,338.3908,3078.0,11139.666667,441.46272,11647.0,1842.0,159.339261,1995.0,11610.333333,459.645878,12138.0,0.35,0.6,1.6,1,1.465889,1.465889,16330.147903,15618.820663,618.97068,2099.75,1909.87657,0,0,,1,0.950113,0.950113,11724.703792,11215.004058,443.995038,2099.75,1938.716541,0,0,,4605.444111,28.2021,3B,recommend_3arm_lower_worst_case_energy,3B has lower worst-case energy under seed perturbations,"min z, s.t. E_j0*((1-rho)+rho*s^2)<=z, C_j0/s<=D for all seeds, s_min<=s<=s_max",choose one uniform speed for all seed perturbations and minimize worst-case energy
1221,1,2,2,1,6,mixed_balanced,optimized,3,"0,1,2",mean_2b,2799.666667,0.8,2239.733333,2799.666667,338.3908,3078.0,11139.666667,441.46272,11647.0,1842.0,159.339261,1995.0,11610.333333,459.645878,12138.0,0.35,0.6,1.6,1,1.374271,1.374271,15269.415344,14604.292705,578.765144,2239.733333,2037.201675,0,0,,1,0.890731,0.890731,11260.308801,10770.797382,426.409172,2239.733333,2067.964311,0,0,,4009.106543,26.2558,3B,recommend_3arm_lower_worst_case_energy,3B has lower worst-case energy under seed perturbations,"min z, s.t. E_j0*((1-rho)+rho*s^2)<=z, C_j0/s<=D for all seeds, s_min<=s<=s_max",choose one uniform speed for all seed perturbations and minimize worst-case energy
1221,1,2,2,1,6,mixed_balanced,optimized,3,"0,1,2",mean_2b,2799.666667,0.85,2379.716667,2799.666667,338.3908,3078.0,11139.666667,441.46272,11647.0,1842.0,159.339261,1995.0,11610.333333,459.645878,12138.0,0.35,0.6,1.6,1,1.293431,1.293431,14390.306153,13763.476756,545.443779,2379.716667,2164.52678,0,0,,1,0.838335,0.838335,10875.429596,10402.649757,411.834436,2379.716667,2197.21208,0,0,,3514.876557,24.4253,3B,recommend_3arm_lower_worst_case_energy,3B has lower worst-case energy under seed perturbations,"min z, s.t. E_j0*((1-rho)+rho*s^2)<=z, C_j0/s<=D for all seeds, s_min<=s<=s_max",choose one uniform speed for all seed perturbations and minimize worst-case energy
1221,1,2,2,1,6,mixed_balanced,optimized,3,"0,1,2",mean_2b,2799.666667,0.9,2519.7,2799.666667,338.3908,3078.0,11139.666667,441.46272,11647.0,1842.0,159.339261,1995.0,11610.333333,459.645878,12138.0,0.35,0.6,1.6,1,1.221574,1.221574,13653.604099,13058.864812,517.520152,2519.7,2291.851884,0,0,,1,0.791761,0.791761,10552.897078,10094.138466,399.620666,2519.7,2326.45985,0,0,,3100.707022,22.7098,3B,recommend_3arm_lower_worst_case_energy,3B has lower worst-case energy under seed perturbations,"min z, s.t. E_j0*((1-rho)+rho*s^2)<=z, C_j0/s<=D for all seeds, s_min<=s<=s_max",choose one uniform speed for all seed perturbations and minimize worst-case energy
1221,1,2,2,1,6,mixed_balanced,optimized,3,"0,1,2",mean_2b,2799.666667,0.95,2659.683333,2799.666667,338.3908,3078.0,11139.666667,441.46272,11647.0,1842.0,159.339261,1995.0,11610.333333,459.645878,12138.0,0.35,0.6,1.6,1,1.157281,1.157281,13030.133181,12462.551752,493.888387,2659.683333,2419.176989,0,0,,1,0.750089,0.750089,10279.93782,9833.045373,389.284153,2659.683333,2455.707619,0,0,,2750.19536,21.1064,3B,recommend_3arm_lower_worst_case_energy,3B has lower worst-case energy under seed perturbations,"min z, s.t. E_j0*((1-rho)+rho*s^2)<=z, C_j0/s<=D for all seeds, s_min<=s<=s_max",choose one uniform speed for all seed perturbations and minimize worst-case energy
1221,1,2,2,1,6,mixed_balanced,optimized,3,"0,1,2",mean_2b,2799.666667,1.0,2799.666667,2799.666667,338.3908,3078.0,11139.666667,441.46272,11647.0,1842.0,159.339261,1995.0,11610.333333,459.645878,12138.0,0.35,0.6,1.6,1,1.099417,1.099417,12497.82382,11953.429331,473.711969,2799.666667,2546.502094,0,0,,1,0.712585,0.712585,10046.889633,9610.128324,380.459005,2799.666667,2584.955388,0,0,,2450.934188,19.6109,3B,recommend_3arm_lower_worst_case_energy,3B has lower worst-case energy under seed perturbations,"min z, s.t. E_j0*((1-rho)+rho*s^2)<=z, C_j0/s<=D for all seeds, s_min<=s<=s_max",choose one uniform speed for all seed perturbations and minimize worst-case energy
1221,1,2,2,1,6,mixed_balanced,optimized,3,"0,1,2",mean_2b,2799.666667,1.05,2939.65,2799.666667,338.3908,3078.0,11139.666667,441.46272,11647.0,1842.0,159.339261,1995.0,11610.333333,459.645878,12138.0,0.35,0.6,1.6,1,1.047063,1.047063,12039.732604,11515.292175,456.348683,2939.65,2673.827198,0,0,,1,0.678652,0.678652,9846.334588,9418.291866,372.864319,2939.65,2714.203158,0,0,,2193.398016,18.218,3B,recommend_3arm_lower_worst_case_energy,3B has lower worst-case energy under seed perturbations,"min z, s.t. E_j0*((1-rho)+rho*s^2)<=z, C_j0/s<=D for all seeds, s_min<=s<=s_max",choose one uniform speed for all seed perturbations and minimize worst-case energy
1221,1,2,2,1,6,mixed_balanced,optimized,3,"0,1,2",mean_2b,2799.666667,1.1,3079.633333,2799.666667,338.3908,3078.0,11139.666667,441.46272,11647.0,1842.0,159.339261,1995.0,11610.333333,459.645878,12138.0,0.35,0.6,1.6,1,0.99947,0.99947,11642.677124,11135.532092,441.298868,3079.633333,2801.152303,0,0,,1,0.647804,0.647804,9672.501349,9252.015557,366.281544,3079.633333,2843.450927,0,0,,1970.175775,16.922,3B,recommend_3arm_lower_worst_case_energy,3B has lower worst-case energy under seed perturbations,"min z, s.t. E_j0*((1-rho)+rho*s^2)<=z, C_j0/s<=D for all seeds, s_min<=s<=s_max",choose one uniform speed for all seed perturbations and minimize worst-case energy
1221,1,2,2,1,6,mixed_balanced,optimized,3,"0,1,2",mean_2b,2799.666667,1.15,3219.616667,2799.666667,338.3908,3078.0,11139.666667,441.46272,11647.0,1842.0,159.339261,1995.0,11610.333333,459.645878,12138.0,0.35,0.6,1.6,1,0.956014,0.956014,11296.276896,10804.220761,428.169067,3219.616667,2928.477408,0,0,,1,0.619639,0.619639,9520.84528,9106.952325,360.53858,3219.616667,2972.698697,0,0,,1775.431616,15.717,3B,recommend_3arm_lower_worst_case_energy,3B has lower worst-case energy under seed perturbations,"min z, s.t. E_j0*((1-rho)+rho*s^2)<=z, C_j0/s<=D for all seeds, s_min<=s<=s_max",choose one uniform speed for all seed perturbations and minimize worst-case energy
1221,1,2,2,1,6,mixed_balanced,optimized,3,"0,1,2",mean_2b,2799.666667,1.2,3359.6,2799.666667,338.3908,3078.0,11139.666667,441.46272,11647.0,1842.0,159.339261,1995.0,11610.333333,459.645878,12138.0,0.35,0.6,1.6,1,0.91618,0.91618,10992.267931,10513.454165,416.646046,3359.6,3055.802512,0,0,,1,0.593821,0.6,9419.088,9009.618667,356.685201,3325.0,3070.0,0,0,,1573.179931,14.3117,3B,recommend_3arm_lower_worst_case_energy,3B has lower worst-case energy under seed perturbations,"min z, s.t. E_j0*((1-rho)+rho*s^2)<=z, C_j0/s<=D for all seeds, s_min<=s<=s_max",choose one uniform speed for all seed perturbations and minimize worst-case energy
1221,1,2,2,1,6,mixed_balanced,optimized,3,"0,1,2",mean_2b,2799.666667,1.25,3499.583333,2799.666667,338.3908,3078.0,11139.666667,441.46272,11647.0,1842.0,159.339261,1995.0,11610.333333,459.645878,12138.0,0.35,0.6,1.6,1,0.879533,0.879533,10724.005245,10256.876772,406.477937,3499.583333,3183.127617,0,0,,1,0.570068,0.6,9419.088,9009.618667,356.685201,3325.0,3070.0,0,0,,1304.917245,12.1682,3B,recommend_3arm_lower_worst_case_energy,3B has lower worst-case energy under seed perturbations,"min z, s.t. E_j0*((1-rho)+rho*s^2)<=z, C_j0/s<=D for all seeds, s_min<=s<=s_max",choose one uniform speed for all seed perturbations and minimize worst-case energy
1221,1,2,2,1,6,mixed_balanced,optimized,3,"0,1,2",mean_2b,2799.666667,1.3,3639.566667,2799.666667,338.3908,3078.0,11139.666667,441.46272,11647.0,1842.0,159.339261,1995.0,11610.333333,459.645878,12138.0,0.35,0.6,1.6,1,0.845705,0.845705,10486.096639,10029.331261,397.460354,3639.566667,3310.452722,0,0,,1,0.548142,0.6,9419.088,9009.618667,356.685201,3325.0,3070.0,0,0,,1067.008639,10.1755,3B,recommend_3arm_lower_worst_case_energy,3B has lower worst-case energy under seed perturbations,"min z, s.t. E_j0*((1-rho)+rho*s^2)<=z, C_j0/s<=D for all seeds, s_min<=s<=s_max",choose one uniform speed for all seed perturbations and minimize worst-case energy
1221,1,2,2,1,6,mixed_balanced,optimized,3,"0,1,2",mean_2b,2799.666667,1.35,3779.55,2799.666667,338.3908,3078.0,11139.666667,441.46272,11647.0,1842.0,159.339261,1995.0,11610.333333,459.645878,12138.0,0.35,0.6,1.6,1,0.814383,0.814383,10274.1296,9826.597324,389.42605,3779.55,3437.777827,0,0,,1,0.527841,0.6,9419.088,9009.618667,356.685201,3325.0,3070.0,0,0,,855.0416,8.3223,3B,recommend_3arm_lower_worst_case_energy,3B has lower worst-case energy under seed perturbations,"min z, s.t. E_j0*((1-rho)+rho*s^2)<=z, C_j0/s<=D for all seeds, s_min<=s<=s_max",choose one uniform speed for all seed perturbations and minimize worst-case energy
1221,1,2,2,1,6,mixed_balanced,optimized,3,"0,1,2",mean_2b,2799.666667,1.4,3919.533333,2799.666667,338.3908,3078.0,11139.666667,441.46272,11647.0,1842.0,159.339261,1995.0,11610.333333,459.645878,12138.0,0.35,0.6,1.6,1,0.785298,0.785298,10084.465215,9645.194557,382.237095,3919.533333,3565.102931,0,0,,1,0.508989,0.6,9419.088,9009.618667,356.685201,3325.0,3070.0,0,0,,665.377215,6.598,3B,recommend_3arm_lower_worst_case_energy,3B has lower worst-case energy under seed perturbations,"min z, s.t. E_j0*((1-rho)+rho*s^2)<=z, C_j0/s<=D for all seeds, s_min<=s<=s_max",choose one uniform speed for all seed perturbations and minimize worst-case energy
1221,1,2,2,1,6,mixed_balanced,optimized,3,"0,1,2",mean_2b,2799.666667,1.5,4199.5,2799.666667,338.3908,3078.0,11139.666667,441.46272,11647.0,1842.0,159.339261,1995.0,11610.333333,459.645878,12138.0,0.35,0.6,1.6,1,0.732944,0.732944,9760.449476,9335.292666,369.955746,4199.5,3819.753141,0,0,,1,0.475057,0.6,9419.088,9009.618667,356.685201,3325.0,3070.0,0,0,,341.361476,3.4974,3B,recommend_3arm_lower_worst_case_energy,3B has lower worst-case energy under seed perturbations,"min z, s.t. E_j0*((1-rho)+rho*s^2)<=z, C_j0/s<=D for all seeds, s_min<=s<=s_max",choose one uniform speed for all seed perturbations and minimize worst-case energy
1222,1,2,2,2,7,dual_arm_dominant,optimized,3,"0,1,2",mean_2b,3300.666667,0.7,2310.466667,3300.666667,338.053743,3627.0,15014.333333,709.500059,15724.0,2285.0,122.405065,2426.0,15531.333333,710.27131,16230.0,0.35,0.6,1.6,1,1.569813,1.569813,23782.694809,22709.31744,1073.125373,2310.466667,2102.586245,0,0,,1,1.050004,1.050004,16812.302881,16088.569325,735.754552,2310.466667,2176.181506,0,0,,6970.391928,29.3087,3B,recommend_3arm_lower_worst_case_energy,3B has lower worst-case energy under seed perturbations,"min z, s.t. E_j0*((1-rho)+rho*s^2)<=z, C_j0/s<=D for all seeds, s_min<=s<=s_max",choose one uniform speed for all seed perturbations and minimize worst-case energy
1222,1,2,2,2,7,dual_arm_dominant,optimized,3,"0,1,2",mean_2b,3300.666667,0.75,2475.5,3300.666667,338.053743,3627.0,15014.333333,709.500059,15724.0,2285.0,122.405065,2426.0,15531.333333,710.27131,16230.0,0.35,0.6,1.6,1,1.465159,1.465159,22034.691478,21040.206229,994.251774,2475.5,2252.770977,0,0,,1,0.980004,0.980004,16005.097176,15316.112093,700.428918,2475.5,2331.623042,0,0,,6029.594302,27.3641,3B,recommend_3arm_lower_worst_case_energy,3B has lower worst-case energy under seed perturbations,"min z, s.t. E_j0*((1-rho)+rho*s^2)<=z, C_j0/s<=D for all seeds, s_min<=s<=s_max",choose one uniform speed for all seed perturbations and minimize worst-case energy
1222,1,2,2,2,7,dual_arm_dominant,optimized,3,"0,1,2",mean_2b,3300.666667,0.8,2640.533333,3300.666667,338.053743,3627.0,15014.333333,709.500059,15724.0,2285.0,122.405065,2426.0,15531.333333,710.27131,16230.0,0.35,0.6,1.6,1,1.373586,1.373586,20604.078838,19674.161009,929.699513,2640.533333,2402.955709,0,0,,1,0.918754,0.918754,15344.458455,14683.912452,671.517474,2640.533333,2487.064578,0,0,,5259.620382,25.5271,3B,recommend_3arm_lower_worst_case_energy,3B has lower worst-case energy under seed perturbations,"min z, s.t. E_j0*((1-rho)+rho*s^2)<=z, C_j0/s<=D for all seeds, s_min<=s<=s_max",choose one uniform speed for all seed perturbations and minimize worst-case energy
1222,1,2,2,2,7,dual_arm_dominant,optimized,3,"0,1,2",mean_2b,3300.666667,0.85,2805.566667,3300.666667,338.053743,3627.0,15014.333333,709.500059,15724.0,2285.0,122.405065,2426.0,15531.333333,710.27131,16230.0,0.35,0.6,1.6,1,1.292787,1.292787,19418.422085,18542.016153,876.200179,2805.566667,2553.140441,0,0,,1,0.864709,0.864709,14796.937248,14159.960857,647.556377,2805.566667,2642.506114,0,0,,4621.484837,23.7995,3B,recommend_3arm_lower_worst_case_energy,3B has lower worst-case energy under seed perturbations,"min z, s.t. E_j0*((1-rho)+rho*s^2)<=z, C_j0/s<=D for all seeds, s_min<=s<=s_max",choose one uniform speed for all seed perturbations and minimize worst-case energy
1222,1,2,2,2,7,dual_arm_dominant,optimized,3,"0,1,2",mean_2b,3300.666667,0.9,2970.6,3300.666667,338.053743,3627.0,15014.333333,709.500059,15724.0,2285.0,122.405065,2426.0,15531.333333,710.27131,16230.0,0.35,0.6,1.6,1,1.220965,1.220965,18424.830193,17593.267752,831.367216,2970.6,2703.325172,0,0,,1,0.81667,0.81667,14338.10915,13720.884324,627.476745,2970.6,2797.94765,0,0,,4086.721043,22.1805,3B,recommend_3arm_lower_worst_case_energy,3B has lower worst-case energy under seed perturbations,"min z, s.t. E_j0*((1-rho)+rho*s^2)<=z, C_j0/s<=D for all seeds, s_min<=s<=s_max",choose one uniform speed for all seed perturbations and minimize worst-case energy
1222,1,2,2,2,7,dual_arm_dominant,optimized,3,"0,1,2",mean_2b,3300.666667,0.95,3135.633333,3300.666667,338.053743,3627.0,15014.333333,709.500059,15724.0,2285.0,122.405065,2426.0,15531.333333,710.27131,16230.0,0.35,0.6,1.6,1,1.156704,1.156704,17583.953414,16790.342017,793.425081,3135.633333,2853.509904,0,0,,1,0.773687,0.773687,13949.802949,13349.293872,610.483352,3135.633333,2953.389187,0,0,,3634.150465,20.6674,3B,recommend_3arm_lower_worst_case_energy,3B has lower worst-case energy under seed perturbations,"min z, s.t. E_j0*((1-rho)+rho*s^2)<=z, C_j0/s<=D for all seeds, s_min<=s<=s_max",choose one uniform speed for all seed perturbations and minimize worst-case energy
1222,1,2,2,2,7,dual_arm_dominant,optimized,3,"0,1,2",mean_2b,3300.666667,1.0,3300.666667,3300.666667,338.053743,3627.0,15014.333333,709.500059,15724.0,2285.0,122.405065,2426.0,15531.333333,710.27131,16230.0,0.35,0.6,1.6,1,1.098869,1.098869,16866.026456,16104.817045,761.030702,3300.666667,3003.694636,0,0,,1,0.735003,0.735003,13618.273411,13032.035969,595.97467,3300.666667,3108.830723,0,0,,3247.753045,19.2562,3B,recommend_3arm_lower_worst_case_energy,3B has lower worst-case energy under seed perturbations,"min z, s.t. E_j0*((1-rho)+rho*s^2)<=z, C_j0/s<=D for all seeds, s_min<=s<=s_max",choose one uniform speed for all seed perturbations and minimize worst-case energy
1222,1,2,2,2,7,dual_arm_dominant,optimized,3,"0,1,2",mean_2b,3300.666667,1.05,3465.7,3300.666667,338.053743,3627.0,15014.333333,709.500059,15724.0,2285.0,122.405065,2426.0,15531.333333,710.27131,16230.0,0.35,0.6,1.6,1,1.046542,1.046542,16248.197693,15514.872566,733.152965,3465.7,3153.879368,0,0,,1,0.700003,0.700003,13332.967947,12759.012292,583.488885,3465.7,3264.272259,0,0,,2915.229746,17.9419,3B,recommend_3arm_lower_worst_case_energy,3B has lower worst-case energy under seed perturbations,"min z, s.t. E_j0*((1-rho)+rho*s^2)<=z, C_j0/s<=D for all seeds, s_min<=s<=s_max",choose one uniform speed for all seed perturbations and minimize worst-case energy
1222,1,2,2,2,7,dual_arm_dominant,optimized,3,"0,1,2",mean_2b,3300.666667,1.1,3630.733333,3300.666667,338.053743,3627.0,15014.333333,709.500059,15724.0,2285.0,122.405065,2426.0,15531.333333,710.27131,16230.0,0.35,0.6,1.6,1,0.998972,0.998972,15712.68798,15003.531856,708.989637,3630.733333,3304.0641,0,0,,1,0.668185,0.668185,13085.676373,12522.36609,572.666697,3630.733333,3419.713795,0,0,,2627.011607,16.719,3B,recommend_3arm_lower_worst_case_energy,3B has lower worst-case energy under seed perturbations,"min z, s.t. E_j0*((1-rho)+rho*s^2)<=z, C_j0/s<=D for all seeds, s_min<=s<=s_max",choose one uniform speed for all seed perturbations and minimize worst-case energy
1222,1,2,2,2,7,dual_arm_dominant,optimized,3,"0,1,2",mean_2b,3300.666667,1.15,3795.766667,3300.666667,338.053743,3627.0,15014.333333,709.500059,15724.0,2285.0,122.405065,2426.0,15531.333333,710.27131,16230.0,0.35,0.6,1.6,1,0.955538,0.955538,15245.497131,14557.426594,687.909,3795.766667,3454.248831,0,0,,1,0.639133,0.639133,12869.933581,12315.910563,563.225174,3795.766667,3575.155331,0,0,,2375.56355,15.5821,3B,recommend_3arm_lower_worst_case_energy,3B has lower worst-case energy under seed perturbations,"min z, s.t. E_j0*((1-rho)+rho*s^2)<=z, C_j0/s<=D for all seeds, s_min<=s<=s_max",choose one uniform speed for all seed perturbations and minimize worst-case energy
1222,1,2,2,2,7,dual_arm_dominant,optimized,3,"0,1,2",mean_2b,3300.666667,1.2,3960.8,3300.666667,338.053743,3627.0,15014.333333,709.500059,15724.0,2285.0,122.405065,2426.0,15531.333333,710.27131,16230.0,0.35,0.6,1.6,1,0.915724,0.915724,14835.479484,14165.914152,669.408138,3960.8,3604.433563,0,0,,1,0.612503,0.612503,12680.592647,12134.720349,554.939072,3960.8,3730.596867,0,0,,2154.886837,14.5252,3B,recommend_3arm_lower_worst_case_energy,3B has lower worst-case energy under seed perturbations,"min z, s.t. E_j0*((1-rho)+rho*s^2)<=z, C_j0/s<=D for all seeds, s_min<=s<=s_max",choose one uniform speed for all seed perturbations and minimize worst-case energy
1222,1,2,2,2,7,dual_arm_dominant,optimized,3,"0,1,2",mean_2b,3300.666667,1.25,4125.833333,3300.666667,338.053743,3627.0,15014.333333,709.500059,15724.0,2285.0,122.405065,2426.0,15531.333333,710.27131,16230.0,0.35,0.6,1.6,1,0.879095,0.879095,14473.672932,13820.436909,653.082663,4125.833333,3754.618295,0,0,,1,0.588002,0.6,12594.48,12052.314667,551.170536,4043.333333,3808.333333,0,0,,1879.192932,12.9835,3B,recommend_3arm_lower_worst_case_energy,3B has lower worst-case energy under seed perturbations,"min z, s.t. E_j0*((1-rho)+rho*s^2)<=z, C_j0/s<=D for all seeds, s_min<=s<=s_max",choose one uniform speed for all seed perturbations and minimize worst-case energy
1222,1,2,2,2,7,dual_arm_dominant,optimized,3,"0,1,2",mean_2b,3300.666667,1.3,4290.866667,3300.666667,338.053743,3627.0,15014.333333,709.500059,15724.0,2285.0,122.405065,2426.0,15531.333333,710.27131,16230.0,0.35,0.6,1.6,1,0.845284,0.845284,14152.805004,13514.050619,638.604425,4290.866667,3904.803027,0,0,,1,0.565387,0.6,12594.48,12052.314667,551.170536,4043.333333,3808.333333,0,0,,1558.325004,11.0107,3B,recommend_3arm_lower_worst_case_energy,3B has lower worst-case energy under seed perturbations,"min z, s.t. E_j0*((1-rho)+rho*s^2)<=z, C_j0/s<=D for all seeds, s_min<=s<=s_max",choose one uniform speed for all seed perturbations and minimize worst-case energy
1222,1,2,2,2,7,dual_arm_dominant,optimized,3,"0,1,2",mean_2b,3300.666667,1.35,4455.9,3300.666667,338.053743,3627.0,15014.333333,709.500059,15724.0,2285.0,122.405065,2426.0,15531.333333,710.27131,16230.0,0.35,0.6,1.6,1,0.813977,0.813977,13866.92453,13241.072704,625.704895,4455.9,4054.987758,0,0,,1,0.544447,0.6,12594.48,12052.314667,551.170536,4043.333333,3808.333333,0,0,,1272.44453,9.1761,3B,recommend_3arm_lower_worst_case_energy,3B has lower worst-case energy under seed perturbations,"min z, s.t. E_j0*((1-rho)+rho*s^2)<=z, C_j0/s<=D for all seeds, s_min<=s<=s_max",choose one uniform speed for all seed perturbations and minimize worst-case energy
1222,1,2,2,2,7,dual_arm_dominant,optimized,3,"0,1,2",mean_2b,3300.666667,1.4,4620.933333,3300.666667,338.053743,3627.0,15014.333333,709.500059,15724.0,2285.0,122.405065,2426.0,15531.333333,710.27131,16230.0,0.35,0.6,1.6,1,0.784906,0.784906,13611.123702,12996.81686,614.162622,4620.933333,4205.17249,0,0,,1,0.525002,0.6,12594.48,12052.314667,551.170536,4043.333333,3808.333333,0,0,,1016.643702,7.4692,3B,recommend_3arm_lower_worst_case_energy,3B has lower worst-case energy under seed perturbations,"min z, s.t. E_j0*((1-rho)+rho*s^2)<=z, C_j0/s<=D for all seeds, s_min<=s<=s_max",choose one uniform speed for all seed perturbations and minimize worst-case energy
1222,1,2,2,2,7,dual_arm_dominant,optimized,3,"0,1,2",mean_2b,3300.666667,1.5,4951.0,3300.666667,338.053743,3627.0,15014.333333,709.500059,15724.0,2285.0,122.405065,2426.0,15531.333333,710.27131,16230.0,0.35,0.6,1.6,1,0.732579,0.732579,13174.122869,12579.539057,594.444222,4951.0,4505.541954,0,0,,1,0.490002,0.6,12594.48,12052.314667,551.170536,4043.333333,3808.333333,0,0,,579.642869,4.3999,3B,recommend_3arm_lower_worst_case_energy,3B has lower worst-case energy under seed perturbations,"min z, s.t. E_j0*((1-rho)+rho*s^2)<=z, C_j0/s<=D for all seeds, s_min<=s<=s_max",choose one uniform speed for all seed perturbations and minimize worst-case energy
2111,2,1,1,1,5,single_arm_dominant,optimized,3,"0,1,2",mean_2b,1955.333333,0.7,1368.733333,1955.333333,200.85401,2094.0,7985.666667,847.969536,8661.0,1303.333333,79.588525,1385.0,8454.0,829.310557,9104.0,0.35,0.6,1.6,1,1.529882,1.529882,12724.63938,11732.447586,1245.826873,1368.733333,1278.094513,0,0,,1,1.011884,1.011884,9180.187383,8524.747818,836.250693,1368.733333,1288.025832,0,0,,3544.451998,27.855,3B,recommend_3arm_lower_worst_case_energy,3B has lower worst-case energy under seed perturbations,"min z, s.t. E_j0*((1-rho)+rho*s^2)<=z, C_j0/s<=D for all seeds, s_min<=s<=s_max",choose one uniform speed for all seed perturbations and minimize worst-case energy
2111,2,1,1,1,5,single_arm_dominant,optimized,3,"0,1,2",mean_2b,1955.333333,0.75,1466.5,1955.333333,200.85401,2094.0,7985.666667,847.969536,8661.0,1303.333333,79.588525,1385.0,8454.0,829.310557,9104.0,0.35,0.6,1.6,1,1.42789,1.42789,11810.174083,10889.28686,1156.294635,1466.5,1369.386979,0,0,,1,0.944426,0.944426,8759.67612,8134.259877,797.945066,1466.5,1380.027677,0,0,,3050.497962,25.8294,3B,recommend_3arm_lower_worst_case_energy,3B has lower worst-case energy under seed perturbations,"min z, s.t. E_j0*((1-rho)+rho*s^2)<=z, C_j0/s<=D for all seeds, s_min<=s<=s_max",choose one uniform speed for all seed perturbations and minimize worst-case energy
2111,2,1,1,1,5,single_arm_dominant,optimized,3,"0,1,2",mean_2b,1955.333333,0.8,1564.266667,1955.333333,200.85401,2094.0,7985.666667,847.969536,8661.0,1303.333333,79.588525,1385.0,8454.0,829.310557,9104.0,0.35,0.6,1.6,1,1.338646,1.338646,11061.751244,10199.22159,1083.019059,1564.266667,1460.679444,0,0,,1,0.885399,0.885399,8415.518465,7814.674111,766.594717,1564.266667,1472.029523,0,0,,2646.23278,23.9224,3B,recommend_3arm_lower_worst_case_energy,3B has lower worst-case energy under seed perturbations,"min z, s.t. E_j0*((1-rho)+rho*s^2)<=z, C_j0/s<=D for all seeds, s_min<=s<=s_max",choose one uniform speed for all seed perturbations and minimize worst-case energy
2111,2,1,1,1,5,single_arm_dominant,optimized,3,"0,1,2",mean_2b,1955.333333,0.85,1662.033333,1955.333333,200.85401,2094.0,7985.666667,847.969536,8661.0,1303.333333,79.588525,1385.0,8454.0,829.310557,9104.0,0.35,0.6,1.6,1,1.259903,1.259903,10441.476708,9627.312377,1022.290054,1662.033333,1551.971909,0,0,,1,0.833317,0.833317,8130.289021,7549.809247,740.612315,1662.033333,1564.031368,0,0,,2311.187687,22.1347,3B,recommend_3arm_lower_worst_case_energy,3B has lower worst-case energy under seed perturbations,"min z, s.t. E_j0*((1-rho)+rho*s^2)<=z, C_j0/s<=D for all seeds, s_min<=s<=s_max",choose one uniform speed for all seed perturbations and minimize worst-case energy
2111,2,1,1,1,5,single_arm_dominant,optimized,3,"0,1,2",mean_2b,1955.333333,0.9,1759.8,1955.333333,200.85401,2094.0,7985.666667,847.969536,8661.0,1303.333333,79.588525,1385.0,8454.0,829.310557,9104.0,0.35,0.6,1.6,1,1.189908,1.189908,9921.680613,9148.046894,971.398557,1759.8,1643.264374,0,0,,1,0.787021,0.787021,7891.263972,7327.849914,718.838809,1759.8,1656.033213,0,0,,2030.416641,20.4644,3B,recommend_3arm_lower_worst_case_energy,3B has lower worst-case energy under seed perturbations,"min z, s.t. E_j0*((1-rho)+rho*s^2)<=z, C_j0/s<=D for all seeds, s_min<=s<=s_max",choose one uniform speed for all seed perturbations and minimize worst-case energy
2111,2,1,1,1,5,single_arm_dominant,optimized,3,"0,1,2",mean_2b,1955.333333,0.95,1857.566667,1955.333333,200.85401,2094.0,7985.666667,847.969536,8661.0,1303.333333,79.588525,1385.0,8454.0,829.310557,9104.0,0.35,0.6,1.6,1,1.127281,1.127281,9481.777198,8742.444534,928.329085,1857.566667,1734.55684,0,0,,1,0.745599,0.745599,7688.977083,7140.00574,700.411892,1857.566667,1748.035058,0,0,,1792.800115,18.9078,3B,recommend_3arm_lower_worst_case_energy,3B has lower worst-case energy under seed perturbations,"min z, s.t. E_j0*((1-rho)+rho*s^2)<=z, C_j0/s<=D for all seeds, s_min<=s<=s_max",choose one uniform speed for all seed perturbations and minimize worst-case energy
2111,2,1,1,1,5,single_arm_dominant,optimized,3,"0,1,2",mean_2b,1955.333333,1.0,1955.333333,1955.333333,200.85401,2094.0,7985.666667,847.969536,8661.0,1303.333333,79.588525,1385.0,8454.0,829.310557,9104.0,0.35,0.6,1.6,1,1.070917,1.070917,9106.194796,8396.147817,891.557069,1955.333333,1825.849305,0,0,,1,0.708319,0.708319,7516.267818,6979.627431,684.679289,1955.333333,1840.036903,0,0,,1589.926979,17.4598,3B,recommend_3arm_lower_worst_case_energy,3B has lower worst-case energy under seed perturbations,"min z, s.t. E_j0*((1-rho)+rho*s^2)<=z, C_j0/s<=D for all seeds, s_min<=s<=s_max",choose one uniform speed for all seed perturbations and minimize worst-case energy
2111,2,1,1,1,5,single_arm_dominant,optimized,3,"0,1,2",mean_2b,1955.333333,1.05,2053.1,1955.333333,200.85401,2094.0,7985.666667,847.969536,8661.0,1303.333333,79.588525,1385.0,8454.0,829.310557,9104.0,0.35,0.6,1.6,1,1.019921,1.019921,8782.978614,8098.134112,859.912054,2053.1,1917.14177,0,0,,1,0.67459,0.67459,7367.638837,6841.610141,671.140232,2053.1,1932.038748,0,0,,1415.339777,16.1146,3B,recommend_3arm_lower_worst_case_energy,3B has lower worst-case energy under seed perturbations,"min z, s.t. E_j0*((1-rho)+rho*s^2)<=z, C_j0/s<=D for all seeds, s_min<=s<=s_max",choose one uniform speed for all seed perturbations and minimize worst-case energy
2111,2,1,1,1,5,single_arm_dominant,optimized,3,"0,1,2",mean_2b,1955.333333,1.1,2150.866667,1955.333333,200.85401,2094.0,7985.666667,847.969536,8661.0,1303.333333,79.588525,1385.0,8454.0,829.310557,9104.0,0.35,0.6,1.6,1,0.973561,0.973561,8502.827518,7839.827535,832.483397,2150.866667,2008.434235,0,0,,1,0.643926,0.643926,7238.813072,6721.982174,659.405108,2150.866667,2024.040594,0,0,,1264.014445,14.8658,3B,recommend_3arm_lower_worst_case_energy,3B has lower worst-case energy under seed perturbations,"min z, s.t. E_j0*((1-rho)+rho*s^2)<=z, C_j0/s<=D for all seeds, s_min<=s<=s_max",choose one uniform speed for all seed perturbations and minimize worst-case energy
2111,2,1,1,1,5,single_arm_dominant,optimized,3,"0,1,2",mean_2b,1955.333333,1.15,2248.633333,1955.333333,200.85401,2094.0,7985.666667,847.969536,8661.0,1303.333333,79.588525,1385.0,8454.0,829.310557,9104.0,0.35,0.6,1.6,1,0.931232,0.931232,8258.417332,7614.475004,808.554013,2248.633333,2099.726701,0,0,,1,0.61593,0.61593,7126.422546,6617.616016,649.167119,2248.633333,2116.042439,0,0,,1131.994786,13.7072,3B,recommend_3arm_lower_worst_case_energy,3B has lower worst-case energy under seed perturbations,"min z, s.t. E_j0*((1-rho)+rho*s^2)<=z, C_j0/s<=D for all seeds, s_min<=s<=s_max",choose one uniform speed for all seed perturbations and minimize worst-case energy
2111,2,1,1,1,5,single_arm_dominant,optimized,3,"0,1,2",mean_2b,1955.333333,1.2,2346.4,1955.333333,200.85401,2094.0,7985.666667,847.969536,8661.0,1303.333333,79.588525,1385.0,8454.0,829.310557,9104.0,0.35,0.6,1.6,1,0.892431,0.892431,8043.91722,7416.700336,787.553025,2346.4,2191.019166,0,0,,1,0.590266,0.6,7064.704,6560.304,643.544992,2308.333333,2172.222222,0,0,,979.21322,12.1733,3B,recommend_3arm_lower_worst_case_energy,3B has lower worst-case energy under seed perturbations,"min z, s.t. E_j0*((1-rho)+rho*s^2)<=z, C_j0/s<=D for all seeds, s_min<=s<=s_max",choose one uniform speed for all seed perturbations and minimize worst-case energy
2111,2,1,1,1,5,single_arm_dominant,optimized,3,"0,1,2",mean_2b,1955.333333,1.25,2444.166667,1955.333333,200.85401,2094.0,7985.666667,847.969536,8661.0,1303.333333,79.588525,1385.0,8454.0,829.310557,9104.0,0.35,0.6,1.6,1,0.856734,0.856734,7854.63867,7242.180603,769.021395,2444.166667,2282.311631,0,0,,1,0.566655,0.6,7064.704,6560.304,643.544992,2308.333333,2172.222222,0,0,,789.93467,10.0569,3B,recommend_3arm_lower_worst_case_energy,3B has lower worst-case energy under seed perturbations,"min z, s.t. E_j0*((1-rho)+rho*s^2)<=z, C_j0/s<=D for all seeds, s_min<=s<=s_max",choose one uniform speed for all seed perturbations and minimize worst-case energy
2111,2,1,1,1,5,single_arm_dominant,optimized,3,"0,1,2",mean_2b,1955.333333,1.3,2541.933333,1955.333333,200.85401,2094.0,7985.666667,847.969536,8661.0,1303.333333,79.588525,1385.0,8454.0,829.310557,9104.0,0.35,0.6,1.6,1,0.823782,0.823782,7686.777098,7087.40788,752.58663,2541.933333,2373.604096,0,0,,1,0.544861,0.6,7064.704,6560.304,643.544992,2308.333333,2172.222222,0,0,,622.073098,8.0928,3B,recommend_3arm_lower_worst_case_energy,3B has lower worst-case energy under seed perturbations,"min z, s.t. E_j0*((1-rho)+rho*s^2)<=z, C_j0/s<=D for all seeds, s_min<=s<=s_max",choose one uniform speed for all seed perturbations and minimize worst-case energy
2111,2,1,1,1,5,single_arm_dominant,optimized,3,"0,1,2",mean_2b,1955.333333,1.35,2639.7,1955.333333,200.85401,2094.0,7985.666667,847.969536,8661.0,1303.333333,79.588525,1385.0,8454.0,829.310557,9104.0,0.35,0.6,1.6,1,0.793272,0.793272,7537.219161,6949.511582,737.943913,2639.7,2464.896562,0,0,,1,0.524681,0.6,7064.704,6560.304,643.544992,2308.333333,2172.222222,0,0,,472.515161,6.2691,3B,recommend_3arm_lower_worst_case_energy,3B has lower worst-case energy under seed perturbations,"min z, s.t. E_j0*((1-rho)+rho*s^2)<=z, C_j0/s<=D for all seeds, s_min<=s<=s_max",choose one uniform speed for all seed perturbations and minimize worst-case energy
2111,2,1,1,1,5,single_arm_dominant,optimized,3,"0,1,2",mean_2b,1955.333333,1.4,2737.466667,1955.333333,200.85401,2094.0,7985.666667,847.969536,8661.0,1303.333333,79.588525,1385.0,8454.0,829.310557,9104.0,0.35,0.6,1.6,1,0.764941,0.764941,7403.397345,6826.124397,724.841867,2737.466667,2556.189027,0,0,,1,0.505942,0.6,7064.704,6560.304,643.544992,2308.333333,2172.222222,0,0,,338.693345,4.5748,3B,recommend_3arm_lower_worst_case_energy,3B has lower worst-case energy under seed perturbations,"min z, s.t. E_j0*((1-rho)+rho*s^2)<=z, C_j0/s<=D for all seeds, s_min<=s<=s_max",choose one uniform speed for all seed perturbations and minimize worst-case energy
2111,2,1,1,1,5,single_arm_dominant,optimized,3,"0,1,2",mean_2b,1955.333333,1.5,2933.0,1955.333333,200.85401,2094.0,7985.666667,847.969536,8661.0,1303.333333,79.588525,1385.0,8454.0,829.310557,9104.0,0.35,0.6,1.6,1,0.713945,0.713945,7174.781021,6615.334215,702.458807,2933.0,2738.773957,0,0,,1,0.472213,0.6,7064.704,6560.304,643.544992,2308.333333,2172.222222,0,0,,110.077021,1.5342,3B,recommend_3arm_lower_worst_case_energy,3B has lower worst-case energy under seed perturbations,"min z, s.t. E_j0*((1-rho)+rho*s^2)<=z, C_j0/s<=D for all seeds, s_min<=s<=s_max",choose one uniform speed for all seed perturbations and minimize worst-case energy
2112,2,1,1,2,6,mixed_balanced,optimized,3,"0,1,2",mean_2b,2433.0,0.7,1703.1,2433.0,173.813118,2584.0,11829.333333,724.76364,12601.0,1644.333333,95.521376,1720.0,12374.0,681.364073,13101.0,0.35,0.6,1.6,1,1.517233,1.517233,18343.261708,17219.947398,1055.037625,1703.1,1603.576741,0,0,,1,1.009923,1.009923,13192.453111,12460.3782,686.120417,1703.1,1628.176802,0,0,,5150.808597,28.0801,3B,recommend_3arm_lower_worst_case_energy,3B has lower worst-case energy under seed perturbations,"min z, s.t. E_j0*((1-rho)+rho*s^2)<=z, C_j0/s<=D for all seeds, s_min<=s<=s_max",choose one uniform speed for all seed perturbations and minimize worst-case energy
2112,2,1,1,2,6,mixed_balanced,optimized,3,"0,1,2",mean_2b,2433.0,0.75,1824.75,2433.0,173.813118,2584.0,11829.333333,724.76364,12601.0,1644.333333,95.521376,1720.0,12374.0,681.364073,13101.0,0.35,0.6,1.6,1,1.416084,1.416084,17034.702865,15991.52277,979.774085,1824.75,1718.117937,0,0,,1,0.942595,0.942595,12589.665155,11891.040121,654.770287,1824.75,1744.475145,0,0,,4445.037711,26.094,3B,recommend_3arm_lower_worst_case_energy,3B has lower worst-case energy under seed perturbations,"min z, s.t. E_j0*((1-rho)+rho*s^2)<=z, C_j0/s<=D for all seeds, s_min<=s<=s_max",choose one uniform speed for all seed perturbations and minimize worst-case energy
2112,2,1,1,2,6,mixed_balanced,optimized,3,"0,1,2",mean_2b,2433.0,0.8,1946.4,2433.0,173.813118,2584.0,11829.333333,724.76364,12601.0,1644.333333,95.521376,1720.0,12374.0,681.364073,13101.0,0.35,0.6,1.6,1,1.327579,1.327579,15963.743339,14986.147227,918.176393,1946.4,1832.659133,0,0,,1,0.883683,0.883683,12096.327382,11425.078622,629.112502,1946.4,1860.773488,0,0,,3867.415957,24.2262,3B,recommend_3arm_lower_worst_case_energy,3B has lower worst-case energy under seed perturbations,"min z, s.t. E_j0*((1-rho)+rho*s^2)<=z, C_j0/s<=D for all seeds, s_min<=s<=s_max",choose one uniform speed for all seed perturbations and minimize worst-case energy
2112,2,1,1,2,6,mixed_balanced,optimized,3,"0,1,2",mean_2b,2433.0,0.85,2068.05,2433.0,173.813118,2584.0,11829.333333,724.76364,12601.0,1644.333333,95.521376,1720.0,12374.0,681.364073,13101.0,0.35,0.6,1.6,1,1.249486,1.249486,15076.158286,14152.916574,867.125732,2068.05,1947.200329,0,0,,1,0.831701,0.831701,11687.461107,11038.901132,607.847958,2068.05,1977.071831,0,0,,3388.69718,22.4772,3B,recommend_3arm_lower_worst_case_energy,3B has lower worst-case energy under seed perturbations,"min z, s.t. E_j0*((1-rho)+rho*s^2)<=z, C_j0/s<=D for all seeds, s_min<=s<=s_max",choose one uniform speed for all seed perturbations and minimize worst-case energy
2112,2,1,1,2,6,mixed_balanced,optimized,3,"0,1,2",mean_2b,2433.0,0.9,2189.7,2433.0,173.813118,2584.0,11829.333333,724.76364,12601.0,1644.333333,95.521376,1720.0,12374.0,681.364073,13101.0,0.35,0.6,1.6,1,1.18007,1.18007,14332.353379,13454.661183,824.344782,2189.7,2061.741525,0,0,,1,0.785496,0.785496,11344.827191,10715.280639,590.028064,2189.7,2093.370174,0,0,,2987.526188,20.8446,3B,recommend_3arm_lower_worst_case_energy,3B has lower worst-case energy under seed perturbations,"min z, s.t. E_j0*((1-rho)+rho*s^2)<=z, C_j0/s<=D for all seeds, s_min<=s<=s_max",choose one uniform speed for all seed perturbations and minimize worst-case energy
2112,2,1,1,2,6,mixed_balanced,optimized,3,"0,1,2",mean_2b,2433.0,0.95,2311.35,2433.0,173.813118,2584.0,11829.333333,724.76364,12601.0,1644.333333,95.521376,1720.0,12374.0,681.364073,13101.0,0.35,0.6,1.6,1,1.117961,1.117961,13702.871315,12863.727673,788.139266,2311.35,2176.282721,0,0,,1,0.744154,0.744154,11054.856121,10441.400629,574.947088,2311.35,2209.668517,0,0,,2648.015194,19.3245,3B,recommend_3arm_lower_worst_case_energy,3B has lower worst-case energy under seed perturbations,"min z, s.t. E_j0*((1-rho)+rho*s^2)<=z, C_j0/s<=D for all seeds, s_min<=s<=s_max",choose one uniform speed for all seed perturbations and minimize worst-case energy
2112,2,1,1,2,6,mixed_balanced,optimized,3,"0,1,2",mean_2b,2433.0,1.0,2433.0,2433.0,173.813118,2584.0,11829.333333,724.76364,12601.0,1644.333333,95.521376,1720.0,12374.0,681.364073,13101.0,0.35,0.6,1.6,1,1.062063,1.062063,13165.429737,12359.198225,757.227583,2433.0,2290.823916,0,0,,1,0.706946,0.706946,10807.283524,10207.566318,562.071195,2433.0,2325.96686,0,0,,2358.146212,17.9117,3B,recommend_3arm_lower_worst_case_energy,3B has lower worst-case energy under seed perturbations,"min z, s.t. E_j0*((1-rho)+rho*s^2)<=z, C_j0/s<=D for all seeds, s_min<=s<=s_max",choose one uniform speed for all seed perturbations and minimize worst-case energy
2112,2,1,1,2,6,mixed_balanced,optimized,3,"0,1,2",mean_2b,2433.0,1.05,2554.65,2433.0,173.813118,2584.0,11829.333333,724.76364,12601.0,1644.333333,95.521376,1720.0,12374.0,681.364073,13101.0,0.35,0.6,1.6,1,1.011489,1.011489,12702.92187,11925.013658,730.625815,2554.65,2405.365112,0,0,,1,0.673282,0.673282,10594.22916,10006.334756,550.990545,2554.65,2442.265203,0,0,,2108.69271,16.6001,3B,recommend_3arm_lower_worst_case_energy,3B has lower worst-case energy under seed perturbations,"min z, s.t. E_j0*((1-rho)+rho*s^2)<=z, C_j0/s<=D for all seeds, s_min<=s<=s_max",choose one uniform speed for all seed perturbations and minimize worst-case energy
2112,2,1,1,2,6,mixed_balanced,optimized,3,"0,1,2",mean_2b,2433.0,1.1,2676.3,2433.0,173.813118,2584.0,11829.333333,724.76364,12601.0,1644.333333,95.521376,1720.0,12374.0,681.364073,13101.0,0.35,0.6,1.6,1,0.965512,0.965512,12302.038212,11548.679525,707.568446,2676.3,2519.906308,0,0,,1,0.642678,0.642678,10409.562004,9831.915139,541.386273,2676.3,2558.563547,0,0,,1892.476209,15.3834,3B,recommend_3arm_lower_worst_case_energy,3B has lower worst-case energy under seed perturbations,"min z, s.t. E_j0*((1-rho)+rho*s^2)<=z, C_j0/s<=D for all seeds, s_min<=s<=s_max",choose one uniform speed for all seed perturbations and minimize worst-case energy
2112,2,1,1,2,6,mixed_balanced,optimized,3,"0,1,2",mean_2b,2433.0,1.15,2797.95,2433.0,173.813118,2584.0,11829.333333,724.76364,12601.0,1644.333333,95.521376,1720.0,12374.0,681.364073,13101.0,0.35,0.6,1.6,1,0.923533,0.923533,11952.298194,11220.35707,687.452674,2797.95,2634.447504,0,0,,1,0.614736,0.614736,10248.454177,9679.747499,533.007288,2797.95,2674.86189,0,0,,1703.844017,14.2554,3B,recommend_3arm_lower_worst_case_energy,3B has lower worst-case energy under seed perturbations,"min z, s.t. E_j0*((1-rho)+rho*s^2)<=z, C_j0/s<=D for all seeds, s_min<=s<=s_max",choose one uniform speed for all seed perturbations and minimize worst-case energy
2112,2,1,1,2,6,mixed_balanced,optimized,3,"0,1,2",mean_2b,2433.0,1.2,2919.6,2433.0,173.813118,2584.0,11829.333333,724.76364,12601.0,1644.333333,95.521376,1720.0,12374.0,681.364073,13101.0,0.35,0.6,1.6,1,0.885053,0.885053,11645.358151,10932.213582,669.7986,2919.6,2748.9887,0,0,,1,0.589122,0.6,10166.376,9602.224,528.738521,2866.666667,2740.555556,0,0,,1478.982151,12.7002,3B,recommend_3arm_lower_worst_case_energy,3B has lower worst-case energy under seed perturbations,"min z, s.t. E_j0*((1-rho)+rho*s^2)<=z, C_j0/s<=D for all seeds, s_min<=s<=s_max",choose one uniform speed for all seed perturbations and minimize worst-case energy
2112,2,1,1,2,6,mixed_balanced,optimized,3,"0,1,2",mean_2b,2433.0,1.25,3041.25,2433.0,173.813118,2584.0,11829.333333,724.76364,12601.0,1644.333333,95.521376,1720.0,12374.0,681.364073,13101.0,0.35,0.6,1.6,1,0.849651,0.849651,11374.509032,10677.950864,654.220345,3041.25,2863.529896,0,0,,1,0.565557,0.6,10166.376,9602.224,528.738521,2866.666667,2740.555556,0,0,,1208.133032,10.6214,3B,recommend_3arm_lower_worst_case_energy,3B has lower worst-case energy under seed perturbations,"min z, s.t. E_j0*((1-rho)+rho*s^2)<=z, C_j0/s<=D for all seeds, s_min<=s<=s_max",choose one uniform speed for all seed perturbations and minimize worst-case energy
2112,2,1,1,2,6,mixed_balanced,optimized,3,"0,1,2",mean_2b,2433.0,1.3,3162.9,2433.0,173.813118,2584.0,11829.333333,724.76364,12601.0,1644.333333,95.521376,1720.0,12374.0,681.364073,13101.0,0.35,0.6,1.6,1,0.816972,0.816972,11134.306649,10452.458121,640.404778,3162.9,2978.071091,0,0,,1,0.543805,0.6,10166.376,9602.224,528.738521,2866.666667,2740.555556,0,0,,967.930649,8.6932,3B,recommend_3arm_lower_worst_case_energy,3B has lower worst-case energy under seed perturbations,"min z, s.t. E_j0*((1-rho)+rho*s^2)<=z, C_j0/s<=D for all seeds, s_min<=s<=s_max",choose one uniform speed for all seed perturbations and minimize worst-case energy
2112,2,1,1,2,6,mixed_balanced,optimized,3,"0,1,2",mean_2b,2433.0,1.35,3284.55,2433.0,173.813118,2584.0,11829.333333,724.76364,12601.0,1644.333333,95.521376,1720.0,12374.0,681.364073,13101.0,0.35,0.6,1.6,1,0.786714,0.786714,10920.295946,10251.553118,628.095662,3284.55,3092.612287,0,0,,1,0.523664,0.6,10166.376,9602.224,528.738521,2866.666667,2740.555556,0,0,,753.919946,6.9038,3B,recommend_3arm_lower_worst_case_energy,3B has lower worst-case energy under seed perturbations,"min z, s.t. E_j0*((1-rho)+rho*s^2)<=z, C_j0/s<=D for all seeds, s_min<=s<=s_max",choose one uniform speed for all seed perturbations and minimize worst-case energy
2112,2,1,1,2,6,mixed_balanced,optimized,3,"0,1,2",mean_2b,2433.0,1.4,3406.2,2433.0,173.813118,2584.0,11829.333333,724.76364,12601.0,1644.333333,95.521376,1720.0,12374.0,681.364073,13101.0,0.35,0.6,1.6,1,0.758617,0.758617,10728.802927,10071.78685,617.081681,3406.2,3207.153483,0,0,,1,0.504962,0.6,10166.376,9602.224,528.738521,2866.666667,2740.555556,0,0,,562.426927,5.2422,3B,recommend_3arm_lower_worst_case_energy,3B has lower worst-case energy under seed perturbations,"min z, s.t. E_j0*((1-rho)+rho*s^2)<=z, C_j0/s<=D for all seeds, s_min<=s<=s_max",choose one uniform speed for all seed perturbations and minimize worst-case energy
2112,2,1,1,2,6,mixed_balanced,optimized,3,"0,1,2",mean_2b,2433.0,1.5,3649.5,2433.0,173.813118,2584.0,11829.333333,724.76364,12601.0,1644.333333,95.521376,1720.0,12374.0,681.364073,13101.0,0.35,0.6,1.6,1,0.708042,0.708042,10401.663216,9764.680693,598.265796,3649.5,3436.235875,0,0,,1,0.471297,0.6,10166.376,9602.224,528.738521,2866.666667,2740.555556,0,0,,235.287216,2.262,3B,recommend_3arm_lower_worst_case_energy,3B has lower worst-case energy under seed perturbations,"min z, s.t. E_j0*((1-rho)+rho*s^2)<=z, C_j0/s<=D for all seeds, s_min<=s<=s_max",choose one uniform speed for all seed perturbations and minimize worst-case energy
2121,2,1,2,1,6,mixed_balanced,optimized,3,"0,1,2",mean_2b,2573.0,0.7,1801.1,2573.0,206.303175,2768.0,10464.666667,704.412048,11219.0,1746.0,163.330952,1877.0,10947.666667,701.112212,11696.0,0.35,0.6,1.6,1,1.536839,1.536839,16566.598137,15452.707666,1040.17393,1801.1,1674.216149,0,0,,1,1.042141,1.042141,12048.285737,11277.412462,722.229844,1801.1,1675.39723,0,0,,4518.312401,27.2736,3B,recommend_3arm_lower_worst_case_energy,3B has lower worst-case energy under seed perturbations,"min z, s.t. E_j0*((1-rho)+rho*s^2)<=z, C_j0/s<=D for all seeds, s_min<=s<=s_max",choose one uniform speed for all seed perturbations and minimize worst-case energy
2121,2,1,2,1,6,mixed_balanced,optimized,3,"0,1,2",mean_2b,2573.0,0.75,1929.75,2573.0,206.303175,2768.0,10464.666667,704.412048,11219.0,1746.0,163.330952,1877.0,10947.666667,701.112212,11696.0,0.35,0.6,1.6,1,1.434383,1.434383,15371.2506,14337.731863,965.121144,1929.75,1793.803017,0,0,,1,0.972665,0.972665,11475.260464,10741.050485,687.880065,1929.75,1795.06846,0,0,,3895.990136,25.346,3B,recommend_3arm_lower_worst_case_energy,3B has lower worst-case energy under seed perturbations,"min z, s.t. E_j0*((1-rho)+rho*s^2)<=z, C_j0/s<=D for all seeds, s_min<=s<=s_max",choose one uniform speed for all seed perturbations and minimize worst-case energy
2121,2,1,2,1,6,mixed_balanced,optimized,3,"0,1,2",mean_2b,2573.0,0.8,2058.4,2573.0,206.303175,2768.0,10464.666667,704.412048,11219.0,1746.0,163.330952,1877.0,10947.666667,701.112212,11696.0,0.35,0.6,1.6,1,1.344734,1.344734,14392.94623,13425.20587,903.695938,2058.4,1913.389884,0,0,,1,0.911873,0.911873,11006.281267,10302.07751,659.767288,2058.4,1914.739691,0,0,,3386.664963,23.53,3B,recommend_3arm_lower_worst_case_energy,3B has lower worst-case energy under seed perturbations,"min z, s.t. E_j0*((1-rho)+rho*s^2)<=z, C_j0/s<=D for all seeds, s_min<=s<=s_max",choose one uniform speed for all seed perturbations and minimize worst-case energy
2121,2,1,2,1,6,mixed_balanced,optimized,3,"0,1,2",mean_2b,2573.0,0.85,2187.05,2573.0,206.303175,2768.0,10464.666667,704.412048,11219.0,1746.0,163.330952,1877.0,10947.666667,701.112212,11696.0,0.35,0.6,1.6,1,1.265632,1.265632,13582.151505,12668.926653,852.78823,2187.05,2032.976752,0,0,,1,0.858234,0.858234,10617.602783,9938.267448,636.468106,2187.05,2034.410922,0,0,,2964.548721,21.8268,3B,recommend_3arm_lower_worst_case_energy,3B has lower worst-case energy under seed perturbations,"min z, s.t. E_j0*((1-rho)+rho*s^2)<=z, C_j0/s<=D for all seeds, s_min<=s<=s_max",choose one uniform speed for all seed perturbations and minimize worst-case energy
2121,2,1,2,1,6,mixed_balanced,optimized,3,"0,1,2",mean_2b,2573.0,0.9,2315.7,2573.0,206.303175,2768.0,10464.666667,704.412048,11219.0,1746.0,163.330952,1877.0,10947.666667,701.112212,11696.0,0.35,0.6,1.6,1,1.195319,1.195319,12902.697639,12035.157313,810.127076,2315.7,2152.56362,0,0,,1,0.810554,0.810554,10291.886433,9633.391078,616.943165,2315.7,2154.082152,0,0,,2610.811205,20.2346,3B,recommend_3arm_lower_worst_case_energy,3B has lower worst-case energy under seed perturbations,"min z, s.t. E_j0*((1-rho)+rho*s^2)<=z, C_j0/s<=D for all seeds, s_min<=s<=s_max",choose one uniform speed for all seed perturbations and minimize worst-case energy
2121,2,1,2,1,6,mixed_balanced,optimized,3,"0,1,2",mean_2b,2573.0,0.95,2444.35,2573.0,206.303175,2768.0,10464.666667,704.412048,11219.0,1746.0,163.330952,1877.0,10947.666667,701.112212,11696.0,0.35,0.6,1.6,1,1.132407,1.132407,12327.675859,11498.798345,774.022943,2444.35,2272.150488,0,0,,1,0.767893,0.767893,10016.232699,9375.374217,600.419208,2444.35,2273.753383,0,0,,2311.443159,18.75,3B,recommend_3arm_lower_worst_case_energy,3B has lower worst-case energy under seed perturbations,"min z, s.t. E_j0*((1-rho)+rho*s^2)<=z, C_j0/s<=D for all seeds, s_min<=s<=s_max",choose one uniform speed for all seed perturbations and minimize worst-case energy
2121,2,1,2,1,6,mixed_balanced,optimized,3,"0,1,2",mean_2b,2573.0,1.0,2573.0,2573.0,206.303175,2768.0,10464.666667,704.412048,11219.0,1746.0,163.330952,1877.0,10947.666667,701.112212,11696.0,0.35,0.6,1.6,1,1.075787,1.075787,11836.731587,11040.863756,743.19782,2573.0,2391.737355,0,0,,1,0.729499,0.729499,9780.884011,9155.083606,586.311322,2573.0,2393.424614,0,0,,2055.847576,17.3684,3B,recommend_3arm_lower_worst_case_energy,3B has lower worst-case energy under seed perturbations,"min z, s.t. E_j0*((1-rho)+rho*s^2)<=z, C_j0/s<=D for all seeds, s_min<=s<=s_max",choose one uniform speed for all seed perturbations and minimize worst-case energy
2121,2,1,2,1,6,mixed_balanced,optimized,3,"0,1,2",mean_2b,2573.0,1.05,2701.65,2573.0,206.303175,2768.0,10464.666667,704.412048,11219.0,1746.0,163.330952,1877.0,10947.666667,701.112212,11696.0,0.35,0.6,1.6,1,1.024559,1.024559,11414.238061,10646.777481,716.670542,2701.65,2511.324223,0,0,,1,0.694761,0.694761,9578.349216,8965.50739,574.170452,2701.65,2513.095844,0,0,,1835.888845,16.0842,3B,recommend_3arm_lower_worst_case_energy,3B has lower worst-case energy under seed perturbations,"min z, s.t. E_j0*((1-rho)+rho*s^2)<=z, C_j0/s<=D for all seeds, s_min<=s<=s_max",choose one uniform speed for all seed perturbations and minimize worst-case energy
2121,2,1,2,1,6,mixed_balanced,optimized,3,"0,1,2",mean_2b,2573.0,1.1,2830.3,2573.0,206.303175,2768.0,10464.666667,704.412048,11219.0,1746.0,163.330952,1877.0,10947.666667,701.112212,11696.0,0.35,0.6,1.6,1,0.977988,0.977988,11048.037262,10305.198972,693.677739,2830.3,2630.911091,0,0,,1,0.663181,0.663181,9402.800009,8801.19017,563.647222,2830.3,2632.767075,0,0,,1645.237253,14.8917,3B,recommend_3arm_lower_worst_case_energy,3B has lower worst-case energy under seed perturbations,"min z, s.t. E_j0*((1-rho)+rho*s^2)<=z, C_j0/s<=D for all seeds, s_min<=s<=s_max",choose one uniform speed for all seed perturbations and minimize worst-case energy
2121,2,1,2,1,6,mixed_balanced,optimized,3,"0,1,2",mean_2b,2573.0,1.15,2958.95,2573.0,206.303175,2768.0,10464.666667,704.412048,11219.0,1746.0,163.330952,1877.0,10947.666667,701.112212,11696.0,0.35,0.6,1.6,1,0.935467,0.935467,10728.555359,10007.198115,673.618295,2958.95,2750.497959,0,0,,1,0.634347,0.634347,9249.646889,8657.836092,554.466517,2958.95,2752.438306,0,0,,1478.90847,13.7848,3B,recommend_3arm_lower_worst_case_energy,3B has lower worst-case energy under seed perturbations,"min z, s.t. E_j0*((1-rho)+rho*s^2)<=z, C_j0/s<=D for all seeds, s_min<=s<=s_max",choose one uniform speed for all seed perturbations and minimize worst-case energy
2121,2,1,2,1,6,mixed_balanced,optimized,3,"0,1,2",mean_2b,2573.0,1.2,3087.6,2573.0,206.303175,2768.0,10464.666667,704.412048,11219.0,1746.0,163.330952,1877.0,10947.666667,701.112212,11696.0,0.35,0.6,1.6,1,0.896489,0.896489,10448.170547,9745.665572,656.013657,3087.6,2870.084827,0,0,,1,0.607916,0.607916,9115.236119,8532.02519,546.409316,3087.6,2872.109536,0,0,,1332.934428,12.7576,3B,recommend_3arm_lower_worst_case_energy,3B has lower worst-case energy under seed perturbations,"min z, s.t. E_j0*((1-rho)+rho*s^2)<=z, C_j0/s<=D for all seeds, s_min<=s<=s_max",choose one uniform speed for all seed perturbations and minimize worst-case energy
2121,2,1,2,1,6,mixed_balanced,optimized,3,"0,1,2",mean_2b,2573.0,1.25,3216.25,2573.0,206.303175,2768.0,10464.666667,704.412048,11219.0,1746.0,163.330952,1877.0,10947.666667,701.112212,11696.0,0.35,0.6,1.6,1,0.86063,0.86063,10200.754216,9514.884804,640.479024,3216.25,2989.671694,0,0,,1,0.583599,0.6,9076.096,8495.389333,544.063076,3128.333333,2910.0,0,0,,1124.658216,11.0252,3B,recommend_3arm_lower_worst_case_energy,3B has lower worst-case energy under seed perturbations,"min z, s.t. E_j0*((1-rho)+rho*s^2)<=z, C_j0/s<=D for all seeds, s_min<=s<=s_max",choose one uniform speed for all seed perturbations and minimize worst-case energy
2121,2,1,2,1,6,mixed_balanced,optimized,3,"0,1,2",mean_2b,2573.0,1.3,3344.9,2573.0,206.303175,2768.0,10464.666667,704.412048,11219.0,1746.0,163.330952,1877.0,10947.666667,701.112212,11696.0,0.35,0.6,1.6,1,0.827528,0.827528,9981.333188,9310.217016,626.702144,3344.9,3109.258562,0,0,,1,0.561153,0.6,9076.096,8495.389333,544.063076,3128.333333,2910.0,0,0,,905.237188,9.0693,3B,recommend_3arm_lower_worst_case_energy,3B has lower worst-case energy under seed perturbations,"min z, s.t. E_j0*((1-rho)+rho*s^2)<=z, C_j0/s<=D for all seeds, s_min<=s<=s_max",choose one uniform speed for all seed perturbations and minimize worst-case energy
2121,2,1,2,1,6,mixed_balanced,optimized,3,"0,1,2",mean_2b,2573.0,1.35,3473.55,2573.0,206.303175,2768.0,10464.666667,704.412048,11219.0,1746.0,163.330952,1877.0,10947.666667,701.112212,11696.0,0.35,0.6,1.6,1,0.796879,0.796879,9785.837839,9127.866213,614.427496,3473.55,3228.84543,0,0,,1,0.540369,0.6,9076.096,8495.389333,544.063076,3128.333333,2910.0,0,0,,709.741839,7.2527,3B,recommend_3arm_lower_worst_case_energy,3B has lower worst-case energy under seed perturbations,"min z, s.t. E_j0*((1-rho)+rho*s^2)<=z, C_j0/s<=D for all seeds, s_min<=s<=s_max",choose one uniform speed for all seed perturbations and minimize worst-case energy
2121,2,1,2,1,6,mixed_balanced,optimized,3,"0,1,2",mean_2b,2573.0,1.4,3602.2,2573.0,206.303175,2768.0,10464.666667,704.412048,11219.0,1746.0,163.330952,1877.0,10947.666667,701.112212,11696.0,0.35,0.6,1.6,1,0.768419,0.768419,9610.912034,8964.701917,603.444356,3602.2,3348.432298,0,0,,1,0.52107,0.6,9076.096,8495.389333,544.063076,3128.333333,2910.0,0,0,,534.816034,5.5647,3B,recommend_3arm_lower_worst_case_energy,3B has lower worst-case energy under seed perturbations,"min z, s.t. E_j0*((1-rho)+rho*s^2)<=z, C_j0/s<=D for all seeds, s_min<=s<=s_max",choose one uniform speed for all seed perturbations and minimize worst-case energy
2121,2,1,2,1,6,mixed_balanced,optimized,3,"0,1,2",mean_2b,2573.0,1.5,3859.5,2573.0,206.303175,2768.0,10464.666667,704.412048,11219.0,1746.0,163.330952,1877.0,10947.666667,701.112212,11696.0,0.35,0.6,1.6,1,0.717191,0.717191,9312.07515,8685.957966,584.681159,3859.5,3587.606033,0,0,,1,0.486332,0.6,9076.096,8495.389333,544.063076,3128.333333,2910.0,0,0,,235.97915,2.5341,3B,recommend_3arm_lower_worst_case_energy,3B has lower worst-case energy under seed perturbations,"min z, s.t. E_j0*((1-rho)+rho*s^2)<=z, C_j0/s<=D for all seeds, s_min<=s<=s_max",choose one uniform speed for all seed perturbations and minimize worst-case energy
2122,2,1,2,2,7,dual_arm_dominant,optimized,3,"0,1,2",mean_2b,3082.0,0.7,2157.4,3082.0,190.48097,3296.0,14612.0,750.460525,15302.0,2295.333333,113.376952,2426.0,15207.0,740.538318,15843.0,0.35,0.6,1.6,1,1.527765,1.527765,22446.855115,21434.678273,1100.867774,2157.4,2017.326092,0,0,,1,1.124502,1.124502,17309.688499,16614.809885,809.094717,2157.4,2041.200385,0,0,,5137.166615,22.8859,3B,recommend_3arm_lower_worst_case_energy,3B has lower worst-case energy under seed perturbations,"min z, s.t. E_j0*((1-rho)+rho*s^2)<=z, C_j0/s<=D for all seeds, s_min<=s<=s_max",choose one uniform speed for all seed perturbations and minimize worst-case energy
2122,2,1,2,2,7,dual_arm_dominant,optimized,3,"0,1,2",mean_2b,3082.0,0.75,2311.5,3082.0,190.48097,3296.0,14612.0,750.460525,15302.0,2295.333333,113.376952,2426.0,15207.0,740.538318,15843.0,0.35,0.6,1.6,1,1.425914,1.425914,20835.672455,19896.147296,1021.850065,2311.5,2161.420813,0,0,,1,1.049535,1.049535,16405.953315,15747.354166,766.852053,2311.5,2187.000412,0,0,,4429.719141,21.2603,3B,recommend_3arm_lower_worst_case_energy,3B has lower worst-case energy under seed perturbations,"min z, s.t. E_j0*((1-rho)+rho*s^2)<=z, C_j0/s<=D for all seeds, s_min<=s<=s_max",choose one uniform speed for all seed perturbations and minimize worst-case energy
2122,2,1,2,2,7,dual_arm_dominant,optimized,3,"0,1,2",mean_2b,3082.0,0.8,2465.6,3082.0,190.48097,3296.0,14612.0,750.460525,15302.0,2295.333333,113.376952,2426.0,15207.0,740.538318,15843.0,0.35,0.6,1.6,1,1.336794,1.336794,19517.03751,18636.972428,957.17986,2465.6,2305.515534,0,0,,1,0.983939,0.983939,15666.312288,15037.405224,732.279527,2465.6,2332.80044,0,0,,3850.725221,19.7301,3B,recommend_3arm_lower_worst_case_energy,3B has lower worst-case energy under seed perturbations,"min z, s.t. E_j0*((1-rho)+rho*s^2)<=z, C_j0/s<=D for all seeds, s_min<=s<=s_max",choose one uniform speed for all seed perturbations and minimize worst-case energy
2122,2,1,2,2,7,dual_arm_dominant,optimized,3,"0,1,2",mean_2b,3082.0,0.85,2619.7,3082.0,190.48097,3296.0,14612.0,750.460525,15302.0,2295.333333,113.376952,2426.0,15207.0,740.538318,15843.0,0.35,0.6,1.6,1,1.258159,1.258159,18424.18513,17593.399106,903.582777,2619.7,2449.610255,0,0,,1,0.92606,0.92606,15053.315902,14449.016912,703.626664,2619.7,2478.600467,0,0,,3370.869227,18.2959,3B,recommend_3arm_lower_worst_case_energy,3B has lower worst-case energy under seed perturbations,"min z, s.t. E_j0*((1-rho)+rho*s^2)<=z, C_j0/s<=D for all seeds, s_min<=s<=s_max",choose one uniform speed for all seed perturbations and minimize worst-case energy
2122,2,1,2,2,7,dual_arm_dominant,optimized,3,"0,1,2",mean_2b,3082.0,0.9,2773.8,3082.0,190.48097,3296.0,14612.0,750.460525,15302.0,2295.333333,113.376952,2426.0,15207.0,740.538318,15843.0,0.35,0.6,1.6,1,1.188262,1.188262,17508.364205,16718.874511,858.667899,2773.8,2593.704976,0,0,,1,0.874612,0.874612,14539.618969,13955.941782,679.615286,2773.8,2624.400495,0,0,,2968.745237,16.9562,3B,recommend_3arm_lower_worst_case_energy,3B has lower worst-case energy under seed perturbations,"min z, s.t. E_j0*((1-rho)+rho*s^2)<=z, C_j0/s<=D for all seeds, s_min<=s<=s_max",choose one uniform speed for all seed perturbations and minimize worst-case energy
2122,2,1,2,2,7,dual_arm_dominant,optimized,3,"0,1,2",mean_2b,3082.0,0.95,2927.9,3082.0,190.48097,3296.0,14612.0,750.460525,15302.0,2295.333333,113.376952,2426.0,15207.0,740.538318,15843.0,0.35,0.6,1.6,1,1.125722,1.125722,16733.304993,15978.764381,820.656441,2927.9,2737.799697,0,0,,1,0.82858,0.82858,14104.877274,13538.65232,659.294457,2927.9,2770.200522,0,0,,2628.427719,15.7078,3B,recommend_3arm_lower_worst_case_energy,3B has lower worst-case energy under seed perturbations,"min z, s.t. E_j0*((1-rho)+rho*s^2)<=z, C_j0/s<=D for all seeds, s_min<=s<=s_max",choose one uniform speed for all seed perturbations and minimize worst-case energy
2122,2,1,2,2,7,dual_arm_dominant,optimized,3,"0,1,2",mean_2b,3082.0,1.0,3082.0,3082.0,190.48097,3296.0,14612.0,750.460525,15302.0,2295.333333,113.376952,2426.0,15207.0,740.538318,15843.0,0.35,0.6,1.6,1,1.069435,1.069435,16071.572006,15346.870354,788.202873,3082.0,2881.894417,0,0,,1,0.787151,0.787151,13733.701865,13182.377344,641.944864,3082.0,2916.00055,0,0,,2337.870142,14.5466,3B,recommend_3arm_lower_worst_case_energy,3B has lower worst-case energy under seed perturbations,"min z, s.t. E_j0*((1-rho)+rho*s^2)<=z, C_j0/s<=D for all seeds, s_min<=s<=s_max",choose one uniform speed for all seed perturbations and minimize worst-case energy
2122,2,1,2,2,7,dual_arm_dominant,optimized,3,"0,1,2",mean_2b,3082.0,1.05,3236.1,3082.0,190.48097,3296.0,14612.0,750.460525,15302.0,2295.333333,113.376952,2426.0,15207.0,740.538318,15843.0,0.35,0.6,1.6,1,1.01851,1.01851,15502.102273,14803.079232,760.2742,3236.1,3025.989138,0,0,,1,0.749668,0.749668,13414.278222,12875.776615,627.014267,3236.1,3061.800577,0,0,,2087.824051,13.468,3B,recommend_3arm_lower_worst_case_energy,3B has lower worst-case energy under seed perturbations,"min z, s.t. E_j0*((1-rho)+rho*s^2)<=z, C_j0/s<=D for all seeds, s_min<=s<=s_max",choose one uniform speed for all seed perturbations and minimize worst-case energy
2122,2,1,2,2,7,dual_arm_dominant,optimized,3,"0,1,2",mean_2b,3082.0,1.1,3390.2,3082.0,190.48097,3296.0,14612.0,750.460525,15302.0,2295.333333,113.376952,2426.0,15207.0,740.538318,15843.0,0.35,0.6,1.6,1,0.972214,0.972214,15008.50827,14331.742441,736.066723,3390.2,3170.083859,0,0,,1,0.715592,0.715592,13137.414351,12610.027143,614.073012,3390.2,3207.600605,0,0,,1871.093919,12.4669,3B,recommend_3arm_lower_worst_case_energy,3B has lower worst-case energy under seed perturbations,"min z, s.t. E_j0*((1-rho)+rho*s^2)<=z, C_j0/s<=D for all seeds, s_min<=s<=s_max",choose one uniform speed for all seed perturbations and minimize worst-case energy
2122,2,1,2,2,7,dual_arm_dominant,optimized,3,"0,1,2",mean_2b,3082.0,1.15,3544.3,3082.0,190.48097,3296.0,14612.0,750.460525,15302.0,2295.333333,113.376952,2426.0,15207.0,740.538318,15843.0,0.35,0.6,1.6,1,0.929944,0.929944,14577.885638,13920.537508,714.94757,3544.3,3314.17858,0,0,,1,0.684479,0.684479,12895.872015,12378.181262,602.782766,3544.3,3353.400632,0,0,,1682.013623,11.5381,3B,recommend_3arm_lower_worst_case_energy,3B has lower worst-case energy under seed perturbations,"min z, s.t. E_j0*((1-rho)+rho*s^2)<=z, C_j0/s<=D for all seeds, s_min<=s<=s_max",choose one uniform speed for all seed perturbations and minimize worst-case energy
2122,2,1,2,2,7,dual_arm_dominant,optimized,3,"0,1,2",mean_2b,3082.0,1.2,3698.4,3082.0,190.48097,3296.0,14612.0,750.460525,15302.0,2295.333333,113.376952,2426.0,15207.0,740.538318,15843.0,0.35,0.6,1.6,1,0.891196,0.891196,14199.961115,13559.654412,696.412905,3698.4,3458.273301,0,0,,1,0.655959,0.655959,12683.888795,12174.707877,592.874182,3698.4,3499.20066,0,0,,1516.072321,10.6766,3B,recommend_3arm_lower_worst_case_energy,3B has lower worst-case energy under seed perturbations,"min z, s.t. E_j0*((1-rho)+rho*s^2)<=z, C_j0/s<=D for all seeds, s_min<=s<=s_max",choose one uniform speed for all seed perturbations and minimize worst-case energy
2122,2,1,2,2,7,dual_arm_dominant,optimized,3,"0,1,2",mean_2b,3082.0,1.25,3852.5,3082.0,190.48097,3296.0,14612.0,750.460525,15302.0,2295.333333,113.376952,2426.0,15207.0,740.538318,15843.0,0.35,0.6,1.6,1,0.855548,0.855548,13866.474084,13241.205026,680.057602,3852.5,3602.368022,0,0,,1,0.629721,0.629721,12496.831193,11995.1595,584.130679,3852.5,3645.000687,0,0,,1369.642891,9.8774,3B,recommend_3arm_lower_worst_case_energy,3B has lower worst-case energy under seed perturbations,"min z, s.t. E_j0*((1-rho)+rho*s^2)<=z, C_j0/s<=D for all seeds, s_min<=s<=s_max",choose one uniform speed for all seed perturbations and minimize worst-case energy
2122,2,1,2,2,7,dual_arm_dominant,optimized,3,"0,1,2",mean_2b,3082.0,1.3,4006.6,3082.0,190.48097,3296.0,14612.0,750.460525,15302.0,2295.333333,113.376952,2426.0,15207.0,740.538318,15843.0,0.35,0.6,1.6,1,0.822643,0.822643,13570.721305,12958.788375,665.552911,4006.6,3746.462743,0,0,,1,0.605501,0.605501,12330.939269,11835.927126,576.376508,4006.6,3790.800714,0,0,,1239.782036,9.1357,3B,recommend_3arm_lower_worst_case_energy,3B has lower worst-case energy under seed perturbations,"min z, s.t. E_j0*((1-rho)+rho*s^2)<=z, C_j0/s<=D for all seeds, s_min<=s<=s_max",choose one uniform speed for all seed perturbations and minimize worst-case energy
2122,2,1,2,2,7,dual_arm_dominant,optimized,3,"0,1,2",mean_2b,3082.0,1.35,4160.7,3082.0,190.48097,3296.0,14612.0,750.460525,15302.0,2295.333333,113.376952,2426.0,15207.0,740.538318,15843.0,0.35,0.6,1.6,1,0.792174,0.792174,13307.217424,12707.166449,652.629812,4160.7,3890.557464,0,0,,1,0.583075,0.6,12294.168,11800.632,574.657735,4043.333333,3825.555556,0,0,,1013.049424,7.6128,3B,recommend_3arm_lower_worst_case_energy,3B has lower worst-case energy under seed perturbations,"min z, s.t. E_j0*((1-rho)+rho*s^2)<=z, C_j0/s<=D for all seeds, s_min<=s<=s_max",choose one uniform speed for all seed perturbations and minimize worst-case energy
2122,2,1,2,2,7,dual_arm_dominant,optimized,3,"0,1,2",mean_2b,3082.0,1.4,4314.8,3082.0,190.48097,3296.0,14612.0,750.460525,15302.0,2295.333333,113.376952,2426.0,15207.0,740.538318,15843.0,0.35,0.6,1.6,1,0.763882,0.763882,13071.438779,12482.019568,641.06645,4314.8,4034.652184,0,0,,1,0.562251,0.6,12294.168,11800.632,574.657735,4043.333333,3825.555556,0,0,,777.270779,5.9463,3B,recommend_3arm_lower_worst_case_energy,3B has lower worst-case energy under seed perturbations,"min z, s.t. E_j0*((1-rho)+rho*s^2)<=z, C_j0/s<=D for all seeds, s_min<=s<=s_max",choose one uniform speed for all seed perturbations and minimize worst-case energy
2122,2,1,2,2,7,dual_arm_dominant,optimized,3,"0,1,2",mean_2b,3082.0,1.5,4623.0,3082.0,190.48097,3296.0,14612.0,750.460525,15302.0,2295.333333,113.376952,2426.0,15207.0,740.538318,15843.0,0.35,0.6,1.6,1,0.712957,0.712957,12668.643114,12097.386824,621.312022,4623.0,4322.841626,0,0,,1,0.524767,0.6,12294.168,11800.632,574.657735,4043.333333,3825.555556,0,0,,374.475114,2.9559,3B,recommend_3arm_lower_worst_case_energy,3B has lower worst-case energy under seed perturbations,"min z, s.t. E_j0*((1-rho)+rho*s^2)<=z, C_j0/s<=D for all seeds, s_min<=s<=s_max",choose one uniform speed for all seed perturbations and minimize worst-case energy
2211,2,2,1,1,6,single_arm_dominant,optimized,3,"0,1,2",mean_2b,2077.666667,0.7,1454.366667,2077.666667,165.306786,2268.0,8824.666667,760.129156,9636.0,1505.333333,103.751305,1623.0,9260.333333,791.960437,10109.0,0.35,0.6,1.6,1,1.559442,1.559442,14465.085497,13247.152119,1141.068205,1454.366667,1332.314438,0,0,,1,1.11595,1.11595,10977.062682,10055.52077,859.966303,1454.366667,1348.92583,0,0,,3488.022814,24.1134,3B,recommend_3arm_lower_worst_case_energy,3B has lower worst-case energy under seed perturbations,"min z, s.t. E_j0*((1-rho)+rho*s^2)<=z, C_j0/s<=D for all seeds, s_min<=s<=s_max",choose one uniform speed for all seed perturbations and minimize worst-case energy
2211,2,2,1,1,6,single_arm_dominant,optimized,3,"0,1,2",mean_2b,2077.666667,0.75,1558.25,2077.666667,165.306786,2268.0,8824.666667,760.129156,9636.0,1505.333333,103.751305,1623.0,9260.333333,791.960437,10109.0,0.35,0.6,1.6,1,1.455479,1.455479,13407.979366,12279.052364,1057.679124,1558.25,1427.479755,0,0,,1,1.041553,1.041553,10409.150826,9535.286019,815.474887,1558.25,1445.277675,0,0,,2998.828541,22.366,3B,recommend_3arm_lower_worst_case_energy,3B has lower worst-case energy under seed perturbations,"min z, s.t. E_j0*((1-rho)+rho*s^2)<=z, C_j0/s<=D for all seeds, s_min<=s<=s_max",choose one uniform speed for all seed perturbations and minimize worst-case energy
2211,2,2,1,1,6,single_arm_dominant,optimized,3,"0,1,2",mean_2b,2077.666667,0.8,1662.133333,2077.666667,165.306786,2268.0,8824.666667,760.129156,9636.0,1505.333333,103.751305,1623.0,9260.333333,791.960437,10109.0,0.35,0.6,1.6,1,1.364511,1.364511,12542.815459,11486.733653,989.431271,1662.133333,1522.645072,0,0,,1,0.976456,0.976456,9944.356585,9109.511995,779.061923,1662.133333,1541.62952,0,0,,2598.458874,20.7167,3B,recommend_3arm_lower_worst_case_energy,3B has lower worst-case energy under seed perturbations,"min z, s.t. E_j0*((1-rho)+rho*s^2)<=z, C_j0/s<=D for all seeds, s_min<=s<=s_max",choose one uniform speed for all seed perturbations and minimize worst-case energy
2211,2,2,1,1,6,single_arm_dominant,optimized,3,"0,1,2",mean_2b,2077.666667,0.85,1766.016667,2077.666667,165.306786,2268.0,8824.666667,760.129156,9636.0,1505.333333,103.751305,1623.0,9260.333333,791.960437,10109.0,0.35,0.6,1.6,1,1.284246,1.284246,11825.78878,10830.079291,932.86912,1766.016667,1617.810388,0,0,,1,0.919017,0.919017,9559.14649,8756.640903,748.88375,1766.016667,1637.981365,0,0,,2266.642289,19.1669,3B,recommend_3arm_lower_worst_case_energy,3B has lower worst-case energy under seed perturbations,"min z, s.t. E_j0*((1-rho)+rho*s^2)<=z, C_j0/s<=D for all seeds, s_min<=s<=s_max",choose one uniform speed for all seed perturbations and minimize worst-case energy
2211,2,2,1,1,6,single_arm_dominant,optimized,3,"0,1,2",mean_2b,2077.666667,0.9,1869.9,2077.666667,165.306786,2268.0,8824.666667,760.129156,9636.0,1505.333333,103.751305,1623.0,9260.333333,791.960437,10109.0,0.35,0.6,1.6,1,1.212899,1.212899,11224.913449,10279.796549,885.469488,1869.9,1712.975705,0,0,,1,0.867961,0.867961,9236.336684,8460.931494,723.594147,1869.9,1734.33321,0,0,,1988.576764,17.7157,3B,recommend_3arm_lower_worst_case_energy,3B has lower worst-case energy under seed perturbations,"min z, s.t. E_j0*((1-rho)+rho*s^2)<=z, C_j0/s<=D for all seeds, s_min<=s<=s_max",choose one uniform speed for all seed perturbations and minimize worst-case energy
2211,2,2,1,1,6,single_arm_dominant,optimized,3,"0,1,2",mean_2b,2077.666667,0.95,1973.783333,2077.666667,165.306786,2268.0,8824.666667,760.129156,9636.0,1505.333333,103.751305,1623.0,9260.333333,791.960437,10109.0,0.35,0.6,1.6,1,1.149062,1.149062,10716.39268,9814.092286,845.355181,1973.783333,1808.141022,0,0,,1,0.822279,0.822279,8963.142758,8210.672634,702.191557,1973.783333,1830.685055,0,0,,1753.249921,16.3604,3B,recommend_3arm_lower_worst_case_energy,3B has lower worst-case energy under seed perturbations,"min z, s.t. E_j0*((1-rho)+rho*s^2)<=z, C_j0/s<=D for all seeds, s_min<=s<=s_max",choose one uniform speed for all seed perturbations and minimize worst-case energy
2211,2,2,1,1,6,single_arm_dominant,optimized,3,"0,1,2",mean_2b,2077.666667,1.0,2077.666667,2077.666667,165.306786,2268.0,8824.666667,760.129156,9636.0,1505.333333,103.751305,1623.0,9260.333333,791.960437,10109.0,0.35,0.6,1.6,1,1.091609,1.091609,10282.225893,9416.481538,811.106236,2077.666667,1903.306339,0,0,,1,0.781165,0.781165,8729.894214,7997.005677,683.918373,2077.666667,1927.0369,0,0,,1552.331679,15.0972,3B,recommend_3arm_lower_worst_case_energy,3B has lower worst-case energy under seed perturbations,"min z, s.t. E_j0*((1-rho)+rho*s^2)<=z, C_j0/s<=D for all seeds, s_min<=s<=s_max",choose one uniform speed for all seed perturbations and minimize worst-case energy
2211,2,2,1,1,6,single_arm_dominant,optimized,3,"0,1,2",mean_2b,2077.666667,1.05,2181.55,2077.666667,165.306786,2268.0,8824.666667,760.129156,9636.0,1505.333333,103.751305,1623.0,9260.333333,791.960437,10109.0,0.35,0.6,1.6,1,1.039628,1.039628,9908.593554,9074.308349,781.632509,2181.55,1998.471656,0,0,,1,0.743966,0.743966,8529.166748,7813.129601,668.192959,2181.55,2023.388745,0,0,,1379.426806,13.9215,3B,recommend_3arm_lower_worst_case_energy,3B has lower worst-case energy under seed perturbations,"min z, s.t. E_j0*((1-rho)+rho*s^2)<=z, C_j0/s<=D for all seeds, s_min<=s<=s_max",choose one uniform speed for all seed perturbations and minimize worst-case energy
2211,2,2,1,1,6,single_arm_dominant,optimized,3,"0,1,2",mean_2b,2077.666667,1.1,2285.433333,2077.666667,165.306786,2268.0,8824.666667,760.129156,9636.0,1505.333333,103.751305,1623.0,9260.333333,791.960437,10109.0,0.35,0.6,1.6,1,0.992372,0.992372,9584.743714,8777.726065,756.085839,2285.433333,2093.636973,0,0,,1,0.71015,0.71015,8355.184061,7653.753039,654.562787,2285.433333,2119.74059,0,0,,1229.559652,12.8283,3B,recommend_3arm_lower_worst_case_energy,3B has lower worst-case energy under seed perturbations,"min z, s.t. E_j0*((1-rho)+rho*s^2)<=z, C_j0/s<=D for all seeds, s_min<=s<=s_max",choose one uniform speed for all seed perturbations and minimize worst-case energy
2211,2,2,1,1,6,single_arm_dominant,optimized,3,"0,1,2",mean_2b,2077.666667,1.15,2389.316667,2077.666667,165.306786,2268.0,8824.666667,760.129156,9636.0,1505.333333,103.751305,1623.0,9260.333333,791.960437,10109.0,0.35,0.6,1.6,1,0.949225,0.949225,9302.209749,8518.980936,733.798344,2389.316667,2188.80229,0,0,,1,0.679274,0.679274,8203.39761,7514.709302,642.671516,2389.316667,2216.092435,0,0,,1098.812139,11.8124,3B,recommend_3arm_lower_worst_case_energy,3B has lower worst-case energy under seed perturbations,"min z, s.t. E_j0*((1-rho)+rho*s^2)<=z, C_j0/s<=D for all seeds, s_min<=s<=s_max",choose one uniform speed for all seed perturbations and minimize worst-case energy
2211,2,2,1,1,6,single_arm_dominant,optimized,3,"0,1,2",mean_2b,2077.666667,1.2,2493.2,2077.666667,165.306786,2268.0,8824.666667,760.129156,9636.0,1505.333333,103.751305,1623.0,9260.333333,791.960437,10109.0,0.35,0.6,1.6,1,0.909674,0.909674,9054.251315,8291.900142,714.238315,2493.2,2283.967607,0,0,,1,0.650971,0.650971,8070.18626,7392.681257,632.235457,2493.2,2312.44428,0,0,,984.065055,10.8685,3B,recommend_3arm_lower_worst_case_energy,3B has lower worst-case energy under seed perturbations,"min z, s.t. E_j0*((1-rho)+rho*s^2)<=z, C_j0/s<=D for all seeds, s_min<=s<=s_max",choose one uniform speed for all seed perturbations and minimize worst-case energy
2211,2,2,1,1,6,single_arm_dominant,optimized,3,"0,1,2",mean_2b,2077.666667,1.25,2597.083333,2077.666667,165.306786,2268.0,8824.666667,760.129156,9636.0,1505.333333,103.751305,1623.0,9260.333333,791.960437,10109.0,0.35,0.6,1.6,1,0.873287,0.873287,8835.448572,8091.520184,696.978213,2597.083333,2379.132924,0,0,,1,0.624932,0.624932,7952.638297,7285.001633,623.026501,2597.083333,2408.796125,0,0,,882.810275,9.9917,3B,recommend_3arm_lower_worst_case_energy,3B has lower worst-case energy under seed perturbations,"min z, s.t. E_j0*((1-rho)+rho*s^2)<=z, C_j0/s<=D for all seeds, s_min<=s<=s_max",choose one uniform speed for all seed perturbations and minimize worst-case energy
2211,2,2,1,1,6,single_arm_dominant,optimized,3,"0,1,2",mean_2b,2077.666667,1.3,2700.966667,2077.666667,165.306786,2268.0,8824.666667,760.129156,9636.0,1505.333333,103.751305,1623.0,9260.333333,791.960437,10109.0,0.35,0.6,1.6,1,0.839699,0.839699,8641.403487,7913.813336,681.671102,2700.966667,2474.298241,0,0,,1,0.600896,0.600896,7848.390955,7189.506022,614.859544,2700.966667,2505.14797,0,0,,793.012532,9.1769,3B,recommend_3arm_lower_worst_case_energy,3B has lower worst-case energy under seed perturbations,"min z, s.t. E_j0*((1-rho)+rho*s^2)<=z, C_j0/s<=D for all seeds, s_min<=s<=s_max",choose one uniform speed for all seed perturbations and minimize worst-case energy
2211,2,2,1,1,6,single_arm_dominant,optimized,3,"0,1,2",mean_2b,2077.666667,1.35,2804.85,2077.666667,165.306786,2268.0,8824.666667,760.129156,9636.0,1505.333333,103.751305,1623.0,9260.333333,791.960437,10109.0,0.35,0.6,1.6,1,0.808599,0.808599,8468.517088,7755.483651,668.033078,2804.85,2569.463558,0,0,,1,0.578641,0.6,7844.584,7186.018667,614.561299,2705.0,2508.888889,0,0,,623.933088,7.3677,3B,recommend_3arm_lower_worst_case_energy,3B has lower worst-case energy under seed perturbations,"min z, s.t. E_j0*((1-rho)+rho*s^2)<=z, C_j0/s<=D for all seeds, s_min<=s<=s_max",choose one uniform speed for all seed perturbations and minimize worst-case energy
2211,2,2,1,1,6,single_arm_dominant,optimized,3,"0,1,2",mean_2b,2077.666667,1.4,2908.733333,2077.666667,165.306786,2268.0,8824.666667,760.129156,9636.0,1505.333333,103.751305,1623.0,9260.333333,791.960437,10109.0,0.35,0.6,1.6,1,0.779721,0.779721,8313.821374,7613.81303,655.830015,2908.733333,2664.628875,0,0,,1,0.557975,0.6,7844.584,7186.018667,614.561299,2705.0,2508.888889,0,0,,469.237374,5.6441,3B,recommend_3arm_lower_worst_case_energy,3B has lower worst-case energy under seed perturbations,"min z, s.t. E_j0*((1-rho)+rho*s^2)<=z, C_j0/s<=D for all seeds, s_min<=s<=s_max",choose one uniform speed for all seed perturbations and minimize worst-case energy
2211,2,2,1,1,6,single_arm_dominant,optimized,3,"0,1,2",mean_2b,2077.666667,1.5,3116.5,2077.666667,165.306786,2268.0,8824.666667,760.129156,9636.0,1505.333333,103.751305,1623.0,9260.333333,791.960437,10109.0,0.35,0.6,1.6,1,0.727739,0.727739,8049.544842,7371.788091,634.982744,3116.5,2854.959509,0,0,,1,0.520777,0.6,7844.584,7186.018667,614.561299,2705.0,2508.888889,0,0,,204.960842,2.5462,3B,recommend_3arm_lower_worst_case_energy,3B has lower worst-case energy under seed perturbations,"min z, s.t. E_j0*((1-rho)+rho*s^2)<=z, C_j0/s<=D for all seeds, s_min<=s<=s_max",choose one uniform speed for all seed perturbations and minimize worst-case energy
2212,2,2,1,2,7,single_arm_dominant,optimized,3,"0,1,2",mean_2b,2638.333333,0.7,1846.833333,2638.333333,149.937765,2797.0,13213.0,746.06434,13709.0,1794.0,96.503886,1890.0,13787.333333,741.950358,14303.0,0.35,0.6,1.6,1,1.514484,1.514484,19916.186967,19195.607148,1083.868764,1846.833333,1742.067195,0,0,,1,1.023373,1.023373,14539.751106,14015.548841,754.231527,1846.833333,1753.025926,0,0,,5376.435861,26.9953,3B,recommend_3arm_lower_worst_case_energy,3B has lower worst-case energy under seed perturbations,"min z, s.t. E_j0*((1-rho)+rho*s^2)<=z, C_j0/s<=D for all seeds, s_min<=s<=s_max",choose one uniform speed for all seed perturbations and minimize worst-case energy
2212,2,2,1,2,7,single_arm_dominant,optimized,3,"0,1,2",mean_2b,2638.333333,0.75,1978.75,2638.333333,149.937765,2797.0,13213.0,746.06434,13709.0,1794.0,96.503886,1890.0,13787.333333,741.950358,14303.0,0.35,0.6,1.6,1,1.413519,1.413519,18497.721313,17828.462449,1006.673736,1978.75,1866.500566,0,0,,1,0.955148,0.955148,13864.012297,13364.172472,719.178416,1978.75,1878.242063,0,0,,4633.709017,25.0502,3B,recommend_3arm_lower_worst_case_energy,3B has lower worst-case energy under seed perturbations,"min z, s.t. E_j0*((1-rho)+rho*s^2)<=z, C_j0/s<=D for all seeds, s_min<=s<=s_max",choose one uniform speed for all seed perturbations and minimize worst-case energy
2212,2,2,1,2,7,single_arm_dominant,optimized,3,"0,1,2",mean_2b,2638.333333,0.8,2110.666667,2638.333333,149.937765,2797.0,13213.0,746.06434,13709.0,1794.0,96.503886,1890.0,13787.333333,741.950358,14303.0,0.35,0.6,1.6,1,1.325174,1.325174,17336.811115,16709.554692,943.495262,2110.666667,1990.933937,0,0,,1,0.895452,0.895452,13310.969597,12831.068644,690.490013,2110.666667,2003.458201,0,0,,4025.841519,23.2213,3B,recommend_3arm_lower_worst_case_energy,3B has lower worst-case energy under seed perturbations,"min z, s.t. E_j0*((1-rho)+rho*s^2)<=z, C_j0/s<=D for all seeds, s_min<=s<=s_max",choose one uniform speed for all seed perturbations and minimize worst-case energy
2212,2,2,1,2,7,single_arm_dominant,optimized,3,"0,1,2",mean_2b,2638.333333,0.85,2242.583333,2638.333333,149.937765,2797.0,13213.0,746.06434,13709.0,1794.0,96.503886,1890.0,13787.333333,741.950358,14303.0,0.35,0.6,1.6,1,1.247222,1.247222,16374.677147,15782.231318,891.134489,2242.583333,2115.367308,0,0,,1,0.842778,0.842778,12852.621338,12389.245235,666.713766,2242.583333,2128.674339,0,0,,3522.055809,21.5092,3B,recommend_3arm_lower_worst_case_energy,3B has lower worst-case energy under seed perturbations,"min z, s.t. E_j0*((1-rho)+rho*s^2)<=z, C_j0/s<=D for all seeds, s_min<=s<=s_max",choose one uniform speed for all seed perturbations and minimize worst-case energy
2212,2,2,1,2,7,single_arm_dominant,optimized,3,"0,1,2",mean_2b,2638.333333,0.9,2374.5,2638.333333,149.937765,2797.0,13213.0,746.06434,13709.0,1794.0,96.503886,1890.0,13787.333333,741.950358,14303.0,0.35,0.6,1.6,1,1.177932,1.177932,15568.399523,15005.125312,847.255651,2374.5,2239.800679,0,0,,1,0.795957,0.795957,12468.521039,12018.992921,646.78904,2374.5,2253.890476,0,0,,3099.878484,19.9113,3B,recommend_3arm_lower_worst_case_energy,3B has lower worst-case energy under seed perturbations,"min z, s.t. E_j0*((1-rho)+rho*s^2)<=z, C_j0/s<=D for all seeds, s_min<=s<=s_max",choose one uniform speed for all seed perturbations and minimize worst-case energy
2212,2,2,1,2,7,single_arm_dominant,optimized,3,"0,1,2",mean_2b,2638.333333,0.95,2506.416667,2638.333333,149.937765,2797.0,13213.0,746.06434,13709.0,1794.0,96.503886,1890.0,13787.333333,741.950358,14303.0,0.35,0.6,1.6,1,1.115936,1.115936,14886.046802,14347.460529,810.120993,2506.416667,2364.23405,0,0,,1,0.754065,0.754065,12143.456972,11705.648401,629.926746,2506.416667,2379.106614,0,0,,2742.58983,18.4239,3B,recommend_3arm_lower_worst_case_energy,3B has lower worst-case energy under seed perturbations,"min z, s.t. E_j0*((1-rho)+rho*s^2)<=z, C_j0/s<=D for all seeds, s_min<=s<=s_max",choose one uniform speed for all seed perturbations and minimize worst-case energy
2212,2,2,1,2,7,single_arm_dominant,optimized,3,"0,1,2",mean_2b,2638.333333,1.0,2638.333333,2638.333333,149.937765,2797.0,13213.0,746.06434,13709.0,1794.0,96.503886,1890.0,13787.333333,741.950358,14303.0,0.35,0.6,1.6,1,1.060139,1.060139,14303.465114,13785.957003,778.416023,2638.333333,2488.667421,0,0,,1,0.716361,0.716361,11865.922542,11438.119932,615.529992,2638.333333,2504.322751,0,0,,2437.542572,17.0416,3B,recommend_3arm_lower_worst_case_energy,3B has lower worst-case energy under seed perturbations,"min z, s.t. E_j0*((1-rho)+rho*s^2)<=z, C_j0/s<=D for all seeds, s_min<=s<=s_max",choose one uniform speed for all seed perturbations and minimize worst-case energy
2212,2,2,1,2,7,single_arm_dominant,optimized,3,"0,1,2",mean_2b,2638.333333,1.05,2770.25,2638.333333,149.937765,2797.0,13213.0,746.06434,13709.0,1794.0,96.503886,1890.0,13787.333333,741.950358,14303.0,0.35,0.6,1.6,1,1.009656,1.009656,13802.110874,13302.742066,751.131574,2770.25,2613.100793,0,0,,1,0.682249,0.682249,11627.083825,11207.892078,603.14053,2770.25,2629.538889,0,0,,2175.027049,15.7587,3B,recommend_3arm_lower_worst_case_energy,3B has lower worst-case energy under seed perturbations,"min z, s.t. E_j0*((1-rho)+rho*s^2)<=z, C_j0/s<=D for all seeds, s_min<=s<=s_max",choose one uniform speed for all seed perturbations and minimize worst-case energy
2212,2,2,1,2,7,single_arm_dominant,optimized,3,"0,1,2",mean_2b,2638.333333,1.1,2902.166667,2638.333333,149.937765,2797.0,13213.0,746.06434,13709.0,1794.0,96.503886,1890.0,13787.333333,741.950358,14303.0,0.35,0.6,1.6,1,0.963763,0.963763,13367.556706,12883.910333,727.482484,2902.166667,2737.534164,0,0,,1,0.651238,0.651238,11420.067803,11008.339613,592.401831,2902.166667,2754.755026,0,0,,1947.488902,14.5688,3B,recommend_3arm_lower_worst_case_energy,3B has lower worst-case energy under seed perturbations,"min z, s.t. E_j0*((1-rho)+rho*s^2)<=z, C_j0/s<=D for all seeds, s_min<=s<=s_max",choose one uniform speed for all seed perturbations and minimize worst-case energy
2212,2,2,1,2,7,single_arm_dominant,optimized,3,"0,1,2",mean_2b,2638.333333,1.15,3034.083333,2638.333333,149.937765,2797.0,13213.0,746.06434,13709.0,1794.0,96.503886,1890.0,13787.333333,741.950358,14303.0,0.35,0.6,1.6,1,0.92186,0.92186,12988.441768,12518.512006,706.850481,3034.083333,2861.967535,0,0,,1,0.622923,0.622923,11239.462319,10834.245506,583.033146,3034.083333,2879.971164,0,0,,1748.979449,13.4657,3B,recommend_3arm_lower_worst_case_energy,3B has lower worst-case energy under seed perturbations,"min z, s.t. E_j0*((1-rho)+rho*s^2)<=z, C_j0/s<=D for all seeds, s_min<=s<=s_max",choose one uniform speed for all seed perturbations and minimize worst-case energy
2212,2,2,1,2,7,single_arm_dominant,optimized,3,"0,1,2",mean_2b,2638.333333,1.2,3166.0,2638.333333,149.937765,2797.0,13213.0,746.06434,13709.0,1794.0,96.503886,1890.0,13787.333333,741.950358,14303.0,0.35,0.6,1.6,1,0.883449,0.883449,12655.721607,12197.829863,688.743351,3166.0,2986.400906,0,0,,1,0.596968,0.6,11099.128,10698.970667,575.753478,3150.0,2990.0,0,0,,1556.593607,12.2995,3B,recommend_3arm_lower_worst_case_energy,3B has lower worst-case energy under seed perturbations,"min z, s.t. E_j0*((1-rho)+rho*s^2)<=z, C_j0/s<=D for all seeds, s_min<=s<=s_max",choose one uniform speed for all seed perturbations and minimize worst-case energy
2212,2,2,1,2,7,single_arm_dominant,optimized,3,"0,1,2",mean_2b,2638.333333,1.25,3297.916667,2638.333333,149.937765,2797.0,13213.0,746.06434,13709.0,1794.0,96.503886,1890.0,13787.333333,741.950358,14303.0,0.35,0.6,1.6,1,0.848111,0.848111,12362.123673,11914.854482,672.765311,3297.916667,3110.834277,0,0,,1,0.573089,0.6,11099.128,10698.970667,575.753478,3150.0,2990.0,0,0,,1262.995673,10.2167,3B,recommend_3arm_lower_worst_case_energy,3B has lower worst-case energy under seed perturbations,"min z, s.t. E_j0*((1-rho)+rho*s^2)<=z, C_j0/s<=D for all seeds, s_min<=s<=s_max",choose one uniform speed for all seed perturbations and minimize worst-case energy
2212,2,2,1,2,7,single_arm_dominant,optimized,3,"0,1,2",mean_2b,2638.333333,1.3,3429.833333,2638.333333,149.937765,2797.0,13213.0,746.06434,13709.0,1794.0,96.503886,1890.0,13787.333333,741.950358,14303.0,0.35,0.6,1.6,1,0.815492,0.815492,12101.746517,11663.897931,658.595195,3429.833333,3235.267648,0,0,,1,0.551047,0.6,11099.128,10698.970667,575.753478,3150.0,2990.0,0,0,,1002.618517,8.2849,3B,recommend_3arm_lower_worst_case_energy,3B has lower worst-case energy under seed perturbations,"min z, s.t. E_j0*((1-rho)+rho*s^2)<=z, C_j0/s<=D for all seeds, s_min<=s<=s_max",choose one uniform speed for all seed perturbations and minimize worst-case energy
2212,2,2,1,2,7,single_arm_dominant,optimized,3,"0,1,2",mean_2b,2638.333333,1.35,3561.75,2638.333333,149.937765,2797.0,13213.0,746.06434,13709.0,1794.0,96.503886,1890.0,13787.333333,741.950358,14303.0,0.35,0.6,1.6,1,0.785288,0.785288,11869.760899,11440.305694,645.97019,3561.75,3359.701019,0,0,,1,0.530638,0.6,11099.128,10698.970667,575.753478,3150.0,2990.0,0,0,,770.632899,6.4924,3B,recommend_3arm_lower_worst_case_energy,3B has lower worst-case energy under seed perturbations,"min z, s.t. E_j0*((1-rho)+rho*s^2)<=z, C_j0/s<=D for all seeds, s_min<=s<=s_max",choose one uniform speed for all seed perturbations and minimize worst-case energy
2212,2,2,1,2,7,single_arm_dominant,optimized,3,"0,1,2",mean_2b,2638.333333,1.4,3693.666667,2638.333333,149.937765,2797.0,13213.0,746.06434,13709.0,1794.0,96.503886,1890.0,13787.333333,741.950358,14303.0,0.35,0.6,1.6,1,0.757242,0.757242,11662.184242,11240.239287,634.673557,3693.666667,3484.13439,0,0,,1,0.511687,0.6,11099.128,10698.970667,575.753478,3150.0,2990.0,0,0,,563.056242,4.8281,3B,recommend_3arm_lower_worst_case_energy,3B has lower worst-case energy under seed perturbations,"min z, s.t. E_j0*((1-rho)+rho*s^2)<=z, C_j0/s<=D for all seeds, s_min<=s<=s_max",choose one uniform speed for all seed perturbations and minimize worst-case energy
2212,2,2,1,2,7,single_arm_dominant,optimized,3,"0,1,2",mean_2b,2638.333333,1.5,3957.5,2638.333333,149.937765,2797.0,13213.0,746.06434,13709.0,1794.0,96.503886,1890.0,13787.333333,741.950358,14303.0,0.35,0.6,1.6,1,0.706759,0.706759,11307.567828,10898.453112,615.3748,3957.5,3733.001132,0,0,,1,0.477574,0.6,11099.128,10698.970667,575.753478,3150.0,2990.0,0,0,,208.439828,1.8434,3B,recommend_3arm_lower_worst_case_energy,3B has lower worst-case energy under seed perturbations,"min z, s.t. E_j0*((1-rho)+rho*s^2)<=z, C_j0/s<=D for all seeds, s_min<=s<=s_max",choose one uniform speed for all seed perturbations and minimize worst-case energy
2221,2,2,2,1,7,single_arm_dominant,optimized,3,"0,1,2",mean_2b,2572.333333,0.7,1800.633333,2572.333333,128.764643,2721.0,10689.666667,470.523467,11133.0,1749.0,88.42511,1851.0,11194.666667,511.763943,11673.0,0.35,0.6,1.6,1,1.511135,1.511135,16134.334538,15491.840303,681.899131,1800.633333,1702.252534,0,0,,1,1.027972,1.027972,11904.75565,11416.925491,521.9245,1800.633333,1701.408806,0,0,,4229.578888,26.2148,3B,recommend_3arm_lower_worst_case_energy,3B has lower worst-case energy under seed perturbations,"min z, s.t. E_j0*((1-rho)+rho*s^2)<=z, C_j0/s<=D for all seeds, s_min<=s<=s_max",choose one uniform speed for all seed perturbations and minimize worst-case energy
2221,2,2,2,1,7,single_arm_dominant,optimized,3,"0,1,2",mean_2b,2572.333333,0.75,1929.25,2572.333333,128.764643,2721.0,10689.666667,470.523467,11133.0,1749.0,88.42511,1851.0,11194.666667,511.763943,11673.0,0.35,0.6,1.6,1,1.410393,1.410393,14987.496086,14390.670738,633.429321,1929.25,1823.842,0,0,,1,0.95944,0.95944,11348.302922,10883.274946,497.528677,1929.25,1822.938006,0,0,,3639.193164,24.2815,3B,recommend_3arm_lower_worst_case_energy,3B has lower worst-case energy under seed perturbations,"min z, s.t. E_j0*((1-rho)+rho*s^2)<=z, C_j0/s<=D for all seeds, s_min<=s<=s_max",choose one uniform speed for all seed perturbations and minimize worst-case energy
2221,2,2,2,1,7,single_arm_dominant,optimized,3,"0,1,2",mean_2b,2572.333333,0.8,2057.866667,2572.333333,128.764643,2721.0,10689.666667,470.523467,11133.0,1749.0,88.42511,1851.0,11194.666667,511.763943,11673.0,0.35,0.6,1.6,1,1.322243,1.322243,14048.892849,13489.444139,593.760332,2057.866667,1945.431467,0,0,,1,0.899475,0.899475,10892.887139,10446.521079,477.562484,2057.866667,1944.467207,0,0,,3156.005711,22.4644,3B,recommend_3arm_lower_worst_case_energy,3B has lower worst-case energy under seed perturbations,"min z, s.t. E_j0*((1-rho)+rho*s^2)<=z, C_j0/s<=D for all seeds, s_min<=s<=s_max",choose one uniform speed for all seed perturbations and minimize worst-case energy
2221,2,2,2,1,7,single_arm_dominant,optimized,3,"0,1,2",mean_2b,2572.333333,0.85,2186.483333,2572.333333,128.764643,2721.0,10689.666667,470.523467,11133.0,1749.0,88.42511,1851.0,11194.666667,511.763943,11673.0,0.35,0.6,1.6,1,1.244464,1.244464,13271.001451,12742.529583,560.883645,2186.483333,2067.020934,0,0,,1,0.846565,0.846565,10515.44968,10084.55016,461.014991,2186.483333,2065.996407,0,0,,2755.551772,20.7637,3B,recommend_3arm_lower_worst_case_energy,3B has lower worst-case energy under seed perturbations,"min z, s.t. E_j0*((1-rho)+rho*s^2)<=z, C_j0/s<=D for all seeds, s_min<=s<=s_max",choose one uniform speed for all seed perturbations and minimize worst-case energy
2221,2,2,2,1,7,single_arm_dominant,optimized,3,"0,1,2",mean_2b,2572.333333,0.9,2315.1,2572.333333,128.764643,2721.0,10689.666667,470.523467,11133.0,1749.0,88.42511,1851.0,11194.666667,511.763943,11673.0,0.35,0.6,1.6,1,1.175327,1.175327,12619.120893,12116.60792,533.332661,2315.1,2188.610401,0,0,,1,0.799533,0.799533,10199.153418,9781.215009,447.148031,2315.1,2187.525608,0,0,,2419.967475,19.177,3B,recommend_3arm_lower_worst_case_energy,3B has lower worst-case energy under seed perturbations,"min z, s.t. E_j0*((1-rho)+rho*s^2)<=z, C_j0/s<=D for all seeds, s_min<=s<=s_max",choose one uniform speed for all seed perturbations and minimize worst-case energy
2221,2,2,2,1,7,single_arm_dominant,optimized,3,"0,1,2",mean_2b,2572.333333,0.95,2443.716667,2572.333333,128.764643,2721.0,10689.666667,470.523467,11133.0,1749.0,88.42511,1851.0,11194.666667,511.763943,11673.0,0.35,0.6,1.6,1,1.113468,1.113468,12067.434403,11586.890442,510.016265,2443.716667,2310.199867,0,0,,1,0.757453,0.757453,9931.471904,9524.502482,435.412424,2443.716667,2309.054808,0,0,,2135.962499,17.7002,3B,recommend_3arm_lower_worst_case_energy,3B has lower worst-case energy under seed perturbations,"min z, s.t. E_j0*((1-rho)+rho*s^2)<=z, C_j0/s<=D for all seeds, s_min<=s<=s_max",choose one uniform speed for all seed perturbations and minimize worst-case energy
2221,2,2,2,1,7,single_arm_dominant,optimized,3,"0,1,2",mean_2b,2572.333333,1.0,2572.333333,2572.333333,128.764643,2721.0,10689.666667,470.523467,11133.0,1749.0,88.42511,1851.0,11194.666667,511.763943,11673.0,0.35,0.6,1.6,1,1.057794,1.057794,11596.413424,11134.626249,490.109104,2572.333333,2431.789334,0,0,,1,0.71958,0.71958,9702.929769,9305.32549,425.392752,2572.333333,2430.584009,0,0,,1893.483655,16.3282,3B,recommend_3arm_lower_worst_case_energy,3B has lower worst-case energy under seed perturbations,"min z, s.t. E_j0*((1-rho)+rho*s^2)<=z, C_j0/s<=D for all seeds, s_min<=s<=s_max",choose one uniform speed for all seed perturbations and minimize worst-case energy
2221,2,2,2,1,7,single_arm_dominant,optimized,3,"0,1,2",mean_2b,2572.333333,1.05,2700.95,2572.333333,128.764643,2721.0,10689.666667,470.523467,11133.0,1749.0,88.42511,1851.0,11194.666667,511.763943,11673.0,0.35,0.6,1.6,1,1.007423,1.007423,11191.06535,10745.419765,472.977533,2700.95,2553.378801,0,0,,1,0.685314,0.685314,9506.252511,9116.707626,416.770091,2700.95,2552.113209,0,0,,1684.812839,15.055,3B,recommend_3arm_lower_worst_case_energy,3B has lower worst-case energy under seed perturbations,"min z, s.t. E_j0*((1-rho)+rho*s^2)<=z, C_j0/s<=D for all seeds, s_min<=s<=s_max",choose one uniform speed for all seed perturbations and minimize worst-case energy
2221,2,2,2,1,7,single_arm_dominant,optimized,3,"0,1,2",mean_2b,2572.333333,1.1,2829.566667,2572.333333,128.764643,2721.0,10689.666667,470.523467,11133.0,1749.0,88.42511,1851.0,11194.666667,511.763943,11673.0,0.35,0.6,1.6,1,0.961631,0.961631,10839.725557,10408.070867,458.12856,2829.566667,2674.968267,0,0,,1,0.654164,0.654164,9335.780387,8953.221066,409.296306,2829.566667,2673.64241,0,0,,1503.945169,13.8744,3B,recommend_3arm_lower_worst_case_energy,3B has lower worst-case energy under seed perturbations,"min z, s.t. E_j0*((1-rho)+rho*s^2)<=z, C_j0/s<=D for all seeds, s_min<=s<=s_max",choose one uniform speed for all seed perturbations and minimize worst-case energy
2221,2,2,2,1,7,single_arm_dominant,optimized,3,"0,1,2",mean_2b,2572.333333,1.15,2958.183333,2572.333333,128.764643,2721.0,10689.666667,470.523467,11133.0,1749.0,88.42511,1851.0,11194.666667,511.763943,11673.0,0.35,0.6,1.6,1,0.919821,0.919821,10533.208732,10113.760018,445.173978,2958.183333,2796.557734,0,0,,1,0.625722,0.625722,9187.05663,8810.591675,402.776007,2958.183333,2795.17161,0,0,,1346.152102,12.7801,3B,recommend_3arm_lower_worst_case_energy,3B has lower worst-case energy under seed perturbations,"min z, s.t. E_j0*((1-rho)+rho*s^2)<=z, C_j0/s<=D for all seeds, s_min<=s<=s_max",choose one uniform speed for all seed perturbations and minimize worst-case energy
2221,2,2,2,1,7,single_arm_dominant,optimized,3,"0,1,2",mean_2b,2572.333333,1.2,3086.8,2572.333333,128.764643,2721.0,10689.666667,470.523467,11133.0,1749.0,88.42511,1851.0,11194.666667,511.763943,11673.0,0.35,0.6,1.6,1,0.881495,0.881495,10264.202377,9855.465913,433.804733,3086.8,2918.147201,0,0,,1,0.59965,0.6,9058.248,8687.061333,397.12882,3085.0,2915.0,0,0,,1205.954377,11.7491,3B,recommend_3arm_lower_worst_case_energy,3B has lower worst-case energy under seed perturbations,"min z, s.t. E_j0*((1-rho)+rho*s^2)<=z, C_j0/s<=D for all seeds, s_min<=s<=s_max",choose one uniform speed for all seed perturbations and minimize worst-case energy
2221,2,2,2,1,7,single_arm_dominant,optimized,3,"0,1,2",mean_2b,2572.333333,1.25,3215.416667,2572.333333,128.764643,2721.0,10689.666667,470.523467,11133.0,1749.0,88.42511,1851.0,11194.666667,511.763943,11673.0,0.35,0.6,1.6,1,0.846236,0.846236,10026.826591,9627.542799,423.772318,3215.416667,3039.736667,0,0,,1,0.575664,0.6,9058.248,8687.061333,397.12882,3085.0,2915.0,0,0,,968.578591,9.6599,3B,recommend_3arm_lower_worst_case_energy,3B has lower worst-case energy under seed perturbations,"min z, s.t. E_j0*((1-rho)+rho*s^2)<=z, C_j0/s<=D for all seeds, s_min<=s<=s_max",choose one uniform speed for all seed perturbations and minimize worst-case energy
2221,2,2,2,1,7,single_arm_dominant,optimized,3,"0,1,2",mean_2b,2572.333333,1.3,3344.033333,2572.333333,128.764643,2721.0,10689.666667,470.523467,11133.0,1749.0,88.42511,1851.0,11194.666667,511.763943,11673.0,0.35,0.6,1.6,1,0.813688,0.813688,9816.310014,9425.409319,414.875076,3344.033333,3161.326134,0,0,,1,0.553523,0.6,9058.248,8687.061333,397.12882,3085.0,2915.0,0,0,,758.062014,7.7225,3B,recommend_3arm_lower_worst_case_energy,3B has lower worst-case energy under seed perturbations,"min z, s.t. E_j0*((1-rho)+rho*s^2)<=z, C_j0/s<=D for all seeds, s_min<=s<=s_max",choose one uniform speed for all seed perturbations and minimize worst-case energy
2221,2,2,2,1,7,single_arm_dominant,optimized,3,"0,1,2",mean_2b,2572.333333,1.35,3472.65,2572.333333,128.764643,2721.0,10689.666667,470.523467,11133.0,1749.0,88.42511,1851.0,11194.666667,511.763943,11673.0,0.35,0.6,1.6,1,0.783551,0.783551,9628.748175,9245.316483,406.94799,3472.65,3282.915601,0,0,,1,0.533022,0.6,9058.248,8687.061333,397.12882,3085.0,2915.0,0,0,,570.500175,5.925,3B,recommend_3arm_lower_worst_case_energy,3B has lower worst-case energy under seed perturbations,"min z, s.t. E_j0*((1-rho)+rho*s^2)<=z, C_j0/s<=D for all seeds, s_min<=s<=s_max",choose one uniform speed for all seed perturbations and minimize worst-case energy
2221,2,2,2,1,7,single_arm_dominant,optimized,3,"0,1,2",mean_2b,2572.333333,1.4,3601.266667,2572.333333,128.764643,2721.0,10689.666667,470.523467,11133.0,1749.0,88.42511,1851.0,11194.666667,511.763943,11673.0,0.35,0.6,1.6,1,0.755567,0.755567,9460.921134,9084.172576,399.854973,3601.266667,3404.505068,0,0,,1,0.513986,0.6,9058.248,8687.061333,397.12882,3085.0,2915.0,0,0,,402.673134,4.2562,3B,recommend_3arm_lower_worst_case_energy,3B has lower worst-case energy under seed perturbations,"min z, s.t. E_j0*((1-rho)+rho*s^2)<=z, C_j0/s<=D for all seeds, s_min<=s<=s_max",choose one uniform speed for all seed perturbations and minimize worst-case energy
2221,2,2,2,1,7,single_arm_dominant,optimized,3,"0,1,2",mean_2b,2572.333333,1.5,3858.5,2572.333333,128.764643,2721.0,10689.666667,470.523467,11133.0,1749.0,88.42511,1851.0,11194.666667,511.763943,11673.0,0.35,0.6,1.6,1,0.705196,0.705196,9174.211522,8808.880185,387.73752,3858.5,3647.684001,0,0,,1,0.47972,0.6,9058.248,8687.061333,397.12882,3085.0,2915.0,0,0,,115.963522,1.264,3B,recommend_3arm_lower_worst_case_energy,3B has lower worst-case energy under seed perturbations,"min z, s.t. E_j0*((1-rho)+rho*s^2)<=z, C_j0/s<=D for all seeds, s_min<=s<=s_max",choose one uniform speed for all seed perturbations and minimize worst-case energy
2222,2,2,2,2,8,balanced,optimized,3,"0,1,2",mean_2b,3125.0,0.7,2187.5,3125.0,124.89996,3265.0,15068.333333,239.117823,15303.0,2282.0,82.540899,2366.0,15655.0,247.606543,15892.0,0.35,0.6,1.6,1,1.492571,1.492571,21878.994667,21543.487201,341.87137,2187.5,2093.702144,0,0,,1,1.0816,1.0816,16836.787282,16585.697515,262.326875,2187.5,2109.837278,0,0,,5042.207384,23.0459,3B,recommend_3arm_lower_worst_case_energy,3B has lower worst-case energy under seed perturbations,"min z, s.t. E_j0*((1-rho)+rho*s^2)<=z, C_j0/s<=D for all seeds, s_min<=s<=s_max",choose one uniform speed for all seed perturbations and minimize worst-case energy
2222,2,2,2,2,8,balanced,optimized,3,"0,1,2",mean_2b,3125.0,0.75,2343.75,3125.0,124.89996,3265.0,15068.333333,239.117823,15303.0,2282.0,82.540899,2366.0,15655.0,247.606543,15892.0,0.35,0.6,1.6,1,1.393067,1.393067,20341.086687,20029.162554,317.840709,2343.75,2243.252297,0,0,,1,1.009493,1.009493,15998.108922,15759.526502,249.259781,2343.75,2260.539941,0,0,,4342.977766,21.3508,3B,recommend_3arm_lower_worst_case_energy,3B has lower worst-case energy under seed perturbations,"min z, s.t. E_j0*((1-rho)+rho*s^2)<=z, C_j0/s<=D for all seeds, s_min<=s<=s_max",choose one uniform speed for all seed perturbations and minimize worst-case energy
2222,2,2,2,2,8,balanced,optimized,3,"0,1,2",mean_2b,3125.0,0.8,2500.0,3125.0,124.89996,3265.0,15068.333333,239.117823,15303.0,2282.0,82.540899,2366.0,15655.0,247.606543,15892.0,0.35,0.6,1.6,1,1.306,1.306,19082.421698,18789.798794,298.173374,2500.0,2392.80245,0,0,,1,0.9464,0.9464,15311.712138,15083.366066,238.565323,2500.0,2411.242604,0,0,,3770.70956,19.7601,3B,recommend_3arm_lower_worst_case_energy,3B has lower worst-case energy under seed perturbations,"min z, s.t. E_j0*((1-rho)+rho*s^2)<=z, C_j0/s<=D for all seeds, s_min<=s<=s_max",choose one uniform speed for all seed perturbations and minimize worst-case energy
2222,2,2,2,2,8,balanced,optimized,3,"0,1,2",mean_2b,3125.0,0.85,2656.25,3125.0,124.89996,3265.0,15068.333333,239.117823,15303.0,2282.0,82.540899,2366.0,15655.0,247.606543,15892.0,0.35,0.6,1.6,1,1.229176,1.229176,18039.27095,17762.644434,281.873567,2656.25,2542.352603,0,0,,1,0.890729,0.890729,14742.843278,14522.980841,229.702017,2656.25,2561.945266,0,0,,3296.427672,18.2736,3B,recommend_3arm_lower_worst_case_energy,3B has lower worst-case energy under seed perturbations,"min z, s.t. E_j0*((1-rho)+rho*s^2)<=z, C_j0/s<=D for all seeds, s_min<=s<=s_max",choose one uniform speed for all seed perturbations and minimize worst-case energy
2222,2,2,2,2,8,balanced,optimized,3,"0,1,2",mean_2b,3125.0,0.9,2812.5,3125.0,124.89996,3265.0,15068.333333,239.117823,15303.0,2282.0,82.540899,2366.0,15655.0,247.606543,15892.0,0.35,0.6,1.6,1,1.160889,1.160889,17165.100477,16901.879089,268.214171,2812.5,2691.902757,0,0,,1,0.841244,0.841244,14266.12564,14053.372571,222.274481,2812.5,2712.647929,0,0,,2898.974837,16.8888,3B,recommend_3arm_lower_worst_case_energy,3B has lower worst-case energy under seed perturbations,"min z, s.t. E_j0*((1-rho)+rho*s^2)<=z, C_j0/s<=D for all seeds, s_min<=s<=s_max",choose one uniform speed for all seed perturbations and minimize worst-case energy
2222,2,2,2,2,8,balanced,optimized,3,"0,1,2",mean_2b,3125.0,0.95,2968.75,3125.0,124.89996,3265.0,15068.333333,239.117823,15303.0,2282.0,82.540899,2366.0,15655.0,247.606543,15892.0,0.35,0.6,1.6,1,1.099789,1.099789,16425.290041,16173.413411,256.654225,2968.75,2841.45291,0,0,,1,0.796968,0.796968,13862.679522,13655.943111,215.988557,2968.75,2863.350592,0,0,,2562.610519,15.6016,3B,recommend_3arm_lower_worst_case_energy,3B has lower worst-case energy under seed perturbations,"min z, s.t. E_j0*((1-rho)+rho*s^2)<=z, C_j0/s<=D for all seeds, s_min<=s<=s_max",choose one uniform speed for all seed perturbations and minimize worst-case energy
2222,2,2,2,2,8,balanced,optimized,3,"0,1,2",mean_2b,3125.0,1.0,3125.0,3125.0,124.89996,3265.0,15068.333333,239.117823,15303.0,2282.0,82.540899,2366.0,15655.0,247.606543,15892.0,0.35,0.6,1.6,1,1.0448,1.0448,15793.651887,15551.461228,246.78453,3125.0,2991.003063,0,0,,1,0.75712,0.75712,13518.223768,13316.624282,210.621737,3125.0,3014.053254,0,0,,2275.428118,14.4072,3B,recommend_3arm_lower_worst_case_energy,3B has lower worst-case energy under seed perturbations,"min z, s.t. E_j0*((1-rho)+rho*s^2)<=z, C_j0/s<=D for all seeds, s_min<=s<=s_max",choose one uniform speed for all seed perturbations and minimize worst-case energy
2222,2,2,2,2,8,balanced,optimized,3,"0,1,2",mean_2b,3125.0,1.05,3281.25,3125.0,124.89996,3265.0,15068.333333,239.117823,15303.0,2282.0,82.540899,2366.0,15655.0,247.606543,15892.0,0.35,0.6,1.6,1,0.995048,0.995048,15250.080963,15016.225793,238.290934,3281.25,3140.553216,0,0,,1,0.721067,0.721067,13221.794348,13024.615562,206.003196,3281.25,3164.755917,0,0,,2028.286615,13.3002,3B,recommend_3arm_lower_worst_case_energy,3B has lower worst-case energy under seed perturbations,"min z, s.t. E_j0*((1-rho)+rho*s^2)<=z, C_j0/s<=D for all seeds, s_min<=s<=s_max",choose one uniform speed for all seed perturbations and minimize worst-case energy
2222,2,2,2,2,8,balanced,optimized,3,"0,1,2",mean_2b,3125.0,1.1,3437.5,3125.0,124.89996,3265.0,15068.333333,239.117823,15303.0,2282.0,82.540899,2366.0,15655.0,247.606543,15892.0,0.35,0.6,1.6,1,0.949818,0.949818,14778.93503,14552.304734,230.929019,3437.5,3290.103369,0,0,,1,0.688291,0.688291,12964.860966,12771.51387,202.000025,3437.5,3315.45858,0,0,,1814.074065,12.2747,3B,recommend_3arm_lower_worst_case_energy,3B has lower worst-case energy under seed perturbations,"min z, s.t. E_j0*((1-rho)+rho*s^2)<=z, C_j0/s<=D for all seeds, s_min<=s<=s_max",choose one uniform speed for all seed perturbations and minimize worst-case energy
2222,2,2,2,2,8,balanced,optimized,3,"0,1,2",mean_2b,3125.0,1.15,3593.75,3125.0,124.89996,3265.0,15068.333333,239.117823,15303.0,2282.0,82.540899,2366.0,15655.0,247.606543,15892.0,0.35,0.6,1.6,1,0.908522,0.908522,14367.896606,14147.569454,224.506316,3593.75,3439.653522,0,0,,1,0.658365,0.658365,12740.706441,12550.702198,198.507568,3593.75,3466.161243,0,0,,1627.190165,11.3252,3B,recommend_3arm_lower_worst_case_energy,3B has lower worst-case energy under seed perturbations,"min z, s.t. E_j0*((1-rho)+rho*s^2)<=z, C_j0/s<=D for all seeds, s_min<=s<=s_max",choose one uniform speed for all seed perturbations and minimize worst-case energy
2222,2,2,2,2,8,balanced,optimized,3,"0,1,2",mean_2b,3125.0,1.2,3750.0,3125.0,124.89996,3265.0,15068.333333,239.117823,15303.0,2282.0,82.540899,2366.0,15655.0,247.606543,15892.0,0.35,0.6,1.6,1,0.870667,0.870667,14007.159643,13792.364279,218.869602,3750.0,3589.203675,0,0,,1,0.630933,0.630933,12543.983172,12356.912696,195.442506,3750.0,3616.863905,0,0,,1463.176471,10.4459,3B,recommend_3arm_lower_worst_case_energy,3B has lower worst-case energy under seed perturbations,"min z, s.t. E_j0*((1-rho)+rho*s^2)<=z, C_j0/s<=D for all seeds, s_min<=s<=s_max",choose one uniform speed for all seed perturbations and minimize worst-case energy
2222,2,2,2,2,8,balanced,optimized,3,"0,1,2",mean_2b,3125.0,1.25,3906.25,3125.0,124.89996,3265.0,15068.333333,239.117823,15303.0,2282.0,82.540899,2366.0,15655.0,247.606543,15892.0,0.35,0.6,1.6,1,0.83584,0.83584,13688.839207,13478.925186,213.89567,3906.25,3738.753828,0,0,,1,0.605696,0.605696,12370.391212,12185.909541,192.737843,3906.25,3767.566568,0,0,,1318.447996,9.6316,3B,recommend_3arm_lower_worst_case_energy,3B has lower worst-case energy under seed perturbations,"min z, s.t. E_j0*((1-rho)+rho*s^2)<=z, C_j0/s<=D for all seeds, s_min<=s<=s_max",choose one uniform speed for all seed perturbations and minimize worst-case energy
2222,2,2,2,2,8,balanced,optimized,3,"0,1,2",mean_2b,3125.0,1.3,4062.5,3125.0,124.89996,3265.0,15068.333333,239.117823,15303.0,2282.0,82.540899,2366.0,15655.0,247.606543,15892.0,0.35,0.6,1.6,1,0.803692,0.803692,13406.536915,13200.95191,209.48454,4062.5,3888.303982,0,0,,1,0.5824,0.6,12332.192,12148.28,192.142677,3943.333333,3803.333333,0,0,,1074.344915,8.0136,3B,recommend_3arm_lower_worst_case_energy,3B has lower worst-case energy under seed perturbations,"min z, s.t. E_j0*((1-rho)+rho*s^2)<=z, C_j0/s<=D for all seeds, s_min<=s<=s_max",choose one uniform speed for all seed perturbations and minimize worst-case energy
2222,2,2,2,2,8,balanced,optimized,3,"0,1,2",mean_2b,3125.0,1.35,4218.75,3125.0,124.89996,3265.0,15068.333333,239.117823,15303.0,2282.0,82.540899,2366.0,15655.0,247.606543,15892.0,0.35,0.6,1.6,1,0.773926,0.773926,13155.016879,12953.288854,205.554401,4218.75,4037.854135,0,0,,1,0.56083,0.6,12332.192,12148.28,192.142677,3943.333333,3803.333333,0,0,,822.824879,6.2548,3B,recommend_3arm_lower_worst_case_energy,3B has lower worst-case energy under seed perturbations,"min z, s.t. E_j0*((1-rho)+rho*s^2)<=z, C_j0/s<=D for all seeds, s_min<=s<=s_max",choose one uniform speed for all seed perturbations and minimize worst-case energy
2222,2,2,2,2,8,balanced,optimized,3,"0,1,2",mean_2b,3125.0,1.4,4375.0,3125.0,124.89996,3265.0,15068.333333,239.117823,15303.0,2282.0,82.540899,2366.0,15655.0,247.606543,15892.0,0.35,0.6,1.6,1,0.746286,0.746286,12929.961167,12731.6843,202.037781,4375.0,4187.404288,0,0,,1,0.5408,0.6,12332.192,12148.28,192.142677,3943.333333,3803.333333,0,0,,597.769167,4.6231,3B,recommend_3arm_lower_worst_case_energy,3B has lower worst-case energy under seed perturbations,"min z, s.t. E_j0*((1-rho)+rho*s^2)<=z, C_j0/s<=D for all seeds, s_min<=s<=s_max",choose one uniform speed for all seed perturbations and minimize worst-case energy
2222,2,2,2,2,8,balanced,optimized,3,"0,1,2",mean_2b,3125.0,1.5,4687.5,3125.0,124.89996,3265.0,15068.333333,239.117823,15303.0,2282.0,82.540899,2366.0,15655.0,247.606543,15892.0,0.35,0.6,1.6,1,0.696533,0.696533,12545.484172,12353.103139,196.030116,4687.5,4486.504594,0,0,,1,0.504747,0.6,12332.192,12148.28,192.142677,3943.333333,3803.333333,0,0,,213.292172,1.7002,3B,recommend_3arm_lower_worst_case_energy,3B has lower worst-case energy under seed perturbations,"min z, s.t. E_j0*((1-rho)+rho*s^2)<=z, C_j0/s<=D for all seeds, s_min<=s<=s_max",choose one uniform speed for all seed perturbations and minimize worst-case energy
