counts_code,n1,n2,n3,n4,total_tasks,scenario_type,method,seed_count,seeds_used,deadline_base,deadline_reference_cmax_2B,deadline_ratio,deadline_value,lambda_single,lambda_dual,rho_single,rho_dual,speed_min,speed_max,mode,feasible,opt_speed_single,opt_speed_dual,worst_energy_z,max_cmax_after_speed,worst_energy_seed,binding_time_seed,primal_min,dual_min,stationarity_s_single,stationarity_s_dual,stationarity_z,stationarity_norm,max_complementarity_error,active_constraints,active_time_seeds,active_energy_seeds,selected_multipliers,kkt_pass,kkt_note
1111,1,1,1,1,4,balanced,optimized,3,"0,1,2",mean_2b,1864.0,0.7,1304.8,0.35,0.45,0.35,0.45,0.6,1.8,2B,1,1.507018,1.52342,10101.394311,1304.8,2,1,-8.28e-08,0.0,-0.0056762027,0.0058004353,0.9999341313,0.9999670651,0.0,time_seed_1+energy_seed_2,1,2,energy_seed_2:6.58687e-05;time_seed_1:0.000359768,0,KKT residual is reported for numerical inspection
1111,1,1,1,1,4,balanced,optimized,3,"0,1,2",mean_2b,1864.0,0.7,1304.8,0.35,0.45,0.35,0.45,0.6,1.8,3B,1,0.937825,0.98872,9058.007427,1304.799431,2,2,0.0,0.0,-0.0612055059,0.0680288996,0.9915546306,0.9957683619,9.282e-07,time_seed_2+energy_seed_2,2,2,energy_seed_2:0.00844537;time_seed_2:0.00163011,0,KKT residual is reported for numerical inspection
1111,1,1,1,1,4,balanced,optimized,3,"0,1,2",mean_2b,1864.0,0.75,1398.0,0.35,0.45,0.35,0.45,0.6,1.8,2B,1,1.403097,1.425405,9658.228874,1398.0,2,1,-7.01e-08,0.0,-0.0059509546,0.0061416903,0.9999268604,0.9999634295,0.0,time_seed_1+energy_seed_2,1,2,energy_seed_2:7.31396e-05;time_seed_1:0.000301037,0,KKT residual is reported for numerical inspection
1111,1,1,1,1,4,balanced,optimized,3,"0,1,2",mean_2b,1864.0,0.75,1398.0,0.35,0.45,0.35,0.45,0.6,1.8,3B,1,0.91626,0.968729,9055.259965,1333.666643,2,2,0.0,0.0,0.0,0.0,0.0,0.0,0.0,energy_seed_2,,2,energy_seed_2:1,1,KKT conditions numerically satisfied for robust SLP solution
1111,1,1,1,1,4,balanced,optimized,3,"0,1,2",mean_2b,1864.0,0.8,1491.2,0.35,0.45,0.35,0.45,0.6,1.8,2B,1,1.31153,1.340339,9324.947405,1491.2,2,1,-7.32e-08,0.0,-0.0060967086,0.0063674905,0.9999222792,0.9999611388,0.0,time_seed_1+energy_seed_2,1,2,energy_seed_2:7.77208e-05;time_seed_1:0.000239847,0,KKT residual is reported for numerical inspection
1111,1,1,1,1,4,balanced,optimized,3,"0,1,2",mean_2b,1864.0,0.8,1491.2,0.35,0.45,0.35,0.45,0.6,1.8,3B,1,0.91626,0.968729,9055.259965,1333.666643,2,2,0.0,0.0,0.0,0.0,0.0,0.0,0.0,energy_seed_2,,2,energy_seed_2:1,1,KKT conditions numerically satisfied for robust SLP solution
1111,1,1,1,1,4,balanced,optimized,3,"0,1,2",mean_2b,1864.0,0.85,1584.4,0.35,0.45,0.35,0.45,0.6,1.8,2B,1,1.231259,1.264773,9076.257411,1584.4,2,1,-9.34e-08,0.0,-0.0067397456,0.0071116385,0.9999039912,0.9999519945,0.0,time_seed_1+energy_seed_2,1,2,energy_seed_2:9.60088e-05;time_seed_1:0.000219348,0,KKT residual is reported for numerical inspection
1111,1,1,1,1,4,balanced,optimized,3,"0,1,2",mean_2b,1864.0,0.85,1584.4,0.35,0.45,0.35,0.45,0.6,1.8,3B,1,0.91626,0.968729,9055.259965,1333.666643,2,2,0.0,0.0,0.0,0.0,0.0,0.0,0.0,energy_seed_2,,2,energy_seed_2:1,1,KKT conditions numerically satisfied for robust SLP solution
1111,1,1,1,1,4,balanced,optimized,3,"0,1,2",mean_2b,1864.0,0.9,1677.6,0.35,0.45,0.35,0.45,0.6,1.8,2B,1,1.159887,1.197657,8893.948027,1677.6,2,1,-5.53e-08,0.0,-0.0077329288,0.0082447585,0.9998722094,0.9999361027,0.0,time_seed_1+energy_seed_2,1,2,energy_seed_2:0.000127791;time_seed_1:0.000211111,0,KKT residual is reported for numerical inspection
1111,1,1,1,1,4,balanced,optimized,3,"0,1,2",mean_2b,1864.0,0.9,1677.6,0.35,0.45,0.35,0.45,0.6,1.8,3B,1,0.91626,0.968729,9055.259965,1333.666643,2,2,0.0,0.0,0.0,0.0,0.0,0.0,0.0,energy_seed_2,,2,energy_seed_2:1,1,KKT conditions numerically satisfied for robust SLP solution
1111,1,1,1,1,4,balanced,optimized,3,"0,1,2",mean_2b,1864.0,0.95,1770.8,0.35,0.45,0.35,0.45,0.6,1.8,2B,1,1.096111,1.137547,8764.380646,1770.8,2,1,-9.22e-08,0.0,-0.009467948,0.0101973164,0.9998063352,0.9999031629,0.0,time_seed_1+energy_seed_2,1,2,energy_seed_2:0.000193665;time_seed_1:0.000221937,0,KKT residual is reported for numerical inspection
1111,1,1,1,1,4,balanced,optimized,3,"0,1,2",mean_2b,1864.0,0.95,1770.8,0.35,0.45,0.35,0.45,0.6,1.8,3B,1,0.91626,0.968729,9055.259965,1333.666643,2,2,0.0,0.0,0.0,0.0,0.0,0.0,0.0,energy_seed_2,,2,energy_seed_2:1,1,KKT conditions numerically satisfied for robust SLP solution
1111,1,1,1,1,4,balanced,optimized,3,"0,1,2",mean_2b,1864.0,1.0,1864.0,0.35,0.45,0.35,0.45,0.6,1.8,2B,1,1.038544,1.08366,8677.275997,1864.0,2,1,-2.7e-08,0.0,-0.0123524926,0.0134490329,0.9996664282,0.9998332002,0.0,time_seed_1+energy_seed_2,1,2,energy_seed_2:0.000333572;time_seed_1:0.0002457,0,KKT residual is reported for numerical inspection
1111,1,1,1,1,4,balanced,optimized,3,"0,1,2",mean_2b,1864.0,1.0,1864.0,0.35,0.45,0.35,0.45,0.6,1.8,3B,1,0.91626,0.968729,9055.259965,1333.666643,2,2,0.0,0.0,0.0,0.0,0.0,0.0,0.0,energy_seed_2,,2,energy_seed_2:1,1,KKT conditions numerically satisfied for robust SLP solution
1111,1,1,1,1,4,balanced,optimized,3,"0,1,2",mean_2b,1864.0,1.05,1957.2,0.35,0.45,0.35,0.45,0.6,1.8,2B,1,0.986558,1.034829,8624.69273,1957.199196,2,1,0.0,0.0,-0.0193731764,0.0213153847,0.9991696449,0.9995847362,2.683e-07,time_seed_1+energy_seed_2,1,2,energy_seed_2:0.000830355;time_seed_1:0.000333681,0,KKT residual is reported for numerical inspection
1111,1,1,1,1,4,balanced,optimized,3,"0,1,2",mean_2b,1864.0,1.05,1957.2,0.35,0.45,0.35,0.45,0.6,1.8,3B,1,0.91626,0.968729,9055.259965,1333.666643,2,2,0.0,0.0,0.0,0.0,0.0,0.0,0.0,energy_seed_2,,2,energy_seed_2:1,1,KKT conditions numerically satisfied for robust SLP solution
1111,1,1,1,1,4,balanced,optimized,3,"0,1,2",mean_2b,1864.0,1.1,2050.4,0.35,0.45,0.35,0.45,0.6,1.8,2B,1,0.939427,0.990322,8600.48324,2050.397992,2,1,0.0,0.0,-0.057387756,0.0637743372,0.9925844896,0.9962853455,1.8703e-06,time_seed_1+energy_seed_2,1,2,energy_seed_2:0.00741551;time_seed_1:0.000931484,0,KKT residual is reported for numerical inspection
1111,1,1,1,1,4,balanced,optimized,3,"0,1,2",mean_2b,1864.0,1.1,2050.4,0.35,0.45,0.35,0.45,0.6,1.8,3B,1,0.91626,0.968729,9055.259965,1333.666643,2,2,0.0,0.0,0.0,0.0,0.0,0.0,0.0,energy_seed_2,,2,energy_seed_2:1,1,KKT conditions numerically satisfied for robust SLP solution
1111,1,1,1,1,4,balanced,optimized,3,"0,1,2",mean_2b,1864.0,1.15,2143.6,0.35,0.45,0.35,0.45,0.6,1.8,2B,1,0.91626,0.968729,8597.460172,2099.250759,2,1,0.0,0.0,0.0,0.0,0.0,0.0,0.0,energy_seed_2,,2,energy_seed_2:1,1,KKT conditions numerically satisfied for robust SLP solution
1111,1,1,1,1,4,balanced,optimized,3,"0,1,2",mean_2b,1864.0,1.15,2143.6,0.35,0.45,0.35,0.45,0.6,1.8,3B,1,0.91626,0.968729,9055.259965,1333.666643,2,2,0.0,0.0,0.0,0.0,0.0,0.0,0.0,energy_seed_2,,2,energy_seed_2:1,1,KKT conditions numerically satisfied for robust SLP solution
1111,1,1,1,1,4,balanced,optimized,3,"0,1,2",mean_2b,1864.0,1.2,2236.8,0.35,0.45,0.35,0.45,0.6,1.8,2B,1,0.91626,0.968729,8597.460172,2099.250759,2,1,0.0,0.0,0.0,0.0,0.0,0.0,0.0,energy_seed_2,,2,energy_seed_2:1,1,KKT conditions numerically satisfied for robust SLP solution
1111,1,1,1,1,4,balanced,optimized,3,"0,1,2",mean_2b,1864.0,1.2,2236.8,0.35,0.45,0.35,0.45,0.6,1.8,3B,1,0.91626,0.968729,9055.259965,1333.666643,2,2,0.0,0.0,0.0,0.0,0.0,0.0,0.0,energy_seed_2,,2,energy_seed_2:1,1,KKT conditions numerically satisfied for robust SLP solution
1111,1,1,1,1,4,balanced,optimized,3,"0,1,2",mean_2b,1864.0,1.25,2330.0,0.35,0.45,0.35,0.45,0.6,1.8,2B,1,0.91626,0.968729,8597.460172,2099.250759,2,1,0.0,0.0,0.0,0.0,0.0,0.0,0.0,energy_seed_2,,2,energy_seed_2:1,1,KKT conditions numerically satisfied for robust SLP solution
1111,1,1,1,1,4,balanced,optimized,3,"0,1,2",mean_2b,1864.0,1.25,2330.0,0.35,0.45,0.35,0.45,0.6,1.8,3B,1,0.91626,0.968729,9055.259965,1333.666643,2,2,0.0,0.0,0.0,0.0,0.0,0.0,0.0,energy_seed_2,,2,energy_seed_2:1,1,KKT conditions numerically satisfied for robust SLP solution
1111,1,1,1,1,4,balanced,optimized,3,"0,1,2",mean_2b,1864.0,1.3,2423.2,0.35,0.45,0.35,0.45,0.6,1.8,2B,1,0.91626,0.968729,8597.460172,2099.250759,2,1,0.0,0.0,0.0,0.0,0.0,0.0,0.0,energy_seed_2,,2,energy_seed_2:1,1,KKT conditions numerically satisfied for robust SLP solution
1111,1,1,1,1,4,balanced,optimized,3,"0,1,2",mean_2b,1864.0,1.3,2423.2,0.35,0.45,0.35,0.45,0.6,1.8,3B,1,0.91626,0.968729,9055.259965,1333.666643,2,2,0.0,0.0,0.0,0.0,0.0,0.0,0.0,energy_seed_2,,2,energy_seed_2:1,1,KKT conditions numerically satisfied for robust SLP solution
1111,1,1,1,1,4,balanced,optimized,3,"0,1,2",mean_2b,1864.0,1.35,2516.4,0.35,0.45,0.35,0.45,0.6,1.8,2B,1,0.91626,0.968729,8597.460172,2099.250759,2,1,0.0,0.0,0.0,0.0,0.0,0.0,0.0,energy_seed_2,,2,energy_seed_2:1,1,KKT conditions numerically satisfied for robust SLP solution
1111,1,1,1,1,4,balanced,optimized,3,"0,1,2",mean_2b,1864.0,1.35,2516.4,0.35,0.45,0.35,0.45,0.6,1.8,3B,1,0.91626,0.968729,9055.259965,1333.666643,2,2,0.0,0.0,0.0,0.0,0.0,0.0,0.0,energy_seed_2,,2,energy_seed_2:1,1,KKT conditions numerically satisfied for robust SLP solution
1111,1,1,1,1,4,balanced,optimized,3,"0,1,2",mean_2b,1864.0,1.4,2609.6,0.35,0.45,0.35,0.45,0.6,1.8,2B,1,0.91626,0.968729,8597.460172,2099.250759,2,1,0.0,0.0,0.0,0.0,0.0,0.0,0.0,energy_seed_2,,2,energy_seed_2:1,1,KKT conditions numerically satisfied for robust SLP solution
1111,1,1,1,1,4,balanced,optimized,3,"0,1,2",mean_2b,1864.0,1.4,2609.6,0.35,0.45,0.35,0.45,0.6,1.8,3B,1,0.91626,0.968729,9055.259965,1333.666643,2,2,0.0,0.0,0.0,0.0,0.0,0.0,0.0,energy_seed_2,,2,energy_seed_2:1,1,KKT conditions numerically satisfied for robust SLP solution
1111,1,1,1,1,4,balanced,optimized,3,"0,1,2",mean_2b,1864.0,1.5,2796.0,0.35,0.45,0.35,0.45,0.6,1.8,2B,1,0.91626,0.968729,8597.460172,2099.250759,2,1,0.0,0.0,0.0,0.0,0.0,0.0,0.0,energy_seed_2,,2,energy_seed_2:1,1,KKT conditions numerically satisfied for robust SLP solution
1111,1,1,1,1,4,balanced,optimized,3,"0,1,2",mean_2b,1864.0,1.5,2796.0,0.35,0.45,0.35,0.45,0.6,1.8,3B,1,0.91626,0.968729,9055.259965,1333.666643,2,2,0.0,0.0,0.0,0.0,0.0,0.0,0.0,energy_seed_2,,2,energy_seed_2:1,1,KKT conditions numerically satisfied for robust SLP solution
1112,1,1,1,2,5,type4_dominant,optimized,3,"0,1,2",mean_2b,2390.333333,0.7,1673.233333,0.35,0.45,0.35,0.45,0.6,1.8,2B,1,1.495841,1.512961,14278.784549,1673.233333,1,1,-6.99e-08,0.0,-0.0049970391,0.003408047,0.9999634135,0.9999817066,0.0,time_seed_1+energy_seed_1,1,1,energy_seed_1:3.65865e-05;time_seed_1:0.000219607,0,KKT residual is reported for numerical inspection
1112,1,1,1,2,5,type4_dominant,optimized,3,"0,1,2",mean_2b,2390.333333,0.7,1673.233333,0.35,0.45,0.35,0.45,0.6,1.8,3B,1,0.987893,1.035639,12778.862935,1673.233333,1,1,-6.66e-08,0.0,-0.0171195278,0.0125428804,0.9995493949,0.9997746721,0.0,time_seed_1+energy_seed_1+time_seed_2,"1,2",1,energy_seed_1:0.000450605;time_seed_1:0.00032462,0,KKT residual is reported for numerical inspection
1112,1,1,1,2,5,type4_dominant,optimized,3,"0,1,2",mean_2b,2390.333333,0.75,1792.75,0.35,0.45,0.35,0.45,0.6,1.8,2B,1,1.391383,1.415345,13659.689589,1792.75,1,1,-7.03e-08,0.0,-0.0050783571,0.0035031881,0.9999619365,0.9999809681,0.0,time_seed_1+energy_seed_1,1,1,energy_seed_1:3.80635e-05;time_seed_1:0.000171702,0,KKT residual is reported for numerical inspection
1112,1,1,1,2,5,type4_dominant,optimized,3,"0,1,2",mean_2b,2390.333333,0.75,1792.75,0.35,0.45,0.35,0.45,0.6,1.8,3B,1,0.917831,0.969775,12737.494955,1792.666878,1,1,0.0,0.0,0.3534284006,-0.2630431287,0.7364247831,0.8581519581,0.0002602743,time_seed_1+energy_seed_1+time_seed_2,"1,2",1,energy_seed_1:0.263575;time_seed_1:0.00313123,0,KKT residual is reported for numerical inspection
1112,1,1,1,2,5,type4_dominant,optimized,3,"0,1,2",mean_2b,2390.333333,0.8,1912.266667,0.35,0.45,0.35,0.45,0.6,1.8,2B,1,1.300344,1.329713,13195.884627,1912.266667,1,1,-6.59e-08,0.0,-0.0054472301,0.0037973774,0.9999559057,0.9999779526,0.0,time_seed_1+energy_seed_1,1,1,energy_seed_1:4.40943e-05;time_seed_1:0.000148499,0,KKT residual is reported for numerical inspection
1112,1,1,1,2,5,type4_dominant,optimized,3,"0,1,2",mean_2b,2390.333333,0.8,1912.266667,0.35,0.45,0.35,0.45,0.6,1.8,3B,1,0.91626,0.968729,12737.480146,1795.072878,1,1,0.0,0.0,0.0,0.0,0.0,0.0,0.0,energy_seed_1,,1,energy_seed_1:1,1,KKT conditions numerically satisfied for robust SLP solution
1112,1,1,1,2,5,type4_dominant,optimized,3,"0,1,2",mean_2b,2390.333333,0.85,2031.783333,0.35,0.45,0.35,0.45,0.6,1.8,2B,1,1.220061,1.254153,12851.942228,2031.783333,1,1,-7.52e-08,0.0,-0.006062049,0.0042703765,0.9999450124,0.9999725058,0.0,time_seed_1+energy_seed_1,1,1,energy_seed_1:5.49876e-05;time_seed_1:0.000136224,0,KKT residual is reported for numerical inspection
1112,1,1,1,2,5,type4_dominant,optimized,3,"0,1,2",mean_2b,2390.333333,0.85,2031.783333,0.35,0.45,0.35,0.45,0.6,1.8,3B,1,0.91626,0.968729,12737.480146,1795.072878,1,1,0.0,0.0,0.0,0.0,0.0,0.0,0.0,energy_seed_1,,1,energy_seed_1:1,1,KKT conditions numerically satisfied for robust SLP solution
1112,1,1,1,2,5,type4_dominant,optimized,3,"0,1,2",mean_2b,2390.333333,0.9,2151.3,0.35,0.45,0.35,0.45,0.6,1.8,2B,1,1.14871,1.187005,12601.946978,2151.3,1,1,-2.31e-08,0.0,-0.0070518174,0.0050198935,0.9999250669,0.9999625328,0.0,time_seed_1+energy_seed_1,1,1,energy_seed_1:7.49331e-05;time_seed_1:0.000132909,0,KKT residual is reported for numerical inspection
1112,1,1,1,2,5,type4_dominant,optimized,3,"0,1,2",mean_2b,2390.333333,0.9,2151.3,0.35,0.45,0.35,0.45,0.6,1.8,3B,1,0.91626,0.968729,12737.480146,1795.072878,1,1,0.0,0.0,0.0,0.0,0.0,0.0,0.0,energy_seed_1,,1,energy_seed_1:1,1,KKT conditions numerically satisfied for robust SLP solution
1112,1,1,1,2,5,type4_dominant,optimized,3,"0,1,2",mean_2b,2390.333333,0.95,2270.816667,0.35,0.45,0.35,0.45,0.6,1.8,2B,1,1.084936,1.126903,12426.607891,2270.816667,1,1,-5.03e-08,0.0,-0.0087972436,0.0063273286,0.9998825596,0.9999412781,0.0,time_seed_1+energy_seed_1,1,1,energy_seed_1:0.00011744;time_seed_1:0.000142131,0,KKT residual is reported for numerical inspection
1112,1,1,1,2,5,type4_dominant,optimized,3,"0,1,2",mean_2b,2390.333333,0.95,2270.816667,0.35,0.45,0.35,0.45,0.6,1.8,3B,1,0.91626,0.968729,12737.480146,1795.072878,1,1,0.0,0.0,0.0,0.0,0.0,0.0,0.0,energy_seed_1,,1,energy_seed_1:1,1,KKT conditions numerically satisfied for robust SLP solution
1112,1,1,1,2,5,type4_dominant,optimized,3,"0,1,2",mean_2b,2390.333333,1.0,2390.333333,0.35,0.45,0.35,0.45,0.6,1.8,2B,1,1.027336,1.072984,12311.366365,2390.333136,1,1,0.0,0.0,-0.011875605,0.0086362653,0.9997843384,0.9998921634,3.22e-08,time_seed_1+energy_seed_1,1,1,energy_seed_1:0.000215662;time_seed_1:0.000162647,0,KKT residual is reported for numerical inspection
1112,1,1,1,2,5,type4_dominant,optimized,3,"0,1,2",mean_2b,2390.333333,1.0,2390.333333,0.35,0.45,0.35,0.45,0.6,1.8,3B,1,0.91626,0.968729,12737.480146,1795.072878,1,1,0.0,0.0,0.0,0.0,0.0,0.0,0.0,energy_seed_1,,1,energy_seed_1:1,1,KKT conditions numerically satisfied for robust SLP solution
1112,1,1,1,2,5,type4_dominant,optimized,3,"0,1,2",mean_2b,2390.333333,1.05,2509.85,0.35,0.45,0.35,0.45,0.6,1.8,2B,1,0.975345,1.024134,12244.98431,2509.85,1,1,-3.91e-08,0.0,-0.0203419881,0.0149519905,0.9993622348,0.9996810665,0.0,time_seed_1+energy_seed_1,1,1,energy_seed_1:0.000637765;time_seed_1:0.000242848,0,KKT residual is reported for numerical inspection
1112,1,1,1,2,5,type4_dominant,optimized,3,"0,1,2",mean_2b,2390.333333,1.05,2509.85,0.35,0.45,0.35,0.45,0.6,1.8,3B,1,0.91626,0.968729,12737.480146,1795.072878,1,1,0.0,0.0,0.0,0.0,0.0,0.0,0.0,energy_seed_1,,1,energy_seed_1:1,1,KKT conditions numerically satisfied for robust SLP solution
1112,1,1,1,2,5,type4_dominant,optimized,3,"0,1,2",mean_2b,2390.333333,1.1,2629.366667,0.35,0.45,0.35,0.45,0.6,1.8,2B,1,0.928232,0.979652,12218.765074,2629.340407,1,1,0.0,0.0,-0.1152450014,0.0855777876,0.9789520142,0.9894200393,3.99164e-05,time_seed_1+energy_seed_1,1,1,energy_seed_1:0.021048;time_seed_1:0.00152008,0,KKT residual is reported for numerical inspection
1112,1,1,1,2,5,type4_dominant,optimized,3,"0,1,2",mean_2b,2390.333333,1.1,2629.366667,0.35,0.45,0.35,0.45,0.6,1.8,3B,1,0.91626,0.968729,12737.480146,1795.072878,1,1,0.0,0.0,0.0,0.0,0.0,0.0,0.0,energy_seed_1,,1,energy_seed_1:1,1,KKT conditions numerically satisfied for robust SLP solution
1112,1,1,1,2,5,type4_dominant,optimized,3,"0,1,2",mean_2b,2390.333333,1.15,2748.883333,0.35,0.45,0.35,0.45,0.6,1.8,2B,1,0.91626,0.968729,12217.644085,2660.931561,1,1,0.0,0.0,0.0,0.0,0.0,0.0,0.0,energy_seed_1,,1,energy_seed_1:1,1,KKT conditions numerically satisfied for robust SLP solution
1112,1,1,1,2,5,type4_dominant,optimized,3,"0,1,2",mean_2b,2390.333333,1.15,2748.883333,0.35,0.45,0.35,0.45,0.6,1.8,3B,1,0.91626,0.968729,12737.480146,1795.072878,1,1,0.0,0.0,0.0,0.0,0.0,0.0,0.0,energy_seed_1,,1,energy_seed_1:1,1,KKT conditions numerically satisfied for robust SLP solution
1112,1,1,1,2,5,type4_dominant,optimized,3,"0,1,2",mean_2b,2390.333333,1.2,2868.4,0.35,0.45,0.35,0.45,0.6,1.8,2B,1,0.91626,0.968729,12217.644085,2660.931561,1,1,0.0,0.0,0.0,0.0,0.0,0.0,0.0,energy_seed_1,,1,energy_seed_1:1,1,KKT conditions numerically satisfied for robust SLP solution
1112,1,1,1,2,5,type4_dominant,optimized,3,"0,1,2",mean_2b,2390.333333,1.2,2868.4,0.35,0.45,0.35,0.45,0.6,1.8,3B,1,0.91626,0.968729,12737.480146,1795.072878,1,1,0.0,0.0,0.0,0.0,0.0,0.0,0.0,energy_seed_1,,1,energy_seed_1:1,1,KKT conditions numerically satisfied for robust SLP solution
1112,1,1,1,2,5,type4_dominant,optimized,3,"0,1,2",mean_2b,2390.333333,1.25,2987.916667,0.35,0.45,0.35,0.45,0.6,1.8,2B,1,0.91626,0.968729,12217.644085,2660.931561,1,1,0.0,0.0,0.0,0.0,0.0,0.0,0.0,energy_seed_1,,1,energy_seed_1:1,1,KKT conditions numerically satisfied for robust SLP solution
1112,1,1,1,2,5,type4_dominant,optimized,3,"0,1,2",mean_2b,2390.333333,1.25,2987.916667,0.35,0.45,0.35,0.45,0.6,1.8,3B,1,0.91626,0.968729,12737.480146,1795.072878,1,1,0.0,0.0,0.0,0.0,0.0,0.0,0.0,energy_seed_1,,1,energy_seed_1:1,1,KKT conditions numerically satisfied for robust SLP solution
1112,1,1,1,2,5,type4_dominant,optimized,3,"0,1,2",mean_2b,2390.333333,1.3,3107.433333,0.35,0.45,0.35,0.45,0.6,1.8,2B,1,0.91626,0.968729,12217.644085,2660.931561,1,1,0.0,0.0,0.0,0.0,0.0,0.0,0.0,energy_seed_1,,1,energy_seed_1:1,1,KKT conditions numerically satisfied for robust SLP solution
1112,1,1,1,2,5,type4_dominant,optimized,3,"0,1,2",mean_2b,2390.333333,1.3,3107.433333,0.35,0.45,0.35,0.45,0.6,1.8,3B,1,0.91626,0.968729,12737.480146,1795.072878,1,1,0.0,0.0,0.0,0.0,0.0,0.0,0.0,energy_seed_1,,1,energy_seed_1:1,1,KKT conditions numerically satisfied for robust SLP solution
1112,1,1,1,2,5,type4_dominant,optimized,3,"0,1,2",mean_2b,2390.333333,1.35,3226.95,0.35,0.45,0.35,0.45,0.6,1.8,2B,1,0.91626,0.968729,12217.644085,2660.931561,1,1,0.0,0.0,0.0,0.0,0.0,0.0,0.0,energy_seed_1,,1,energy_seed_1:1,1,KKT conditions numerically satisfied for robust SLP solution
1112,1,1,1,2,5,type4_dominant,optimized,3,"0,1,2",mean_2b,2390.333333,1.35,3226.95,0.35,0.45,0.35,0.45,0.6,1.8,3B,1,0.91626,0.968729,12737.480146,1795.072878,1,1,0.0,0.0,0.0,0.0,0.0,0.0,0.0,energy_seed_1,,1,energy_seed_1:1,1,KKT conditions numerically satisfied for robust SLP solution
1112,1,1,1,2,5,type4_dominant,optimized,3,"0,1,2",mean_2b,2390.333333,1.4,3346.466667,0.35,0.45,0.35,0.45,0.6,1.8,2B,1,0.91626,0.968729,12217.644085,2660.931561,1,1,0.0,0.0,0.0,0.0,0.0,0.0,0.0,energy_seed_1,,1,energy_seed_1:1,1,KKT conditions numerically satisfied for robust SLP solution
1112,1,1,1,2,5,type4_dominant,optimized,3,"0,1,2",mean_2b,2390.333333,1.4,3346.466667,0.35,0.45,0.35,0.45,0.6,1.8,3B,1,0.91626,0.968729,12737.480146,1795.072878,1,1,0.0,0.0,0.0,0.0,0.0,0.0,0.0,energy_seed_1,,1,energy_seed_1:1,1,KKT conditions numerically satisfied for robust SLP solution
1112,1,1,1,2,5,type4_dominant,optimized,3,"0,1,2",mean_2b,2390.333333,1.5,3585.5,0.35,0.45,0.35,0.45,0.6,1.8,2B,1,0.91626,0.968729,12217.644085,2660.931561,1,1,0.0,0.0,0.0,0.0,0.0,0.0,0.0,energy_seed_1,,1,energy_seed_1:1,1,KKT conditions numerically satisfied for robust SLP solution
1112,1,1,1,2,5,type4_dominant,optimized,3,"0,1,2",mean_2b,2390.333333,1.5,3585.5,0.35,0.45,0.35,0.45,0.6,1.8,3B,1,0.91626,0.968729,12737.480146,1795.072878,1,1,0.0,0.0,0.0,0.0,0.0,0.0,0.0,energy_seed_1,,1,energy_seed_1:1,1,KKT conditions numerically satisfied for robust SLP solution
1121,1,1,2,1,5,dual_arm_dominant,optimized,3,"0,1,2",mean_2b,2341.0,0.7,1638.7,0.35,0.45,0.35,0.45,0.6,1.8,2B,1,1.534388,1.549293,12157.803921,1638.7,0,0,-6.98e-08,0.0,-0.0059153159,0.0040205304,0.9999488418,0.9999744206,0.0,time_seed_0+energy_seed_0,0,0,energy_seed_0:5.11582e-05;time_seed_0:0.000281872,0,KKT residual is reported for numerical inspection
1121,1,1,2,1,5,dual_arm_dominant,optimized,3,"0,1,2",mean_2b,2341.0,0.7,1638.7,0.35,0.45,0.35,0.45,0.6,1.8,3B,1,1.030637,1.076279,10744.841214,1638.7,0,1,-2.1e-08,0.0,-0.0130671957,0.0095001156,0.999738928,0.9998694555,0.0,energy_seed_0+time_seed_1,1,0,energy_seed_0:0.000261072;time_seed_1:0.000258371,0,KKT residual is reported for numerical inspection
1121,1,1,2,1,5,dual_arm_dominant,optimized,3,"0,1,2",mean_2b,2341.0,0.75,1755.75,0.35,0.45,0.35,0.45,0.6,1.8,2B,1,1.427291,1.449291,11599.219082,1755.75,0,0,-7.57e-08,0.0,-0.0059252872,0.0040729092,0.9999482997,0.9999741495,0.0,time_seed_0+energy_seed_0,0,0,energy_seed_0:5.17003e-05;time_seed_0:0.000215709,0,KKT residual is reported for numerical inspection
1121,1,1,2,1,5,dual_arm_dominant,optimized,3,"0,1,2",mean_2b,2341.0,0.75,1755.75,0.35,0.45,0.35,0.45,0.6,1.8,3B,1,0.957745,1.007591,10670.011883,1755.749572,0,1,0.0,0.0,-0.03231271,0.0238424276,0.9983848186,0.9991920829,2.302e-07,energy_seed_0+time_seed_1,1,0,energy_seed_0:0.00161518;time_seed_1:0.000537812,0,KKT residual is reported for numerical inspection
1121,1,1,2,1,5,dual_arm_dominant,optimized,3,"0,1,2",mean_2b,2341.0,0.8,1872.8,0.35,0.45,0.35,0.45,0.6,1.8,2B,1,1.334174,1.361412,11177.043326,1872.8,0,0,-9.29e-08,0.0,-0.0063431023,0.0044031638,0.9999403736,0.9999701864,0.0,time_seed_0+energy_seed_0,0,0,energy_seed_0:5.96264e-05;time_seed_0:0.000187626,0,KKT residual is reported for numerical inspection
1121,1,1,2,1,5,dual_arm_dominant,optimized,3,"0,1,2",mean_2b,2341.0,0.8,1872.8,0.35,0.45,0.35,0.45,0.6,1.8,3B,1,0.91626,0.968729,10658.135901,1829.918411,0,1,0.0,0.0,0.0,0.0,0.0,0.0,0.0,energy_seed_0,,0,energy_seed_0:1,1,KKT conditions numerically satisfied for robust SLP solution
1121,1,1,2,1,5,dual_arm_dominant,optimized,3,"0,1,2",mean_2b,2341.0,0.85,1989.85,0.35,0.45,0.35,0.45,0.6,1.8,2B,1,1.251635,1.284161,10860.256443,1989.85,0,0,-7.53e-08,0.0,-0.0068158737,0.0047831468,0.9999306606,0.9999653297,0.0,time_seed_0+energy_seed_0,0,0,energy_seed_0:6.93394e-05;time_seed_0:0.000162846,0,KKT residual is reported for numerical inspection
1121,1,1,2,1,5,dual_arm_dominant,optimized,3,"0,1,2",mean_2b,2341.0,0.85,1989.85,0.35,0.45,0.35,0.45,0.6,1.8,3B,1,0.91626,0.968729,10658.135901,1829.918411,0,1,0.0,0.0,0.0,0.0,0.0,0.0,0.0,energy_seed_0,,0,energy_seed_0:1,1,KKT conditions numerically satisfied for robust SLP solution
1121,1,1,2,1,5,dual_arm_dominant,optimized,3,"0,1,2",mean_2b,2341.0,0.9,2106.9,0.35,0.45,0.35,0.45,0.6,1.8,2B,1,1.178589,1.215295,10625.969083,2106.9,0,0,-9.39e-08,0.0,-0.0077764672,0.00551226,0.9999091333,0.9999545656,0.0,time_seed_0+energy_seed_0,0,0,energy_seed_0:9.08667e-05;time_seed_0:0.000156042,0,KKT residual is reported for numerical inspection
1121,1,1,2,1,5,dual_arm_dominant,optimized,3,"0,1,2",mean_2b,2341.0,0.9,2106.9,0.35,0.45,0.35,0.45,0.6,1.8,3B,1,0.91626,0.968729,10658.135901,1829.918411,0,1,0.0,0.0,0.0,0.0,0.0,0.0,0.0,energy_seed_0,,0,energy_seed_0:1,1,KKT conditions numerically satisfied for robust SLP solution
1121,1,1,2,1,5,dual_arm_dominant,optimized,3,"0,1,2",mean_2b,2341.0,0.95,2223.95,0.35,0.45,0.35,0.45,0.6,1.8,2B,1,1.113278,1.153669,10457.290336,2223.95,0,0,-5.71e-08,0.0,-0.0093739637,0.0067109926,0.9998670737,0.9999335346,0.0,time_seed_0+energy_seed_0,0,0,energy_seed_0:0.000132926;time_seed_0:0.000161077,0,KKT residual is reported for numerical inspection
1121,1,1,2,1,5,dual_arm_dominant,optimized,3,"0,1,2",mean_2b,2341.0,0.95,2223.95,0.35,0.45,0.35,0.45,0.6,1.8,3B,1,0.91626,0.968729,10658.135901,1829.918411,0,1,0.0,0.0,0.0,0.0,0.0,0.0,0.0,energy_seed_0,,0,energy_seed_0:1,1,KKT conditions numerically satisfied for robust SLP solution
1121,1,1,2,1,5,dual_arm_dominant,optimized,3,"0,1,2",mean_2b,2341.0,1.0,2341.0,0.35,0.45,0.35,0.45,0.6,1.8,2B,1,1.054304,1.098368,10341.42756,2341.0,0,0,-5.32e-08,0.0,-0.0119498016,0.0086463622,0.9997823953,0.9998911917,0.0,time_seed_0+energy_seed_0,0,0,energy_seed_0:0.000217605;time_seed_0:0.000174645,0,KKT residual is reported for numerical inspection
1121,1,1,2,1,5,dual_arm_dominant,optimized,3,"0,1,2",mean_2b,2341.0,1.0,2341.0,0.35,0.45,0.35,0.45,0.6,1.8,3B,1,0.91626,0.968729,10658.135901,1829.918411,0,1,0.0,0.0,0.0,0.0,0.0,0.0,0.0,energy_seed_0,,0,energy_seed_0:1,1,KKT conditions numerically satisfied for robust SLP solution
1121,1,1,2,1,5,dual_arm_dominant,optimized,3,"0,1,2",mean_2b,2341.0,1.05,2458.05,0.35,0.45,0.35,0.45,0.6,1.8,2B,1,1.001061,1.048274,10268.507284,2458.05,0,0,-6.91e-08,0.0,-0.0177726462,0.0129923871,0.9995150958,0.9997575185,0.0,time_seed_0+energy_seed_0,0,0,energy_seed_0:0.000484904;time_seed_0:0.000226712,0,KKT residual is reported for numerical inspection
1121,1,1,2,1,5,dual_arm_dominant,optimized,3,"0,1,2",mean_2b,2341.0,1.05,2458.05,0.35,0.45,0.35,0.45,0.6,1.8,3B,1,0.91626,0.968729,10658.135901,1829.918411,0,1,0.0,0.0,0.0,0.0,0.0,0.0,0.0,energy_seed_0,,0,energy_seed_0:1,1,KKT conditions numerically satisfied for robust SLP solution
1121,1,1,2,1,5,dual_arm_dominant,optimized,3,"0,1,2",mean_2b,2341.0,1.1,2575.1,0.35,0.45,0.35,0.45,0.6,1.8,2B,1,0.952809,1.002645,10230.884351,2575.1,0,0,-5.97e-08,0.0,-0.041199404,0.0304146669,0.9973706436,0.9986844565,0.0,time_seed_0+energy_seed_0,0,0,energy_seed_0:0.00262936;time_seed_0:0.000501122,0,KKT residual is reported for numerical inspection
1121,1,1,2,1,5,dual_arm_dominant,optimized,3,"0,1,2",mean_2b,2341.0,1.1,2575.1,0.35,0.45,0.35,0.45,0.6,1.8,3B,1,0.91626,0.968729,10658.135901,1829.918411,0,1,0.0,0.0,0.0,0.0,0.0,0.0,0.0,energy_seed_0,,0,energy_seed_0:1,1,KKT conditions numerically satisfied for robust SLP solution
1121,1,1,2,1,5,dual_arm_dominant,optimized,3,"0,1,2",mean_2b,2341.0,1.15,2692.15,0.35,0.45,0.35,0.45,0.6,1.8,2B,1,0.91626,0.968729,10222.11218,2670.434888,0,0,0.0,0.0,0.0,0.0,0.0,0.0,0.0,energy_seed_0,,0,energy_seed_0:1,1,KKT conditions numerically satisfied for robust SLP solution
1121,1,1,2,1,5,dual_arm_dominant,optimized,3,"0,1,2",mean_2b,2341.0,1.15,2692.15,0.35,0.45,0.35,0.45,0.6,1.8,3B,1,0.91626,0.968729,10658.135901,1829.918411,0,1,0.0,0.0,0.0,0.0,0.0,0.0,0.0,energy_seed_0,,0,energy_seed_0:1,1,KKT conditions numerically satisfied for robust SLP solution
1121,1,1,2,1,5,dual_arm_dominant,optimized,3,"0,1,2",mean_2b,2341.0,1.2,2809.2,0.35,0.45,0.35,0.45,0.6,1.8,2B,1,0.91626,0.968729,10222.11218,2670.434888,0,0,0.0,0.0,0.0,0.0,0.0,0.0,0.0,energy_seed_0,,0,energy_seed_0:1,1,KKT conditions numerically satisfied for robust SLP solution
1121,1,1,2,1,5,dual_arm_dominant,optimized,3,"0,1,2",mean_2b,2341.0,1.2,2809.2,0.35,0.45,0.35,0.45,0.6,1.8,3B,1,0.91626,0.968729,10658.135901,1829.918411,0,1,0.0,0.0,0.0,0.0,0.0,0.0,0.0,energy_seed_0,,0,energy_seed_0:1,1,KKT conditions numerically satisfied for robust SLP solution
1121,1,1,2,1,5,dual_arm_dominant,optimized,3,"0,1,2",mean_2b,2341.0,1.25,2926.25,0.35,0.45,0.35,0.45,0.6,1.8,2B,1,0.91626,0.968729,10222.11218,2670.434888,0,0,0.0,0.0,0.0,0.0,0.0,0.0,0.0,energy_seed_0,,0,energy_seed_0:1,1,KKT conditions numerically satisfied for robust SLP solution
1121,1,1,2,1,5,dual_arm_dominant,optimized,3,"0,1,2",mean_2b,2341.0,1.25,2926.25,0.35,0.45,0.35,0.45,0.6,1.8,3B,1,0.91626,0.968729,10658.135901,1829.918411,0,1,0.0,0.0,0.0,0.0,0.0,0.0,0.0,energy_seed_0,,0,energy_seed_0:1,1,KKT conditions numerically satisfied for robust SLP solution
1121,1,1,2,1,5,dual_arm_dominant,optimized,3,"0,1,2",mean_2b,2341.0,1.3,3043.3,0.35,0.45,0.35,0.45,0.6,1.8,2B,1,0.91626,0.968729,10222.11218,2670.434888,0,0,0.0,0.0,0.0,0.0,0.0,0.0,0.0,energy_seed_0,,0,energy_seed_0:1,1,KKT conditions numerically satisfied for robust SLP solution
1121,1,1,2,1,5,dual_arm_dominant,optimized,3,"0,1,2",mean_2b,2341.0,1.3,3043.3,0.35,0.45,0.35,0.45,0.6,1.8,3B,1,0.91626,0.968729,10658.135901,1829.918411,0,1,0.0,0.0,0.0,0.0,0.0,0.0,0.0,energy_seed_0,,0,energy_seed_0:1,1,KKT conditions numerically satisfied for robust SLP solution
1121,1,1,2,1,5,dual_arm_dominant,optimized,3,"0,1,2",mean_2b,2341.0,1.35,3160.35,0.35,0.45,0.35,0.45,0.6,1.8,2B,1,0.91626,0.968729,10222.11218,2670.434888,0,0,0.0,0.0,0.0,0.0,0.0,0.0,0.0,energy_seed_0,,0,energy_seed_0:1,1,KKT conditions numerically satisfied for robust SLP solution
1121,1,1,2,1,5,dual_arm_dominant,optimized,3,"0,1,2",mean_2b,2341.0,1.35,3160.35,0.35,0.45,0.35,0.45,0.6,1.8,3B,1,0.91626,0.968729,10658.135901,1829.918411,0,1,0.0,0.0,0.0,0.0,0.0,0.0,0.0,energy_seed_0,,0,energy_seed_0:1,1,KKT conditions numerically satisfied for robust SLP solution
1121,1,1,2,1,5,dual_arm_dominant,optimized,3,"0,1,2",mean_2b,2341.0,1.4,3277.4,0.35,0.45,0.35,0.45,0.6,1.8,2B,1,0.91626,0.968729,10222.11218,2670.434888,0,0,0.0,0.0,0.0,0.0,0.0,0.0,0.0,energy_seed_0,,0,energy_seed_0:1,1,KKT conditions numerically satisfied for robust SLP solution
1121,1,1,2,1,5,dual_arm_dominant,optimized,3,"0,1,2",mean_2b,2341.0,1.4,3277.4,0.35,0.45,0.35,0.45,0.6,1.8,3B,1,0.91626,0.968729,10658.135901,1829.918411,0,1,0.0,0.0,0.0,0.0,0.0,0.0,0.0,energy_seed_0,,0,energy_seed_0:1,1,KKT conditions numerically satisfied for robust SLP solution
1121,1,1,2,1,5,dual_arm_dominant,optimized,3,"0,1,2",mean_2b,2341.0,1.5,3511.5,0.35,0.45,0.35,0.45,0.6,1.8,2B,1,0.91626,0.968729,10222.11218,2670.434888,0,0,0.0,0.0,0.0,0.0,0.0,0.0,0.0,energy_seed_0,,0,energy_seed_0:1,1,KKT conditions numerically satisfied for robust SLP solution
1121,1,1,2,1,5,dual_arm_dominant,optimized,3,"0,1,2",mean_2b,2341.0,1.5,3511.5,0.35,0.45,0.35,0.45,0.6,1.8,3B,1,0.91626,0.968729,10658.135901,1829.918411,0,1,0.0,0.0,0.0,0.0,0.0,0.0,0.0,energy_seed_0,,0,energy_seed_0:1,1,KKT conditions numerically satisfied for robust SLP solution
1122,1,1,2,2,6,dual_arm_dominant,optimized,3,"0,1,2",mean_2b,2864.666667,0.7,2005.266667,0.35,0.45,0.35,0.45,0.6,1.8,2B,1,1.493716,1.511516,16646.786422,2005.266667,2,0,-8.5e-08,0.0,-0.0050382999,0.0025795468,0.9999679604,0.9999839801,0.0,time_seed_0+energy_seed_2,0,2,energy_seed_2:3.20396e-05;time_seed_0:0.000188012,0,KKT residual is reported for numerical inspection
1122,1,1,2,2,6,dual_arm_dominant,optimized,3,"0,1,2",mean_2b,2864.666667,0.7,2005.266667,0.35,0.45,0.35,0.45,0.6,1.8,3B,1,1.061994,1.105532,14976.619328,2005.266667,2,2,-6.42e-08,0.0,-0.0095712967,0.0051860776,0.9998814808,0.9999407387,0.0,time_seed_2+energy_seed_2,2,2,energy_seed_2:0.000118519;time_seed_2:0.000171347,0,KKT residual is reported for numerical inspection
1122,1,1,2,2,6,dual_arm_dominant,optimized,3,"0,1,2",mean_2b,2864.666667,0.75,2148.5,0.35,0.45,0.35,0.45,0.6,1.8,2B,1,1.389173,1.413302,15924.171051,2148.5,2,0,-2.39e-08,0.0,-0.0052229367,0.0027029735,0.9999654137,0.9999827067,0.0,time_seed_0+energy_seed_2,0,2,energy_seed_2:3.45863e-05;time_seed_0:0.000152367,0,KKT residual is reported for numerical inspection
1122,1,1,2,2,6,dual_arm_dominant,optimized,3,"0,1,2",mean_2b,2864.666667,0.75,2148.5,0.35,0.45,0.35,0.45,0.6,1.8,3B,1,0.986262,1.034523,14831.796606,2148.5,2,2,-8.73e-08,0.0,-0.0170432189,0.0093759946,0.9996214761,0.9998107202,0.0,time_seed_2+energy_seed_2,2,2,energy_seed_2:0.000378524;time_seed_2:0.000244551,0,KKT residual is reported for numerical inspection
1122,1,1,2,2,6,dual_arm_dominant,optimized,3,"0,1,2",mean_2b,2864.666667,0.8,2291.733333,0.35,0.45,0.35,0.45,0.6,1.8,2B,1,1.297905,1.327283,15383.691255,2291.733333,2,0,-2.8e-08,0.0,-0.0056488141,0.0029537117,0.9999593648,0.9999796822,0.0,time_seed_0+energy_seed_2,0,2,energy_seed_2:4.06352e-05;time_seed_0:0.000133444,0,KKT residual is reported for numerical inspection
1122,1,1,2,2,6,dual_arm_dominant,optimized,3,"0,1,2",mean_2b,2864.666667,0.8,2291.733333,0.35,0.45,0.35,0.45,0.6,1.8,3B,1,0.920322,0.972267,14785.810419,2291.702436,2,2,0.0,0.0,-0.4144677125,0.2312871689,0.6572347316,0.810700149,0.0003503107,time_seed_2+energy_seed_2,2,2,energy_seed_2:0.342765;time_seed_2:0.0113379,0,KKT residual is reported for numerical inspection
1122,1,1,2,2,6,dual_arm_dominant,optimized,3,"0,1,2",mean_2b,2864.666667,0.85,2434.966667,0.35,0.45,0.35,0.45,0.6,1.8,2B,1,1.217345,1.251422,14983.773779,2434.966667,2,0,-8.18e-08,0.0,-0.0063156493,0.0033370928,0.9999489738,0.9999744866,0.0,time_seed_0+energy_seed_2,0,2,energy_seed_2:5.10262e-05;time_seed_0:0.000122985,0,KKT residual is reported for numerical inspection
1122,1,1,2,2,6,dual_arm_dominant,optimized,3,"0,1,2",mean_2b,2864.666667,0.85,2434.966667,0.35,0.45,0.35,0.45,0.6,1.8,3B,1,0.91626,0.968729,14785.663433,2300.68982,2,2,0.0,0.0,0.0,0.0,0.0,0.0,0.0,energy_seed_2,,2,energy_seed_2:1,1,KKT conditions numerically satisfied for robust SLP solution
1122,1,1,2,2,6,dual_arm_dominant,optimized,3,"0,1,2",mean_2b,2864.666667,0.9,2578.2,0.35,0.45,0.35,0.45,0.6,1.8,2B,1,1.145383,1.1842,14694.067152,2578.2,2,0,-3.79e-08,0.0,-0.0071886973,0.0038421062,0.9999335564,0.9999667777,0.0,time_seed_0+energy_seed_2,0,2,energy_seed_2:6.64436e-05;time_seed_0:0.00011429,0,KKT residual is reported for numerical inspection
1122,1,1,2,2,6,dual_arm_dominant,optimized,3,"0,1,2",mean_2b,2864.666667,0.9,2578.2,0.35,0.45,0.35,0.45,0.6,1.8,3B,1,0.91626,0.968729,14785.663433,2300.68982,2,2,0.0,0.0,0.0,0.0,0.0,0.0,0.0,energy_seed_2,,2,energy_seed_2:1,1,KKT conditions numerically satisfied for robust SLP solution
1122,1,1,2,2,6,dual_arm_dominant,optimized,3,"0,1,2",mean_2b,2864.666667,0.95,2721.433333,0.35,0.45,0.35,0.45,0.6,1.8,2B,1,1.081383,1.123871,14491.845661,2721.433333,2,0,-7.52e-08,0.0,-0.008993806,0.0048572144,0.999895508,0.9999477526,0.0,time_seed_0+energy_seed_2,0,2,energy_seed_2:0.000104492;time_seed_0:0.000121889,0,KKT residual is reported for numerical inspection
1122,1,1,2,2,6,dual_arm_dominant,optimized,3,"0,1,2",mean_2b,2864.666667,0.95,2721.433333,0.35,0.45,0.35,0.45,0.6,1.8,3B,1,0.91626,0.968729,14785.663433,2300.68982,2,2,0.0,0.0,0.0,0.0,0.0,0.0,0.0,energy_seed_2,,2,energy_seed_2:1,1,KKT conditions numerically satisfied for robust SLP solution
1122,1,1,2,2,6,dual_arm_dominant,optimized,3,"0,1,2",mean_2b,2864.666667,1.0,2864.666667,0.35,0.45,0.35,0.45,0.6,1.8,2B,1,1.02389,1.069536,14360.067017,2864.666667,2,0,-3.06e-08,0.0,-0.0127876806,0.0069766307,0.9997877568,0.9998938728,0.0,time_seed_0+energy_seed_2,0,2,energy_seed_2:0.000212243;time_seed_0:0.000152317,0,KKT residual is reported for numerical inspection
1122,1,1,2,2,6,dual_arm_dominant,optimized,3,"0,1,2",mean_2b,2864.666667,1.0,2864.666667,0.35,0.45,0.35,0.45,0.6,1.8,3B,1,0.91626,0.968729,14785.663433,2300.68982,2,2,0.0,0.0,0.0,0.0,0.0,0.0,0.0,energy_seed_2,,2,energy_seed_2:1,1,KKT conditions numerically satisfied for robust SLP solution
1122,1,1,2,2,6,dual_arm_dominant,optimized,3,"0,1,2",mean_2b,2864.666667,1.05,3007.9,0.35,0.45,0.35,0.45,0.6,1.8,2B,1,0.971697,1.02049,14285.624647,3007.9,2,0,-3.23e-08,0.0,-0.0230251534,0.0126977859,0.9993081299,0.9996540051,0.0,time_seed_0+energy_seed_2,0,2,energy_seed_2:0.00069187;time_seed_0:0.000242431,0,KKT residual is reported for numerical inspection
1122,1,1,2,2,6,dual_arm_dominant,optimized,3,"0,1,2",mean_2b,2864.666667,1.05,3007.9,0.35,0.45,0.35,0.45,0.6,1.8,3B,1,0.91626,0.968729,14785.663433,2300.68982,2,2,0.0,0.0,0.0,0.0,0.0,0.0,0.0,energy_seed_2,,2,energy_seed_2:1,1,KKT conditions numerically satisfied for robust SLP solution
1122,1,1,2,2,6,dual_arm_dominant,optimized,3,"0,1,2",mean_2b,2864.666667,1.1,3151.133333,0.35,0.45,0.35,0.45,0.6,1.8,2B,1,0.924076,0.97602,14258.282384,3151.131866,2,0,0.0,0.0,-0.1447157594,0.0807213004,0.9717429604,0.9857702371,1.9521e-06,time_seed_0+energy_seed_2,0,2,energy_seed_2:0.028257;time_seed_0:0.00133062,0,KKT residual is reported for numerical inspection
1122,1,1,2,2,6,dual_arm_dominant,optimized,3,"0,1,2",mean_2b,2864.666667,1.1,3151.133333,0.35,0.45,0.35,0.45,0.6,1.8,3B,1,0.91626,0.968729,14785.663433,2300.68982,2,2,0.0,0.0,0.0,0.0,0.0,0.0,0.0,energy_seed_2,,2,energy_seed_2:1,1,KKT conditions numerically satisfied for robust SLP solution
1122,1,1,2,2,6,dual_arm_dominant,optimized,3,"0,1,2",mean_2b,2864.666667,1.15,3294.366667,0.35,0.45,0.35,0.45,0.6,1.8,2B,1,0.91626,0.968729,14257.710956,3175.940817,2,0,0.0,0.0,0.0,0.0,0.0,0.0,0.0,energy_seed_2,,2,energy_seed_2:1,1,KKT conditions numerically satisfied for robust SLP solution
1122,1,1,2,2,6,dual_arm_dominant,optimized,3,"0,1,2",mean_2b,2864.666667,1.15,3294.366667,0.35,0.45,0.35,0.45,0.6,1.8,3B,1,0.91626,0.968729,14785.663433,2300.68982,2,2,0.0,0.0,0.0,0.0,0.0,0.0,0.0,energy_seed_2,,2,energy_seed_2:1,1,KKT conditions numerically satisfied for robust SLP solution
1122,1,1,2,2,6,dual_arm_dominant,optimized,3,"0,1,2",mean_2b,2864.666667,1.2,3437.6,0.35,0.45,0.35,0.45,0.6,1.8,2B,1,0.91626,0.968729,14257.710956,3175.940817,2,0,0.0,0.0,0.0,0.0,0.0,0.0,0.0,energy_seed_2,,2,energy_seed_2:1,1,KKT conditions numerically satisfied for robust SLP solution
1122,1,1,2,2,6,dual_arm_dominant,optimized,3,"0,1,2",mean_2b,2864.666667,1.2,3437.6,0.35,0.45,0.35,0.45,0.6,1.8,3B,1,0.91626,0.968729,14785.663433,2300.68982,2,2,0.0,0.0,0.0,0.0,0.0,0.0,0.0,energy_seed_2,,2,energy_seed_2:1,1,KKT conditions numerically satisfied for robust SLP solution
1122,1,1,2,2,6,dual_arm_dominant,optimized,3,"0,1,2",mean_2b,2864.666667,1.25,3580.833333,0.35,0.45,0.35,0.45,0.6,1.8,2B,1,0.91626,0.968729,14257.710956,3175.940817,2,0,0.0,0.0,0.0,0.0,0.0,0.0,0.0,energy_seed_2,,2,energy_seed_2:1,1,KKT conditions numerically satisfied for robust SLP solution
1122,1,1,2,2,6,dual_arm_dominant,optimized,3,"0,1,2",mean_2b,2864.666667,1.25,3580.833333,0.35,0.45,0.35,0.45,0.6,1.8,3B,1,0.91626,0.968729,14785.663433,2300.68982,2,2,0.0,0.0,0.0,0.0,0.0,0.0,0.0,energy_seed_2,,2,energy_seed_2:1,1,KKT conditions numerically satisfied for robust SLP solution
1122,1,1,2,2,6,dual_arm_dominant,optimized,3,"0,1,2",mean_2b,2864.666667,1.3,3724.066667,0.35,0.45,0.35,0.45,0.6,1.8,2B,1,0.91626,0.968729,14257.710956,3175.940817,2,0,0.0,0.0,0.0,0.0,0.0,0.0,0.0,energy_seed_2,,2,energy_seed_2:1,1,KKT conditions numerically satisfied for robust SLP solution
1122,1,1,2,2,6,dual_arm_dominant,optimized,3,"0,1,2",mean_2b,2864.666667,1.3,3724.066667,0.35,0.45,0.35,0.45,0.6,1.8,3B,1,0.91626,0.968729,14785.663433,2300.68982,2,2,0.0,0.0,0.0,0.0,0.0,0.0,0.0,energy_seed_2,,2,energy_seed_2:1,1,KKT conditions numerically satisfied for robust SLP solution
1122,1,1,2,2,6,dual_arm_dominant,optimized,3,"0,1,2",mean_2b,2864.666667,1.35,3867.3,0.35,0.45,0.35,0.45,0.6,1.8,2B,1,0.91626,0.968729,14257.710956,3175.940817,2,0,0.0,0.0,0.0,0.0,0.0,0.0,0.0,energy_seed_2,,2,energy_seed_2:1,1,KKT conditions numerically satisfied for robust SLP solution
1122,1,1,2,2,6,dual_arm_dominant,optimized,3,"0,1,2",mean_2b,2864.666667,1.35,3867.3,0.35,0.45,0.35,0.45,0.6,1.8,3B,1,0.91626,0.968729,14785.663433,2300.68982,2,2,0.0,0.0,0.0,0.0,0.0,0.0,0.0,energy_seed_2,,2,energy_seed_2:1,1,KKT conditions numerically satisfied for robust SLP solution
1122,1,1,2,2,6,dual_arm_dominant,optimized,3,"0,1,2",mean_2b,2864.666667,1.4,4010.533333,0.35,0.45,0.35,0.45,0.6,1.8,2B,1,0.91626,0.968729,14257.710956,3175.940817,2,0,0.0,0.0,0.0,0.0,0.0,0.0,0.0,energy_seed_2,,2,energy_seed_2:1,1,KKT conditions numerically satisfied for robust SLP solution
1122,1,1,2,2,6,dual_arm_dominant,optimized,3,"0,1,2",mean_2b,2864.666667,1.4,4010.533333,0.35,0.45,0.35,0.45,0.6,1.8,3B,1,0.91626,0.968729,14785.663433,2300.68982,2,2,0.0,0.0,0.0,0.0,0.0,0.0,0.0,energy_seed_2,,2,energy_seed_2:1,1,KKT conditions numerically satisfied for robust SLP solution
1122,1,1,2,2,6,dual_arm_dominant,optimized,3,"0,1,2",mean_2b,2864.666667,1.5,4297.0,0.35,0.45,0.35,0.45,0.6,1.8,2B,1,0.91626,0.968729,14257.710956,3175.940817,2,0,0.0,0.0,0.0,0.0,0.0,0.0,0.0,energy_seed_2,,2,energy_seed_2:1,1,KKT conditions numerically satisfied for robust SLP solution
1122,1,1,2,2,6,dual_arm_dominant,optimized,3,"0,1,2",mean_2b,2864.666667,1.5,4297.0,0.35,0.45,0.35,0.45,0.6,1.8,3B,1,0.91626,0.968729,14785.663433,2300.68982,2,2,0.0,0.0,0.0,0.0,0.0,0.0,0.0,energy_seed_2,,2,energy_seed_2:1,1,KKT conditions numerically satisfied for robust SLP solution
1211,1,2,1,1,5,single_arm_dominant,optimized,3,"0,1,2",mean_2b,2160.333333,0.7,1512.233333,0.35,0.45,0.35,0.45,0.6,1.8,2B,1,1.585717,1.597383,11047.290938,1512.233333,0,0,-5.84e-08,0.0,-0.0044600669,0.0067889014,0.9999340143,0.9999670066,0.0,time_seed_0+energy_seed_0,0,0,energy_seed_0:6.59857e-05;time_seed_0:0.000372909,0,KKT residual is reported for numerical inspection
1211,1,2,1,1,5,single_arm_dominant,optimized,3,"0,1,2",mean_2b,2160.333333,0.7,1512.233333,0.35,0.45,0.35,0.45,0.6,1.8,3B,1,0.972963,1.021756,9482.231276,1512.233333,0,0,-8.99e-08,0.0,-0.0185865925,0.0307462929,0.9987075336,0.9993535578,1e-10,time_seed_0+energy_seed_0,0,0,energy_seed_0:0.00129247;time_seed_0:0.000584508,0,KKT residual is reported for numerical inspection
1211,1,2,1,1,5,single_arm_dominant,optimized,3,"0,1,2",mean_2b,2160.333333,0.75,1620.25,0.35,0.45,0.35,0.45,0.6,1.8,2B,1,1.477161,1.495238,10508.958106,1620.25,0,0,-7.11e-08,0.0,-0.0045350725,0.0069701247,0.9999308457,0.9999654223,0.0,time_seed_0+energy_seed_0,0,0,energy_seed_0:6.91543e-05;time_seed_0:0.000298664,0,KKT residual is reported for numerical inspection
1211,1,2,1,1,5,single_arm_dominant,optimized,3,"0,1,2",mean_2b,2160.333333,0.75,1620.25,0.35,0.45,0.35,0.45,0.6,1.8,3B,1,0.91626,0.968729,9462.568659,1601.621664,0,0,0.0,0.0,0.0,0.0,0.0,0.0,0.0,energy_seed_0,,0,energy_seed_0:1,1,KKT conditions numerically satisfied for robust SLP solution
1211,1,2,1,1,5,single_arm_dominant,optimized,3,"0,1,2",mean_2b,2160.333333,0.8,1728.266667,0.35,0.45,0.35,0.45,0.6,1.8,2B,1,1.38182,1.406449,10097.188337,1728.266667,0,0,-7.42e-08,0.0,-0.0045689687,0.0070999393,0.9999287103,0.9999643545,0.0,time_seed_0+energy_seed_0,0,0,energy_seed_0:7.12897e-05;time_seed_0:0.000235189,0,KKT residual is reported for numerical inspection
1211,1,2,1,1,5,single_arm_dominant,optimized,3,"0,1,2",mean_2b,2160.333333,0.8,1728.266667,0.35,0.45,0.35,0.45,0.6,1.8,3B,1,0.91626,0.968729,9462.568659,1601.621664,0,0,0.0,0.0,0.0,0.0,0.0,0.0,0.0,energy_seed_0,,0,energy_seed_0:1,1,KKT conditions numerically satisfied for robust SLP solution
1211,1,2,1,1,5,single_arm_dominant,optimized,3,"0,1,2",mean_2b,2160.333333,0.85,1836.283333,0.35,0.45,0.35,0.45,0.6,1.8,2B,1,1.298121,1.327489,9782.905856,1836.283333,0,0,-6e-08,0.0,-0.0049305989,0.0077343263,0.9999158623,0.9999579303,0.0,time_seed_0+energy_seed_0,0,0,energy_seed_0:8.41377e-05;time_seed_0:0.000210949,0,KKT residual is reported for numerical inspection
1211,1,2,1,1,5,single_arm_dominant,optimized,3,"0,1,2",mean_2b,2160.333333,0.85,1836.283333,0.35,0.45,0.35,0.45,0.6,1.8,3B,1,0.91626,0.968729,9462.568659,1601.621664,0,0,0.0,0.0,0.0,0.0,0.0,0.0,0.0,energy_seed_0,,0,energy_seed_0:1,1,KKT conditions numerically satisfied for robust SLP solution
1211,1,2,1,1,5,single_arm_dominant,optimized,3,"0,1,2",mean_2b,2160.333333,0.9,1944.3,0.35,0.45,0.35,0.45,0.6,1.8,2B,1,1.223535,1.257632,9545.15569,1944.3,0,0,-7.3e-08,0.0,-0.0053610447,0.0084960117,0.9998990668,0.9999495321,0.0,time_seed_0+energy_seed_0,0,0,energy_seed_0:0.000100933;time_seed_0:0.000189958,0,KKT residual is reported for numerical inspection
1211,1,2,1,1,5,single_arm_dominant,optimized,3,"0,1,2",mean_2b,2160.333333,0.9,1944.3,0.35,0.45,0.35,0.45,0.6,1.8,3B,1,0.91626,0.968729,9462.568659,1601.621664,0,0,0.0,0.0,0.0,0.0,0.0,0.0,0.0,energy_seed_0,,0,energy_seed_0:1,1,KKT conditions numerically satisfied for robust SLP solution
1211,1,2,1,1,5,single_arm_dominant,optimized,3,"0,1,2",mean_2b,2160.333333,0.95,2052.316667,0.35,0.45,0.35,0.45,0.6,1.8,2B,1,1.157032,1.194794,9368.157912,2052.316667,0,0,-9.29e-08,0.0,-0.0062131726,0.0099380178,0.9998626134,0.9999313043,0.0,time_seed_0+energy_seed_0,0,0,energy_seed_0:0.000137387;time_seed_0:0.000189965,0,KKT residual is reported for numerical inspection
1211,1,2,1,1,5,single_arm_dominant,optimized,3,"0,1,2",mean_2b,2160.333333,0.95,2052.316667,0.35,0.45,0.35,0.45,0.6,1.8,3B,1,0.91626,0.968729,9462.568659,1601.621664,0,0,0.0,0.0,0.0,0.0,0.0,0.0,0.0,energy_seed_0,,0,energy_seed_0:1,1,KKT conditions numerically satisfied for robust SLP solution
1211,1,2,1,1,5,single_arm_dominant,optimized,3,"0,1,2",mean_2b,2160.333333,1.0,2160.333333,0.35,0.45,0.35,0.45,0.6,1.8,2B,1,1.097045,1.138486,9240.111466,2160.333333,0,0,-4.18e-08,0.0,-0.0074266513,0.011997514,0.9998008649,0.9999004275,0.0,time_seed_0+energy_seed_0,0,0,energy_seed_0:0.000199135;time_seed_0:0.000194892,0,KKT residual is reported for numerical inspection
1211,1,2,1,1,5,single_arm_dominant,optimized,3,"0,1,2",mean_2b,2160.333333,1.0,2160.333333,0.35,0.45,0.35,0.45,0.6,1.8,3B,1,0.91626,0.968729,9462.568659,1601.621664,0,0,0.0,0.0,0.0,0.0,0.0,0.0,0.0,energy_seed_0,,0,energy_seed_0:1,1,KKT conditions numerically satisfied for robust SLP solution
1211,1,2,1,1,5,single_arm_dominant,optimized,3,"0,1,2",mean_2b,2160.333333,1.05,2268.35,0.35,0.45,0.35,0.45,0.6,1.8,2B,1,1.042851,1.087444,9151.865799,2268.35,0,0,-3.54e-08,0.0,-0.0097220461,0.0158568791,0.9996539214,0.9998269457,0.0,time_seed_0+energy_seed_0,0,0,energy_seed_0:0.000346079;time_seed_0:0.000224484,0,KKT residual is reported for numerical inspection
1211,1,2,1,1,5,single_arm_dominant,optimized,3,"0,1,2",mean_2b,2160.333333,1.05,2268.35,0.35,0.45,0.35,0.45,0.6,1.8,3B,1,0.91626,0.968729,9462.568659,1601.621664,0,0,0.0,0.0,0.0,0.0,0.0,0.0,0.0,energy_seed_0,,0,energy_seed_0:1,1,KKT conditions numerically satisfied for robust SLP solution
1211,1,2,1,1,5,single_arm_dominant,optimized,3,"0,1,2",mean_2b,2160.333333,1.1,2376.366667,0.35,0.45,0.35,0.45,0.6,1.8,2B,1,0.993488,1.041228,9096.35073,2376.366667,0,0,-2.89e-08,0.0,-0.0143376852,0.0236230973,0.9992357961,0.999617825,0.0,time_seed_0+energy_seed_0,0,0,energy_seed_0:0.000764204;time_seed_0:0.000287552,0,KKT residual is reported for numerical inspection
1211,1,2,1,1,5,single_arm_dominant,optimized,3,"0,1,2",mean_2b,2160.333333,1.1,2376.366667,0.35,0.45,0.35,0.45,0.6,1.8,3B,1,0.91626,0.968729,9462.568659,1601.621664,0,0,0.0,0.0,0.0,0.0,0.0,0.0,0.0,energy_seed_0,,0,energy_seed_0:1,1,KKT conditions numerically satisfied for robust SLP solution
1211,1,2,1,1,5,single_arm_dominant,optimized,3,"0,1,2",mean_2b,2160.333333,1.15,2484.383333,0.35,0.45,0.35,0.45,0.6,1.8,2B,1,0.948523,0.998889,9067.965027,2484.383333,0,0,-3.39e-08,0.0,-0.0324576827,0.0539942204,0.9960152447,0.9980056336,0.0,time_seed_0+energy_seed_0,0,0,energy_seed_0:0.00398476;time_seed_0:0.000596835,0,KKT residual is reported for numerical inspection
1211,1,2,1,1,5,single_arm_dominant,optimized,3,"0,1,2",mean_2b,2160.333333,1.15,2484.383333,0.35,0.45,0.35,0.45,0.6,1.8,3B,1,0.91626,0.968729,9462.568659,1601.621664,0,0,0.0,0.0,0.0,0.0,0.0,0.0,0.0,energy_seed_0,,0,energy_seed_0:1,1,KKT conditions numerically satisfied for robust SLP solution
1211,1,2,1,1,5,single_arm_dominant,optimized,3,"0,1,2",mean_2b,2160.333333,1.2,2592.4,0.35,0.45,0.35,0.45,0.6,1.8,2B,1,0.91626,0.968729,9061.772895,2567.933401,0,0,0.0,0.0,0.0,0.0,0.0,0.0,0.0,energy_seed_0,,0,energy_seed_0:1,1,KKT conditions numerically satisfied for robust SLP solution
1211,1,2,1,1,5,single_arm_dominant,optimized,3,"0,1,2",mean_2b,2160.333333,1.2,2592.4,0.35,0.45,0.35,0.45,0.6,1.8,3B,1,0.91626,0.968729,9462.568659,1601.621664,0,0,0.0,0.0,0.0,0.0,0.0,0.0,0.0,energy_seed_0,,0,energy_seed_0:1,1,KKT conditions numerically satisfied for robust SLP solution
1211,1,2,1,1,5,single_arm_dominant,optimized,3,"0,1,2",mean_2b,2160.333333,1.25,2700.416667,0.35,0.45,0.35,0.45,0.6,1.8,2B,1,0.91626,0.968729,9061.772895,2567.933401,0,0,0.0,0.0,0.0,0.0,0.0,0.0,0.0,energy_seed_0,,0,energy_seed_0:1,1,KKT conditions numerically satisfied for robust SLP solution
1211,1,2,1,1,5,single_arm_dominant,optimized,3,"0,1,2",mean_2b,2160.333333,1.25,2700.416667,0.35,0.45,0.35,0.45,0.6,1.8,3B,1,0.91626,0.968729,9462.568659,1601.621664,0,0,0.0,0.0,0.0,0.0,0.0,0.0,0.0,energy_seed_0,,0,energy_seed_0:1,1,KKT conditions numerically satisfied for robust SLP solution
1211,1,2,1,1,5,single_arm_dominant,optimized,3,"0,1,2",mean_2b,2160.333333,1.3,2808.433333,0.35,0.45,0.35,0.45,0.6,1.8,2B,1,0.91626,0.968729,9061.772895,2567.933401,0,0,0.0,0.0,0.0,0.0,0.0,0.0,0.0,energy_seed_0,,0,energy_seed_0:1,1,KKT conditions numerically satisfied for robust SLP solution
1211,1,2,1,1,5,single_arm_dominant,optimized,3,"0,1,2",mean_2b,2160.333333,1.3,2808.433333,0.35,0.45,0.35,0.45,0.6,1.8,3B,1,0.91626,0.968729,9462.568659,1601.621664,0,0,0.0,0.0,0.0,0.0,0.0,0.0,0.0,energy_seed_0,,0,energy_seed_0:1,1,KKT conditions numerically satisfied for robust SLP solution
1211,1,2,1,1,5,single_arm_dominant,optimized,3,"0,1,2",mean_2b,2160.333333,1.35,2916.45,0.35,0.45,0.35,0.45,0.6,1.8,2B,1,0.91626,0.968729,9061.772895,2567.933401,0,0,0.0,0.0,0.0,0.0,0.0,0.0,0.0,energy_seed_0,,0,energy_seed_0:1,1,KKT conditions numerically satisfied for robust SLP solution
1211,1,2,1,1,5,single_arm_dominant,optimized,3,"0,1,2",mean_2b,2160.333333,1.35,2916.45,0.35,0.45,0.35,0.45,0.6,1.8,3B,1,0.91626,0.968729,9462.568659,1601.621664,0,0,0.0,0.0,0.0,0.0,0.0,0.0,0.0,energy_seed_0,,0,energy_seed_0:1,1,KKT conditions numerically satisfied for robust SLP solution
1211,1,2,1,1,5,single_arm_dominant,optimized,3,"0,1,2",mean_2b,2160.333333,1.4,3024.466667,0.35,0.45,0.35,0.45,0.6,1.8,2B,1,0.91626,0.968729,9061.772895,2567.933401,0,0,0.0,0.0,0.0,0.0,0.0,0.0,0.0,energy_seed_0,,0,energy_seed_0:1,1,KKT conditions numerically satisfied for robust SLP solution
1211,1,2,1,1,5,single_arm_dominant,optimized,3,"0,1,2",mean_2b,2160.333333,1.4,3024.466667,0.35,0.45,0.35,0.45,0.6,1.8,3B,1,0.91626,0.968729,9462.568659,1601.621664,0,0,0.0,0.0,0.0,0.0,0.0,0.0,0.0,energy_seed_0,,0,energy_seed_0:1,1,KKT conditions numerically satisfied for robust SLP solution
1211,1,2,1,1,5,single_arm_dominant,optimized,3,"0,1,2",mean_2b,2160.333333,1.5,3240.5,0.35,0.45,0.35,0.45,0.6,1.8,2B,1,0.91626,0.968729,9061.772895,2567.933401,0,0,0.0,0.0,0.0,0.0,0.0,0.0,0.0,energy_seed_0,,0,energy_seed_0:1,1,KKT conditions numerically satisfied for robust SLP solution
1211,1,2,1,1,5,single_arm_dominant,optimized,3,"0,1,2",mean_2b,2160.333333,1.5,3240.5,0.35,0.45,0.35,0.45,0.6,1.8,3B,1,0.91626,0.968729,9462.568659,1601.621664,0,0,0.0,0.0,0.0,0.0,0.0,0.0,0.0,energy_seed_0,,0,energy_seed_0:1,1,KKT conditions numerically satisfied for robust SLP solution
1212,1,2,1,2,6,mixed_balanced,optimized,3,"0,1,2",mean_2b,2689.333333,0.7,1882.533333,0.35,0.45,0.35,0.45,0.6,1.8,2B,1,1.545721,1.559732,15520.758809,1882.533333,0,0,-7.38e-08,0.0,-0.0037514136,0.0038197333,0.9999713357,0.9999856678,0.0,time_seed_0+energy_seed_0,0,0,energy_seed_0:2.86643e-05;time_seed_0:0.00017589,0,KKT residual is reported for numerical inspection
1212,1,2,1,2,6,mixed_balanced,optimized,3,"0,1,2",mean_2b,2689.333333,0.7,1882.533333,0.35,0.45,0.35,0.45,0.6,1.8,3B,1,0.91626,0.968729,13452.731183,1826.358779,0,0,0.0,0.0,0.0,0.0,0.0,0.0,0.0,energy_seed_0,,0,energy_seed_0:1,1,KKT conditions numerically satisfied for robust SLP solution
1212,1,2,1,2,6,mixed_balanced,optimized,3,"0,1,2",mean_2b,2689.333333,0.75,2017.0,0.35,0.45,0.35,0.45,0.6,1.8,2B,1,1.438848,1.459665,14800.230787,2017.0,0,0,-7.25e-08,0.0,-0.0037843959,0.0038946922,0.9999705089,0.9999852543,0.0,time_seed_0+energy_seed_0,0,0,energy_seed_0:2.94911e-05;time_seed_0:0.000137348,0,KKT residual is reported for numerical inspection
1212,1,2,1,2,6,mixed_balanced,optimized,3,"0,1,2",mean_2b,2689.333333,0.75,2017.0,0.35,0.45,0.35,0.45,0.6,1.8,3B,1,0.91626,0.968729,13452.731183,1826.358779,0,0,0.0,0.0,0.0,0.0,0.0,0.0,0.0,energy_seed_0,,0,energy_seed_0:1,1,KKT conditions numerically satisfied for robust SLP solution
1212,1,2,1,2,6,mixed_balanced,optimized,3,"0,1,2",mean_2b,2689.333333,0.8,2151.466667,0.35,0.45,0.35,0.45,0.6,1.8,2B,1,1.345382,1.372097,14253.716634,2151.466667,0,0,-7.54e-08,0.0,-0.0039375638,0.0040954958,0.9999677215,0.9999838606,0.0,time_seed_0+energy_seed_0,0,0,energy_seed_0:3.22785e-05;time_seed_0:0.000113797,0,KKT residual is reported for numerical inspection
1212,1,2,1,2,6,mixed_balanced,optimized,3,"0,1,2",mean_2b,2689.333333,0.8,2151.466667,0.35,0.45,0.35,0.45,0.6,1.8,3B,1,0.91626,0.968729,13452.731183,1826.358779,0,0,0.0,0.0,0.0,0.0,0.0,0.0,0.0,energy_seed_0,,0,energy_seed_0:1,1,KKT conditions numerically satisfied for robust SLP solution
1212,1,2,1,2,6,mixed_balanced,optimized,3,"0,1,2",mean_2b,2689.333333,0.85,2285.933333,0.35,0.45,0.35,0.45,0.6,1.8,2B,1,1.263154,1.294613,13841.407424,2285.933333,0,0,-8.95e-08,0.0,-0.0043001055,0.0045169668,0.9999611046,0.9999805521,0.0,time_seed_0+energy_seed_0,0,0,energy_seed_0:3.88954e-05;time_seed_0:0.000102872,0,KKT residual is reported for numerical inspection
1212,1,2,1,2,6,mixed_balanced,optimized,3,"0,1,2",mean_2b,2689.333333,0.85,2285.933333,0.35,0.45,0.35,0.45,0.6,1.8,3B,1,0.91626,0.968729,13452.731183,1826.358779,0,0,0.0,0.0,0.0,0.0,0.0,0.0,0.0,energy_seed_0,,0,energy_seed_0:1,1,KKT conditions numerically satisfied for robust SLP solution
1212,1,2,1,2,6,mixed_balanced,optimized,3,"0,1,2",mean_2b,2689.333333,0.9,2420.4,0.35,0.45,0.35,0.45,0.6,1.8,2B,1,1.189824,1.226021,13534.391922,2420.4,0,0,-5.1e-08,0.0,-0.0047496048,0.0050429863,0.9999520072,0.9999760033,0.0,time_seed_0+energy_seed_0,0,0,energy_seed_0:4.79928e-05;time_seed_0:9.35638e-05,0,KKT residual is reported for numerical inspection
1212,1,2,1,2,6,mixed_balanced,optimized,3,"0,1,2",mean_2b,2689.333333,0.9,2420.4,0.35,0.45,0.35,0.45,0.6,1.8,3B,1,0.91626,0.968729,13452.731183,1826.358779,0,0,0.0,0.0,0.0,0.0,0.0,0.0,0.0,energy_seed_0,,0,energy_seed_0:1,1,KKT conditions numerically satisfied for robust SLP solution
1212,1,2,1,2,6,mixed_balanced,optimized,3,"0,1,2",mean_2b,2689.333333,0.95,2554.866667,0.35,0.45,0.35,0.45,0.6,1.8,2B,1,1.124505,1.164371,13310.949564,2554.866667,0,0,-6.78e-08,0.0,-0.005645929,0.0060533383,0.9999314759,0.9999657374,0.0,time_seed_0+energy_seed_0,0,0,energy_seed_0:6.85241e-05;time_seed_0:9.54785e-05,0,KKT residual is reported for numerical inspection
1212,1,2,1,2,6,mixed_balanced,optimized,3,"0,1,2",mean_2b,2689.333333,0.95,2554.866667,0.35,0.45,0.35,0.45,0.6,1.8,3B,1,0.91626,0.968729,13452.731183,1826.358779,0,0,0.0,0.0,0.0,0.0,0.0,0.0,0.0,energy_seed_0,,0,energy_seed_0:1,1,KKT conditions numerically satisfied for robust SLP solution
1212,1,2,1,2,6,mixed_balanced,optimized,3,"0,1,2",mean_2b,2689.333333,1.0,2689.333333,0.35,0.45,0.35,0.45,0.6,1.8,2B,1,1.065551,1.109093,13154.84243,2689.333333,0,0,-6.74e-08,0.0,-0.0070224315,0.0076080764,0.9998927911,0.9999463941,0.0,time_seed_0+energy_seed_0,0,0,energy_seed_0:0.000107209;time_seed_0:0.00010113,0,KKT residual is reported for numerical inspection
1212,1,2,1,2,6,mixed_balanced,optimized,3,"0,1,2",mean_2b,2689.333333,1.0,2689.333333,0.35,0.45,0.35,0.45,0.6,1.8,3B,1,0.91626,0.968729,13452.731183,1826.358779,0,0,0.0,0.0,0.0,0.0,0.0,0.0,0.0,energy_seed_0,,0,energy_seed_0:1,1,KKT conditions numerically satisfied for robust SLP solution
1212,1,2,1,2,6,mixed_balanced,optimized,3,"0,1,2",mean_2b,2689.333333,1.05,2823.8,0.35,0.45,0.35,0.45,0.6,1.8,2B,1,1.01231,1.059002,13053.47866,2823.8,0,0,-4.02e-08,0.0,-0.0099175725,0.010853554,0.9997837954,0.9998918918,0.0,time_seed_0+energy_seed_0,0,0,energy_seed_0:0.000216205;time_seed_0:0.000124384,0,KKT residual is reported for numerical inspection
1212,1,2,1,2,6,mixed_balanced,optimized,3,"0,1,2",mean_2b,2689.333333,1.05,2823.8,0.35,0.45,0.35,0.45,0.6,1.8,3B,1,0.91626,0.968729,13452.731183,1826.358779,0,0,0.0,0.0,0.0,0.0,0.0,0.0,0.0,energy_seed_0,,0,energy_seed_0:1,1,KKT conditions numerically satisfied for robust SLP solution
1212,1,2,1,2,6,mixed_balanced,optimized,3,"0,1,2",mean_2b,2689.333333,1.1,2958.266667,0.35,0.45,0.35,0.45,0.6,1.8,2B,1,0.964035,1.013356,12997.113537,2958.262376,0,0,0.0,0.0,-0.0191656264,0.0211768508,0.9991835532,0.9995916932,9.514e-07,time_seed_0+energy_seed_0,0,0,energy_seed_0:0.000816447;time_seed_0:0.000221722,0,KKT residual is reported for numerical inspection
1212,1,2,1,2,6,mixed_balanced,optimized,3,"0,1,2",mean_2b,2689.333333,1.1,2958.266667,0.35,0.45,0.35,0.45,0.6,1.8,3B,1,0.91626,0.968729,13452.731183,1826.358779,0,0,0.0,0.0,0.0,0.0,0.0,0.0,0.0,energy_seed_0,,0,energy_seed_0:1,1,KKT conditions numerically satisfied for robust SLP solution
1212,1,2,1,2,6,mixed_balanced,optimized,3,"0,1,2",mean_2b,2689.333333,1.15,3092.733333,0.35,0.45,0.35,0.45,0.6,1.8,2B,1,0.91989,0.971834,12978.080655,3092.634416,0,0,0.0,0.0,-0.3290495432,0.3672602603,0.4172576329,0.6459548226,0.0010903861,time_seed_0+energy_seed_0,0,0,energy_seed_0:0.582742;time_seed_0:0.0110233,0,KKT residual is reported for numerical inspection
1212,1,2,1,2,6,mixed_balanced,optimized,3,"0,1,2",mean_2b,2689.333333,1.15,3092.733333,0.35,0.45,0.35,0.45,0.6,1.8,3B,1,0.91626,0.968729,13452.731183,1826.358779,0,0,0.0,0.0,0.0,0.0,0.0,0.0,0.0,energy_seed_0,,0,energy_seed_0:1,1,KKT conditions numerically satisfied for robust SLP solution
1212,1,2,1,2,6,mixed_balanced,optimized,3,"0,1,2",mean_2b,2689.333333,1.2,3227.2,0.35,0.45,0.35,0.45,0.6,1.8,2B,1,0.91626,0.968729,12977.975842,3103.748087,0,0,0.0,0.0,0.0,0.0,0.0,0.0,0.0,energy_seed_0,,0,energy_seed_0:1,1,KKT conditions numerically satisfied for robust SLP solution
1212,1,2,1,2,6,mixed_balanced,optimized,3,"0,1,2",mean_2b,2689.333333,1.2,3227.2,0.35,0.45,0.35,0.45,0.6,1.8,3B,1,0.91626,0.968729,13452.731183,1826.358779,0,0,0.0,0.0,0.0,0.0,0.0,0.0,0.0,energy_seed_0,,0,energy_seed_0:1,1,KKT conditions numerically satisfied for robust SLP solution
1212,1,2,1,2,6,mixed_balanced,optimized,3,"0,1,2",mean_2b,2689.333333,1.25,3361.666667,0.35,0.45,0.35,0.45,0.6,1.8,2B,1,0.91626,0.968729,12977.975842,3103.748087,0,0,0.0,0.0,0.0,0.0,0.0,0.0,0.0,energy_seed_0,,0,energy_seed_0:1,1,KKT conditions numerically satisfied for robust SLP solution
1212,1,2,1,2,6,mixed_balanced,optimized,3,"0,1,2",mean_2b,2689.333333,1.25,3361.666667,0.35,0.45,0.35,0.45,0.6,1.8,3B,1,0.91626,0.968729,13452.731183,1826.358779,0,0,0.0,0.0,0.0,0.0,0.0,0.0,0.0,energy_seed_0,,0,energy_seed_0:1,1,KKT conditions numerically satisfied for robust SLP solution
1212,1,2,1,2,6,mixed_balanced,optimized,3,"0,1,2",mean_2b,2689.333333,1.3,3496.133333,0.35,0.45,0.35,0.45,0.6,1.8,2B,1,0.91626,0.968729,12977.975842,3103.748087,0,0,0.0,0.0,0.0,0.0,0.0,0.0,0.0,energy_seed_0,,0,energy_seed_0:1,1,KKT conditions numerically satisfied for robust SLP solution
1212,1,2,1,2,6,mixed_balanced,optimized,3,"0,1,2",mean_2b,2689.333333,1.3,3496.133333,0.35,0.45,0.35,0.45,0.6,1.8,3B,1,0.91626,0.968729,13452.731183,1826.358779,0,0,0.0,0.0,0.0,0.0,0.0,0.0,0.0,energy_seed_0,,0,energy_seed_0:1,1,KKT conditions numerically satisfied for robust SLP solution
1212,1,2,1,2,6,mixed_balanced,optimized,3,"0,1,2",mean_2b,2689.333333,1.35,3630.6,0.35,0.45,0.35,0.45,0.6,1.8,2B,1,0.91626,0.968729,12977.975842,3103.748087,0,0,0.0,0.0,0.0,0.0,0.0,0.0,0.0,energy_seed_0,,0,energy_seed_0:1,1,KKT conditions numerically satisfied for robust SLP solution
1212,1,2,1,2,6,mixed_balanced,optimized,3,"0,1,2",mean_2b,2689.333333,1.35,3630.6,0.35,0.45,0.35,0.45,0.6,1.8,3B,1,0.91626,0.968729,13452.731183,1826.358779,0,0,0.0,0.0,0.0,0.0,0.0,0.0,0.0,energy_seed_0,,0,energy_seed_0:1,1,KKT conditions numerically satisfied for robust SLP solution
1212,1,2,1,2,6,mixed_balanced,optimized,3,"0,1,2",mean_2b,2689.333333,1.4,3765.066667,0.35,0.45,0.35,0.45,0.6,1.8,2B,1,0.91626,0.968729,12977.975842,3103.748087,0,0,0.0,0.0,0.0,0.0,0.0,0.0,0.0,energy_seed_0,,0,energy_seed_0:1,1,KKT conditions numerically satisfied for robust SLP solution
1212,1,2,1,2,6,mixed_balanced,optimized,3,"0,1,2",mean_2b,2689.333333,1.4,3765.066667,0.35,0.45,0.35,0.45,0.6,1.8,3B,1,0.91626,0.968729,13452.731183,1826.358779,0,0,0.0,0.0,0.0,0.0,0.0,0.0,0.0,energy_seed_0,,0,energy_seed_0:1,1,KKT conditions numerically satisfied for robust SLP solution
1212,1,2,1,2,6,mixed_balanced,optimized,3,"0,1,2",mean_2b,2689.333333,1.5,4034.0,0.35,0.45,0.35,0.45,0.6,1.8,2B,1,0.91626,0.968729,12977.975842,3103.748087,0,0,0.0,0.0,0.0,0.0,0.0,0.0,0.0,energy_seed_0,,0,energy_seed_0:1,1,KKT conditions numerically satisfied for robust SLP solution
1212,1,2,1,2,6,mixed_balanced,optimized,3,"0,1,2",mean_2b,2689.333333,1.5,4034.0,0.35,0.45,0.35,0.45,0.6,1.8,3B,1,0.91626,0.968729,13452.731183,1826.358779,0,0,0.0,0.0,0.0,0.0,0.0,0.0,0.0,energy_seed_0,,0,energy_seed_0:1,1,KKT conditions numerically satisfied for robust SLP solution
1221,1,2,2,1,6,mixed_balanced,optimized,3,"0,1,2",mean_2b,2799.666667,0.7,1959.766667,0.35,0.45,0.35,0.45,0.6,1.8,2B,1,1.563949,1.577298,14013.021717,1959.766667,0,0,-7.01e-08,0.0,-0.0041210839,0.0041917345,0.9999654448,0.9999827223,0.0,time_seed_0+energy_seed_0,0,0,energy_seed_0:3.45552e-05;time_seed_0:0.000188367,0,KKT residual is reported for numerical inspection
1221,1,2,2,1,6,mixed_balanced,optimized,3,"0,1,2",mean_2b,2799.666667,0.7,1959.766667,0.35,0.45,0.35,0.45,0.6,1.8,3B,1,0.994669,1.042406,12153.696763,1959.766667,0,0,-5.31e-08,0.0,-0.01261469,0.0138545616,0.9996487974,0.9998243833,0.0,time_seed_0+energy_seed_0,0,0,energy_seed_0:0.000351203;time_seed_0:0.00022141,0,KKT residual is reported for numerical inspection
1221,1,2,2,1,6,mixed_balanced,optimized,3,"0,1,2",mean_2b,2799.666667,0.75,2099.75,0.35,0.45,0.35,0.45,0.6,1.8,2B,1,1.456069,1.475842,13345.69853,2099.75,0,0,-7.39e-08,0.0,-0.0042044314,0.0043194016,0.9999636642,0.9999818319,0.0,time_seed_0+energy_seed_0,0,0,energy_seed_0:3.63358e-05;time_seed_0:0.000150794,0,KKT residual is reported for numerical inspection
1221,1,2,2,1,6,mixed_balanced,optimized,3,"0,1,2",mean_2b,2799.666667,0.75,2099.75,0.35,0.45,0.35,0.45,0.6,1.8,3B,1,0.924863,0.976808,12106.858319,2099.721373,0,0,0.0,0.0,-0.0984111137,0.1097759242,0.9777703414,0.9888227048,4.09465e-05,time_seed_0+energy_seed_0,0,0,energy_seed_0:0.0222297;time_seed_0:0.00143034,0,KKT residual is reported for numerical inspection
1221,1,2,2,1,6,mixed_balanced,optimized,3,"0,1,2",mean_2b,2799.666667,0.8,2239.733333,0.35,0.45,0.35,0.45,0.6,1.8,2B,1,1.361539,1.387243,12837.806398,2239.733333,0,0,-6.06e-08,0.0,-0.0043566437,0.0045226919,0.9999605634,0.9999802815,0.0,time_seed_0+energy_seed_0,0,0,energy_seed_0:3.94366e-05;time_seed_0:0.000124393,0,KKT residual is reported for numerical inspection
1221,1,2,2,1,6,mixed_balanced,optimized,3,"0,1,2",mean_2b,2799.666667,0.8,2239.733333,0.35,0.45,0.35,0.45,0.6,1.8,3B,1,0.91626,0.968729,12106.261203,2118.363816,0,0,0.0,0.0,0.0,0.0,0.0,0.0,0.0,energy_seed_0,,0,energy_seed_0:1,1,KKT conditions numerically satisfied for robust SLP solution
1221,1,2,2,1,6,mixed_balanced,optimized,3,"0,1,2",mean_2b,2799.666667,0.85,2379.716667,0.35,0.45,0.35,0.45,0.6,1.8,2B,1,1.278141,1.309091,12452.885665,2379.716667,0,0,-6.73e-08,0.0,-0.0046413888,0.004868891,0.9999547494,0.9999773744,0.0,time_seed_0+energy_seed_0,0,0,energy_seed_0:4.52506e-05;time_seed_0:0.000107672,0,KKT residual is reported for numerical inspection
1221,1,2,2,1,6,mixed_balanced,optimized,3,"0,1,2",mean_2b,2799.666667,0.85,2379.716667,0.35,0.45,0.35,0.45,0.6,1.8,3B,1,0.91626,0.968729,12106.261203,2118.363816,0,0,0.0,0.0,0.0,0.0,0.0,0.0,0.0,energy_seed_0,,0,energy_seed_0:1,1,KKT conditions numerically satisfied for robust SLP solution
1221,1,2,2,1,6,mixed_balanced,optimized,3,"0,1,2",mean_2b,2799.666667,0.9,2519.7,0.35,0.45,0.35,0.45,0.6,1.8,2B,1,1.204251,1.239403,12164.300421,2519.7,0,0,-5.65e-08,0.0,-0.0052105006,0.0055191285,0.9999423866,0.9999711929,0.0,time_seed_0+energy_seed_0,0,0,energy_seed_0:5.76134e-05;time_seed_0:0.000101841,0,KKT residual is reported for numerical inspection
1221,1,2,2,1,6,mixed_balanced,optimized,3,"0,1,2",mean_2b,2799.666667,0.9,2519.7,0.35,0.45,0.35,0.45,0.6,1.8,3B,1,0.91626,0.968729,12106.261203,2118.363816,0,0,0.0,0.0,0.0,0.0,0.0,0.0,0.0,energy_seed_0,,0,energy_seed_0:1,1,KKT conditions numerically satisfied for robust SLP solution
1221,1,2,2,1,6,mixed_balanced,optimized,3,"0,1,2",mean_2b,2799.666667,0.95,2659.683333,0.35,0.45,0.35,0.45,0.6,1.8,2B,1,1.138195,1.177017,11952.321699,2659.683333,0,0,-2.14e-08,0.0,-0.0061372974,0.0065631112,0.9999192526,0.9999596255,0.0,time_seed_0+energy_seed_0,0,0,energy_seed_0:8.07474e-05;time_seed_0:0.000103217,0,KKT residual is reported for numerical inspection
1221,1,2,2,1,6,mixed_balanced,optimized,3,"0,1,2",mean_2b,2799.666667,0.95,2659.683333,0.35,0.45,0.35,0.45,0.6,1.8,3B,1,0.91626,0.968729,12106.261203,2118.363816,0,0,0.0,0.0,0.0,0.0,0.0,0.0,0.0,energy_seed_0,,0,energy_seed_0:1,1,KKT conditions numerically satisfied for robust SLP solution
1221,1,2,2,1,6,mixed_balanced,optimized,3,"0,1,2",mean_2b,2799.666667,1.0,2799.666667,0.35,0.45,0.35,0.45,0.6,1.8,2B,1,1.07858,1.121074,11802.021209,2799.666667,0,0,-5.26e-08,0.0,-0.0075285478,0.0081334574,0.9998771527,0.9999385745,0.0,time_seed_0+energy_seed_0,0,0,energy_seed_0:0.000122847;time_seed_0:0.000108381,0,KKT residual is reported for numerical inspection
1221,1,2,2,1,6,mixed_balanced,optimized,3,"0,1,2",mean_2b,2799.666667,1.0,2799.666667,0.35,0.45,0.35,0.45,0.6,1.8,3B,1,0.91626,0.968729,12106.261203,2118.363816,0,0,0.0,0.0,0.0,0.0,0.0,0.0,0.0,energy_seed_0,,0,energy_seed_0:1,1,KKT conditions numerically satisfied for robust SLP solution
1221,1,2,2,1,6,mixed_balanced,optimized,3,"0,1,2",mean_2b,2799.666667,1.05,2939.65,0.35,0.45,0.35,0.45,0.6,1.8,2B,1,1.024738,1.070383,11701.86711,2939.65,0,0,-4.73e-08,0.0,-0.0103385928,0.0112801195,0.9997658176,0.9998829019,0.0,time_seed_0+energy_seed_0,0,0,energy_seed_0:0.000234182;time_seed_0:0.000130768,0,KKT residual is reported for numerical inspection
1221,1,2,2,1,6,mixed_balanced,optimized,3,"0,1,2",mean_2b,2799.666667,1.05,2939.65,0.35,0.45,0.35,0.45,0.6,1.8,3B,1,0.91626,0.968729,12106.261203,2118.363816,0,0,0.0,0.0,0.0,0.0,0.0,0.0,0.0,energy_seed_0,,0,energy_seed_0:1,1,KKT conditions numerically satisfied for robust SLP solution
1221,1,2,2,1,6,mixed_balanced,optimized,3,"0,1,2",mean_2b,2799.666667,1.1,3079.633333,0.35,0.45,0.35,0.45,0.6,1.8,2B,1,0.975669,1.024461,11642.946333,3079.633333,0,0,-3.28e-08,0.0,-0.016962455,0.0187014202,0.9993621251,0.9996810117,0.0,time_seed_0+energy_seed_0,0,0,energy_seed_0:0.000637875;time_seed_0:0.0001857,0,KKT residual is reported for numerical inspection
1221,1,2,2,1,6,mixed_balanced,optimized,3,"0,1,2",mean_2b,2799.666667,1.1,3079.633333,0.35,0.45,0.35,0.45,0.6,1.8,3B,1,0.91626,0.968729,12106.261203,2118.363816,0,0,0.0,0.0,0.0,0.0,0.0,0.0,0.0,energy_seed_0,,0,energy_seed_0:1,1,KKT conditions numerically satisfied for robust SLP solution
1221,1,2,2,1,6,mixed_balanced,optimized,3,"0,1,2",mean_2b,2799.666667,1.15,3219.616667,0.35,0.45,0.35,0.45,0.6,1.8,2B,1,0.930997,0.982417,11618.201711,3219.610968,0,0,0.0,0.0,-0.0674353803,0.0750900892,0.9897080232,0.9948407024,4.025e-06,time_seed_0+energy_seed_0,0,0,energy_seed_0:0.010292;time_seed_0:0.000706304,0,KKT residual is reported for numerical inspection
1221,1,2,2,1,6,mixed_balanced,optimized,3,"0,1,2",mean_2b,2799.666667,1.15,3219.616667,0.35,0.45,0.35,0.45,0.6,1.8,3B,1,0.91626,0.968729,12106.261203,2118.363816,0,0,0.0,0.0,0.0,0.0,0.0,0.0,0.0,energy_seed_0,,0,energy_seed_0:1,1,KKT conditions numerically satisfied for robust SLP solution
1221,1,2,2,1,6,mixed_balanced,optimized,3,"0,1,2",mean_2b,2799.666667,1.2,3359.6,0.35,0.45,0.35,0.45,0.6,1.8,2B,1,0.91626,0.968729,11616.545084,3268.332745,0,0,0.0,0.0,0.0,0.0,0.0,0.0,0.0,energy_seed_0,,0,energy_seed_0:1,1,KKT conditions numerically satisfied for robust SLP solution
1221,1,2,2,1,6,mixed_balanced,optimized,3,"0,1,2",mean_2b,2799.666667,1.2,3359.6,0.35,0.45,0.35,0.45,0.6,1.8,3B,1,0.91626,0.968729,12106.261203,2118.363816,0,0,0.0,0.0,0.0,0.0,0.0,0.0,0.0,energy_seed_0,,0,energy_seed_0:1,1,KKT conditions numerically satisfied for robust SLP solution
1221,1,2,2,1,6,mixed_balanced,optimized,3,"0,1,2",mean_2b,2799.666667,1.25,3499.583333,0.35,0.45,0.35,0.45,0.6,1.8,2B,1,0.91626,0.968729,11616.545084,3268.332745,0,0,0.0,0.0,0.0,0.0,0.0,0.0,0.0,energy_seed_0,,0,energy_seed_0:1,1,KKT conditions numerically satisfied for robust SLP solution
1221,1,2,2,1,6,mixed_balanced,optimized,3,"0,1,2",mean_2b,2799.666667,1.25,3499.583333,0.35,0.45,0.35,0.45,0.6,1.8,3B,1,0.91626,0.968729,12106.261203,2118.363816,0,0,0.0,0.0,0.0,0.0,0.0,0.0,0.0,energy_seed_0,,0,energy_seed_0:1,1,KKT conditions numerically satisfied for robust SLP solution
1221,1,2,2,1,6,mixed_balanced,optimized,3,"0,1,2",mean_2b,2799.666667,1.3,3639.566667,0.35,0.45,0.35,0.45,0.6,1.8,2B,1,0.91626,0.968729,11616.545084,3268.332745,0,0,0.0,0.0,0.0,0.0,0.0,0.0,0.0,energy_seed_0,,0,energy_seed_0:1,1,KKT conditions numerically satisfied for robust SLP solution
1221,1,2,2,1,6,mixed_balanced,optimized,3,"0,1,2",mean_2b,2799.666667,1.3,3639.566667,0.35,0.45,0.35,0.45,0.6,1.8,3B,1,0.91626,0.968729,12106.261203,2118.363816,0,0,0.0,0.0,0.0,0.0,0.0,0.0,0.0,energy_seed_0,,0,energy_seed_0:1,1,KKT conditions numerically satisfied for robust SLP solution
1221,1,2,2,1,6,mixed_balanced,optimized,3,"0,1,2",mean_2b,2799.666667,1.35,3779.55,0.35,0.45,0.35,0.45,0.6,1.8,2B,1,0.91626,0.968729,11616.545084,3268.332745,0,0,0.0,0.0,0.0,0.0,0.0,0.0,0.0,energy_seed_0,,0,energy_seed_0:1,1,KKT conditions numerically satisfied for robust SLP solution
1221,1,2,2,1,6,mixed_balanced,optimized,3,"0,1,2",mean_2b,2799.666667,1.35,3779.55,0.35,0.45,0.35,0.45,0.6,1.8,3B,1,0.91626,0.968729,12106.261203,2118.363816,0,0,0.0,0.0,0.0,0.0,0.0,0.0,0.0,energy_seed_0,,0,energy_seed_0:1,1,KKT conditions numerically satisfied for robust SLP solution
1221,1,2,2,1,6,mixed_balanced,optimized,3,"0,1,2",mean_2b,2799.666667,1.4,3919.533333,0.35,0.45,0.35,0.45,0.6,1.8,2B,1,0.91626,0.968729,11616.545084,3268.332745,0,0,0.0,0.0,0.0,0.0,0.0,0.0,0.0,energy_seed_0,,0,energy_seed_0:1,1,KKT conditions numerically satisfied for robust SLP solution
1221,1,2,2,1,6,mixed_balanced,optimized,3,"0,1,2",mean_2b,2799.666667,1.4,3919.533333,0.35,0.45,0.35,0.45,0.6,1.8,3B,1,0.91626,0.968729,12106.261203,2118.363816,0,0,0.0,0.0,0.0,0.0,0.0,0.0,0.0,energy_seed_0,,0,energy_seed_0:1,1,KKT conditions numerically satisfied for robust SLP solution
1221,1,2,2,1,6,mixed_balanced,optimized,3,"0,1,2",mean_2b,2799.666667,1.5,4199.5,0.35,0.45,0.35,0.45,0.6,1.8,2B,1,0.91626,0.968729,11616.545084,3268.332745,0,0,0.0,0.0,0.0,0.0,0.0,0.0,0.0,energy_seed_0,,0,energy_seed_0:1,1,KKT conditions numerically satisfied for robust SLP solution
1221,1,2,2,1,6,mixed_balanced,optimized,3,"0,1,2",mean_2b,2799.666667,1.5,4199.5,0.35,0.45,0.35,0.45,0.6,1.8,3B,1,0.91626,0.968729,12106.261203,2118.363816,0,0,0.0,0.0,0.0,0.0,0.0,0.0,0.0,energy_seed_0,,0,energy_seed_0:1,1,KKT conditions numerically satisfied for robust SLP solution
1222,1,2,2,2,7,dual_arm_dominant,optimized,3,"0,1,2",mean_2b,3300.666667,0.7,2310.466667,0.35,0.45,0.35,0.45,0.6,1.8,2B,1,1.562125,1.575629,18903.171625,2310.466667,0,0,-7.46e-08,0.0,-0.0035557058,0.0027130862,0.9999799957,0.9999899978,0.0,time_seed_0+energy_seed_0,0,0,energy_seed_0:2.00043e-05;time_seed_0:0.000125646,0,KKT residual is reported for numerical inspection
1222,1,2,2,2,7,dual_arm_dominant,optimized,3,"0,1,2",mean_2b,3300.666667,0.7,2310.466667,0.35,0.45,0.35,0.45,0.6,1.8,3B,1,1.024412,1.070054,16309.830113,2310.466667,0,0,-2.13e-08,0.0,-0.0086965628,0.0071165796,0.9998737081,0.9999368521,0.0,time_seed_0+energy_seed_0,0,0,energy_seed_0:0.000126292;time_seed_0:0.000126338,0,KKT residual is reported for numerical inspection
1222,1,2,2,2,7,dual_arm_dominant,optimized,3,"0,1,2",mean_2b,3300.666667,0.75,2475.5,0.35,0.45,0.35,0.45,0.6,1.8,2B,1,1.453537,1.473997,18001.625729,2475.5,0,0,-8.11e-08,0.0,-0.0035650802,0.0027496135,0.9999797294,0.9999898647,0.0,time_seed_0+energy_seed_0,0,0,energy_seed_0:2.02706e-05;time_seed_0:9.68806e-05,0,KKT residual is reported for numerical inspection
1222,1,2,2,2,7,dual_arm_dominant,optimized,3,"0,1,2",mean_2b,3300.666667,0.75,2475.5,0.35,0.45,0.35,0.45,0.6,1.8,3B,1,0.952148,1.00199,16205.385415,2475.5,0,0,-7.24e-08,0.0,-0.0250273704,0.0207870904,0.9989404049,0.999470062,0.0,time_seed_0+energy_seed_0,0,0,energy_seed_0:0.0010596;time_seed_0:0.000324922,0,KKT residual is reported for numerical inspection
1222,1,2,2,2,7,dual_arm_dominant,optimized,3,"0,1,2",mean_2b,3300.666667,0.8,2640.533333,0.35,0.45,0.35,0.45,0.6,1.8,2B,1,1.359018,1.384719,17316.214832,2640.533333,0,0,-2.59e-08,0.0,-0.0037941938,0.0029542953,0.9999768757,0.9999884378,0.0,time_seed_0+energy_seed_0,0,0,energy_seed_0:2.31243e-05;time_seed_0:8.39116e-05,0,KKT residual is reported for numerical inspection
1222,1,2,2,2,7,dual_arm_dominant,optimized,3,"0,1,2",mean_2b,3300.666667,0.8,2640.533333,0.35,0.45,0.35,0.45,0.6,1.8,3B,1,0.91626,0.968729,16191.975666,2565.771949,0,0,0.0,0.0,0.0,0.0,0.0,0.0,0.0,energy_seed_0,,0,energy_seed_0:1,1,KKT conditions numerically satisfied for robust SLP solution
1222,1,2,2,2,7,dual_arm_dominant,optimized,3,"0,1,2",mean_2b,3300.666667,0.85,2805.566667,0.35,0.45,0.35,0.45,0.6,1.8,2B,1,1.275295,1.306224,16797.76593,2805.566667,0,0,-8.91e-08,0.0,-0.0040566924,0.0031918889,0.9999733544,0.9999866771,0.0,time_seed_0+energy_seed_0,0,0,energy_seed_0:2.66456e-05;time_seed_0:7.28285e-05,0,KKT residual is reported for numerical inspection
1222,1,2,2,2,7,dual_arm_dominant,optimized,3,"0,1,2",mean_2b,3300.666667,0.85,2805.566667,0.35,0.45,0.35,0.45,0.6,1.8,3B,1,0.91626,0.968729,16191.975666,2565.771949,0,0,0.0,0.0,0.0,0.0,0.0,0.0,0.0,energy_seed_0,,0,energy_seed_0:1,1,KKT conditions numerically satisfied for robust SLP solution
1222,1,2,2,2,7,dual_arm_dominant,optimized,3,"0,1,2",mean_2b,3300.666667,0.9,2970.6,0.35,0.45,0.35,0.45,0.6,1.8,2B,1,1.201129,1.236278,16410.039439,2970.6,0,0,-5.37e-08,0.0,-0.0045700219,0.0036310527,0.9999659292,0.9999829645,0.0,time_seed_0+energy_seed_0,0,0,energy_seed_0:3.40708e-05;time_seed_0:6.90049e-05,0,KKT residual is reported for numerical inspection
1222,1,2,2,2,7,dual_arm_dominant,optimized,3,"0,1,2",mean_2b,3300.666667,0.9,2970.6,0.35,0.45,0.35,0.45,0.6,1.8,3B,1,0.91626,0.968729,16191.975666,2565.771949,0,0,0.0,0.0,0.0,0.0,0.0,0.0,0.0,energy_seed_0,,0,energy_seed_0:1,1,KKT conditions numerically satisfied for robust SLP solution
1222,1,2,2,2,7,dual_arm_dominant,optimized,3,"0,1,2",mean_2b,3300.666667,0.95,3135.633333,0.35,0.45,0.35,0.45,0.6,1.8,2B,1,1.13455,1.173896,16126.311114,3135.633333,0,0,-4.19e-08,0.0,-0.0052671722,0.0042291231,0.9999543693,0.9999771844,0.0,time_seed_0+energy_seed_0,0,0,energy_seed_0:4.56307e-05;time_seed_0:6.65726e-05,0,KKT residual is reported for numerical inspection
1222,1,2,2,2,7,dual_arm_dominant,optimized,3,"0,1,2",mean_2b,3300.666667,0.95,3135.633333,0.35,0.45,0.35,0.45,0.6,1.8,3B,1,0.91626,0.968729,16191.975666,2565.771949,0,0,0.0,0.0,0.0,0.0,0.0,0.0,0.0,energy_seed_0,,0,energy_seed_0:1,1,KKT conditions numerically satisfied for robust SLP solution
1222,1,2,2,2,7,dual_arm_dominant,optimized,3,"0,1,2",mean_2b,3300.666667,1.0,3300.666667,0.35,0.45,0.35,0.45,0.6,1.8,2B,1,1.0747,1.117722,15926.206066,3300.666667,0,0,-8.44e-08,0.0,-0.0064836739,0.005259876,0.9999302908,0.9999651448,0.0,time_seed_0+energy_seed_0,0,0,energy_seed_0:6.97092e-05;time_seed_0:6.97231e-05,0,KKT residual is reported for numerical inspection
1222,1,2,2,2,7,dual_arm_dominant,optimized,3,"0,1,2",mean_2b,3300.666667,1.0,3300.666667,0.35,0.45,0.35,0.45,0.6,1.8,3B,1,0.91626,0.968729,16191.975666,2565.771949,0,0,0.0,0.0,0.0,0.0,0.0,0.0,0.0,energy_seed_0,,0,energy_seed_0:1,1,KKT conditions numerically satisfied for robust SLP solution
1222,1,2,2,2,7,dual_arm_dominant,optimized,3,"0,1,2",mean_2b,3300.666667,1.05,3465.7,0.35,0.45,0.35,0.45,0.6,1.8,2B,1,1.02066,1.066832,15794.142584,3465.69872,0,0,0.0,0.0,-0.0089658227,0.0073465235,0.9998656246,0.99993281,1.074e-07,time_seed_0+energy_seed_0,0,0,energy_seed_0:0.000134375;time_seed_0:8.39467e-05,0,KKT residual is reported for numerical inspection
1222,1,2,2,2,7,dual_arm_dominant,optimized,3,"0,1,2",mean_2b,3300.666667,1.05,3465.7,0.35,0.45,0.35,0.45,0.6,1.8,3B,1,0.91626,0.968729,16191.975666,2565.771949,0,0,0.0,0.0,0.0,0.0,0.0,0.0,0.0,energy_seed_0,,0,energy_seed_0:1,1,KKT conditions numerically satisfied for robust SLP solution
1222,1,2,2,2,7,dual_arm_dominant,optimized,3,"0,1,2",mean_2b,3300.666667,1.1,3630.733333,0.35,0.45,0.35,0.45,0.6,1.8,2B,1,0.971676,1.020471,15718.005529,3630.733333,0,0,-3.01e-08,0.0,-0.0162777904,0.0134652658,0.9995535208,0.9997767355,0.0,time_seed_0+energy_seed_0,0,0,energy_seed_0:0.000446479;time_seed_0:0.000140391,0,KKT residual is reported for numerical inspection
1222,1,2,2,2,7,dual_arm_dominant,optimized,3,"0,1,2",mean_2b,3300.666667,1.1,3630.733333,0.35,0.45,0.35,0.45,0.6,1.8,3B,1,0.91626,0.968729,16191.975666,2565.771949,0,0,0.0,0.0,0.0,0.0,0.0,0.0,0.0,energy_seed_0,,0,energy_seed_0:1,1,KKT conditions numerically satisfied for robust SLP solution
1222,1,2,2,2,7,dual_arm_dominant,optimized,3,"0,1,2",mean_2b,3300.666667,1.15,3795.766667,0.35,0.45,0.35,0.45,0.6,1.8,2B,1,0.926841,0.97826,15688.274183,3795.755804,0,0,0.0,0.0,-0.1087607477,0.0908724242,0.9794927552,0.9896932632,1.24979e-05,time_seed_0+energy_seed_0,0,0,energy_seed_0:0.0205072;time_seed_0:0.00115054,0,KKT residual is reported for numerical inspection
1222,1,2,2,2,7,dual_arm_dominant,optimized,3,"0,1,2",mean_2b,3300.666667,1.15,3795.766667,0.35,0.45,0.35,0.45,0.6,1.8,3B,1,0.91626,0.968729,16191.975666,2565.771949,0,0,0.0,0.0,0.0,0.0,0.0,0.0,0.0,energy_seed_0,,0,energy_seed_0:1,1,KKT conditions numerically satisfied for robust SLP solution
1222,1,2,2,2,7,dual_arm_dominant,optimized,3,"0,1,2",mean_2b,3300.666667,1.2,3960.8,0.35,0.45,0.35,0.45,0.6,1.8,2B,1,0.91626,0.968729,15687.161145,3835.966554,0,0,0.0,0.0,0.0,0.0,0.0,0.0,0.0,energy_seed_0,,0,energy_seed_0:1,1,KKT conditions numerically satisfied for robust SLP solution
1222,1,2,2,2,7,dual_arm_dominant,optimized,3,"0,1,2",mean_2b,3300.666667,1.2,3960.8,0.35,0.45,0.35,0.45,0.6,1.8,3B,1,0.91626,0.968729,16191.975666,2565.771949,0,0,0.0,0.0,0.0,0.0,0.0,0.0,0.0,energy_seed_0,,0,energy_seed_0:1,1,KKT conditions numerically satisfied for robust SLP solution
1222,1,2,2,2,7,dual_arm_dominant,optimized,3,"0,1,2",mean_2b,3300.666667,1.25,4125.833333,0.35,0.45,0.35,0.45,0.6,1.8,2B,1,0.91626,0.968729,15687.161145,3835.966554,0,0,0.0,0.0,0.0,0.0,0.0,0.0,0.0,energy_seed_0,,0,energy_seed_0:1,1,KKT conditions numerically satisfied for robust SLP solution
1222,1,2,2,2,7,dual_arm_dominant,optimized,3,"0,1,2",mean_2b,3300.666667,1.25,4125.833333,0.35,0.45,0.35,0.45,0.6,1.8,3B,1,0.91626,0.968729,16191.975666,2565.771949,0,0,0.0,0.0,0.0,0.0,0.0,0.0,0.0,energy_seed_0,,0,energy_seed_0:1,1,KKT conditions numerically satisfied for robust SLP solution
1222,1,2,2,2,7,dual_arm_dominant,optimized,3,"0,1,2",mean_2b,3300.666667,1.3,4290.866667,0.35,0.45,0.35,0.45,0.6,1.8,2B,1,0.91626,0.968729,15687.161145,3835.966554,0,0,0.0,0.0,0.0,0.0,0.0,0.0,0.0,energy_seed_0,,0,energy_seed_0:1,1,KKT conditions numerically satisfied for robust SLP solution
1222,1,2,2,2,7,dual_arm_dominant,optimized,3,"0,1,2",mean_2b,3300.666667,1.3,4290.866667,0.35,0.45,0.35,0.45,0.6,1.8,3B,1,0.91626,0.968729,16191.975666,2565.771949,0,0,0.0,0.0,0.0,0.0,0.0,0.0,0.0,energy_seed_0,,0,energy_seed_0:1,1,KKT conditions numerically satisfied for robust SLP solution
1222,1,2,2,2,7,dual_arm_dominant,optimized,3,"0,1,2",mean_2b,3300.666667,1.35,4455.9,0.35,0.45,0.35,0.45,0.6,1.8,2B,1,0.91626,0.968729,15687.161145,3835.966554,0,0,0.0,0.0,0.0,0.0,0.0,0.0,0.0,energy_seed_0,,0,energy_seed_0:1,1,KKT conditions numerically satisfied for robust SLP solution
1222,1,2,2,2,7,dual_arm_dominant,optimized,3,"0,1,2",mean_2b,3300.666667,1.35,4455.9,0.35,0.45,0.35,0.45,0.6,1.8,3B,1,0.91626,0.968729,16191.975666,2565.771949,0,0,0.0,0.0,0.0,0.0,0.0,0.0,0.0,energy_seed_0,,0,energy_seed_0:1,1,KKT conditions numerically satisfied for robust SLP solution
1222,1,2,2,2,7,dual_arm_dominant,optimized,3,"0,1,2",mean_2b,3300.666667,1.4,4620.933333,0.35,0.45,0.35,0.45,0.6,1.8,2B,1,0.91626,0.968729,15687.161145,3835.966554,0,0,0.0,0.0,0.0,0.0,0.0,0.0,0.0,energy_seed_0,,0,energy_seed_0:1,1,KKT conditions numerically satisfied for robust SLP solution
1222,1,2,2,2,7,dual_arm_dominant,optimized,3,"0,1,2",mean_2b,3300.666667,1.4,4620.933333,0.35,0.45,0.35,0.45,0.6,1.8,3B,1,0.91626,0.968729,16191.975666,2565.771949,0,0,0.0,0.0,0.0,0.0,0.0,0.0,0.0,energy_seed_0,,0,energy_seed_0:1,1,KKT conditions numerically satisfied for robust SLP solution
1222,1,2,2,2,7,dual_arm_dominant,optimized,3,"0,1,2",mean_2b,3300.666667,1.5,4951.0,0.35,0.45,0.35,0.45,0.6,1.8,2B,1,0.91626,0.968729,15687.161145,3835.966554,0,0,0.0,0.0,0.0,0.0,0.0,0.0,0.0,energy_seed_0,,0,energy_seed_0:1,1,KKT conditions numerically satisfied for robust SLP solution
1222,1,2,2,2,7,dual_arm_dominant,optimized,3,"0,1,2",mean_2b,3300.666667,1.5,4951.0,0.35,0.45,0.35,0.45,0.6,1.8,3B,1,0.91626,0.968729,16191.975666,2565.771949,0,0,0.0,0.0,0.0,0.0,0.0,0.0,0.0,energy_seed_0,,0,energy_seed_0:1,1,KKT conditions numerically satisfied for robust SLP solution
2111,2,1,1,1,5,single_arm_dominant,optimized,3,"0,1,2",mean_2b,1955.333333,0.7,1368.733333,0.35,0.45,0.35,0.45,0.6,1.8,2B,1,1.523769,1.539143,10226.27708,1368.733333,0,0,-5.68e-08,0.0,-0.0046997312,0.0071925615,0.9999261741,0.9999630864,0.0,time_seed_0+energy_seed_0,0,0,energy_seed_0:7.38259e-05;time_seed_0:0.000393364,0,KKT residual is reported for numerical inspection
2111,2,1,1,1,5,single_arm_dominant,optimized,3,"0,1,2",mean_2b,1955.333333,0.7,1368.733333,0.35,0.45,0.35,0.45,0.6,1.8,3B,1,0.993326,1.04106,9111.215071,1368.733333,0,0,-5.02e-08,0.0,-0.0143681051,0.0236733216,0.9992325424,0.9996161976,0.0,time_seed_0+energy_seed_0,0,0,energy_seed_0:0.000767458;time_seed_0:0.000501102,0,KKT residual is reported for numerical inspection
2111,2,1,1,1,5,single_arm_dominant,optimized,3,"0,1,2",mean_2b,1955.333333,0.75,1466.5,0.35,0.45,0.35,0.45,0.6,1.8,2B,1,1.419274,1.441011,9768.804352,1466.5,0,0,-6.91e-08,0.0,-0.0048222311,0.0074566031,0.9999211389,0.9999605687,0.0,time_seed_0+energy_seed_0,0,0,energy_seed_0:7.88611e-05;time_seed_0:0.000317861,0,KKT residual is reported for numerical inspection
2111,2,1,1,1,5,single_arm_dominant,optimized,3,"0,1,2",mean_2b,1955.333333,0.75,1466.5,0.35,0.45,0.35,0.45,0.6,1.8,3B,1,0.924336,0.97628,9077.123051,1466.483711,0,0,0.0,0.0,-0.1165386617,0.1950071756,0.9454109808,0.9723224675,5.65234e-05,time_seed_0+energy_seed_0,0,0,energy_seed_0:0.054589;time_seed_0:0.00346993,0,KKT residual is reported for numerical inspection
2111,2,1,1,1,5,single_arm_dominant,optimized,3,"0,1,2",mean_2b,1955.333333,0.8,1564.266667,0.35,0.45,0.35,0.45,0.6,1.8,2B,1,1.327668,1.355458,9422.881184,1564.266667,0,0,-6.98e-08,0.0,-0.0049960346,0.0078110598,0.9999140196,0.9999570089,0.0,time_seed_0+energy_seed_0,0,0,energy_seed_0:8.59804e-05;time_seed_0:0.00026122,0,KKT residual is reported for numerical inspection
2111,2,1,1,1,5,single_arm_dominant,optimized,3,"0,1,2",mean_2b,1955.333333,0.8,1564.266667,0.35,0.45,0.35,0.45,0.6,1.8,3B,1,0.91626,0.968729,9076.727961,1478.83067,0,0,0.0,0.0,0.0,0.0,0.0,0.0,0.0,energy_seed_0,,0,energy_seed_0:1,1,KKT conditions numerically satisfied for robust SLP solution
2111,2,1,1,1,5,single_arm_dominant,optimized,3,"0,1,2",mean_2b,1955.333333,0.85,1662.033333,0.35,0.45,0.35,0.45,0.6,1.8,2B,1,1.2471,1.279607,9162.936336,1662.033333,0,0,-8.56e-08,0.0,-0.005477567,0.0086502637,0.9998951582,0.9999475777,0.0,time_seed_0+energy_seed_0,0,0,energy_seed_0:0.000104842;time_seed_0:0.000237692,0,KKT residual is reported for numerical inspection
2111,2,1,1,1,5,single_arm_dominant,optimized,3,"0,1,2",mean_2b,1955.333333,0.85,1662.033333,0.35,0.45,0.35,0.45,0.6,1.8,3B,1,0.91626,0.968729,9076.727961,1478.83067,0,0,0.0,0.0,0.0,0.0,0.0,0.0,0.0,energy_seed_0,,0,energy_seed_0:1,1,KKT conditions numerically satisfied for robust SLP solution
2111,2,1,1,1,5,single_arm_dominant,optimized,3,"0,1,2",mean_2b,1955.333333,0.9,1759.8,0.35,0.45,0.35,0.45,0.6,1.8,2B,1,1.175494,1.212204,8970.42626,1759.8,0,0,-9.23e-08,0.0,-0.0062297879,0.0099374625,0.9998624177,0.9999312065,0.0,time_seed_0+energy_seed_0,0,0,energy_seed_0:0.000137582;time_seed_0:0.000228241,0,KKT residual is reported for numerical inspection
2111,2,1,1,1,5,single_arm_dominant,optimized,3,"0,1,2",mean_2b,1955.333333,0.9,1759.8,0.35,0.45,0.35,0.45,0.6,1.8,3B,1,0.91626,0.968729,9076.727961,1478.83067,0,0,0.0,0.0,0.0,0.0,0.0,0.0,0.0,energy_seed_0,,0,energy_seed_0:1,1,KKT conditions numerically satisfied for robust SLP solution
2111,2,1,1,1,5,single_arm_dominant,optimized,3,"0,1,2",mean_2b,1955.333333,0.95,1857.566667,0.35,0.45,0.35,0.45,0.6,1.8,2B,1,1.111468,1.151864,8831.506956,1857.566667,0,0,-6.67e-08,0.0,-0.0074846204,0.0120578398,0.9997985484,0.9998992691,0.0,time_seed_0+energy_seed_0,0,0,energy_seed_0:0.000201452;time_seed_0:0.000236283,0,KKT residual is reported for numerical inspection
2111,2,1,1,1,5,single_arm_dominant,optimized,3,"0,1,2",mean_2b,1955.333333,0.95,1857.566667,0.35,0.45,0.35,0.45,0.6,1.8,3B,1,0.91626,0.968729,9076.727961,1478.83067,0,0,0.0,0.0,0.0,0.0,0.0,0.0,0.0,energy_seed_0,,0,energy_seed_0:1,1,KKT conditions numerically satisfied for robust SLP solution
2111,2,1,1,1,5,single_arm_dominant,optimized,3,"0,1,2",mean_2b,1955.333333,1.0,1955.333333,0.35,0.45,0.35,0.45,0.6,1.8,2B,1,1.053722,1.097789,8735.730918,1955.333333,0,0,-2.1e-08,0.0,-0.0094760056,0.0154277541,0.9996720822,0.9998360277,0.0,time_seed_0+energy_seed_0,0,0,energy_seed_0:0.000327918;time_seed_0:0.000255682,0,KKT residual is reported for numerical inspection
2111,2,1,1,1,5,single_arm_dominant,optimized,3,"0,1,2",mean_2b,1955.333333,1.0,1955.333333,0.35,0.45,0.35,0.45,0.6,1.8,3B,1,0.91626,0.968729,9076.727961,1478.83067,0,0,0.0,0.0,0.0,0.0,0.0,0.0,0.0,energy_seed_0,,0,energy_seed_0:1,1,KKT conditions numerically satisfied for robust SLP solution
2111,2,1,1,1,5,single_arm_dominant,optimized,3,"0,1,2",mean_2b,1955.333333,1.05,2053.1,0.35,0.45,0.35,0.45,0.6,1.8,2B,1,1.001557,1.048766,8675.033371,2053.1,0,0,-8.35e-08,0.0,-0.0138998755,0.022861665,0.9992836245,0.9996417481,0.0,time_seed_0+energy_seed_0,0,0,energy_seed_0:0.000716375;time_seed_0:0.00032852,0,KKT residual is reported for numerical inspection
2111,2,1,1,1,5,single_arm_dominant,optimized,3,"0,1,2",mean_2b,1955.333333,1.05,2053.1,0.35,0.45,0.35,0.45,0.6,1.8,3B,1,0.91626,0.968729,9076.727961,1478.83067,0,0,0.0,0.0,0.0,0.0,0.0,0.0,0.0,energy_seed_0,,0,energy_seed_0:1,1,KKT conditions numerically satisfied for robust SLP solution
2111,2,1,1,1,5,single_arm_dominant,optimized,3,"0,1,2",mean_2b,1955.333333,1.1,2150.866667,0.35,0.45,0.35,0.45,0.6,1.8,2B,1,0.954232,1.004068,8643.170264,2150.866667,0,0,-7.45e-08,0.0,-0.0305081233,0.0506669795,0.99648979,0.9982433521,1e-10,time_seed_0+energy_seed_0,0,0,energy_seed_0:0.00351021;time_seed_0:0.000680423,0,KKT residual is reported for numerical inspection
2111,2,1,1,1,5,single_arm_dominant,optimized,3,"0,1,2",mean_2b,1955.333333,1.1,2150.866667,0.35,0.45,0.35,0.45,0.6,1.8,3B,1,0.91626,0.968729,9076.727961,1478.83067,0,0,0.0,0.0,0.0,0.0,0.0,0.0,0.0,energy_seed_0,,0,energy_seed_0:1,1,KKT conditions numerically satisfied for robust SLP solution
2111,2,1,1,1,5,single_arm_dominant,optimized,3,"0,1,2",mean_2b,1955.333333,1.15,2248.633333,0.35,0.45,0.35,0.45,0.6,1.8,2B,1,0.91626,0.968729,8635.055016,2235.863843,0,0,0.0,0.0,0.0,0.0,0.0,0.0,0.0,energy_seed_0,,0,energy_seed_0:1,1,KKT conditions numerically satisfied for robust SLP solution
2111,2,1,1,1,5,single_arm_dominant,optimized,3,"0,1,2",mean_2b,1955.333333,1.15,2248.633333,0.35,0.45,0.35,0.45,0.6,1.8,3B,1,0.91626,0.968729,9076.727961,1478.83067,0,0,0.0,0.0,0.0,0.0,0.0,0.0,0.0,energy_seed_0,,0,energy_seed_0:1,1,KKT conditions numerically satisfied for robust SLP solution
2111,2,1,1,1,5,single_arm_dominant,optimized,3,"0,1,2",mean_2b,1955.333333,1.2,2346.4,0.35,0.45,0.35,0.45,0.6,1.8,2B,1,0.91626,0.968729,8635.055016,2235.863843,0,0,0.0,0.0,0.0,0.0,0.0,0.0,0.0,energy_seed_0,,0,energy_seed_0:1,1,KKT conditions numerically satisfied for robust SLP solution
2111,2,1,1,1,5,single_arm_dominant,optimized,3,"0,1,2",mean_2b,1955.333333,1.2,2346.4,0.35,0.45,0.35,0.45,0.6,1.8,3B,1,0.91626,0.968729,9076.727961,1478.83067,0,0,0.0,0.0,0.0,0.0,0.0,0.0,0.0,energy_seed_0,,0,energy_seed_0:1,1,KKT conditions numerically satisfied for robust SLP solution
2111,2,1,1,1,5,single_arm_dominant,optimized,3,"0,1,2",mean_2b,1955.333333,1.25,2444.166667,0.35,0.45,0.35,0.45,0.6,1.8,2B,1,0.91626,0.968729,8635.055016,2235.863843,0,0,0.0,0.0,0.0,0.0,0.0,0.0,0.0,energy_seed_0,,0,energy_seed_0:1,1,KKT conditions numerically satisfied for robust SLP solution
2111,2,1,1,1,5,single_arm_dominant,optimized,3,"0,1,2",mean_2b,1955.333333,1.25,2444.166667,0.35,0.45,0.35,0.45,0.6,1.8,3B,1,0.91626,0.968729,9076.727961,1478.83067,0,0,0.0,0.0,0.0,0.0,0.0,0.0,0.0,energy_seed_0,,0,energy_seed_0:1,1,KKT conditions numerically satisfied for robust SLP solution
2111,2,1,1,1,5,single_arm_dominant,optimized,3,"0,1,2",mean_2b,1955.333333,1.3,2541.933333,0.35,0.45,0.35,0.45,0.6,1.8,2B,1,0.91626,0.968729,8635.055016,2235.863843,0,0,0.0,0.0,0.0,0.0,0.0,0.0,0.0,energy_seed_0,,0,energy_seed_0:1,1,KKT conditions numerically satisfied for robust SLP solution
2111,2,1,1,1,5,single_arm_dominant,optimized,3,"0,1,2",mean_2b,1955.333333,1.3,2541.933333,0.35,0.45,0.35,0.45,0.6,1.8,3B,1,0.91626,0.968729,9076.727961,1478.83067,0,0,0.0,0.0,0.0,0.0,0.0,0.0,0.0,energy_seed_0,,0,energy_seed_0:1,1,KKT conditions numerically satisfied for robust SLP solution
2111,2,1,1,1,5,single_arm_dominant,optimized,3,"0,1,2",mean_2b,1955.333333,1.35,2639.7,0.35,0.45,0.35,0.45,0.6,1.8,2B,1,0.91626,0.968729,8635.055016,2235.863843,0,0,0.0,0.0,0.0,0.0,0.0,0.0,0.0,energy_seed_0,,0,energy_seed_0:1,1,KKT conditions numerically satisfied for robust SLP solution
2111,2,1,1,1,5,single_arm_dominant,optimized,3,"0,1,2",mean_2b,1955.333333,1.35,2639.7,0.35,0.45,0.35,0.45,0.6,1.8,3B,1,0.91626,0.968729,9076.727961,1478.83067,0,0,0.0,0.0,0.0,0.0,0.0,0.0,0.0,energy_seed_0,,0,energy_seed_0:1,1,KKT conditions numerically satisfied for robust SLP solution
2111,2,1,1,1,5,single_arm_dominant,optimized,3,"0,1,2",mean_2b,1955.333333,1.4,2737.466667,0.35,0.45,0.35,0.45,0.6,1.8,2B,1,0.91626,0.968729,8635.055016,2235.863843,0,0,0.0,0.0,0.0,0.0,0.0,0.0,0.0,energy_seed_0,,0,energy_seed_0:1,1,KKT conditions numerically satisfied for robust SLP solution
2111,2,1,1,1,5,single_arm_dominant,optimized,3,"0,1,2",mean_2b,1955.333333,1.4,2737.466667,0.35,0.45,0.35,0.45,0.6,1.8,3B,1,0.91626,0.968729,9076.727961,1478.83067,0,0,0.0,0.0,0.0,0.0,0.0,0.0,0.0,energy_seed_0,,0,energy_seed_0:1,1,KKT conditions numerically satisfied for robust SLP solution
2111,2,1,1,1,5,single_arm_dominant,optimized,3,"0,1,2",mean_2b,1955.333333,1.5,2933.0,0.35,0.45,0.35,0.45,0.6,1.8,2B,1,0.91626,0.968729,8635.055016,2235.863843,0,0,0.0,0.0,0.0,0.0,0.0,0.0,0.0,energy_seed_0,,0,energy_seed_0:1,1,KKT conditions numerically satisfied for robust SLP solution
2111,2,1,1,1,5,single_arm_dominant,optimized,3,"0,1,2",mean_2b,1955.333333,1.5,2933.0,0.35,0.45,0.35,0.45,0.6,1.8,3B,1,0.91626,0.968729,9076.727961,1478.83067,0,0,0.0,0.0,0.0,0.0,0.0,0.0,0.0,energy_seed_0,,0,energy_seed_0:1,1,KKT conditions numerically satisfied for robust SLP solution
2112,2,1,1,2,6,mixed_balanced,optimized,3,"0,1,2",mean_2b,2433.0,0.7,1703.1,0.35,0.45,0.35,0.45,0.6,1.8,2B,1,1.509213,1.52534,14780.694495,1703.1,0,0,-6.97e-08,0.0,-0.0039024114,0.003986257,0.99996888,0.9999844399,0.0,time_seed_0+energy_seed_0,0,0,energy_seed_0:3.112e-05;time_seed_0:0.000191129,0,KKT residual is reported for numerical inspection
2112,2,1,1,2,6,mixed_balanced,optimized,3,"0,1,2",mean_2b,2433.0,0.7,1703.1,0.35,0.45,0.35,0.45,0.6,1.8,3B,1,0.986366,1.034633,13107.902265,1703.1,0,0,-3.77e-08,0.0,-0.0128108762,0.0140953309,0.9996370714,0.9998185192,0.0,time_seed_0+energy_seed_0,0,0,energy_seed_0:0.000362929;time_seed_0:0.000254004,0,KKT residual is reported for numerical inspection
2112,2,1,1,2,6,mixed_balanced,optimized,3,"0,1,2",mean_2b,2433.0,0.75,1824.75,0.35,0.45,0.35,0.45,0.6,1.8,2B,1,1.404649,1.427708,14130.26262,1824.75,0,0,-7.94e-08,0.0,-0.0039372167,0.0040675473,0.9999679524,0.999983976,0.0,time_seed_0+energy_seed_0,0,0,energy_seed_0:3.20476e-05;time_seed_0:0.000148385,0,KKT residual is reported for numerical inspection
2112,2,1,1,2,6,mixed_balanced,optimized,3,"0,1,2",mean_2b,2433.0,0.75,1824.75,0.35,0.45,0.35,0.45,0.6,1.8,3B,1,0.917387,0.969331,13066.750551,1824.655144,0,0,0.0,0.0,0.2400876369,-0.2680458625,0.8471445552,0.9204045606,0.0001204516,time_seed_0+energy_seed_0,0,0,energy_seed_0:0.152855;time_seed_0:0.00126984,0,KKT residual is reported for numerical inspection
2112,2,1,1,2,6,mixed_balanced,optimized,3,"0,1,2",mean_2b,2433.0,0.8,1946.4,0.35,0.45,0.35,0.45,0.6,1.8,2B,1,1.31333,1.342141,13640.68097,1946.4,0,0,-9.53e-08,0.0,-0.0041454658,0.0043293386,0.9999640706,0.9999820352,0.0,time_seed_0+energy_seed_0,0,0,energy_seed_0:3.59294e-05;time_seed_0:0.000124801,0,KKT residual is reported for numerical inspection
2112,2,1,1,2,6,mixed_balanced,optimized,3,"0,1,2",mean_2b,2433.0,0.8,1946.4,0.35,0.45,0.35,0.45,0.6,1.8,3B,1,0.91626,0.968729,13066.743122,1826.358779,0,0,0.0,0.0,0.0,0.0,0.0,0.0,0.0,energy_seed_0,,0,energy_seed_0:1,1,KKT conditions numerically satisfied for robust SLP solution
2112,2,1,1,2,6,mixed_balanced,optimized,3,"0,1,2",mean_2b,2433.0,0.85,2068.05,0.35,0.45,0.35,0.45,0.6,1.8,2B,1,1.232926,1.266497,13275.193056,2068.05,0,0,-2.7e-08,0.0,-0.0045665453,0.0048186142,0.9999559257,0.9999779626,0.0,time_seed_0+energy_seed_0,0,0,energy_seed_0:4.40743e-05;time_seed_0:0.000113429,0,KKT residual is reported for numerical inspection
2112,2,1,1,2,6,mixed_balanced,optimized,3,"0,1,2",mean_2b,2433.0,0.85,2068.05,0.35,0.45,0.35,0.45,0.6,1.8,3B,1,0.91626,0.968729,13066.743122,1826.358779,0,0,0.0,0.0,0.0,0.0,0.0,0.0,0.0,energy_seed_0,,0,energy_seed_0:1,1,KKT conditions numerically satisfied for robust SLP solution
2112,2,1,1,2,6,mixed_balanced,optimized,3,"0,1,2",mean_2b,2433.0,0.9,2189.7,0.35,0.45,0.35,0.45,0.6,1.8,2B,1,1.161488,1.199257,13006.995276,2189.7,0,0,-2.79e-08,0.0,-0.0052438839,0.005590476,0.9999412448,0.999970622,0.0,time_seed_0+energy_seed_0,0,0,energy_seed_0:5.87552e-05;time_seed_0:0.000109467,0,KKT residual is reported for numerical inspection
2112,2,1,1,2,6,mixed_balanced,optimized,3,"0,1,2",mean_2b,2433.0,0.9,2189.7,0.35,0.45,0.35,0.45,0.6,1.8,3B,1,0.91626,0.968729,13066.743122,1826.358779,0,0,0.0,0.0,0.0,0.0,0.0,0.0,0.0,energy_seed_0,,0,energy_seed_0:1,1,KKT conditions numerically satisfied for robust SLP solution
2112,2,1,1,2,6,mixed_balanced,optimized,3,"0,1,2",mean_2b,2433.0,0.95,2311.35,0.35,0.45,0.35,0.45,0.6,1.8,2B,1,1.097623,1.139068,12816.114888,2311.35,0,0,-2.85e-08,0.0,-0.0063990189,0.0068913843,0.9999115536,0.9999557758,0.0,time_seed_0+energy_seed_0,0,0,energy_seed_0:8.84464e-05;time_seed_0:0.000114523,0,KKT residual is reported for numerical inspection
2112,2,1,1,2,6,mixed_balanced,optimized,3,"0,1,2",mean_2b,2433.0,0.95,2311.35,0.35,0.45,0.35,0.45,0.6,1.8,3B,1,0.91626,0.968729,13066.743122,1826.358779,0,0,0.0,0.0,0.0,0.0,0.0,0.0,0.0,energy_seed_0,,0,energy_seed_0:1,1,KKT conditions numerically satisfied for robust SLP solution
2112,2,1,1,2,6,mixed_balanced,optimized,3,"0,1,2",mean_2b,2433.0,1.0,2433.0,0.35,0.45,0.35,0.45,0.6,1.8,2B,1,1.039986,1.085098,12687.476332,2433.0,0,0,-9.09e-08,0.0,-0.0083171017,0.009054299,0.9998488226,0.9999244085,0.0,time_seed_0+energy_seed_0,0,0,energy_seed_0:0.000151177;time_seed_0:0.00012624,0,KKT residual is reported for numerical inspection
2112,2,1,1,2,6,mixed_balanced,optimized,3,"0,1,2",mean_2b,2433.0,1.0,2433.0,0.35,0.45,0.35,0.45,0.6,1.8,3B,1,0.91626,0.968729,13066.743122,1826.358779,0,0,0.0,0.0,0.0,0.0,0.0,0.0,0.0,energy_seed_0,,0,energy_seed_0:1,1,KKT conditions numerically satisfied for robust SLP solution
2112,2,1,1,2,6,mixed_balanced,optimized,3,"0,1,2",mean_2b,2433.0,1.05,2554.65,0.35,0.45,0.35,0.45,0.6,1.8,2B,1,0.988179,1.035926,12609.422442,2554.649613,0,0,0.0,0.0,-0.0137892813,0.0151540137,0.9995800352,0.9997899956,7.46e-08,time_seed_0+energy_seed_0,0,0,energy_seed_0:0.000419965;time_seed_0:0.000192803,0,KKT residual is reported for numerical inspection
2112,2,1,1,2,6,mixed_balanced,optimized,3,"0,1,2",mean_2b,2433.0,1.05,2554.65,0.35,0.45,0.35,0.45,0.6,1.8,3B,1,0.91626,0.968729,13066.743122,1826.358779,0,0,0.0,0.0,0.0,0.0,0.0,0.0,0.0,energy_seed_0,,0,energy_seed_0:1,1,KKT conditions numerically satisfied for robust SLP solution
2112,2,1,1,2,6,mixed_balanced,optimized,3,"0,1,2",mean_2b,2433.0,1.1,2676.3,0.35,0.45,0.35,0.45,0.6,1.8,2B,1,0.940736,0.991631,12572.99757,2676.297624,0,0,0.0,0.0,-0.0361753066,0.0401954428,0.9970670715,0.9985324589,1.0377e-06,time_seed_0+energy_seed_0,0,0,energy_seed_0:0.00293293;time_seed_0:0.000436747,0,KKT residual is reported for numerical inspection
2112,2,1,1,2,6,mixed_balanced,optimized,3,"0,1,2",mean_2b,2433.0,1.1,2676.3,0.35,0.45,0.35,0.45,0.6,1.8,3B,1,0.91626,0.968729,13066.743122,1826.358779,0,0,0.0,0.0,0.0,0.0,0.0,0.0,0.0,energy_seed_0,,0,energy_seed_0:1,1,KKT conditions numerically satisfied for robust SLP solution
2112,2,1,1,2,6,mixed_balanced,optimized,3,"0,1,2",mean_2b,2433.0,1.15,2797.95,0.35,0.45,0.35,0.45,0.6,1.8,2B,1,0.91626,0.968729,12568.050537,2743.785514,0,0,0.0,0.0,0.0,0.0,0.0,0.0,0.0,energy_seed_0,,0,energy_seed_0:1,1,KKT conditions numerically satisfied for robust SLP solution
2112,2,1,1,2,6,mixed_balanced,optimized,3,"0,1,2",mean_2b,2433.0,1.15,2797.95,0.35,0.45,0.35,0.45,0.6,1.8,3B,1,0.91626,0.968729,13066.743122,1826.358779,0,0,0.0,0.0,0.0,0.0,0.0,0.0,0.0,energy_seed_0,,0,energy_seed_0:1,1,KKT conditions numerically satisfied for robust SLP solution
2112,2,1,1,2,6,mixed_balanced,optimized,3,"0,1,2",mean_2b,2433.0,1.2,2919.6,0.35,0.45,0.35,0.45,0.6,1.8,2B,1,0.91626,0.968729,12568.050537,2743.785514,0,0,0.0,0.0,0.0,0.0,0.0,0.0,0.0,energy_seed_0,,0,energy_seed_0:1,1,KKT conditions numerically satisfied for robust SLP solution
2112,2,1,1,2,6,mixed_balanced,optimized,3,"0,1,2",mean_2b,2433.0,1.2,2919.6,0.35,0.45,0.35,0.45,0.6,1.8,3B,1,0.91626,0.968729,13066.743122,1826.358779,0,0,0.0,0.0,0.0,0.0,0.0,0.0,0.0,energy_seed_0,,0,energy_seed_0:1,1,KKT conditions numerically satisfied for robust SLP solution
2112,2,1,1,2,6,mixed_balanced,optimized,3,"0,1,2",mean_2b,2433.0,1.25,3041.25,0.35,0.45,0.35,0.45,0.6,1.8,2B,1,0.91626,0.968729,12568.050537,2743.785514,0,0,0.0,0.0,0.0,0.0,0.0,0.0,0.0,energy_seed_0,,0,energy_seed_0:1,1,KKT conditions numerically satisfied for robust SLP solution
2112,2,1,1,2,6,mixed_balanced,optimized,3,"0,1,2",mean_2b,2433.0,1.25,3041.25,0.35,0.45,0.35,0.45,0.6,1.8,3B,1,0.91626,0.968729,13066.743122,1826.358779,0,0,0.0,0.0,0.0,0.0,0.0,0.0,0.0,energy_seed_0,,0,energy_seed_0:1,1,KKT conditions numerically satisfied for robust SLP solution
2112,2,1,1,2,6,mixed_balanced,optimized,3,"0,1,2",mean_2b,2433.0,1.3,3162.9,0.35,0.45,0.35,0.45,0.6,1.8,2B,1,0.91626,0.968729,12568.050537,2743.785514,0,0,0.0,0.0,0.0,0.0,0.0,0.0,0.0,energy_seed_0,,0,energy_seed_0:1,1,KKT conditions numerically satisfied for robust SLP solution
2112,2,1,1,2,6,mixed_balanced,optimized,3,"0,1,2",mean_2b,2433.0,1.3,3162.9,0.35,0.45,0.35,0.45,0.6,1.8,3B,1,0.91626,0.968729,13066.743122,1826.358779,0,0,0.0,0.0,0.0,0.0,0.0,0.0,0.0,energy_seed_0,,0,energy_seed_0:1,1,KKT conditions numerically satisfied for robust SLP solution
2112,2,1,1,2,6,mixed_balanced,optimized,3,"0,1,2",mean_2b,2433.0,1.35,3284.55,0.35,0.45,0.35,0.45,0.6,1.8,2B,1,0.91626,0.968729,12568.050537,2743.785514,0,0,0.0,0.0,0.0,0.0,0.0,0.0,0.0,energy_seed_0,,0,energy_seed_0:1,1,KKT conditions numerically satisfied for robust SLP solution
2112,2,1,1,2,6,mixed_balanced,optimized,3,"0,1,2",mean_2b,2433.0,1.35,3284.55,0.35,0.45,0.35,0.45,0.6,1.8,3B,1,0.91626,0.968729,13066.743122,1826.358779,0,0,0.0,0.0,0.0,0.0,0.0,0.0,0.0,energy_seed_0,,0,energy_seed_0:1,1,KKT conditions numerically satisfied for robust SLP solution
2112,2,1,1,2,6,mixed_balanced,optimized,3,"0,1,2",mean_2b,2433.0,1.4,3406.2,0.35,0.45,0.35,0.45,0.6,1.8,2B,1,0.91626,0.968729,12568.050537,2743.785514,0,0,0.0,0.0,0.0,0.0,0.0,0.0,0.0,energy_seed_0,,0,energy_seed_0:1,1,KKT conditions numerically satisfied for robust SLP solution
2112,2,1,1,2,6,mixed_balanced,optimized,3,"0,1,2",mean_2b,2433.0,1.4,3406.2,0.35,0.45,0.35,0.45,0.6,1.8,3B,1,0.91626,0.968729,13066.743122,1826.358779,0,0,0.0,0.0,0.0,0.0,0.0,0.0,0.0,energy_seed_0,,0,energy_seed_0:1,1,KKT conditions numerically satisfied for robust SLP solution
2112,2,1,1,2,6,mixed_balanced,optimized,3,"0,1,2",mean_2b,2433.0,1.5,3649.5,0.35,0.45,0.35,0.45,0.6,1.8,2B,1,0.91626,0.968729,12568.050537,2743.785514,0,0,0.0,0.0,0.0,0.0,0.0,0.0,0.0,energy_seed_0,,0,energy_seed_0:1,1,KKT conditions numerically satisfied for robust SLP solution
2112,2,1,1,2,6,mixed_balanced,optimized,3,"0,1,2",mean_2b,2433.0,1.5,3649.5,0.35,0.45,0.35,0.45,0.6,1.8,3B,1,0.91626,0.968729,13066.743122,1826.358779,0,0,0.0,0.0,0.0,0.0,0.0,0.0,0.0,energy_seed_0,,0,energy_seed_0:1,1,KKT conditions numerically satisfied for robust SLP solution
2121,2,1,2,1,6,mixed_balanced,optimized,3,"0,1,2",mean_2b,2573.0,0.7,1801.1,0.35,0.45,0.35,0.45,0.6,1.8,2B,1,1.529349,1.544402,13281.408459,1801.1,0,0,-7.2e-08,0.0,-0.0043485238,0.0044345491,0.9999614236,0.9999807116,0.0,time_seed_0+energy_seed_0,0,0,energy_seed_0:3.85764e-05;time_seed_0:0.000207097,0,KKT residual is reported for numerical inspection
2121,2,1,2,1,6,mixed_balanced,optimized,3,"0,1,2",mean_2b,2573.0,0.7,1801.1,0.35,0.45,0.35,0.45,0.6,1.8,3B,1,1.019569,1.065735,11743.517368,1801.1,0,0,-7.54e-08,0.0,-0.0104934807,0.011465277,0.9997583759,0.9998791807,0.0,time_seed_0+energy_seed_0,0,0,energy_seed_0:0.000241624;time_seed_0:0.000210722,0,KKT residual is reported for numerical inspection
2121,2,1,2,1,6,mixed_balanced,optimized,3,"0,1,2",mean_2b,2573.0,0.75,1929.75,0.35,0.45,0.35,0.45,0.6,1.8,2B,1,1.423454,1.44548,12679.103623,1929.75,0,0,-4.23e-08,0.0,-0.0043688871,0.0045051384,0.999960615,0.9999803073,0.0,time_seed_0+energy_seed_0,0,0,energy_seed_0:3.9385e-05;time_seed_0:0.000160014,0,KKT residual is reported for numerical inspection
2121,2,1,2,1,6,mixed_balanced,optimized,3,"0,1,2",mean_2b,2573.0,0.75,1929.75,0.35,0.45,0.35,0.45,0.6,1.8,3B,1,0.948133,0.998503,11673.153534,1929.746363,0,0,0.0,0.0,-0.0308606549,0.0342267404,0.9978716202,0.9989352433,1.9314e-06,time_seed_0+energy_seed_0,0,0,energy_seed_0:0.00212838;time_seed_0:0.000531018,0,KKT residual is reported for numerical inspection
2121,2,1,2,1,6,mixed_balanced,optimized,3,"0,1,2",mean_2b,2573.0,0.8,2058.4,0.35,0.45,0.35,0.45,0.6,1.8,2B,1,1.330988,1.358766,12223.740446,2058.4,0,0,-9.84e-08,0.0,-0.0045816161,0.0047748483,0.9999562077,0.9999781036,0.0,time_seed_0+energy_seed_0,0,0,energy_seed_0:4.37923e-05;time_seed_0:0.000134165,0,KKT residual is reported for numerical inspection
2121,2,1,2,1,6,mixed_balanced,optimized,3,"0,1,2",mean_2b,2573.0,0.8,2058.4,0.35,0.45,0.35,0.45,0.6,1.8,3B,1,0.91626,0.968729,11665.416957,1993.067109,0,0,0.0,0.0,0.0,0.0,0.0,0.0,0.0,energy_seed_0,,0,energy_seed_0:1,1,KKT conditions numerically satisfied for robust SLP solution
2121,2,1,2,1,6,mixed_balanced,optimized,3,"0,1,2",mean_2b,2573.0,0.85,2187.05,0.35,0.45,0.35,0.45,0.6,1.8,2B,1,1.249579,1.282102,11881.744818,2187.05,0,0,-6.29e-08,0.0,-0.0050206181,0.0052853688,0.9999468554,0.9999734274,0.0,time_seed_0+energy_seed_0,0,0,energy_seed_0:5.31446e-05;time_seed_0:0.000121501,0,KKT residual is reported for numerical inspection
2121,2,1,2,1,6,mixed_balanced,optimized,3,"0,1,2",mean_2b,2573.0,0.85,2187.05,0.35,0.45,0.35,0.45,0.6,1.8,3B,1,0.91626,0.968729,11665.416957,1993.067109,0,0,0.0,0.0,0.0,0.0,0.0,0.0,0.0,energy_seed_0,,0,energy_seed_0:1,1,KKT conditions numerically satisfied for robust SLP solution
2121,2,1,2,1,6,mixed_balanced,optimized,3,"0,1,2",mean_2b,2573.0,0.9,2315.7,0.35,0.45,0.35,0.45,0.6,1.8,2B,1,1.177243,1.213959,11628.633841,2315.7,0,0,-6.86e-08,0.0,-0.0057178636,0.006080081,0.9999303338,0.9999651663,0.0,time_seed_0+energy_seed_0,0,0,energy_seed_0:6.96662e-05;time_seed_0:0.000116512,0,KKT residual is reported for numerical inspection
2121,2,1,2,1,6,mixed_balanced,optimized,3,"0,1,2",mean_2b,2573.0,0.9,2315.7,0.35,0.45,0.35,0.45,0.6,1.8,3B,1,0.91626,0.968729,11665.416957,1993.067109,0,0,0.0,0.0,0.0,0.0,0.0,0.0,0.0,energy_seed_0,,0,energy_seed_0:1,1,KKT conditions numerically satisfied for robust SLP solution
2121,2,1,2,1,6,mixed_balanced,optimized,3,"0,1,2",mean_2b,2573.0,0.95,2444.35,0.35,0.45,0.35,0.45,0.6,1.8,2B,1,1.112567,1.152968,11446.162877,2444.34986,0,0,0.0,0.0,-0.0068782276,0.0073868416,0.9998981142,0.9999490558,1.69e-08,time_seed_0+energy_seed_0,0,0,energy_seed_0:0.000101886;time_seed_0:0.000120375,0,KKT residual is reported for numerical inspection
2121,2,1,2,1,6,mixed_balanced,optimized,3,"0,1,2",mean_2b,2573.0,0.95,2444.35,0.35,0.45,0.35,0.45,0.6,1.8,3B,1,0.91626,0.968729,11665.416957,1993.067109,0,0,0.0,0.0,0.0,0.0,0.0,0.0,0.0,energy_seed_0,,0,energy_seed_0:1,1,KKT conditions numerically satisfied for robust SLP solution
2121,2,1,2,1,6,mixed_balanced,optimized,3,"0,1,2",mean_2b,2573.0,1.0,2573.0,0.35,0.45,0.35,0.45,0.6,1.8,2B,1,1.054204,1.098272,11320.558539,2573.0,0,0,-8.02e-08,0.0,-0.0087360038,0.009481648,0.999833753,0.999916873,0.0,time_seed_0+energy_seed_0,0,0,energy_seed_0:0.000166247;time_seed_0:0.000130371,0,KKT residual is reported for numerical inspection
2121,2,1,2,1,6,mixed_balanced,optimized,3,"0,1,2",mean_2b,2573.0,1.0,2573.0,0.35,0.45,0.35,0.45,0.6,1.8,3B,1,0.91626,0.968729,11665.416957,1993.067109,0,0,0.0,0.0,0.0,0.0,0.0,0.0,0.0,energy_seed_0,,0,energy_seed_0:1,1,KKT conditions numerically satisfied for robust SLP solution
2121,2,1,2,1,6,mixed_balanced,optimized,3,"0,1,2",mean_2b,2573.0,1.05,2701.65,0.35,0.45,0.35,0.45,0.6,1.8,2B,1,1.001496,1.04871,11241.188952,2701.65,0,0,-4.41e-08,0.0,-0.0128861852,0.0141298364,0.9996341601,0.9998170633,0.0,time_seed_0+energy_seed_0,0,0,energy_seed_0:0.00036584;time_seed_0:0.000168063,0,KKT residual is reported for numerical inspection
2121,2,1,2,1,6,mixed_balanced,optimized,3,"0,1,2",mean_2b,2573.0,1.05,2701.65,0.35,0.45,0.35,0.45,0.6,1.8,3B,1,0.91626,0.968729,11665.416957,1993.067109,0,0,0.0,0.0,0.0,0.0,0.0,0.0,0.0,energy_seed_0,,0,energy_seed_0:1,1,KKT conditions numerically satisfied for robust SLP solution
2121,2,1,2,1,6,mixed_balanced,optimized,3,"0,1,2",mean_2b,2573.0,1.1,2830.3,0.35,0.45,0.35,0.45,0.6,1.8,2B,1,0.953701,1.003544,11199.8223,2830.3,0,0,-2.77e-08,0.0,-0.0289051388,0.0320054194,0.9981366741,0.9990679026,0.0,time_seed_0+energy_seed_0,0,0,energy_seed_0:0.00186333;time_seed_0:0.000356454,0,KKT residual is reported for numerical inspection
2121,2,1,2,1,6,mixed_balanced,optimized,3,"0,1,2",mean_2b,2573.0,1.1,2830.3,0.35,0.45,0.35,0.45,0.6,1.8,3B,1,0.91626,0.968729,11665.416957,1993.067109,0,0,0.0,0.0,0.0,0.0,0.0,0.0,0.0,energy_seed_0,,0,energy_seed_0:1,1,KKT conditions numerically satisfied for robust SLP solution
2121,2,1,2,1,6,mixed_balanced,optimized,3,"0,1,2",mean_2b,2573.0,1.15,2958.95,0.35,0.45,0.35,0.45,0.6,1.8,2B,1,0.91626,0.968729,11189.664231,2939.16343,0,0,0.0,0.0,0.0,0.0,0.0,0.0,0.0,energy_seed_0,,0,energy_seed_0:1,1,KKT conditions numerically satisfied for robust SLP solution
2121,2,1,2,1,6,mixed_balanced,optimized,3,"0,1,2",mean_2b,2573.0,1.15,2958.95,0.35,0.45,0.35,0.45,0.6,1.8,3B,1,0.91626,0.968729,11665.416957,1993.067109,0,0,0.0,0.0,0.0,0.0,0.0,0.0,0.0,energy_seed_0,,0,energy_seed_0:1,1,KKT conditions numerically satisfied for robust SLP solution
2121,2,1,2,1,6,mixed_balanced,optimized,3,"0,1,2",mean_2b,2573.0,1.2,3087.6,0.35,0.45,0.35,0.45,0.6,1.8,2B,1,0.91626,0.968729,11189.664231,2939.16343,0,0,0.0,0.0,0.0,0.0,0.0,0.0,0.0,energy_seed_0,,0,energy_seed_0:1,1,KKT conditions numerically satisfied for robust SLP solution
2121,2,1,2,1,6,mixed_balanced,optimized,3,"0,1,2",mean_2b,2573.0,1.2,3087.6,0.35,0.45,0.35,0.45,0.6,1.8,3B,1,0.91626,0.968729,11665.416957,1993.067109,0,0,0.0,0.0,0.0,0.0,0.0,0.0,0.0,energy_seed_0,,0,energy_seed_0:1,1,KKT conditions numerically satisfied for robust SLP solution
2121,2,1,2,1,6,mixed_balanced,optimized,3,"0,1,2",mean_2b,2573.0,1.25,3216.25,0.35,0.45,0.35,0.45,0.6,1.8,2B,1,0.91626,0.968729,11189.664231,2939.16343,0,0,0.0,0.0,0.0,0.0,0.0,0.0,0.0,energy_seed_0,,0,energy_seed_0:1,1,KKT conditions numerically satisfied for robust SLP solution
2121,2,1,2,1,6,mixed_balanced,optimized,3,"0,1,2",mean_2b,2573.0,1.25,3216.25,0.35,0.45,0.35,0.45,0.6,1.8,3B,1,0.91626,0.968729,11665.416957,1993.067109,0,0,0.0,0.0,0.0,0.0,0.0,0.0,0.0,energy_seed_0,,0,energy_seed_0:1,1,KKT conditions numerically satisfied for robust SLP solution
2121,2,1,2,1,6,mixed_balanced,optimized,3,"0,1,2",mean_2b,2573.0,1.3,3344.9,0.35,0.45,0.35,0.45,0.6,1.8,2B,1,0.91626,0.968729,11189.664231,2939.16343,0,0,0.0,0.0,0.0,0.0,0.0,0.0,0.0,energy_seed_0,,0,energy_seed_0:1,1,KKT conditions numerically satisfied for robust SLP solution
2121,2,1,2,1,6,mixed_balanced,optimized,3,"0,1,2",mean_2b,2573.0,1.3,3344.9,0.35,0.45,0.35,0.45,0.6,1.8,3B,1,0.91626,0.968729,11665.416957,1993.067109,0,0,0.0,0.0,0.0,0.0,0.0,0.0,0.0,energy_seed_0,,0,energy_seed_0:1,1,KKT conditions numerically satisfied for robust SLP solution
2121,2,1,2,1,6,mixed_balanced,optimized,3,"0,1,2",mean_2b,2573.0,1.35,3473.55,0.35,0.45,0.35,0.45,0.6,1.8,2B,1,0.91626,0.968729,11189.664231,2939.16343,0,0,0.0,0.0,0.0,0.0,0.0,0.0,0.0,energy_seed_0,,0,energy_seed_0:1,1,KKT conditions numerically satisfied for robust SLP solution
2121,2,1,2,1,6,mixed_balanced,optimized,3,"0,1,2",mean_2b,2573.0,1.35,3473.55,0.35,0.45,0.35,0.45,0.6,1.8,3B,1,0.91626,0.968729,11665.416957,1993.067109,0,0,0.0,0.0,0.0,0.0,0.0,0.0,0.0,energy_seed_0,,0,energy_seed_0:1,1,KKT conditions numerically satisfied for robust SLP solution
2121,2,1,2,1,6,mixed_balanced,optimized,3,"0,1,2",mean_2b,2573.0,1.4,3602.2,0.35,0.45,0.35,0.45,0.6,1.8,2B,1,0.91626,0.968729,11189.664231,2939.16343,0,0,0.0,0.0,0.0,0.0,0.0,0.0,0.0,energy_seed_0,,0,energy_seed_0:1,1,KKT conditions numerically satisfied for robust SLP solution
2121,2,1,2,1,6,mixed_balanced,optimized,3,"0,1,2",mean_2b,2573.0,1.4,3602.2,0.35,0.45,0.35,0.45,0.6,1.8,3B,1,0.91626,0.968729,11665.416957,1993.067109,0,0,0.0,0.0,0.0,0.0,0.0,0.0,0.0,energy_seed_0,,0,energy_seed_0:1,1,KKT conditions numerically satisfied for robust SLP solution
2121,2,1,2,1,6,mixed_balanced,optimized,3,"0,1,2",mean_2b,2573.0,1.5,3859.5,0.35,0.45,0.35,0.45,0.6,1.8,2B,1,0.91626,0.968729,11189.664231,2939.16343,0,0,0.0,0.0,0.0,0.0,0.0,0.0,0.0,energy_seed_0,,0,energy_seed_0:1,1,KKT conditions numerically satisfied for robust SLP solution
2121,2,1,2,1,6,mixed_balanced,optimized,3,"0,1,2",mean_2b,2573.0,1.5,3859.5,0.35,0.45,0.35,0.45,0.6,1.8,3B,1,0.91626,0.968729,11665.416957,1993.067109,0,0,0.0,0.0,0.0,0.0,0.0,0.0,0.0,energy_seed_0,,0,energy_seed_0:1,1,KKT conditions numerically satisfied for robust SLP solution
2122,2,1,2,2,7,dual_arm_dominant,optimized,3,"0,1,2",mean_2b,3082.0,0.7,2157.4,0.35,0.45,0.35,0.45,0.6,1.8,2B,1,1.518605,1.534708,18029.068293,2157.4,0,0,-7.38e-08,0.0,-0.0036698551,0.0028110736,0.9999786296,0.9999893147,0.0,time_seed_0+energy_seed_0,0,0,energy_seed_0:2.13704e-05;time_seed_0:0.000129362,0,KKT residual is reported for numerical inspection
2122,2,1,2,2,7,dual_arm_dominant,optimized,3,"0,1,2",mean_2b,3082.0,0.7,2157.4,0.35,0.45,0.35,0.45,0.6,1.8,3B,1,1.101194,1.14264,16129.302989,2157.4,0,0,-2.13e-08,0.0,-0.005780801,0.0046681067,0.9999447881,0.9999723937,0.0,time_seed_0+energy_seed_0,0,0,energy_seed_0:5.52119e-05;time_seed_0:9.96154e-05,0,KKT residual is reported for numerical inspection
2122,2,1,2,2,7,dual_arm_dominant,optimized,3,"0,1,2",mean_2b,3082.0,0.75,2311.5,0.35,0.45,0.35,0.45,0.6,1.8,2B,1,1.413127,1.435657,17220.690489,2311.5,0,0,-8.54e-08,0.0,-0.0037705485,0.0029187997,0.9999772631,0.9999886315,0.0,time_seed_0+energy_seed_0,0,0,energy_seed_0:2.27369e-05;time_seed_0:0.000103919,0,KKT residual is reported for numerical inspection
2122,2,1,2,2,7,dual_arm_dominant,optimized,3,"0,1,2",mean_2b,3082.0,0.75,2311.5,0.35,0.45,0.35,0.45,0.6,1.8,3B,1,1.023946,1.069582,15919.925344,2311.5,0,0,-8.22e-08,0.0,-0.008971199,0.0073415127,0.9998656017,0.9999327986,0.0,time_seed_0+energy_seed_0,0,0,energy_seed_0:0.000134398;time_seed_0:0.000130585,0,KKT residual is reported for numerical inspection
2122,2,1,2,2,7,dual_arm_dominant,optimized,3,"0,1,2",mean_2b,3082.0,0.8,2465.6,0.35,0.45,0.35,0.45,0.6,1.8,2B,1,1.320766,1.349073,16611.653489,2465.6,0,0,-7.28e-08,0.0,-0.0039658153,0.0031032243,0.9999746417,0.9999873208,0.0,time_seed_0+energy_seed_0,0,0,energy_seed_0:2.53583e-05;time_seed_0:8.71083e-05,0,KKT residual is reported for numerical inspection
2122,2,1,2,2,7,dual_arm_dominant,optimized,3,"0,1,2",mean_2b,3082.0,0.8,2465.6,0.35,0.45,0.35,0.45,0.6,1.8,3B,1,0.95608,1.005923,15822.095671,2465.6,0,0,-2.57e-08,0.0,-0.0216823902,0.0180015296,0.9992051872,0.9996025146,0.0,time_seed_0+energy_seed_0,0,0,energy_seed_0:0.000794813;time_seed_0:0.000266357,0,KKT residual is reported for numerical inspection
2122,2,1,2,2,7,dual_arm_dominant,optimized,3,"0,1,2",mean_2b,3082.0,0.85,2619.7,0.35,0.45,0.35,0.45,0.6,1.8,2B,1,1.23949,1.272535,16156.337651,2619.7,0,0,-6.06e-08,0.0,-0.0043713422,0.0034556501,0.9999689489,0.9999844743,0.0,time_seed_0+energy_seed_0,0,0,energy_seed_0:3.10511e-05;time_seed_0:7.92036e-05,0,KKT residual is reported for numerical inspection
2122,2,1,2,2,7,dual_arm_dominant,optimized,3,"0,1,2",mean_2b,3082.0,0.85,2619.7,0.35,0.45,0.35,0.45,0.6,1.8,3B,1,0.91626,0.968729,15805.882346,2565.771949,0,0,0.0,0.0,0.0,0.0,0.0,0.0,0.0,energy_seed_0,,0,energy_seed_0:1,1,KKT conditions numerically satisfied for robust SLP solution
2122,2,1,2,2,7,dual_arm_dominant,optimized,3,"0,1,2",mean_2b,3082.0,0.9,2773.8,0.35,0.45,0.35,0.45,0.6,1.8,2B,1,1.167265,1.204511,15821.549514,2773.8,0,0,-2.76e-08,0.0,-0.0050172554,0.0040069165,0.9999587701,0.9999793848,0.0,time_seed_0+energy_seed_0,0,0,energy_seed_0:4.12299e-05;time_seed_0:7.63585e-05,0,KKT residual is reported for numerical inspection
2122,2,1,2,2,7,dual_arm_dominant,optimized,3,"0,1,2",mean_2b,3082.0,0.9,2773.8,0.35,0.45,0.35,0.45,0.6,1.8,3B,1,0.91626,0.968729,15805.882346,2565.771949,0,0,0.0,0.0,0.0,0.0,0.0,0.0,0.0,energy_seed_0,,0,energy_seed_0:1,1,KKT conditions numerically satisfied for robust SLP solution
2122,2,1,2,2,7,dual_arm_dominant,optimized,3,"0,1,2",mean_2b,3082.0,0.95,2927.9,0.35,0.45,0.35,0.45,0.6,1.8,2B,1,1.102706,1.143624,15582.544205,2927.9,0,0,-5.97e-08,0.0,-0.0061199469,0.004936919,0.9999381693,0.9999690842,0.0,time_seed_0+energy_seed_0,0,0,energy_seed_0:6.18307e-05;time_seed_0:7.99269e-05,0,KKT residual is reported for numerical inspection
2122,2,1,2,2,7,dual_arm_dominant,optimized,3,"0,1,2",mean_2b,3082.0,0.95,2927.9,0.35,0.45,0.35,0.45,0.6,1.8,3B,1,0.91626,0.968729,15805.882346,2565.771949,0,0,0.0,0.0,0.0,0.0,0.0,0.0,0.0,energy_seed_0,,0,energy_seed_0:1,1,KKT conditions numerically satisfied for robust SLP solution
2122,2,1,2,2,7,dual_arm_dominant,optimized,3,"0,1,2",mean_2b,3082.0,1.0,3082.0,0.35,0.45,0.35,0.45,0.6,1.8,2B,1,1.044411,1.089005,15420.647531,3082.0,0,0,-2.51e-08,0.0,-0.0079453669,0.0064787607,0.9998948858,0.9999474415,0.0,time_seed_0+energy_seed_0,0,0,energy_seed_0:0.000105114;time_seed_0:8.82924e-05,0,KKT residual is reported for numerical inspection
2122,2,1,2,2,7,dual_arm_dominant,optimized,3,"0,1,2",mean_2b,3082.0,1.0,3082.0,0.35,0.45,0.35,0.45,0.6,1.8,3B,1,0.91626,0.968729,15805.882346,2565.771949,0,0,0.0,0.0,0.0,0.0,0.0,0.0,0.0,energy_seed_0,,0,energy_seed_0:1,1,KKT conditions numerically satisfied for robust SLP solution
2122,2,1,2,2,7,dual_arm_dominant,optimized,3,"0,1,2",mean_2b,3082.0,1.05,3236.1,0.35,0.45,0.35,0.45,0.6,1.8,2B,1,0.991783,1.03952,15321.440983,3236.1,0,0,-9.95e-08,0.0,-0.0123314945,0.0101603483,0.9997446364,0.99987231,0.0,time_seed_0+energy_seed_0,0,0,energy_seed_0:0.000255364;time_seed_0:0.000119882,0,KKT residual is reported for numerical inspection
2122,2,1,2,2,7,dual_arm_dominant,optimized,3,"0,1,2",mean_2b,3082.0,1.05,3236.1,0.35,0.45,0.35,0.45,0.6,1.8,3B,1,0.91626,0.968729,15805.882346,2565.771949,0,0,0.0,0.0,0.0,0.0,0.0,0.0,0.0,energy_seed_0,,0,energy_seed_0:1,1,KKT conditions numerically satisfied for robust SLP solution
2122,2,1,2,2,7,dual_arm_dominant,optimized,3,"0,1,2",mean_2b,3082.0,1.1,3390.2,0.35,0.45,0.35,0.45,0.6,1.8,2B,1,0.944076,0.994446,15273.7644,3390.195983,0,0,0.0,0.0,-0.0343807514,0.0286104924,0.9979953852,0.9989971898,1.3152e-06,time_seed_0+energy_seed_0,0,0,energy_seed_0:0.00200461;time_seed_0:0.000327441,0,KKT residual is reported for numerical inspection
2122,2,1,2,2,7,dual_arm_dominant,optimized,3,"0,1,2",mean_2b,3082.0,1.1,3390.2,0.35,0.45,0.35,0.45,0.6,1.8,3B,1,0.91626,0.968729,15805.882346,2565.771949,0,0,0.0,0.0,0.0,0.0,0.0,0.0,0.0,energy_seed_0,,0,energy_seed_0:1,1,KKT conditions numerically satisfied for robust SLP solution
2122,2,1,2,2,7,dual_arm_dominant,optimized,3,"0,1,2",mean_2b,3082.0,1.15,3544.3,0.35,0.45,0.35,0.45,0.6,1.8,2B,1,0.91626,0.968729,15266.149824,3485.896267,0,0,0.0,0.0,0.0,0.0,0.0,0.0,0.0,energy_seed_0,,0,energy_seed_0:1,1,KKT conditions numerically satisfied for robust SLP solution
2122,2,1,2,2,7,dual_arm_dominant,optimized,3,"0,1,2",mean_2b,3082.0,1.15,3544.3,0.35,0.45,0.35,0.45,0.6,1.8,3B,1,0.91626,0.968729,15805.882346,2565.771949,0,0,0.0,0.0,0.0,0.0,0.0,0.0,0.0,energy_seed_0,,0,energy_seed_0:1,1,KKT conditions numerically satisfied for robust SLP solution
2122,2,1,2,2,7,dual_arm_dominant,optimized,3,"0,1,2",mean_2b,3082.0,1.2,3698.4,0.35,0.45,0.35,0.45,0.6,1.8,2B,1,0.91626,0.968729,15266.149824,3485.896267,0,0,0.0,0.0,0.0,0.0,0.0,0.0,0.0,energy_seed_0,,0,energy_seed_0:1,1,KKT conditions numerically satisfied for robust SLP solution
2122,2,1,2,2,7,dual_arm_dominant,optimized,3,"0,1,2",mean_2b,3082.0,1.2,3698.4,0.35,0.45,0.35,0.45,0.6,1.8,3B,1,0.91626,0.968729,15805.882346,2565.771949,0,0,0.0,0.0,0.0,0.0,0.0,0.0,0.0,energy_seed_0,,0,energy_seed_0:1,1,KKT conditions numerically satisfied for robust SLP solution
2122,2,1,2,2,7,dual_arm_dominant,optimized,3,"0,1,2",mean_2b,3082.0,1.25,3852.5,0.35,0.45,0.35,0.45,0.6,1.8,2B,1,0.91626,0.968729,15266.149824,3485.896267,0,0,0.0,0.0,0.0,0.0,0.0,0.0,0.0,energy_seed_0,,0,energy_seed_0:1,1,KKT conditions numerically satisfied for robust SLP solution
2122,2,1,2,2,7,dual_arm_dominant,optimized,3,"0,1,2",mean_2b,3082.0,1.25,3852.5,0.35,0.45,0.35,0.45,0.6,1.8,3B,1,0.91626,0.968729,15805.882346,2565.771949,0,0,0.0,0.0,0.0,0.0,0.0,0.0,0.0,energy_seed_0,,0,energy_seed_0:1,1,KKT conditions numerically satisfied for robust SLP solution
2122,2,1,2,2,7,dual_arm_dominant,optimized,3,"0,1,2",mean_2b,3082.0,1.3,4006.6,0.35,0.45,0.35,0.45,0.6,1.8,2B,1,0.91626,0.968729,15266.149824,3485.896267,0,0,0.0,0.0,0.0,0.0,0.0,0.0,0.0,energy_seed_0,,0,energy_seed_0:1,1,KKT conditions numerically satisfied for robust SLP solution
2122,2,1,2,2,7,dual_arm_dominant,optimized,3,"0,1,2",mean_2b,3082.0,1.3,4006.6,0.35,0.45,0.35,0.45,0.6,1.8,3B,1,0.91626,0.968729,15805.882346,2565.771949,0,0,0.0,0.0,0.0,0.0,0.0,0.0,0.0,energy_seed_0,,0,energy_seed_0:1,1,KKT conditions numerically satisfied for robust SLP solution
2122,2,1,2,2,7,dual_arm_dominant,optimized,3,"0,1,2",mean_2b,3082.0,1.35,4160.7,0.35,0.45,0.35,0.45,0.6,1.8,2B,1,0.91626,0.968729,15266.149824,3485.896267,0,0,0.0,0.0,0.0,0.0,0.0,0.0,0.0,energy_seed_0,,0,energy_seed_0:1,1,KKT conditions numerically satisfied for robust SLP solution
2122,2,1,2,2,7,dual_arm_dominant,optimized,3,"0,1,2",mean_2b,3082.0,1.35,4160.7,0.35,0.45,0.35,0.45,0.6,1.8,3B,1,0.91626,0.968729,15805.882346,2565.771949,0,0,0.0,0.0,0.0,0.0,0.0,0.0,0.0,energy_seed_0,,0,energy_seed_0:1,1,KKT conditions numerically satisfied for robust SLP solution
2122,2,1,2,2,7,dual_arm_dominant,optimized,3,"0,1,2",mean_2b,3082.0,1.4,4314.8,0.35,0.45,0.35,0.45,0.6,1.8,2B,1,0.91626,0.968729,15266.149824,3485.896267,0,0,0.0,0.0,0.0,0.0,0.0,0.0,0.0,energy_seed_0,,0,energy_seed_0:1,1,KKT conditions numerically satisfied for robust SLP solution
2122,2,1,2,2,7,dual_arm_dominant,optimized,3,"0,1,2",mean_2b,3082.0,1.4,4314.8,0.35,0.45,0.35,0.45,0.6,1.8,3B,1,0.91626,0.968729,15805.882346,2565.771949,0,0,0.0,0.0,0.0,0.0,0.0,0.0,0.0,energy_seed_0,,0,energy_seed_0:1,1,KKT conditions numerically satisfied for robust SLP solution
2122,2,1,2,2,7,dual_arm_dominant,optimized,3,"0,1,2",mean_2b,3082.0,1.5,4623.0,0.35,0.45,0.35,0.45,0.6,1.8,2B,1,0.91626,0.968729,15266.149824,3485.896267,0,0,0.0,0.0,0.0,0.0,0.0,0.0,0.0,energy_seed_0,,0,energy_seed_0:1,1,KKT conditions numerically satisfied for robust SLP solution
2122,2,1,2,2,7,dual_arm_dominant,optimized,3,"0,1,2",mean_2b,3082.0,1.5,4623.0,0.35,0.45,0.35,0.45,0.6,1.8,3B,1,0.91626,0.968729,15805.882346,2565.771949,0,0,0.0,0.0,0.0,0.0,0.0,0.0,0.0,energy_seed_0,,0,energy_seed_0:1,1,KKT conditions numerically satisfied for robust SLP solution
2211,2,2,1,1,6,single_arm_dominant,optimized,3,"0,1,2",mean_2b,2077.666667,0.7,1454.366667,0.35,0.45,0.35,0.45,0.6,1.8,2B,1,1.55506,1.568279,11542.626243,1454.366667,0,0,-4.37e-08,0.0,-0.0038294962,0.0077897525,0.999924649,0.9999623238,0.0,time_seed_0+energy_seed_0,0,0,energy_seed_0:7.5351e-05;time_seed_0:0.000441842,0,KKT residual is reported for numerical inspection
2211,2,2,1,1,6,single_arm_dominant,optimized,3,"0,1,2",mean_2b,2077.666667,0.7,1454.366667,0.35,0.45,0.35,0.45,0.6,1.8,3B,1,1.102637,1.143563,10286.602678,1454.366658,0,0,0.0,0.0,-0.0059545648,0.0128095813,0.999800418,0.999900204,2.9e-09,time_seed_0+energy_seed_0,0,0,energy_seed_0:0.000199582;time_seed_0:0.000329865,0,KKT residual is reported for numerical inspection
2211,2,2,1,1,6,single_arm_dominant,optimized,3,"0,1,2",mean_2b,2077.666667,0.75,1558.25,0.35,0.45,0.35,0.45,0.6,1.8,2B,1,1.448758,1.46911,11004.809509,1558.25,0,0,-7.15e-08,0.0,-0.0038004828,0.0078160275,0.9999244603,0.9999622295,0.0,time_seed_0+energy_seed_0,0,0,energy_seed_0:7.55397e-05;time_seed_0:0.000336991,0,KKT residual is reported for numerical inspection
2211,2,2,1,1,6,single_arm_dominant,optimized,3,"0,1,2",mean_2b,2077.666667,0.75,1558.25,0.35,0.45,0.35,0.45,0.6,1.8,3B,1,1.026776,1.07242,10153.465246,1558.25,0,0,-4.7e-08,0.0,-0.0086950474,0.0189705677,0.9995643239,0.9997821382,0.0,time_seed_0+energy_seed_0,0,0,energy_seed_0:0.000435676;time_seed_0:0.000395267,0,KKT residual is reported for numerical inspection
2211,2,2,1,1,6,single_arm_dominant,optimized,3,"0,1,2",mean_2b,2077.666667,0.8,1662.133333,0.35,0.45,0.35,0.45,0.6,1.8,2B,1,1.355889,1.382089,10595.153933,1662.133333,0,0,-7.97e-08,0.0,-0.0039400986,0.0081876778,0.9999174307,0.9999587145,0.0,time_seed_0+energy_seed_0,0,0,energy_seed_0:8.25693e-05;time_seed_0:0.000279891,0,KKT residual is reported for numerical inspection
2211,2,2,1,1,6,single_arm_dominant,optimized,3,"0,1,2",mean_2b,2077.666667,0.8,1662.133333,0.35,0.45,0.35,0.45,0.6,1.8,3B,1,0.960401,1.010232,10089.029956,1662.133333,0,0,-9.3e-08,0.0,-0.0187323416,0.0414533081,0.9979264229,0.9989626734,1e-10,time_seed_0+energy_seed_0,0,0,energy_seed_0:0.00207358;time_seed_0:0.000701256,0,KKT residual is reported for numerical inspection
2211,2,2,1,1,6,single_arm_dominant,optimized,3,"0,1,2",mean_2b,2077.666667,0.85,1766.016667,0.35,0.45,0.35,0.45,0.6,1.8,2B,1,1.274103,1.305024,10284.376836,1766.016667,0,0,-9.46e-08,0.0,-0.0042756545,0.0089714081,0.9999012229,0.9999506102,0.0,time_seed_0+energy_seed_0,0,0,energy_seed_0:9.87771e-05;time_seed_0:0.000252649,0,KKT residual is reported for numerical inspection
2211,2,2,1,1,6,single_arm_dominant,optimized,3,"0,1,2",mean_2b,2077.666667,0.85,1766.016667,0.35,0.45,0.35,0.45,0.6,1.8,3B,1,0.91626,0.968729,10076.151159,1739.350642,0,0,0.0,0.0,0.0,0.0,0.0,0.0,0.0,energy_seed_0,,0,energy_seed_0:1,1,KKT conditions numerically satisfied for robust SLP solution
2211,2,2,1,1,6,single_arm_dominant,optimized,3,"0,1,2",mean_2b,2077.666667,0.9,1869.9,0.35,0.45,0.35,0.45,0.6,1.8,2B,1,1.201408,1.236553,10051.139163,1869.9,0,0,-2.84e-08,0.0,-0.0047882301,0.0101449343,0.9998741373,0.9999370667,0.0,time_seed_0+energy_seed_0,0,0,energy_seed_0:0.000125863;time_seed_0:0.000239332,0,KKT residual is reported for numerical inspection
2211,2,2,1,1,6,single_arm_dominant,optimized,3,"0,1,2",mean_2b,2077.666667,0.9,1869.9,0.35,0.45,0.35,0.45,0.6,1.8,3B,1,0.91626,0.968729,10076.151159,1739.350642,0,0,0.0,0.0,0.0,0.0,0.0,0.0,0.0,energy_seed_0,,0,energy_seed_0:1,1,KKT conditions numerically satisfied for robust SLP solution
2211,2,2,1,1,6,single_arm_dominant,optimized,3,"0,1,2",mean_2b,2077.666667,0.95,1973.783333,0.35,0.45,0.35,0.45,0.6,1.8,2B,1,1.136243,1.175588,9879.554445,1973.783333,0,0,-3.12e-08,0.0,-0.0054672874,0.0117049598,0.9998330748,0.9999165339,0.0,time_seed_0+energy_seed_0,0,0,energy_seed_0:0.000166925;time_seed_0:0.000229815,0,KKT residual is reported for numerical inspection
2211,2,2,1,1,6,single_arm_dominant,optimized,3,"0,1,2",mean_2b,2077.666667,0.95,1973.783333,0.35,0.45,0.35,0.45,0.6,1.8,3B,1,0.91626,0.968729,10076.151159,1739.350642,0,0,0.0,0.0,0.0,0.0,0.0,0.0,0.0,energy_seed_0,,0,energy_seed_0:1,1,KKT conditions numerically satisfied for robust SLP solution
2211,2,2,1,1,6,single_arm_dominant,optimized,3,"0,1,2",mean_2b,2077.666667,1.0,2077.666667,0.35,0.45,0.35,0.45,0.6,1.8,2B,1,1.077807,1.120303,9757.525027,2077.666667,0,0,-3.84e-08,0.0,-0.0068686947,0.0148420366,0.9997324634,0.9998662228,0.0,time_seed_0+energy_seed_0,0,0,energy_seed_0:0.000267537;time_seed_0:0.000254987,0,KKT residual is reported for numerical inspection
2211,2,2,1,1,6,single_arm_dominant,optimized,3,"0,1,2",mean_2b,2077.666667,1.0,2077.666667,0.35,0.45,0.35,0.45,0.6,1.8,3B,1,0.91626,0.968729,10076.151159,1739.350642,0,0,0.0,0.0,0.0,0.0,0.0,0.0,0.0,energy_seed_0,,0,energy_seed_0:1,1,KKT conditions numerically satisfied for robust SLP solution
2211,2,2,1,1,6,single_arm_dominant,optimized,3,"0,1,2",mean_2b,2077.666667,1.05,2181.55,0.35,0.45,0.35,0.45,0.6,1.8,2B,1,1.024852,1.070495,9675.870918,2181.55,0,0,-3.11e-08,0.0,-0.0093571515,0.0204183286,0.9994952808,0.9997476086,0.0,time_seed_0+energy_seed_0,0,0,energy_seed_0:0.000504719;time_seed_0:0.000306229,0,KKT residual is reported for numerical inspection
2211,2,2,1,1,6,single_arm_dominant,optimized,3,"0,1,2",mean_2b,2077.666667,1.05,2181.55,0.35,0.45,0.35,0.45,0.6,1.8,3B,1,0.91626,0.968729,10076.151159,1739.350642,0,0,0.0,0.0,0.0,0.0,0.0,0.0,0.0,energy_seed_0,,0,energy_seed_0:1,1,KKT conditions numerically satisfied for robust SLP solution
2211,2,2,1,1,6,single_arm_dominant,optimized,3,"0,1,2",mean_2b,2077.666667,1.1,2285.433333,0.35,0.45,0.35,0.45,0.6,1.8,2B,1,0.976633,1.025423,9627.392888,2285.433333,0,0,-2.28e-08,0.0,-0.0150112069,0.0330970431,0.9986775004,0.9993385314,0.0,time_seed_0+energy_seed_0,0,0,energy_seed_0:0.0013225;time_seed_0:0.000424385,0,KKT residual is reported for numerical inspection
2211,2,2,1,1,6,single_arm_dominant,optimized,3,"0,1,2",mean_2b,2077.666667,1.1,2285.433333,0.35,0.45,0.35,0.45,0.6,1.8,3B,1,0.91626,0.968729,10076.151159,1739.350642,0,0,0.0,0.0,0.0,0.0,0.0,0.0,0.0,energy_seed_0,,0,energy_seed_0:1,1,KKT conditions numerically satisfied for robust SLP solution
2211,2,2,1,1,6,single_arm_dominant,optimized,3,"0,1,2",mean_2b,2077.666667,1.15,2389.316667,0.35,0.45,0.35,0.45,0.6,1.8,2B,1,0.932695,0.984108,9606.416661,2389.316667,0,0,-8.95e-08,0.0,-0.0512472209,0.1141055381,0.9841008661,0.9920185815,1e-10,time_seed_0+energy_seed_0,0,0,energy_seed_0:0.0158991;time_seed_0:0.00132466,0,KKT residual is reported for numerical inspection
2211,2,2,1,1,6,single_arm_dominant,optimized,3,"0,1,2",mean_2b,2077.666667,1.15,2389.316667,0.35,0.45,0.35,0.45,0.6,1.8,3B,1,0.91626,0.968729,10076.151159,1739.350642,0,0,0.0,0.0,0.0,0.0,0.0,0.0,0.0,energy_seed_0,,0,energy_seed_0:1,1,KKT conditions numerically satisfied for robust SLP solution
2211,2,2,1,1,6,single_arm_dominant,optimized,3,"0,1,2",mean_2b,2077.666667,1.2,2493.2,0.35,0.45,0.35,0.45,0.6,1.8,2B,1,0.91626,0.968729,9604.688156,2430.589806,0,0,0.0,0.0,0.0,0.0,0.0,0.0,0.0,energy_seed_0,,0,energy_seed_0:1,1,KKT conditions numerically satisfied for robust SLP solution
2211,2,2,1,1,6,single_arm_dominant,optimized,3,"0,1,2",mean_2b,2077.666667,1.2,2493.2,0.35,0.45,0.35,0.45,0.6,1.8,3B,1,0.91626,0.968729,10076.151159,1739.350642,0,0,0.0,0.0,0.0,0.0,0.0,0.0,0.0,energy_seed_0,,0,energy_seed_0:1,1,KKT conditions numerically satisfied for robust SLP solution
2211,2,2,1,1,6,single_arm_dominant,optimized,3,"0,1,2",mean_2b,2077.666667,1.25,2597.083333,0.35,0.45,0.35,0.45,0.6,1.8,2B,1,0.91626,0.968729,9604.688156,2430.589806,0,0,0.0,0.0,0.0,0.0,0.0,0.0,0.0,energy_seed_0,,0,energy_seed_0:1,1,KKT conditions numerically satisfied for robust SLP solution
2211,2,2,1,1,6,single_arm_dominant,optimized,3,"0,1,2",mean_2b,2077.666667,1.25,2597.083333,0.35,0.45,0.35,0.45,0.6,1.8,3B,1,0.91626,0.968729,10076.151159,1739.350642,0,0,0.0,0.0,0.0,0.0,0.0,0.0,0.0,energy_seed_0,,0,energy_seed_0:1,1,KKT conditions numerically satisfied for robust SLP solution
2211,2,2,1,1,6,single_arm_dominant,optimized,3,"0,1,2",mean_2b,2077.666667,1.3,2700.966667,0.35,0.45,0.35,0.45,0.6,1.8,2B,1,0.91626,0.968729,9604.688156,2430.589806,0,0,0.0,0.0,0.0,0.0,0.0,0.0,0.0,energy_seed_0,,0,energy_seed_0:1,1,KKT conditions numerically satisfied for robust SLP solution
2211,2,2,1,1,6,single_arm_dominant,optimized,3,"0,1,2",mean_2b,2077.666667,1.3,2700.966667,0.35,0.45,0.35,0.45,0.6,1.8,3B,1,0.91626,0.968729,10076.151159,1739.350642,0,0,0.0,0.0,0.0,0.0,0.0,0.0,0.0,energy_seed_0,,0,energy_seed_0:1,1,KKT conditions numerically satisfied for robust SLP solution
2211,2,2,1,1,6,single_arm_dominant,optimized,3,"0,1,2",mean_2b,2077.666667,1.35,2804.85,0.35,0.45,0.35,0.45,0.6,1.8,2B,1,0.91626,0.968729,9604.688156,2430.589806,0,0,0.0,0.0,0.0,0.0,0.0,0.0,0.0,energy_seed_0,,0,energy_seed_0:1,1,KKT conditions numerically satisfied for robust SLP solution
2211,2,2,1,1,6,single_arm_dominant,optimized,3,"0,1,2",mean_2b,2077.666667,1.35,2804.85,0.35,0.45,0.35,0.45,0.6,1.8,3B,1,0.91626,0.968729,10076.151159,1739.350642,0,0,0.0,0.0,0.0,0.0,0.0,0.0,0.0,energy_seed_0,,0,energy_seed_0:1,1,KKT conditions numerically satisfied for robust SLP solution
2211,2,2,1,1,6,single_arm_dominant,optimized,3,"0,1,2",mean_2b,2077.666667,1.4,2908.733333,0.35,0.45,0.35,0.45,0.6,1.8,2B,1,0.91626,0.968729,9604.688156,2430.589806,0,0,0.0,0.0,0.0,0.0,0.0,0.0,0.0,energy_seed_0,,0,energy_seed_0:1,1,KKT conditions numerically satisfied for robust SLP solution
2211,2,2,1,1,6,single_arm_dominant,optimized,3,"0,1,2",mean_2b,2077.666667,1.4,2908.733333,0.35,0.45,0.35,0.45,0.6,1.8,3B,1,0.91626,0.968729,10076.151159,1739.350642,0,0,0.0,0.0,0.0,0.0,0.0,0.0,0.0,energy_seed_0,,0,energy_seed_0:1,1,KKT conditions numerically satisfied for robust SLP solution
2211,2,2,1,1,6,single_arm_dominant,optimized,3,"0,1,2",mean_2b,2077.666667,1.5,3116.5,0.35,0.45,0.35,0.45,0.6,1.8,2B,1,0.91626,0.968729,9604.688156,2430.589806,0,0,0.0,0.0,0.0,0.0,0.0,0.0,0.0,energy_seed_0,,0,energy_seed_0:1,1,KKT conditions numerically satisfied for robust SLP solution
2211,2,2,1,1,6,single_arm_dominant,optimized,3,"0,1,2",mean_2b,2077.666667,1.5,3116.5,0.35,0.45,0.35,0.45,0.6,1.8,3B,1,0.91626,0.968729,10076.151159,1739.350642,0,0,0.0,0.0,0.0,0.0,0.0,0.0,0.0,energy_seed_0,,0,energy_seed_0:1,1,KKT conditions numerically satisfied for robust SLP solution
2212,2,2,1,2,7,single_arm_dominant,optimized,3,"0,1,2",mean_2b,2638.333333,0.7,1846.833333,0.35,0.45,0.35,0.45,0.6,1.8,2B,1,1.507229,1.524268,16067.787606,1846.833333,0,0,-7.09e-08,0.0,-0.003049427,0.0041583522,0.9999734084,0.9999867041,0.0,time_seed_0+energy_seed_0,0,0,energy_seed_0:2.65916e-05;time_seed_0:0.000161769,0,KKT residual is reported for numerical inspection
2212,2,2,1,2,7,single_arm_dominant,optimized,3,"0,1,2",mean_2b,2638.333333,0.7,1846.833333,0.35,0.45,0.35,0.45,0.6,1.8,3B,1,1.003667,1.050885,14330.97112,1846.833333,0,0,-5.63e-08,0.0,-0.0085274965,0.012464965,0.9997718544,0.9998859207,0.0,time_seed_0+energy_seed_0,0,0,energy_seed_0:0.000228146;time_seed_0:0.000197915,0,KKT residual is reported for numerical inspection
2212,2,2,1,2,7,single_arm_dominant,optimized,3,"0,1,2",mean_2b,2638.333333,0.75,1978.75,0.35,0.45,0.35,0.45,0.6,1.8,2B,1,1.403736,1.426776,15365.164005,1978.75,0,0,-6.95e-08,0.0,-0.0031771096,0.0043763402,0.9999707528,0.9999853763,0.0,time_seed_0+energy_seed_0,0,0,energy_seed_0:2.92472e-05;time_seed_0:0.000134157,0,KKT residual is reported for numerical inspection
2212,2,2,1,2,7,single_arm_dominant,optimized,3,"0,1,2",mean_2b,2638.333333,0.75,1978.75,0.35,0.45,0.35,0.45,0.6,1.8,3B,1,0.933784,0.985203,14264.622779,1978.75,0,0,-5.23e-08,0.0,-0.0368628844,0.0547124642,0.9956285646,0.9978118884,0.0,time_seed_0+energy_seed_0,0,0,energy_seed_0:0.00437144;time_seed_0:0.000706886,0,KKT residual is reported for numerical inspection
2212,2,2,1,2,7,single_arm_dominant,optimized,3,"0,1,2",mean_2b,2638.333333,0.8,2110.666667,0.35,0.45,0.35,0.45,0.6,1.8,2B,1,1.312963,1.341812,14835.992791,2110.666667,0,0,-4.47e-08,0.0,-0.0033330551,0.0046415104,0.9999673461,0.9999836729,0.0,time_seed_0+energy_seed_0,0,0,energy_seed_0:3.26539e-05;time_seed_0:0.000112401,0,KKT residual is reported for numerical inspection
2212,2,2,1,2,7,single_arm_dominant,optimized,3,"0,1,2",mean_2b,2638.333333,0.8,2110.666667,0.35,0.45,0.35,0.45,0.6,1.8,3B,1,0.91626,0.968729,14261.709871,2014.851207,0,0,0.0,0.0,0.0,0.0,0.0,0.0,0.0,energy_seed_0,,0,energy_seed_0:1,1,KKT conditions numerically satisfied for robust SLP solution
2212,2,2,1,2,7,single_arm_dominant,optimized,3,"0,1,2",mean_2b,2638.333333,0.85,2242.583333,0.35,0.45,0.35,0.45,0.6,1.8,2B,1,1.233063,1.266615,14440.520603,2242.583333,0,0,-9.2e-08,0.0,-0.0036738408,0.0051686587,0.9999597862,0.9999798929,0.0,time_seed_0+energy_seed_0,0,0,energy_seed_0:4.02138e-05;time_seed_0:0.000102644,0,KKT residual is reported for numerical inspection
2212,2,2,1,2,7,single_arm_dominant,optimized,3,"0,1,2",mean_2b,2638.333333,0.85,2242.583333,0.35,0.45,0.35,0.45,0.6,1.8,3B,1,0.91626,0.968729,14261.709871,2014.851207,0,0,0.0,0.0,0.0,0.0,0.0,0.0,0.0,energy_seed_0,,0,energy_seed_0:1,1,KKT conditions numerically satisfied for robust SLP solution
2212,2,2,1,2,7,single_arm_dominant,optimized,3,"0,1,2",mean_2b,2638.333333,0.9,2374.5,0.35,0.45,0.35,0.45,0.6,1.8,2B,1,1.162041,1.199809,14149.890033,2374.5,0,0,-3.44e-08,0.0,-0.0042051103,0.005977201,0.9999465873,0.9999732933,0.0,time_seed_0+energy_seed_0,0,0,energy_seed_0:5.34127e-05;time_seed_0:9.88357e-05,0,KKT residual is reported for numerical inspection
2212,2,2,1,2,7,single_arm_dominant,optimized,3,"0,1,2",mean_2b,2638.333333,0.9,2374.5,0.35,0.45,0.35,0.45,0.6,1.8,3B,1,0.91626,0.968729,14261.709871,2014.851207,0,0,0.0,0.0,0.0,0.0,0.0,0.0,0.0,energy_seed_0,,0,energy_seed_0:1,1,KKT conditions numerically satisfied for robust SLP solution
2212,2,2,1,2,7,single_arm_dominant,optimized,3,"0,1,2",mean_2b,2638.333333,0.95,2506.416667,0.35,0.45,0.35,0.45,0.6,1.8,2B,1,1.09855,1.139992,13942.570047,2506.416667,0,0,-3.79e-08,0.0,-0.0051117181,0.0073395486,0.999919995,0.9999599967,0.0,time_seed_0+energy_seed_0,0,0,energy_seed_0:8.0005e-05;time_seed_0:0.000103152,0,KKT residual is reported for numerical inspection
2212,2,2,1,2,7,single_arm_dominant,optimized,3,"0,1,2",mean_2b,2638.333333,0.95,2506.416667,0.35,0.45,0.35,0.45,0.6,1.8,3B,1,0.91626,0.968729,14261.709871,2014.851207,0,0,0.0,0.0,0.0,0.0,0.0,0.0,0.0,energy_seed_0,,0,energy_seed_0:1,1,KKT conditions numerically satisfied for robust SLP solution
2212,2,2,1,2,7,single_arm_dominant,optimized,3,"0,1,2",mean_2b,2638.333333,1.0,2638.333333,0.35,0.45,0.35,0.45,0.6,1.8,2B,1,1.041485,1.086076,13802.288213,2638.333333,0,0,-9.91e-08,0.0,-0.0068765723,0.0099706929,0.9998532765,0.9999266356,0.0,time_seed_0+energy_seed_0,0,0,energy_seed_0:0.000146723;time_seed_0:0.000122612,0,KKT residual is reported for numerical inspection
2212,2,2,1,2,7,single_arm_dominant,optimized,3,"0,1,2",mean_2b,2638.333333,1.0,2638.333333,0.35,0.45,0.35,0.45,0.6,1.8,3B,1,0.91626,0.968729,14261.709871,2014.851207,0,0,0.0,0.0,0.0,0.0,0.0,0.0,0.0,energy_seed_0,,0,energy_seed_0:1,1,KKT conditions numerically satisfied for robust SLP solution
2212,2,2,1,2,7,single_arm_dominant,optimized,3,"0,1,2",mean_2b,2638.333333,1.05,2770.25,0.35,0.45,0.35,0.45,0.6,1.8,2B,1,0.989746,1.037484,13716.578082,2770.25,0,0,-7.23e-08,0.0,-0.0107478737,0.0157462427,0.9996364069,0.9998181869,0.0,time_seed_0+energy_seed_0,0,0,energy_seed_0:0.000363593;time_seed_0:0.000169017,0,KKT residual is reported for numerical inspection
2212,2,2,1,2,7,single_arm_dominant,optimized,3,"0,1,2",mean_2b,2638.333333,1.05,2770.25,0.35,0.45,0.35,0.45,0.6,1.8,3B,1,0.91626,0.968729,14261.709871,2014.851207,0,0,0.0,0.0,0.0,0.0,0.0,0.0,0.0,energy_seed_0,,0,energy_seed_0:1,1,KKT conditions numerically satisfied for robust SLP solution
2212,2,2,1,2,7,single_arm_dominant,optimized,3,"0,1,2",mean_2b,2638.333333,1.1,2902.166667,0.35,0.45,0.35,0.45,0.6,1.8,2B,1,0.942604,0.993499,13675.697948,2902.164808,0,0,0.0,0.0,-0.0260566683,0.0385952493,0.9978267337,0.9989127758,6.419e-07,time_seed_0+energy_seed_0,0,0,energy_seed_0:0.00217327;time_seed_0:0.000345388,0,KKT residual is reported for numerical inspection
2212,2,2,1,2,7,single_arm_dominant,optimized,3,"0,1,2",mean_2b,2638.333333,1.1,2902.166667,0.35,0.45,0.35,0.45,0.6,1.8,3B,1,0.91626,0.968729,14261.709871,2014.851207,0,0,0.0,0.0,0.0,0.0,0.0,0.0,0.0,energy_seed_0,,0,energy_seed_0:1,1,KKT conditions numerically satisfied for robust SLP solution
2212,2,2,1,2,7,single_arm_dominant,optimized,3,"0,1,2",mean_2b,2638.333333,1.15,3034.083333,0.35,0.45,0.35,0.45,0.6,1.8,2B,1,0.91626,0.968729,13669.42464,2981.766575,0,0,0.0,0.0,0.0,0.0,0.0,0.0,0.0,energy_seed_0,,0,energy_seed_0:1,1,KKT conditions numerically satisfied for robust SLP solution
2212,2,2,1,2,7,single_arm_dominant,optimized,3,"0,1,2",mean_2b,2638.333333,1.15,3034.083333,0.35,0.45,0.35,0.45,0.6,1.8,3B,1,0.91626,0.968729,14261.709871,2014.851207,0,0,0.0,0.0,0.0,0.0,0.0,0.0,0.0,energy_seed_0,,0,energy_seed_0:1,1,KKT conditions numerically satisfied for robust SLP solution
2212,2,2,1,2,7,single_arm_dominant,optimized,3,"0,1,2",mean_2b,2638.333333,1.2,3166.0,0.35,0.45,0.35,0.45,0.6,1.8,2B,1,0.91626,0.968729,13669.42464,2981.766575,0,0,0.0,0.0,0.0,0.0,0.0,0.0,0.0,energy_seed_0,,0,energy_seed_0:1,1,KKT conditions numerically satisfied for robust SLP solution
2212,2,2,1,2,7,single_arm_dominant,optimized,3,"0,1,2",mean_2b,2638.333333,1.2,3166.0,0.35,0.45,0.35,0.45,0.6,1.8,3B,1,0.91626,0.968729,14261.709871,2014.851207,0,0,0.0,0.0,0.0,0.0,0.0,0.0,0.0,energy_seed_0,,0,energy_seed_0:1,1,KKT conditions numerically satisfied for robust SLP solution
2212,2,2,1,2,7,single_arm_dominant,optimized,3,"0,1,2",mean_2b,2638.333333,1.25,3297.916667,0.35,0.45,0.35,0.45,0.6,1.8,2B,1,0.91626,0.968729,13669.42464,2981.766575,0,0,0.0,0.0,0.0,0.0,0.0,0.0,0.0,energy_seed_0,,0,energy_seed_0:1,1,KKT conditions numerically satisfied for robust SLP solution
2212,2,2,1,2,7,single_arm_dominant,optimized,3,"0,1,2",mean_2b,2638.333333,1.25,3297.916667,0.35,0.45,0.35,0.45,0.6,1.8,3B,1,0.91626,0.968729,14261.709871,2014.851207,0,0,0.0,0.0,0.0,0.0,0.0,0.0,0.0,energy_seed_0,,0,energy_seed_0:1,1,KKT conditions numerically satisfied for robust SLP solution
2212,2,2,1,2,7,single_arm_dominant,optimized,3,"0,1,2",mean_2b,2638.333333,1.3,3429.833333,0.35,0.45,0.35,0.45,0.6,1.8,2B,1,0.91626,0.968729,13669.42464,2981.766575,0,0,0.0,0.0,0.0,0.0,0.0,0.0,0.0,energy_seed_0,,0,energy_seed_0:1,1,KKT conditions numerically satisfied for robust SLP solution
2212,2,2,1,2,7,single_arm_dominant,optimized,3,"0,1,2",mean_2b,2638.333333,1.3,3429.833333,0.35,0.45,0.35,0.45,0.6,1.8,3B,1,0.91626,0.968729,14261.709871,2014.851207,0,0,0.0,0.0,0.0,0.0,0.0,0.0,0.0,energy_seed_0,,0,energy_seed_0:1,1,KKT conditions numerically satisfied for robust SLP solution
2212,2,2,1,2,7,single_arm_dominant,optimized,3,"0,1,2",mean_2b,2638.333333,1.35,3561.75,0.35,0.45,0.35,0.45,0.6,1.8,2B,1,0.91626,0.968729,13669.42464,2981.766575,0,0,0.0,0.0,0.0,0.0,0.0,0.0,0.0,energy_seed_0,,0,energy_seed_0:1,1,KKT conditions numerically satisfied for robust SLP solution
2212,2,2,1,2,7,single_arm_dominant,optimized,3,"0,1,2",mean_2b,2638.333333,1.35,3561.75,0.35,0.45,0.35,0.45,0.6,1.8,3B,1,0.91626,0.968729,14261.709871,2014.851207,0,0,0.0,0.0,0.0,0.0,0.0,0.0,0.0,energy_seed_0,,0,energy_seed_0:1,1,KKT conditions numerically satisfied for robust SLP solution
2212,2,2,1,2,7,single_arm_dominant,optimized,3,"0,1,2",mean_2b,2638.333333,1.4,3693.666667,0.35,0.45,0.35,0.45,0.6,1.8,2B,1,0.91626,0.968729,13669.42464,2981.766575,0,0,0.0,0.0,0.0,0.0,0.0,0.0,0.0,energy_seed_0,,0,energy_seed_0:1,1,KKT conditions numerically satisfied for robust SLP solution
2212,2,2,1,2,7,single_arm_dominant,optimized,3,"0,1,2",mean_2b,2638.333333,1.4,3693.666667,0.35,0.45,0.35,0.45,0.6,1.8,3B,1,0.91626,0.968729,14261.709871,2014.851207,0,0,0.0,0.0,0.0,0.0,0.0,0.0,0.0,energy_seed_0,,0,energy_seed_0:1,1,KKT conditions numerically satisfied for robust SLP solution
2212,2,2,1,2,7,single_arm_dominant,optimized,3,"0,1,2",mean_2b,2638.333333,1.5,3957.5,0.35,0.45,0.35,0.45,0.6,1.8,2B,1,0.91626,0.968729,13669.42464,2981.766575,0,0,0.0,0.0,0.0,0.0,0.0,0.0,0.0,energy_seed_0,,0,energy_seed_0:1,1,KKT conditions numerically satisfied for robust SLP solution
2212,2,2,1,2,7,single_arm_dominant,optimized,3,"0,1,2",mean_2b,2638.333333,1.5,3957.5,0.35,0.45,0.35,0.45,0.6,1.8,3B,1,0.91626,0.968729,14261.709871,2014.851207,0,0,0.0,0.0,0.0,0.0,0.0,0.0,0.0,energy_seed_0,,0,energy_seed_0:1,1,KKT conditions numerically satisfied for robust SLP solution
2221,2,2,2,1,7,single_arm_dominant,optimized,3,"0,1,2",mean_2b,2572.333333,0.7,1800.633333,0.35,0.45,0.35,0.45,0.6,1.8,2B,1,1.503887,1.520908,13028.30831,1800.633333,0,0,-6.95e-08,0.0,-0.0037871667,0.0051645066,0.9999589836,0.9999794916,0.0,time_seed_0+energy_seed_0,0,0,energy_seed_0:4.10164e-05;time_seed_0:0.000206488,0,KKT residual is reported for numerical inspection
2221,2,2,2,1,7,single_arm_dominant,optimized,3,"0,1,2",mean_2b,2572.333333,0.7,1800.633333,0.35,0.45,0.35,0.45,0.6,1.8,3B,1,1.00848,1.055164,11701.893496,1800.633333,0,0,-9.31e-08,0.0,-0.010266558,0.0149854124,0.9996699263,0.9998349495,0.0,time_seed_0+energy_seed_0,0,0,energy_seed_0:0.000330074;time_seed_0:0.000252734,0,KKT residual is reported for numerical inspection
2221,2,2,2,1,7,single_arm_dominant,optimized,3,"0,1,2",mean_2b,2572.333333,0.75,1929.25,0.35,0.45,0.35,0.45,0.6,1.8,2B,1,1.400428,1.423901,12461.643678,1929.25,0,0,-7.31e-08,0.0,-0.0038836649,0.0053532627,0.9999562578,0.9999781287,0.0,time_seed_0+energy_seed_0,0,0,energy_seed_0:4.37422e-05;time_seed_0:0.000165913,0,KKT residual is reported for numerical inspection
2221,2,2,2,1,7,single_arm_dominant,optimized,3,"0,1,2",mean_2b,2572.333333,0.75,1929.25,0.35,0.45,0.35,0.45,0.6,1.8,3B,1,0.938287,0.989182,11643.008688,1929.244129,0,0,0.0,0.0,-0.0403386813,0.0597779994,0.9947720501,0.9973825997,5.2013e-06,time_seed_0+energy_seed_0,0,0,energy_seed_0:0.00522795;time_seed_0:0.000885931,0,KKT residual is reported for numerical inspection
2221,2,2,2,1,7,single_arm_dominant,optimized,3,"0,1,2",mean_2b,2572.333333,0.8,2057.866667,0.35,0.45,0.35,0.45,0.6,1.8,2B,1,1.310032,1.338884,12035.119874,2057.866667,0,0,-8.35e-08,0.0,-0.0041442125,0.005771688,0.9999495106,0.999974755,0.0,time_seed_0+energy_seed_0,0,0,energy_seed_0:5.04894e-05;time_seed_0:0.000143592,0,KKT residual is reported for numerical inspection
2221,2,2,2,1,7,single_arm_dominant,optimized,3,"0,1,2",mean_2b,2572.333333,0.8,2057.866667,0.35,0.45,0.35,0.45,0.6,1.8,3B,1,0.91626,0.968729,11639.302197,1973.274912,0,0,0.0,0.0,0.0,0.0,0.0,0.0,0.0,energy_seed_0,,0,energy_seed_0:1,1,KKT conditions numerically satisfied for robust SLP solution
2221,2,2,2,1,7,single_arm_dominant,optimized,3,"0,1,2",mean_2b,2572.333333,0.85,2186.483333,0.35,0.45,0.35,0.45,0.6,1.8,2B,1,1.230297,1.263869,11716.739172,2186.483333,0,0,-8.26e-08,0.0,-0.0045728619,0.0064344418,0.999937683,0.999968841,0.0,time_seed_0+energy_seed_0,0,0,energy_seed_0:6.2317e-05;time_seed_0:0.000131251,0,KKT residual is reported for numerical inspection
2221,2,2,2,1,7,single_arm_dominant,optimized,3,"0,1,2",mean_2b,2572.333333,0.85,2186.483333,0.35,0.45,0.35,0.45,0.6,1.8,3B,1,0.91626,0.968729,11639.302197,1973.274912,0,0,0.0,0.0,0.0,0.0,0.0,0.0,0.0,energy_seed_0,,0,energy_seed_0:1,1,KKT conditions numerically satisfied for robust SLP solution
2221,2,2,2,1,7,single_arm_dominant,optimized,3,"0,1,2",mean_2b,2572.333333,0.9,2315.1,0.35,0.45,0.35,0.45,0.6,1.8,2B,1,1.159436,1.197206,11483.119141,2315.1,0,0,-2.37e-08,0.0,-0.0052523198,0.0074668018,0.9999166531,0.9999583257,0.0,time_seed_0+energy_seed_0,0,0,energy_seed_0:8.33469e-05;time_seed_0:0.000127024,0,KKT residual is reported for numerical inspection
2221,2,2,2,1,7,single_arm_dominant,optimized,3,"0,1,2",mean_2b,2572.333333,0.9,2315.1,0.35,0.45,0.35,0.45,0.6,1.8,3B,1,0.91626,0.968729,11639.302197,1973.274912,0,0,0.0,0.0,0.0,0.0,0.0,0.0,0.0,energy_seed_0,,0,energy_seed_0:1,1,KKT conditions numerically satisfied for robust SLP solution
2221,2,2,2,1,7,single_arm_dominant,optimized,3,"0,1,2",mean_2b,2572.333333,0.95,2443.716667,0.35,0.45,0.35,0.45,0.6,1.8,2B,1,1.096083,1.137524,11316.85644,2443.716667,0,0,-3.82e-08,0.0,-0.0064141497,0.0092111214,0.999873998,0.999936997,0.0,time_seed_0+energy_seed_0,0,0,energy_seed_0:0.000126002;time_seed_0:0.000133407,0,KKT residual is reported for numerical inspection
2221,2,2,2,1,7,single_arm_dominant,optimized,3,"0,1,2",mean_2b,2572.333333,0.95,2443.716667,0.35,0.45,0.35,0.45,0.6,1.8,3B,1,0.91626,0.968729,11639.302197,1973.274912,0,0,0.0,0.0,0.0,0.0,0.0,0.0,0.0,energy_seed_0,,0,energy_seed_0:1,1,KKT conditions numerically satisfied for robust SLP solution
2221,2,2,2,1,7,single_arm_dominant,optimized,3,"0,1,2",mean_2b,2572.333333,1.0,2572.333333,0.35,0.45,0.35,0.45,0.6,1.8,2B,1,1.038927,1.084044,11204.818738,2572.333333,0,0,-2.53e-08,0.0,-0.0083326469,0.0120960969,0.9997842049,0.9998920966,0.0,time_seed_0+energy_seed_0,0,0,energy_seed_0:0.000215795;time_seed_0:0.000147256,0,KKT residual is reported for numerical inspection
2221,2,2,2,1,7,single_arm_dominant,optimized,3,"0,1,2",mean_2b,2572.333333,1.0,2572.333333,0.35,0.45,0.35,0.45,0.6,1.8,3B,1,0.91626,0.968729,11639.302197,1973.274912,0,0,0.0,0.0,0.0,0.0,0.0,0.0,0.0,energy_seed_0,,0,energy_seed_0:1,1,KKT conditions numerically satisfied for robust SLP solution
2221,2,2,2,1,7,single_arm_dominant,optimized,3,"0,1,2",mean_2b,2572.333333,1.05,2700.95,0.35,0.45,0.35,0.45,0.6,1.8,2B,1,0.987512,1.035255,11136.850735,2700.95,0,0,-9.79e-08,0.0,-0.0138579316,0.0203070471,0.9993952158,0.9996975622,0.0,time_seed_0+energy_seed_0,0,0,energy_seed_0:0.000604784;time_seed_0:0.000226857,0,KKT residual is reported for numerical inspection
2221,2,2,2,1,7,single_arm_dominant,optimized,3,"0,1,2",mean_2b,2572.333333,1.05,2700.95,0.35,0.45,0.35,0.45,0.6,1.8,3B,1,0.91626,0.968729,11639.302197,1973.274912,0,0,0.0,0.0,0.0,0.0,0.0,0.0,0.0,energy_seed_0,,0,energy_seed_0:1,1,KKT conditions numerically satisfied for robust SLP solution
2221,2,2,2,1,7,single_arm_dominant,optimized,3,"0,1,2",mean_2b,2572.333333,1.1,2829.566667,0.35,0.45,0.35,0.45,0.6,1.8,2B,1,0.940476,0.991371,11105.151786,2829.560408,0,0,0.0,0.0,-0.0363765761,0.0538936355,0.9957541939,0.9978748388,3.2269e-06,time_seed_0+energy_seed_0,0,0,energy_seed_0:0.00424581;time_seed_0:0.000515609,0,KKT residual is reported for numerical inspection
2221,2,2,2,1,7,single_arm_dominant,optimized,3,"0,1,2",mean_2b,2572.333333,1.1,2829.566667,0.35,0.45,0.35,0.45,0.6,1.8,3B,1,0.91626,0.968729,11639.302197,1973.274912,0,0,0.0,0.0,0.0,0.0,0.0,0.0,0.0,energy_seed_0,,0,energy_seed_0:1,1,KKT conditions numerically satisfied for robust SLP solution
2221,2,2,2,1,7,single_arm_dominant,optimized,3,"0,1,2",mean_2b,2572.333333,1.15,2958.183333,0.35,0.45,0.35,0.45,0.6,1.8,2B,1,0.91626,0.968729,11100.861078,2900.746103,0,0,0.0,0.0,0.0,0.0,0.0,0.0,0.0,energy_seed_0,,0,energy_seed_0:1,1,KKT conditions numerically satisfied for robust SLP solution
2221,2,2,2,1,7,single_arm_dominant,optimized,3,"0,1,2",mean_2b,2572.333333,1.15,2958.183333,0.35,0.45,0.35,0.45,0.6,1.8,3B,1,0.91626,0.968729,11639.302197,1973.274912,0,0,0.0,0.0,0.0,0.0,0.0,0.0,0.0,energy_seed_0,,0,energy_seed_0:1,1,KKT conditions numerically satisfied for robust SLP solution
2221,2,2,2,1,7,single_arm_dominant,optimized,3,"0,1,2",mean_2b,2572.333333,1.2,3086.8,0.35,0.45,0.35,0.45,0.6,1.8,2B,1,0.91626,0.968729,11100.861078,2900.746103,0,0,0.0,0.0,0.0,0.0,0.0,0.0,0.0,energy_seed_0,,0,energy_seed_0:1,1,KKT conditions numerically satisfied for robust SLP solution
2221,2,2,2,1,7,single_arm_dominant,optimized,3,"0,1,2",mean_2b,2572.333333,1.2,3086.8,0.35,0.45,0.35,0.45,0.6,1.8,3B,1,0.91626,0.968729,11639.302197,1973.274912,0,0,0.0,0.0,0.0,0.0,0.0,0.0,0.0,energy_seed_0,,0,energy_seed_0:1,1,KKT conditions numerically satisfied for robust SLP solution
2221,2,2,2,1,7,single_arm_dominant,optimized,3,"0,1,2",mean_2b,2572.333333,1.25,3215.416667,0.35,0.45,0.35,0.45,0.6,1.8,2B,1,0.91626,0.968729,11100.861078,2900.746103,0,0,0.0,0.0,0.0,0.0,0.0,0.0,0.0,energy_seed_0,,0,energy_seed_0:1,1,KKT conditions numerically satisfied for robust SLP solution
2221,2,2,2,1,7,single_arm_dominant,optimized,3,"0,1,2",mean_2b,2572.333333,1.25,3215.416667,0.35,0.45,0.35,0.45,0.6,1.8,3B,1,0.91626,0.968729,11639.302197,1973.274912,0,0,0.0,0.0,0.0,0.0,0.0,0.0,0.0,energy_seed_0,,0,energy_seed_0:1,1,KKT conditions numerically satisfied for robust SLP solution
2221,2,2,2,1,7,single_arm_dominant,optimized,3,"0,1,2",mean_2b,2572.333333,1.3,3344.033333,0.35,0.45,0.35,0.45,0.6,1.8,2B,1,0.91626,0.968729,11100.861078,2900.746103,0,0,0.0,0.0,0.0,0.0,0.0,0.0,0.0,energy_seed_0,,0,energy_seed_0:1,1,KKT conditions numerically satisfied for robust SLP solution
2221,2,2,2,1,7,single_arm_dominant,optimized,3,"0,1,2",mean_2b,2572.333333,1.3,3344.033333,0.35,0.45,0.35,0.45,0.6,1.8,3B,1,0.91626,0.968729,11639.302197,1973.274912,0,0,0.0,0.0,0.0,0.0,0.0,0.0,0.0,energy_seed_0,,0,energy_seed_0:1,1,KKT conditions numerically satisfied for robust SLP solution
2221,2,2,2,1,7,single_arm_dominant,optimized,3,"0,1,2",mean_2b,2572.333333,1.35,3472.65,0.35,0.45,0.35,0.45,0.6,1.8,2B,1,0.91626,0.968729,11100.861078,2900.746103,0,0,0.0,0.0,0.0,0.0,0.0,0.0,0.0,energy_seed_0,,0,energy_seed_0:1,1,KKT conditions numerically satisfied for robust SLP solution
2221,2,2,2,1,7,single_arm_dominant,optimized,3,"0,1,2",mean_2b,2572.333333,1.35,3472.65,0.35,0.45,0.35,0.45,0.6,1.8,3B,1,0.91626,0.968729,11639.302197,1973.274912,0,0,0.0,0.0,0.0,0.0,0.0,0.0,0.0,energy_seed_0,,0,energy_seed_0:1,1,KKT conditions numerically satisfied for robust SLP solution
2221,2,2,2,1,7,single_arm_dominant,optimized,3,"0,1,2",mean_2b,2572.333333,1.4,3601.266667,0.35,0.45,0.35,0.45,0.6,1.8,2B,1,0.91626,0.968729,11100.861078,2900.746103,0,0,0.0,0.0,0.0,0.0,0.0,0.0,0.0,energy_seed_0,,0,energy_seed_0:1,1,KKT conditions numerically satisfied for robust SLP solution
2221,2,2,2,1,7,single_arm_dominant,optimized,3,"0,1,2",mean_2b,2572.333333,1.4,3601.266667,0.35,0.45,0.35,0.45,0.6,1.8,3B,1,0.91626,0.968729,11639.302197,1973.274912,0,0,0.0,0.0,0.0,0.0,0.0,0.0,0.0,energy_seed_0,,0,energy_seed_0:1,1,KKT conditions numerically satisfied for robust SLP solution
2221,2,2,2,1,7,single_arm_dominant,optimized,3,"0,1,2",mean_2b,2572.333333,1.5,3858.5,0.35,0.45,0.35,0.45,0.6,1.8,2B,1,0.91626,0.968729,11100.861078,2900.746103,0,0,0.0,0.0,0.0,0.0,0.0,0.0,0.0,energy_seed_0,,0,energy_seed_0:1,1,KKT conditions numerically satisfied for robust SLP solution
2221,2,2,2,1,7,single_arm_dominant,optimized,3,"0,1,2",mean_2b,2572.333333,1.5,3858.5,0.35,0.45,0.35,0.45,0.6,1.8,3B,1,0.91626,0.968729,11639.302197,1973.274912,0,0,0.0,0.0,0.0,0.0,0.0,0.0,0.0,energy_seed_0,,0,energy_seed_0:1,1,KKT conditions numerically satisfied for robust SLP solution
2222,2,2,2,2,8,balanced,optimized,3,"0,1,2",mean_2b,3125.0,0.7,2187.5,0.35,0.45,0.35,0.45,0.6,1.8,2B,1,1.483524,1.50173,17747.127889,2187.5,0,0,-7.45e-08,0.0,-0.0031665828,0.003244778,0.9999794437,0.9999897218,0.0,time_seed_0+energy_seed_0,0,0,energy_seed_0:2.05563e-05;time_seed_0:0.000113678,0,KKT residual is reported for numerical inspection
2222,2,2,2,2,8,balanced,optimized,3,"0,1,2",mean_2b,3125.0,0.7,2187.5,0.35,0.45,0.35,0.45,0.6,1.8,3B,1,1.060266,1.10381,16051.596728,2187.5,0,0,-2.12e-08,0.0,-0.0060472301,0.0065541278,0.9999204681,0.9999602333,0.0,time_seed_0+energy_seed_0,0,0,energy_seed_0:7.95319e-05;time_seed_0:0.000108485,0,KKT residual is reported for numerical inspection
2222,2,2,2,2,8,balanced,optimized,3,"0,1,2",mean_2b,3125.0,0.75,2343.75,0.35,0.45,0.35,0.45,0.6,1.8,2B,1,1.38085,1.405501,16996.600971,2343.75,0,0,-5.3e-08,0.0,-0.0032629814,0.003380522,0.9999779245,0.9999889622,0.0,time_seed_0+energy_seed_0,0,0,energy_seed_0:2.20755e-05;time_seed_0:9.15498e-05,0,KKT residual is reported for numerical inspection
2222,2,2,2,2,8,balanced,optimized,3,"0,1,2",mean_2b,3125.0,0.75,2343.75,0.35,0.45,0.35,0.45,0.6,1.8,3B,1,0.985936,1.034204,15899.757502,2343.75,0,0,-2.89e-08,0.0,-0.0106538963,0.0117226025,0.9997490121,0.9998744982,0.0,time_seed_0+energy_seed_0,0,0,energy_seed_0:0.000250988;time_seed_0:0.000153856,0,KKT residual is reported for numerical inspection
2222,2,2,2,2,8,balanced,optimized,3,"0,1,2",mean_2b,3125.0,0.8,2500.0,0.35,0.45,0.35,0.45,0.6,1.8,2B,1,1.29122,1.321122,16435.098648,2500.0,0,0,-4.94e-08,0.0,-0.0035216415,0.0036866381,0.9999740061,0.9999870029,0.0,time_seed_0+energy_seed_0,0,0,energy_seed_0:2.59939e-05;time_seed_0:8.02927e-05,0,KKT residual is reported for numerical inspection
2222,2,2,2,2,8,balanced,optimized,3,"0,1,2",mean_2b,3125.0,0.8,2500.0,0.35,0.45,0.35,0.45,0.6,1.8,3B,1,0.921141,0.973085,15850.685477,2499.997542,0,0,0.0,0.0,-0.2019549379,0.2253741304,0.8980209849,0.9476396915,9.8217e-06,time_seed_0+energy_seed_0,0,0,energy_seed_0:0.101979;time_seed_0:0.00399641,0,KKT residual is reported for numerical inspection
2222,2,2,2,2,8,balanced,optimized,3,"0,1,2",mean_2b,3125.0,0.85,2656.25,0.35,0.45,0.35,0.45,0.6,1.8,2B,1,1.212109,1.246731,16019.490771,2656.25,0,0,-2.62e-08,0.0,-0.0039226315,0.0041499193,0.9999673901,0.9999836949,0.0,time_seed_0+energy_seed_0,0,0,energy_seed_0:3.26099e-05;time_seed_0:7.38809e-05,0,KKT residual is reported for numerical inspection
2222,2,2,2,2,8,balanced,optimized,3,"0,1,2",mean_2b,3125.0,0.85,2656.25,0.35,0.45,0.35,0.45,0.6,1.8,3B,1,0.91626,0.968729,15850.445134,2512.305157,0,0,0.0,0.0,0.0,0.0,0.0,0.0,0.0,energy_seed_0,,0,energy_seed_0:1,1,KKT conditions numerically satisfied for robust SLP solution
2222,2,2,2,2,8,balanced,optimized,3,"0,1,2",mean_2b,3125.0,0.9,2812.5,0.35,0.45,0.35,0.45,0.6,1.8,2B,1,1.141802,1.180625,15718.213127,2812.5,0,0,-5.24e-08,0.0,-0.004569178,0.0048851748,0.9999552557,0.9999776276,0.0,time_seed_0+energy_seed_0,0,0,energy_seed_0:4.47443e-05;time_seed_0:7.22899e-05,0,KKT residual is reported for numerical inspection
2222,2,2,2,2,8,balanced,optimized,3,"0,1,2",mean_2b,3125.0,0.9,2812.5,0.35,0.45,0.35,0.45,0.6,1.8,3B,1,0.91626,0.968729,15850.445134,2512.305157,0,0,0.0,0.0,0.0,0.0,0.0,0.0,0.0,energy_seed_0,,0,energy_seed_0:1,1,KKT conditions numerically satisfied for robust SLP solution
2222,2,2,2,2,8,balanced,optimized,3,"0,1,2",mean_2b,3125.0,0.95,2968.75,0.35,0.45,0.35,0.45,0.6,1.8,2B,1,1.078952,1.121448,15507.78682,2968.75,0,0,-4.11e-08,0.0,-0.0057112207,0.006169967,0.9999293085,0.9999646536,0.0,time_seed_0+energy_seed_0,0,0,energy_seed_0:7.06915e-05;time_seed_0:7.74629e-05,0,KKT residual is reported for numerical inspection
2222,2,2,2,2,8,balanced,optimized,3,"0,1,2",mean_2b,3125.0,0.95,2968.75,0.35,0.45,0.35,0.45,0.6,1.8,3B,1,0.91626,0.968729,15850.445134,2512.305157,0,0,0.0,0.0,0.0,0.0,0.0,0.0,0.0,energy_seed_0,,0,energy_seed_0:1,1,KKT conditions numerically satisfied for robust SLP solution
2222,2,2,2,2,8,balanced,optimized,3,"0,1,2",mean_2b,3125.0,1.0,3125.0,0.35,0.45,0.35,0.45,0.6,1.8,2B,1,1.022228,1.068391,15370.492739,3125.0,0,0,-7.67e-08,0.0,-0.0077393444,0.0084541268,0.999868613,0.9999343044,0.0,time_seed_0+energy_seed_0,0,0,energy_seed_0:0.000131387;time_seed_0:8.87169e-05,0,KKT residual is reported for numerical inspection
2222,2,2,2,2,8,balanced,optimized,3,"0,1,2",mean_2b,3125.0,1.0,3125.0,0.35,0.45,0.35,0.45,0.6,1.8,3B,1,0.91626,0.968729,15850.445134,2512.305157,0,0,0.0,0.0,0.0,0.0,0.0,0.0,0.0,energy_seed_0,,0,energy_seed_0:1,1,KKT conditions numerically satisfied for robust SLP solution
2222,2,2,2,2,8,balanced,optimized,3,"0,1,2",mean_2b,3125.0,1.05,3281.25,0.35,0.45,0.35,0.45,0.6,1.8,2B,1,0.971248,1.020044,15292.637193,3281.248721,0,0,0.0,0.0,-0.0145059848,0.0160001808,0.9995333529,0.9997666492,1.979e-07,time_seed_0+energy_seed_0,0,0,energy_seed_0:0.000466647;time_seed_0:0.00015464,0,KKT residual is reported for numerical inspection
2222,2,2,2,2,8,balanced,optimized,3,"0,1,2",mean_2b,3125.0,1.05,3281.25,0.35,0.45,0.35,0.45,0.6,1.8,3B,1,0.91626,0.968729,15850.445134,2512.305157,0,0,0.0,0.0,0.0,0.0,0.0,0.0,0.0,energy_seed_0,,0,energy_seed_0:1,1,KKT conditions numerically satisfied for robust SLP solution
2222,2,2,2,2,8,balanced,optimized,3,"0,1,2",mean_2b,3125.0,1.1,3437.5,0.35,0.45,0.35,0.45,0.6,1.8,2B,1,0.92456,0.976505,15263.684524,3437.482901,0,0,0.0,0.0,-0.0830025287,0.0925911361,0.984290679,0.9921142469,1.28271e-05,time_seed_0+energy_seed_0,0,0,energy_seed_0:0.0157093;time_seed_0:0.000750157,0,KKT residual is reported for numerical inspection
2222,2,2,2,2,8,balanced,optimized,3,"0,1,2",mean_2b,3125.0,1.1,3437.5,0.35,0.45,0.35,0.45,0.6,1.8,3B,1,0.91626,0.968729,15850.445134,2512.305157,0,0,0.0,0.0,0.0,0.0,0.0,0.0,0.0,energy_seed_0,,0,energy_seed_0:1,1,KKT conditions numerically satisfied for robust SLP solution
2222,2,2,2,2,8,balanced,optimized,3,"0,1,2",mean_2b,3125.0,1.15,3593.75,0.35,0.45,0.35,0.45,0.6,1.8,2B,1,0.91626,0.968729,15262.985268,3466.89617,0,0,0.0,0.0,0.0,0.0,0.0,0.0,0.0,energy_seed_0,,0,energy_seed_0:1,1,KKT conditions numerically satisfied for robust SLP solution
2222,2,2,2,2,8,balanced,optimized,3,"0,1,2",mean_2b,3125.0,1.15,3593.75,0.35,0.45,0.35,0.45,0.6,1.8,3B,1,0.91626,0.968729,15850.445134,2512.305157,0,0,0.0,0.0,0.0,0.0,0.0,0.0,0.0,energy_seed_0,,0,energy_seed_0:1,1,KKT conditions numerically satisfied for robust SLP solution
2222,2,2,2,2,8,balanced,optimized,3,"0,1,2",mean_2b,3125.0,1.2,3750.0,0.35,0.45,0.35,0.45,0.6,1.8,2B,1,0.91626,0.968729,15262.985268,3466.89617,0,0,0.0,0.0,0.0,0.0,0.0,0.0,0.0,energy_seed_0,,0,energy_seed_0:1,1,KKT conditions numerically satisfied for robust SLP solution
2222,2,2,2,2,8,balanced,optimized,3,"0,1,2",mean_2b,3125.0,1.2,3750.0,0.35,0.45,0.35,0.45,0.6,1.8,3B,1,0.91626,0.968729,15850.445134,2512.305157,0,0,0.0,0.0,0.0,0.0,0.0,0.0,0.0,energy_seed_0,,0,energy_seed_0:1,1,KKT conditions numerically satisfied for robust SLP solution
2222,2,2,2,2,8,balanced,optimized,3,"0,1,2",mean_2b,3125.0,1.25,3906.25,0.35,0.45,0.35,0.45,0.6,1.8,2B,1,0.91626,0.968729,15262.985268,3466.89617,0,0,0.0,0.0,0.0,0.0,0.0,0.0,0.0,energy_seed_0,,0,energy_seed_0:1,1,KKT conditions numerically satisfied for robust SLP solution
2222,2,2,2,2,8,balanced,optimized,3,"0,1,2",mean_2b,3125.0,1.25,3906.25,0.35,0.45,0.35,0.45,0.6,1.8,3B,1,0.91626,0.968729,15850.445134,2512.305157,0,0,0.0,0.0,0.0,0.0,0.0,0.0,0.0,energy_seed_0,,0,energy_seed_0:1,1,KKT conditions numerically satisfied for robust SLP solution
2222,2,2,2,2,8,balanced,optimized,3,"0,1,2",mean_2b,3125.0,1.3,4062.5,0.35,0.45,0.35,0.45,0.6,1.8,2B,1,0.91626,0.968729,15262.985268,3466.89617,0,0,0.0,0.0,0.0,0.0,0.0,0.0,0.0,energy_seed_0,,0,energy_seed_0:1,1,KKT conditions numerically satisfied for robust SLP solution
2222,2,2,2,2,8,balanced,optimized,3,"0,1,2",mean_2b,3125.0,1.3,4062.5,0.35,0.45,0.35,0.45,0.6,1.8,3B,1,0.91626,0.968729,15850.445134,2512.305157,0,0,0.0,0.0,0.0,0.0,0.0,0.0,0.0,energy_seed_0,,0,energy_seed_0:1,1,KKT conditions numerically satisfied for robust SLP solution
2222,2,2,2,2,8,balanced,optimized,3,"0,1,2",mean_2b,3125.0,1.35,4218.75,0.35,0.45,0.35,0.45,0.6,1.8,2B,1,0.91626,0.968729,15262.985268,3466.89617,0,0,0.0,0.0,0.0,0.0,0.0,0.0,0.0,energy_seed_0,,0,energy_seed_0:1,1,KKT conditions numerically satisfied for robust SLP solution
2222,2,2,2,2,8,balanced,optimized,3,"0,1,2",mean_2b,3125.0,1.35,4218.75,0.35,0.45,0.35,0.45,0.6,1.8,3B,1,0.91626,0.968729,15850.445134,2512.305157,0,0,0.0,0.0,0.0,0.0,0.0,0.0,0.0,energy_seed_0,,0,energy_seed_0:1,1,KKT conditions numerically satisfied for robust SLP solution
2222,2,2,2,2,8,balanced,optimized,3,"0,1,2",mean_2b,3125.0,1.4,4375.0,0.35,0.45,0.35,0.45,0.6,1.8,2B,1,0.91626,0.968729,15262.985268,3466.89617,0,0,0.0,0.0,0.0,0.0,0.0,0.0,0.0,energy_seed_0,,0,energy_seed_0:1,1,KKT conditions numerically satisfied for robust SLP solution
2222,2,2,2,2,8,balanced,optimized,3,"0,1,2",mean_2b,3125.0,1.4,4375.0,0.35,0.45,0.35,0.45,0.6,1.8,3B,1,0.91626,0.968729,15850.445134,2512.305157,0,0,0.0,0.0,0.0,0.0,0.0,0.0,0.0,energy_seed_0,,0,energy_seed_0:1,1,KKT conditions numerically satisfied for robust SLP solution
2222,2,2,2,2,8,balanced,optimized,3,"0,1,2",mean_2b,3125.0,1.5,4687.5,0.35,0.45,0.35,0.45,0.6,1.8,2B,1,0.91626,0.968729,15262.985268,3466.89617,0,0,0.0,0.0,0.0,0.0,0.0,0.0,0.0,energy_seed_0,,0,energy_seed_0:1,1,KKT conditions numerically satisfied for robust SLP solution
2222,2,2,2,2,8,balanced,optimized,3,"0,1,2",mean_2b,3125.0,1.5,4687.5,0.35,0.45,0.35,0.45,0.6,1.8,3B,1,0.91626,0.968729,15850.445134,2512.305157,0,0,0.0,0.0,0.0,0.0,0.0,0.0,0.0,energy_seed_0,,0,energy_seed_0:1,1,KKT conditions numerically satisfied for robust SLP solution
