counts_code,scenario_type,total_tasks,n1,n2,n3,n4,lambda,lambda_label,gamma,sample_count,mean_eta_T_percent,std_eta_T_percent,mean_eta_E_percent,std_eta_E_percent,mean_score,std_score,robust_score,robust_recommendation,model_note
1111,balanced,4,1,1,1,1,0.5,0_5,0,3,38.19,10.18,5.37,0.16,35.5,10.15,35.5,recommend_3arm,robust_score = mean(S_lambda) - gamma * std(S_lambda)
1111,balanced,4,1,1,1,1,0.5,0_5,0.5,3,38.19,10.18,5.37,0.16,35.5,10.15,30.43,recommend_3arm,robust_score = mean(S_lambda) - gamma * std(S_lambda)
1111,balanced,4,1,1,1,1,0.5,0_5,1,3,38.19,10.18,5.37,0.16,35.5,10.15,25.35,recommend_3arm,robust_score = mean(S_lambda) - gamma * std(S_lambda)
1111,balanced,4,1,1,1,1,0.5,0_5,1.5,3,38.19,10.18,5.37,0.16,35.5,10.15,20.28,recommend_3arm,robust_score = mean(S_lambda) - gamma * std(S_lambda)
1111,balanced,4,1,1,1,1,0.5,0_5,2,3,38.19,10.18,5.37,0.16,35.5,10.15,15.21,recommend_3arm,robust_score = mean(S_lambda) - gamma * std(S_lambda)
1111,balanced,4,1,1,1,1,1,1,0,3,38.19,10.18,5.37,0.16,32.81,10.11,32.81,recommend_3arm,robust_score = mean(S_lambda) - gamma * std(S_lambda)
1111,balanced,4,1,1,1,1,1,1,0.5,3,38.19,10.18,5.37,0.16,32.81,10.11,27.76,recommend_3arm,robust_score = mean(S_lambda) - gamma * std(S_lambda)
1111,balanced,4,1,1,1,1,1,1,1,3,38.19,10.18,5.37,0.16,32.81,10.11,22.7,recommend_3arm,robust_score = mean(S_lambda) - gamma * std(S_lambda)
1111,balanced,4,1,1,1,1,1,1,1.5,3,38.19,10.18,5.37,0.16,32.81,10.11,17.65,recommend_3arm,robust_score = mean(S_lambda) - gamma * std(S_lambda)
1111,balanced,4,1,1,1,1,1,1,2,3,38.19,10.18,5.37,0.16,32.81,10.11,12.6,recommend_3arm,robust_score = mean(S_lambda) - gamma * std(S_lambda)
1111,balanced,4,1,1,1,1,2,2,0,3,38.19,10.18,5.37,0.16,27.44,10.03,27.44,recommend_3arm,robust_score = mean(S_lambda) - gamma * std(S_lambda)
1111,balanced,4,1,1,1,1,2,2,0.5,3,38.19,10.18,5.37,0.16,27.44,10.03,22.42,recommend_3arm,robust_score = mean(S_lambda) - gamma * std(S_lambda)
1111,balanced,4,1,1,1,1,2,2,1,3,38.19,10.18,5.37,0.16,27.44,10.03,17.41,recommend_3arm,robust_score = mean(S_lambda) - gamma * std(S_lambda)
1111,balanced,4,1,1,1,1,2,2,1.5,3,38.19,10.18,5.37,0.16,27.44,10.03,12.39,recommend_3arm,robust_score = mean(S_lambda) - gamma * std(S_lambda)
1111,balanced,4,1,1,1,1,2,2,2,3,38.19,10.18,5.37,0.16,27.44,10.03,7.37,recommend_3arm,robust_score = mean(S_lambda) - gamma * std(S_lambda)
1111,balanced,4,1,1,1,1,3,3,0,3,38.19,10.18,5.37,0.16,22.07,9.96,22.07,recommend_3arm,robust_score = mean(S_lambda) - gamma * std(S_lambda)
1111,balanced,4,1,1,1,1,3,3,0.5,3,38.19,10.18,5.37,0.16,22.07,9.96,17.09,recommend_3arm,robust_score = mean(S_lambda) - gamma * std(S_lambda)
1111,balanced,4,1,1,1,1,3,3,1,3,38.19,10.18,5.37,0.16,22.07,9.96,12.1,recommend_3arm,robust_score = mean(S_lambda) - gamma * std(S_lambda)
1111,balanced,4,1,1,1,1,3,3,1.5,3,38.19,10.18,5.37,0.16,22.07,9.96,7.12,recommend_3arm,robust_score = mean(S_lambda) - gamma * std(S_lambda)
1111,balanced,4,1,1,1,1,3,3,2,3,38.19,10.18,5.37,0.16,22.07,9.96,2.14,recommend_3arm,robust_score = mean(S_lambda) - gamma * std(S_lambda)
1111,balanced,4,1,1,1,1,4,4,0,3,38.19,10.18,5.37,0.16,16.69,9.89,16.69,recommend_3arm,robust_score = mean(S_lambda) - gamma * std(S_lambda)
1111,balanced,4,1,1,1,1,4,4,0.5,3,38.19,10.18,5.37,0.16,16.69,9.89,11.75,recommend_3arm,robust_score = mean(S_lambda) - gamma * std(S_lambda)
1111,balanced,4,1,1,1,1,4,4,1,3,38.19,10.18,5.37,0.16,16.69,9.89,6.8,recommend_3arm,robust_score = mean(S_lambda) - gamma * std(S_lambda)
1111,balanced,4,1,1,1,1,4,4,1.5,3,38.19,10.18,5.37,0.16,16.69,9.89,1.85,recommend_3arm,robust_score = mean(S_lambda) - gamma * std(S_lambda)
1111,balanced,4,1,1,1,1,4,4,2,3,38.19,10.18,5.37,0.16,16.69,9.89,-3.09,recommend_2arm,robust_score = mean(S_lambda) - gamma * std(S_lambda)
1111,balanced,4,1,1,1,1,5,5,0,3,38.19,10.18,5.37,0.16,11.32,9.83,11.32,recommend_3arm,robust_score = mean(S_lambda) - gamma * std(S_lambda)
1111,balanced,4,1,1,1,1,5,5,0.5,3,38.19,10.18,5.37,0.16,11.32,9.83,6.41,recommend_3arm,robust_score = mean(S_lambda) - gamma * std(S_lambda)
1111,balanced,4,1,1,1,1,5,5,1,3,38.19,10.18,5.37,0.16,11.32,9.83,1.49,recommend_3arm,robust_score = mean(S_lambda) - gamma * std(S_lambda)
1111,balanced,4,1,1,1,1,5,5,1.5,3,38.19,10.18,5.37,0.16,11.32,9.83,-3.42,recommend_2arm,robust_score = mean(S_lambda) - gamma * std(S_lambda)
1111,balanced,4,1,1,1,1,5,5,2,3,38.19,10.18,5.37,0.16,11.32,9.83,-8.33,recommend_2arm,robust_score = mean(S_lambda) - gamma * std(S_lambda)
1111,balanced,4,1,1,1,1,6,6,0,3,38.19,10.18,5.37,0.16,5.95,9.76,5.95,recommend_3arm,robust_score = mean(S_lambda) - gamma * std(S_lambda)
1111,balanced,4,1,1,1,1,6,6,0.5,3,38.19,10.18,5.37,0.16,5.95,9.76,1.07,recommend_3arm,robust_score = mean(S_lambda) - gamma * std(S_lambda)
1111,balanced,4,1,1,1,1,6,6,1,3,38.19,10.18,5.37,0.16,5.95,9.76,-3.81,recommend_2arm,robust_score = mean(S_lambda) - gamma * std(S_lambda)
1111,balanced,4,1,1,1,1,6,6,1.5,3,38.19,10.18,5.37,0.16,5.95,9.76,-8.69,recommend_2arm,robust_score = mean(S_lambda) - gamma * std(S_lambda)
1111,balanced,4,1,1,1,1,6,6,2,3,38.19,10.18,5.37,0.16,5.95,9.76,-13.57,recommend_2arm,robust_score = mean(S_lambda) - gamma * std(S_lambda)
1111,balanced,4,1,1,1,1,8,8,0,3,38.19,10.18,5.37,0.16,-4.8,9.64,-4.8,recommend_2arm,robust_score = mean(S_lambda) - gamma * std(S_lambda)
1111,balanced,4,1,1,1,1,8,8,0.5,3,38.19,10.18,5.37,0.16,-4.8,9.64,-9.62,recommend_2arm,robust_score = mean(S_lambda) - gamma * std(S_lambda)
1111,balanced,4,1,1,1,1,8,8,1,3,38.19,10.18,5.37,0.16,-4.8,9.64,-14.43,recommend_2arm,robust_score = mean(S_lambda) - gamma * std(S_lambda)
1111,balanced,4,1,1,1,1,8,8,1.5,3,38.19,10.18,5.37,0.16,-4.8,9.64,-19.25,recommend_2arm,robust_score = mean(S_lambda) - gamma * std(S_lambda)
1111,balanced,4,1,1,1,1,8,8,2,3,38.19,10.18,5.37,0.16,-4.8,9.64,-24.07,recommend_2arm,robust_score = mean(S_lambda) - gamma * std(S_lambda)
1111,balanced,4,1,1,1,1,10,10,0,3,38.19,10.18,5.37,0.16,-15.54,9.52,-15.54,recommend_2arm,robust_score = mean(S_lambda) - gamma * std(S_lambda)
1111,balanced,4,1,1,1,1,10,10,0.5,3,38.19,10.18,5.37,0.16,-15.54,9.52,-20.3,recommend_2arm,robust_score = mean(S_lambda) - gamma * std(S_lambda)
1111,balanced,4,1,1,1,1,10,10,1,3,38.19,10.18,5.37,0.16,-15.54,9.52,-25.06,recommend_2arm,robust_score = mean(S_lambda) - gamma * std(S_lambda)
1111,balanced,4,1,1,1,1,10,10,1.5,3,38.19,10.18,5.37,0.16,-15.54,9.52,-29.82,recommend_2arm,robust_score = mean(S_lambda) - gamma * std(S_lambda)
1111,balanced,4,1,1,1,1,10,10,2,3,38.19,10.18,5.37,0.16,-15.54,9.52,-34.58,recommend_2arm,robust_score = mean(S_lambda) - gamma * std(S_lambda)
1111,balanced,4,1,1,1,1,15,15,0,3,38.19,10.18,5.37,0.16,-42.41,9.27,-42.41,recommend_2arm,robust_score = mean(S_lambda) - gamma * std(S_lambda)
1111,balanced,4,1,1,1,1,15,15,0.5,3,38.19,10.18,5.37,0.16,-42.41,9.27,-47.04,recommend_2arm,robust_score = mean(S_lambda) - gamma * std(S_lambda)
1111,balanced,4,1,1,1,1,15,15,1,3,38.19,10.18,5.37,0.16,-42.41,9.27,-51.68,recommend_2arm,robust_score = mean(S_lambda) - gamma * std(S_lambda)
1111,balanced,4,1,1,1,1,15,15,1.5,3,38.19,10.18,5.37,0.16,-42.41,9.27,-56.31,recommend_2arm,robust_score = mean(S_lambda) - gamma * std(S_lambda)
1111,balanced,4,1,1,1,1,15,15,2,3,38.19,10.18,5.37,0.16,-42.41,9.27,-60.95,recommend_2arm,robust_score = mean(S_lambda) - gamma * std(S_lambda)
1112,type4_dominant,5,1,1,1,2,0.5,0_5,0,3,29.54,7.26,4.15,0.13,27.47,7.29,27.47,recommend_3arm,robust_score = mean(S_lambda) - gamma * std(S_lambda)
1112,type4_dominant,5,1,1,1,2,0.5,0_5,0.5,3,29.54,7.26,4.15,0.13,27.47,7.29,23.82,recommend_3arm,robust_score = mean(S_lambda) - gamma * std(S_lambda)
1112,type4_dominant,5,1,1,1,2,0.5,0_5,1,3,29.54,7.26,4.15,0.13,27.47,7.29,20.17,recommend_3arm,robust_score = mean(S_lambda) - gamma * std(S_lambda)
1112,type4_dominant,5,1,1,1,2,0.5,0_5,1.5,3,29.54,7.26,4.15,0.13,27.47,7.29,16.53,recommend_3arm,robust_score = mean(S_lambda) - gamma * std(S_lambda)
1112,type4_dominant,5,1,1,1,2,0.5,0_5,2,3,29.54,7.26,4.15,0.13,27.47,7.29,12.88,recommend_3arm,robust_score = mean(S_lambda) - gamma * std(S_lambda)
1112,type4_dominant,5,1,1,1,2,1,1,0,3,29.54,7.26,4.15,0.13,25.39,7.32,25.39,recommend_3arm,robust_score = mean(S_lambda) - gamma * std(S_lambda)
1112,type4_dominant,5,1,1,1,2,1,1,0.5,3,29.54,7.26,4.15,0.13,25.39,7.32,21.73,recommend_3arm,robust_score = mean(S_lambda) - gamma * std(S_lambda)
1112,type4_dominant,5,1,1,1,2,1,1,1,3,29.54,7.26,4.15,0.13,25.39,7.32,18.07,recommend_3arm,robust_score = mean(S_lambda) - gamma * std(S_lambda)
1112,type4_dominant,5,1,1,1,2,1,1,1.5,3,29.54,7.26,4.15,0.13,25.39,7.32,14.4,recommend_3arm,robust_score = mean(S_lambda) - gamma * std(S_lambda)
1112,type4_dominant,5,1,1,1,2,1,1,2,3,29.54,7.26,4.15,0.13,25.39,7.32,10.74,recommend_3arm,robust_score = mean(S_lambda) - gamma * std(S_lambda)
1112,type4_dominant,5,1,1,1,2,2,2,0,3,29.54,7.26,4.15,0.13,21.24,7.39,21.24,recommend_3arm,robust_score = mean(S_lambda) - gamma * std(S_lambda)
1112,type4_dominant,5,1,1,1,2,2,2,0.5,3,29.54,7.26,4.15,0.13,21.24,7.39,17.55,recommend_3arm,robust_score = mean(S_lambda) - gamma * std(S_lambda)
1112,type4_dominant,5,1,1,1,2,2,2,1,3,29.54,7.26,4.15,0.13,21.24,7.39,13.85,recommend_3arm,robust_score = mean(S_lambda) - gamma * std(S_lambda)
1112,type4_dominant,5,1,1,1,2,2,2,1.5,3,29.54,7.26,4.15,0.13,21.24,7.39,10.16,recommend_3arm,robust_score = mean(S_lambda) - gamma * std(S_lambda)
1112,type4_dominant,5,1,1,1,2,2,2,2,3,29.54,7.26,4.15,0.13,21.24,7.39,6.47,recommend_3arm,robust_score = mean(S_lambda) - gamma * std(S_lambda)
1112,type4_dominant,5,1,1,1,2,3,3,0,3,29.54,7.26,4.15,0.13,17.09,7.45,17.09,recommend_3arm,robust_score = mean(S_lambda) - gamma * std(S_lambda)
1112,type4_dominant,5,1,1,1,2,3,3,0.5,3,29.54,7.26,4.15,0.13,17.09,7.45,13.36,recommend_3arm,robust_score = mean(S_lambda) - gamma * std(S_lambda)
1112,type4_dominant,5,1,1,1,2,3,3,1,3,29.54,7.26,4.15,0.13,17.09,7.45,9.64,recommend_3arm,robust_score = mean(S_lambda) - gamma * std(S_lambda)
1112,type4_dominant,5,1,1,1,2,3,3,1.5,3,29.54,7.26,4.15,0.13,17.09,7.45,5.91,recommend_3arm,robust_score = mean(S_lambda) - gamma * std(S_lambda)
1112,type4_dominant,5,1,1,1,2,3,3,2,3,29.54,7.26,4.15,0.13,17.09,7.45,2.19,recommend_3arm,robust_score = mean(S_lambda) - gamma * std(S_lambda)
1112,type4_dominant,5,1,1,1,2,4,4,0,3,29.54,7.26,4.15,0.13,12.93,7.51,12.93,recommend_3arm,robust_score = mean(S_lambda) - gamma * std(S_lambda)
1112,type4_dominant,5,1,1,1,2,4,4,0.5,3,29.54,7.26,4.15,0.13,12.93,7.51,9.18,recommend_3arm,robust_score = mean(S_lambda) - gamma * std(S_lambda)
1112,type4_dominant,5,1,1,1,2,4,4,1,3,29.54,7.26,4.15,0.13,12.93,7.51,5.42,recommend_3arm,robust_score = mean(S_lambda) - gamma * std(S_lambda)
1112,type4_dominant,5,1,1,1,2,4,4,1.5,3,29.54,7.26,4.15,0.13,12.93,7.51,1.66,recommend_3arm,robust_score = mean(S_lambda) - gamma * std(S_lambda)
1112,type4_dominant,5,1,1,1,2,4,4,2,3,29.54,7.26,4.15,0.13,12.93,7.51,-2.1,recommend_2arm,robust_score = mean(S_lambda) - gamma * std(S_lambda)
1112,type4_dominant,5,1,1,1,2,5,5,0,3,29.54,7.26,4.15,0.13,8.78,7.58,8.78,recommend_3arm,robust_score = mean(S_lambda) - gamma * std(S_lambda)
1112,type4_dominant,5,1,1,1,2,5,5,0.5,3,29.54,7.26,4.15,0.13,8.78,7.58,4.99,recommend_3arm,robust_score = mean(S_lambda) - gamma * std(S_lambda)
1112,type4_dominant,5,1,1,1,2,5,5,1,3,29.54,7.26,4.15,0.13,8.78,7.58,1.2,recommend_3arm,robust_score = mean(S_lambda) - gamma * std(S_lambda)
1112,type4_dominant,5,1,1,1,2,5,5,1.5,3,29.54,7.26,4.15,0.13,8.78,7.58,-2.59,recommend_2arm,robust_score = mean(S_lambda) - gamma * std(S_lambda)
1112,type4_dominant,5,1,1,1,2,5,5,2,3,29.54,7.26,4.15,0.13,8.78,7.58,-6.38,recommend_2arm,robust_score = mean(S_lambda) - gamma * std(S_lambda)
1112,type4_dominant,5,1,1,1,2,6,6,0,3,29.54,7.26,4.15,0.13,4.63,7.65,4.63,recommend_3arm,robust_score = mean(S_lambda) - gamma * std(S_lambda)
1112,type4_dominant,5,1,1,1,2,6,6,0.5,3,29.54,7.26,4.15,0.13,4.63,7.65,0.8,recommend_3arm,robust_score = mean(S_lambda) - gamma * std(S_lambda)
1112,type4_dominant,5,1,1,1,2,6,6,1,3,29.54,7.26,4.15,0.13,4.63,7.65,-3.02,recommend_2arm,robust_score = mean(S_lambda) - gamma * std(S_lambda)
1112,type4_dominant,5,1,1,1,2,6,6,1.5,3,29.54,7.26,4.15,0.13,4.63,7.65,-6.85,recommend_2arm,robust_score = mean(S_lambda) - gamma * std(S_lambda)
1112,type4_dominant,5,1,1,1,2,6,6,2,3,29.54,7.26,4.15,0.13,4.63,7.65,-10.67,recommend_2arm,robust_score = mean(S_lambda) - gamma * std(S_lambda)
1112,type4_dominant,5,1,1,1,2,8,8,0,3,29.54,7.26,4.15,0.13,-3.68,7.79,-3.68,recommend_2arm,robust_score = mean(S_lambda) - gamma * std(S_lambda)
1112,type4_dominant,5,1,1,1,2,8,8,0.5,3,29.54,7.26,4.15,0.13,-3.68,7.79,-7.57,recommend_2arm,robust_score = mean(S_lambda) - gamma * std(S_lambda)
1112,type4_dominant,5,1,1,1,2,8,8,1,3,29.54,7.26,4.15,0.13,-3.68,7.79,-11.47,recommend_2arm,robust_score = mean(S_lambda) - gamma * std(S_lambda)
1112,type4_dominant,5,1,1,1,2,8,8,1.5,3,29.54,7.26,4.15,0.13,-3.68,7.79,-15.36,recommend_2arm,robust_score = mean(S_lambda) - gamma * std(S_lambda)
1112,type4_dominant,5,1,1,1,2,8,8,2,3,29.54,7.26,4.15,0.13,-3.68,7.79,-19.26,recommend_2arm,robust_score = mean(S_lambda) - gamma * std(S_lambda)
1112,type4_dominant,5,1,1,1,2,10,10,0,3,29.54,7.26,4.15,0.13,-11.98,7.94,-11.98,recommend_2arm,robust_score = mean(S_lambda) - gamma * std(S_lambda)
1112,type4_dominant,5,1,1,1,2,10,10,0.5,3,29.54,7.26,4.15,0.13,-11.98,7.94,-15.95,recommend_2arm,robust_score = mean(S_lambda) - gamma * std(S_lambda)
1112,type4_dominant,5,1,1,1,2,10,10,1,3,29.54,7.26,4.15,0.13,-11.98,7.94,-19.92,recommend_2arm,robust_score = mean(S_lambda) - gamma * std(S_lambda)
1112,type4_dominant,5,1,1,1,2,10,10,1.5,3,29.54,7.26,4.15,0.13,-11.98,7.94,-23.89,recommend_2arm,robust_score = mean(S_lambda) - gamma * std(S_lambda)
1112,type4_dominant,5,1,1,1,2,10,10,2,3,29.54,7.26,4.15,0.13,-11.98,7.94,-27.86,recommend_2arm,robust_score = mean(S_lambda) - gamma * std(S_lambda)
1112,type4_dominant,5,1,1,1,2,15,15,0,3,29.54,7.26,4.15,0.13,-32.74,8.34,-32.74,recommend_2arm,robust_score = mean(S_lambda) - gamma * std(S_lambda)
1112,type4_dominant,5,1,1,1,2,15,15,0.5,3,29.54,7.26,4.15,0.13,-32.74,8.34,-36.91,recommend_2arm,robust_score = mean(S_lambda) - gamma * std(S_lambda)
1112,type4_dominant,5,1,1,1,2,15,15,1,3,29.54,7.26,4.15,0.13,-32.74,8.34,-41.08,recommend_2arm,robust_score = mean(S_lambda) - gamma * std(S_lambda)
1112,type4_dominant,5,1,1,1,2,15,15,1.5,3,29.54,7.26,4.15,0.13,-32.74,8.34,-45.25,recommend_2arm,robust_score = mean(S_lambda) - gamma * std(S_lambda)
1112,type4_dominant,5,1,1,1,2,15,15,2,3,29.54,7.26,4.15,0.13,-32.74,8.34,-49.41,recommend_2arm,robust_score = mean(S_lambda) - gamma * std(S_lambda)
1121,dual_arm_dominant,5,1,1,2,1,0.5,0_5,0,3,29.14,6.29,4.46,0.36,26.91,6.46,26.91,recommend_3arm,robust_score = mean(S_lambda) - gamma * std(S_lambda)
1121,dual_arm_dominant,5,1,1,2,1,0.5,0_5,0.5,3,29.14,6.29,4.46,0.36,26.91,6.46,23.68,recommend_3arm,robust_score = mean(S_lambda) - gamma * std(S_lambda)
1121,dual_arm_dominant,5,1,1,2,1,0.5,0_5,1,3,29.14,6.29,4.46,0.36,26.91,6.46,20.45,recommend_3arm,robust_score = mean(S_lambda) - gamma * std(S_lambda)
1121,dual_arm_dominant,5,1,1,2,1,0.5,0_5,1.5,3,29.14,6.29,4.46,0.36,26.91,6.46,17.22,recommend_3arm,robust_score = mean(S_lambda) - gamma * std(S_lambda)
1121,dual_arm_dominant,5,1,1,2,1,0.5,0_5,2,3,29.14,6.29,4.46,0.36,26.91,6.46,13.99,recommend_3arm,robust_score = mean(S_lambda) - gamma * std(S_lambda)
1121,dual_arm_dominant,5,1,1,2,1,1,1,0,3,29.14,6.29,4.46,0.36,24.68,6.63,24.68,recommend_3arm,robust_score = mean(S_lambda) - gamma * std(S_lambda)
1121,dual_arm_dominant,5,1,1,2,1,1,1,0.5,3,29.14,6.29,4.46,0.36,24.68,6.63,21.36,recommend_3arm,robust_score = mean(S_lambda) - gamma * std(S_lambda)
1121,dual_arm_dominant,5,1,1,2,1,1,1,1,3,29.14,6.29,4.46,0.36,24.68,6.63,18.05,recommend_3arm,robust_score = mean(S_lambda) - gamma * std(S_lambda)
1121,dual_arm_dominant,5,1,1,2,1,1,1,1.5,3,29.14,6.29,4.46,0.36,24.68,6.63,14.74,recommend_3arm,robust_score = mean(S_lambda) - gamma * std(S_lambda)
1121,dual_arm_dominant,5,1,1,2,1,1,1,2,3,29.14,6.29,4.46,0.36,24.68,6.63,11.42,recommend_3arm,robust_score = mean(S_lambda) - gamma * std(S_lambda)
1121,dual_arm_dominant,5,1,1,2,1,2,2,0,3,29.14,6.29,4.46,0.36,20.21,6.97,20.21,recommend_3arm,robust_score = mean(S_lambda) - gamma * std(S_lambda)
1121,dual_arm_dominant,5,1,1,2,1,2,2,0.5,3,29.14,6.29,4.46,0.36,20.21,6.97,16.73,recommend_3arm,robust_score = mean(S_lambda) - gamma * std(S_lambda)
1121,dual_arm_dominant,5,1,1,2,1,2,2,1,3,29.14,6.29,4.46,0.36,20.21,6.97,13.24,recommend_3arm,robust_score = mean(S_lambda) - gamma * std(S_lambda)
1121,dual_arm_dominant,5,1,1,2,1,2,2,1.5,3,29.14,6.29,4.46,0.36,20.21,6.97,9.76,recommend_3arm,robust_score = mean(S_lambda) - gamma * std(S_lambda)
1121,dual_arm_dominant,5,1,1,2,1,2,2,2,3,29.14,6.29,4.46,0.36,20.21,6.97,6.27,recommend_3arm,robust_score = mean(S_lambda) - gamma * std(S_lambda)
1121,dual_arm_dominant,5,1,1,2,1,3,3,0,3,29.14,6.29,4.46,0.36,15.75,7.31,15.75,recommend_3arm,robust_score = mean(S_lambda) - gamma * std(S_lambda)
1121,dual_arm_dominant,5,1,1,2,1,3,3,0.5,3,29.14,6.29,4.46,0.36,15.75,7.31,12.09,recommend_3arm,robust_score = mean(S_lambda) - gamma * std(S_lambda)
1121,dual_arm_dominant,5,1,1,2,1,3,3,1,3,29.14,6.29,4.46,0.36,15.75,7.31,8.44,recommend_3arm,robust_score = mean(S_lambda) - gamma * std(S_lambda)
1121,dual_arm_dominant,5,1,1,2,1,3,3,1.5,3,29.14,6.29,4.46,0.36,15.75,7.31,4.78,recommend_3arm,robust_score = mean(S_lambda) - gamma * std(S_lambda)
1121,dual_arm_dominant,5,1,1,2,1,3,3,2,3,29.14,6.29,4.46,0.36,15.75,7.31,1.12,recommend_3arm,robust_score = mean(S_lambda) - gamma * std(S_lambda)
1121,dual_arm_dominant,5,1,1,2,1,4,4,0,3,29.14,6.29,4.46,0.36,11.28,7.66,11.28,recommend_3arm,robust_score = mean(S_lambda) - gamma * std(S_lambda)
1121,dual_arm_dominant,5,1,1,2,1,4,4,0.5,3,29.14,6.29,4.46,0.36,11.28,7.66,7.46,recommend_3arm,robust_score = mean(S_lambda) - gamma * std(S_lambda)
1121,dual_arm_dominant,5,1,1,2,1,4,4,1,3,29.14,6.29,4.46,0.36,11.28,7.66,3.63,recommend_3arm,robust_score = mean(S_lambda) - gamma * std(S_lambda)
1121,dual_arm_dominant,5,1,1,2,1,4,4,1.5,3,29.14,6.29,4.46,0.36,11.28,7.66,-0.2,recommend_2arm,robust_score = mean(S_lambda) - gamma * std(S_lambda)
1121,dual_arm_dominant,5,1,1,2,1,4,4,2,3,29.14,6.29,4.46,0.36,11.28,7.66,-4.03,recommend_2arm,robust_score = mean(S_lambda) - gamma * std(S_lambda)
1121,dual_arm_dominant,5,1,1,2,1,5,5,0,3,29.14,6.29,4.46,0.36,6.82,8.0,6.82,recommend_3arm,robust_score = mean(S_lambda) - gamma * std(S_lambda)
1121,dual_arm_dominant,5,1,1,2,1,5,5,0.5,3,29.14,6.29,4.46,0.36,6.82,8.0,2.82,recommend_3arm,robust_score = mean(S_lambda) - gamma * std(S_lambda)
1121,dual_arm_dominant,5,1,1,2,1,5,5,1,3,29.14,6.29,4.46,0.36,6.82,8.0,-1.18,recommend_2arm,robust_score = mean(S_lambda) - gamma * std(S_lambda)
1121,dual_arm_dominant,5,1,1,2,1,5,5,1.5,3,29.14,6.29,4.46,0.36,6.82,8.0,-5.18,recommend_2arm,robust_score = mean(S_lambda) - gamma * std(S_lambda)
1121,dual_arm_dominant,5,1,1,2,1,5,5,2,3,29.14,6.29,4.46,0.36,6.82,8.0,-9.18,recommend_2arm,robust_score = mean(S_lambda) - gamma * std(S_lambda)
1121,dual_arm_dominant,5,1,1,2,1,6,6,0,3,29.14,6.29,4.46,0.36,2.36,8.35,2.36,recommend_3arm,robust_score = mean(S_lambda) - gamma * std(S_lambda)
1121,dual_arm_dominant,5,1,1,2,1,6,6,0.5,3,29.14,6.29,4.46,0.36,2.36,8.35,-1.82,recommend_2arm,robust_score = mean(S_lambda) - gamma * std(S_lambda)
1121,dual_arm_dominant,5,1,1,2,1,6,6,1,3,29.14,6.29,4.46,0.36,2.36,8.35,-5.99,recommend_2arm,robust_score = mean(S_lambda) - gamma * std(S_lambda)
1121,dual_arm_dominant,5,1,1,2,1,6,6,1.5,3,29.14,6.29,4.46,0.36,2.36,8.35,-10.17,recommend_2arm,robust_score = mean(S_lambda) - gamma * std(S_lambda)
1121,dual_arm_dominant,5,1,1,2,1,6,6,2,3,29.14,6.29,4.46,0.36,2.36,8.35,-14.34,recommend_2arm,robust_score = mean(S_lambda) - gamma * std(S_lambda)
1121,dual_arm_dominant,5,1,1,2,1,8,8,0,3,29.14,6.29,4.46,0.36,-6.57,9.04,-6.57,recommend_2arm,robust_score = mean(S_lambda) - gamma * std(S_lambda)
1121,dual_arm_dominant,5,1,1,2,1,8,8,0.5,3,29.14,6.29,4.46,0.36,-6.57,9.04,-11.09,recommend_2arm,robust_score = mean(S_lambda) - gamma * std(S_lambda)
1121,dual_arm_dominant,5,1,1,2,1,8,8,1,3,29.14,6.29,4.46,0.36,-6.57,9.04,-15.62,recommend_2arm,robust_score = mean(S_lambda) - gamma * std(S_lambda)
1121,dual_arm_dominant,5,1,1,2,1,8,8,1.5,3,29.14,6.29,4.46,0.36,-6.57,9.04,-20.14,recommend_2arm,robust_score = mean(S_lambda) - gamma * std(S_lambda)
1121,dual_arm_dominant,5,1,1,2,1,8,8,2,3,29.14,6.29,4.46,0.36,-6.57,9.04,-24.66,recommend_2arm,robust_score = mean(S_lambda) - gamma * std(S_lambda)
1121,dual_arm_dominant,5,1,1,2,1,10,10,0,3,29.14,6.29,4.46,0.36,-15.5,9.74,-15.5,recommend_2arm,robust_score = mean(S_lambda) - gamma * std(S_lambda)
1121,dual_arm_dominant,5,1,1,2,1,10,10,0.5,3,29.14,6.29,4.46,0.36,-15.5,9.74,-20.37,recommend_2arm,robust_score = mean(S_lambda) - gamma * std(S_lambda)
1121,dual_arm_dominant,5,1,1,2,1,10,10,1,3,29.14,6.29,4.46,0.36,-15.5,9.74,-25.24,recommend_2arm,robust_score = mean(S_lambda) - gamma * std(S_lambda)
1121,dual_arm_dominant,5,1,1,2,1,10,10,1.5,3,29.14,6.29,4.46,0.36,-15.5,9.74,-30.12,recommend_2arm,robust_score = mean(S_lambda) - gamma * std(S_lambda)
1121,dual_arm_dominant,5,1,1,2,1,10,10,2,3,29.14,6.29,4.46,0.36,-15.5,9.74,-34.99,recommend_2arm,robust_score = mean(S_lambda) - gamma * std(S_lambda)
1121,dual_arm_dominant,5,1,1,2,1,15,15,0,3,29.14,6.29,4.46,0.36,-37.82,11.5,-37.82,recommend_2arm,robust_score = mean(S_lambda) - gamma * std(S_lambda)
1121,dual_arm_dominant,5,1,1,2,1,15,15,0.5,3,29.14,6.29,4.46,0.36,-37.82,11.5,-43.57,recommend_2arm,robust_score = mean(S_lambda) - gamma * std(S_lambda)
1121,dual_arm_dominant,5,1,1,2,1,15,15,1,3,29.14,6.29,4.46,0.36,-37.82,11.5,-49.32,recommend_2arm,robust_score = mean(S_lambda) - gamma * std(S_lambda)
1121,dual_arm_dominant,5,1,1,2,1,15,15,1.5,3,29.14,6.29,4.46,0.36,-37.82,11.5,-55.07,recommend_2arm,robust_score = mean(S_lambda) - gamma * std(S_lambda)
1121,dual_arm_dominant,5,1,1,2,1,15,15,2,3,29.14,6.29,4.46,0.36,-37.82,11.5,-60.82,recommend_2arm,robust_score = mean(S_lambda) - gamma * std(S_lambda)
1122,dual_arm_dominant,6,1,1,2,2,0.5,0_5,0,3,23.91,5.6,3.7,0.05,22.06,5.6,22.06,recommend_3arm,robust_score = mean(S_lambda) - gamma * std(S_lambda)
1122,dual_arm_dominant,6,1,1,2,2,0.5,0_5,0.5,3,23.91,5.6,3.7,0.05,22.06,5.6,19.26,recommend_3arm,robust_score = mean(S_lambda) - gamma * std(S_lambda)
1122,dual_arm_dominant,6,1,1,2,2,0.5,0_5,1,3,23.91,5.6,3.7,0.05,22.06,5.6,16.46,recommend_3arm,robust_score = mean(S_lambda) - gamma * std(S_lambda)
1122,dual_arm_dominant,6,1,1,2,2,0.5,0_5,1.5,3,23.91,5.6,3.7,0.05,22.06,5.6,13.65,recommend_3arm,robust_score = mean(S_lambda) - gamma * std(S_lambda)
1122,dual_arm_dominant,6,1,1,2,2,0.5,0_5,2,3,23.91,5.6,3.7,0.05,22.06,5.6,10.85,recommend_3arm,robust_score = mean(S_lambda) - gamma * std(S_lambda)
1122,dual_arm_dominant,6,1,1,2,2,1,1,0,3,23.91,5.6,3.7,0.05,20.2,5.61,20.2,recommend_3arm,robust_score = mean(S_lambda) - gamma * std(S_lambda)
1122,dual_arm_dominant,6,1,1,2,2,1,1,0.5,3,23.91,5.6,3.7,0.05,20.2,5.61,17.4,recommend_3arm,robust_score = mean(S_lambda) - gamma * std(S_lambda)
1122,dual_arm_dominant,6,1,1,2,2,1,1,1,3,23.91,5.6,3.7,0.05,20.2,5.61,14.6,recommend_3arm,robust_score = mean(S_lambda) - gamma * std(S_lambda)
1122,dual_arm_dominant,6,1,1,2,2,1,1,1.5,3,23.91,5.6,3.7,0.05,20.2,5.61,11.8,recommend_3arm,robust_score = mean(S_lambda) - gamma * std(S_lambda)
1122,dual_arm_dominant,6,1,1,2,2,1,1,2,3,23.91,5.6,3.7,0.05,20.2,5.61,8.99,recommend_3arm,robust_score = mean(S_lambda) - gamma * std(S_lambda)
1122,dual_arm_dominant,6,1,1,2,2,2,2,0,3,23.91,5.6,3.7,0.05,16.5,5.61,16.5,recommend_3arm,robust_score = mean(S_lambda) - gamma * std(S_lambda)
1122,dual_arm_dominant,6,1,1,2,2,2,2,0.5,3,23.91,5.6,3.7,0.05,16.5,5.61,13.69,recommend_3arm,robust_score = mean(S_lambda) - gamma * std(S_lambda)
1122,dual_arm_dominant,6,1,1,2,2,2,2,1,3,23.91,5.6,3.7,0.05,16.5,5.61,10.89,recommend_3arm,robust_score = mean(S_lambda) - gamma * std(S_lambda)
1122,dual_arm_dominant,6,1,1,2,2,2,2,1.5,3,23.91,5.6,3.7,0.05,16.5,5.61,8.08,recommend_3arm,robust_score = mean(S_lambda) - gamma * std(S_lambda)
1122,dual_arm_dominant,6,1,1,2,2,2,2,2,3,23.91,5.6,3.7,0.05,16.5,5.61,5.27,recommend_3arm,robust_score = mean(S_lambda) - gamma * std(S_lambda)
1122,dual_arm_dominant,6,1,1,2,2,3,3,0,3,23.91,5.6,3.7,0.05,12.79,5.62,12.79,recommend_3arm,robust_score = mean(S_lambda) - gamma * std(S_lambda)
1122,dual_arm_dominant,6,1,1,2,2,3,3,0.5,3,23.91,5.6,3.7,0.05,12.79,5.62,9.98,recommend_3arm,robust_score = mean(S_lambda) - gamma * std(S_lambda)
1122,dual_arm_dominant,6,1,1,2,2,3,3,1,3,23.91,5.6,3.7,0.05,12.79,5.62,7.17,recommend_3arm,robust_score = mean(S_lambda) - gamma * std(S_lambda)
1122,dual_arm_dominant,6,1,1,2,2,3,3,1.5,3,23.91,5.6,3.7,0.05,12.79,5.62,4.36,recommend_3arm,robust_score = mean(S_lambda) - gamma * std(S_lambda)
1122,dual_arm_dominant,6,1,1,2,2,3,3,2,3,23.91,5.6,3.7,0.05,12.79,5.62,1.55,recommend_3arm,robust_score = mean(S_lambda) - gamma * std(S_lambda)
1122,dual_arm_dominant,6,1,1,2,2,4,4,0,3,23.91,5.6,3.7,0.05,9.09,5.63,9.09,recommend_3arm,robust_score = mean(S_lambda) - gamma * std(S_lambda)
1122,dual_arm_dominant,6,1,1,2,2,4,4,0.5,3,23.91,5.6,3.7,0.05,9.09,5.63,6.27,recommend_3arm,robust_score = mean(S_lambda) - gamma * std(S_lambda)
1122,dual_arm_dominant,6,1,1,2,2,4,4,1,3,23.91,5.6,3.7,0.05,9.09,5.63,3.46,recommend_3arm,robust_score = mean(S_lambda) - gamma * std(S_lambda)
1122,dual_arm_dominant,6,1,1,2,2,4,4,1.5,3,23.91,5.6,3.7,0.05,9.09,5.63,0.64,recommend_3arm,robust_score = mean(S_lambda) - gamma * std(S_lambda)
1122,dual_arm_dominant,6,1,1,2,2,4,4,2,3,23.91,5.6,3.7,0.05,9.09,5.63,-2.17,recommend_2arm,robust_score = mean(S_lambda) - gamma * std(S_lambda)
1122,dual_arm_dominant,6,1,1,2,2,5,5,0,3,23.91,5.6,3.7,0.05,5.38,5.64,5.38,recommend_3arm,robust_score = mean(S_lambda) - gamma * std(S_lambda)
1122,dual_arm_dominant,6,1,1,2,2,5,5,0.5,3,23.91,5.6,3.7,0.05,5.38,5.64,2.57,recommend_3arm,robust_score = mean(S_lambda) - gamma * std(S_lambda)
1122,dual_arm_dominant,6,1,1,2,2,5,5,1,3,23.91,5.6,3.7,0.05,5.38,5.64,-0.25,recommend_2arm,robust_score = mean(S_lambda) - gamma * std(S_lambda)
1122,dual_arm_dominant,6,1,1,2,2,5,5,1.5,3,23.91,5.6,3.7,0.05,5.38,5.64,-3.07,recommend_2arm,robust_score = mean(S_lambda) - gamma * std(S_lambda)
1122,dual_arm_dominant,6,1,1,2,2,5,5,2,3,23.91,5.6,3.7,0.05,5.38,5.64,-5.89,recommend_2arm,robust_score = mean(S_lambda) - gamma * std(S_lambda)
1122,dual_arm_dominant,6,1,1,2,2,6,6,0,3,23.91,5.6,3.7,0.05,1.68,5.65,1.68,recommend_3arm,robust_score = mean(S_lambda) - gamma * std(S_lambda)
1122,dual_arm_dominant,6,1,1,2,2,6,6,0.5,3,23.91,5.6,3.7,0.05,1.68,5.65,-1.14,recommend_2arm,robust_score = mean(S_lambda) - gamma * std(S_lambda)
1122,dual_arm_dominant,6,1,1,2,2,6,6,1,3,23.91,5.6,3.7,0.05,1.68,5.65,-3.97,recommend_2arm,robust_score = mean(S_lambda) - gamma * std(S_lambda)
1122,dual_arm_dominant,6,1,1,2,2,6,6,1.5,3,23.91,5.6,3.7,0.05,1.68,5.65,-6.79,recommend_2arm,robust_score = mean(S_lambda) - gamma * std(S_lambda)
1122,dual_arm_dominant,6,1,1,2,2,6,6,2,3,23.91,5.6,3.7,0.05,1.68,5.65,-9.62,recommend_2arm,robust_score = mean(S_lambda) - gamma * std(S_lambda)
1122,dual_arm_dominant,6,1,1,2,2,8,8,0,3,23.91,5.6,3.7,0.05,-5.73,5.67,-5.73,recommend_2arm,robust_score = mean(S_lambda) - gamma * std(S_lambda)
1122,dual_arm_dominant,6,1,1,2,2,8,8,0.5,3,23.91,5.6,3.7,0.05,-5.73,5.67,-8.56,recommend_2arm,robust_score = mean(S_lambda) - gamma * std(S_lambda)
1122,dual_arm_dominant,6,1,1,2,2,8,8,1,3,23.91,5.6,3.7,0.05,-5.73,5.67,-11.4,recommend_2arm,robust_score = mean(S_lambda) - gamma * std(S_lambda)
1122,dual_arm_dominant,6,1,1,2,2,8,8,1.5,3,23.91,5.6,3.7,0.05,-5.73,5.67,-14.23,recommend_2arm,robust_score = mean(S_lambda) - gamma * std(S_lambda)
1122,dual_arm_dominant,6,1,1,2,2,8,8,2,3,23.91,5.6,3.7,0.05,-5.73,5.67,-17.07,recommend_2arm,robust_score = mean(S_lambda) - gamma * std(S_lambda)
1122,dual_arm_dominant,6,1,1,2,2,10,10,0,3,23.91,5.6,3.7,0.05,-13.14,5.69,-13.14,recommend_2arm,robust_score = mean(S_lambda) - gamma * std(S_lambda)
1122,dual_arm_dominant,6,1,1,2,2,10,10,0.5,3,23.91,5.6,3.7,0.05,-13.14,5.69,-15.99,recommend_2arm,robust_score = mean(S_lambda) - gamma * std(S_lambda)
1122,dual_arm_dominant,6,1,1,2,2,10,10,1,3,23.91,5.6,3.7,0.05,-13.14,5.69,-18.83,recommend_2arm,robust_score = mean(S_lambda) - gamma * std(S_lambda)
1122,dual_arm_dominant,6,1,1,2,2,10,10,1.5,3,23.91,5.6,3.7,0.05,-13.14,5.69,-21.68,recommend_2arm,robust_score = mean(S_lambda) - gamma * std(S_lambda)
1122,dual_arm_dominant,6,1,1,2,2,10,10,2,3,23.91,5.6,3.7,0.05,-13.14,5.69,-24.52,recommend_2arm,robust_score = mean(S_lambda) - gamma * std(S_lambda)
1122,dual_arm_dominant,6,1,1,2,2,15,15,0,3,23.91,5.6,3.7,0.05,-31.67,5.76,-31.67,recommend_2arm,robust_score = mean(S_lambda) - gamma * std(S_lambda)
1122,dual_arm_dominant,6,1,1,2,2,15,15,0.5,3,23.91,5.6,3.7,0.05,-31.67,5.76,-34.54,recommend_2arm,robust_score = mean(S_lambda) - gamma * std(S_lambda)
1122,dual_arm_dominant,6,1,1,2,2,15,15,1,3,23.91,5.6,3.7,0.05,-31.67,5.76,-37.42,recommend_2arm,robust_score = mean(S_lambda) - gamma * std(S_lambda)
1122,dual_arm_dominant,6,1,1,2,2,15,15,1.5,3,23.91,5.6,3.7,0.05,-31.67,5.76,-40.3,recommend_2arm,robust_score = mean(S_lambda) - gamma * std(S_lambda)
1122,dual_arm_dominant,6,1,1,2,2,15,15,2,3,23.91,5.6,3.7,0.05,-31.67,5.76,-43.18,recommend_2arm,robust_score = mean(S_lambda) - gamma * std(S_lambda)
1211,single_arm_dominant,5,1,2,1,1,0.5,0_5,0,3,35.27,4.55,4.88,0.57,32.83,4.82,32.83,recommend_3arm,robust_score = mean(S_lambda) - gamma * std(S_lambda)
1211,single_arm_dominant,5,1,2,1,1,0.5,0_5,0.5,3,35.27,4.55,4.88,0.57,32.83,4.82,30.42,recommend_3arm,robust_score = mean(S_lambda) - gamma * std(S_lambda)
1211,single_arm_dominant,5,1,2,1,1,0.5,0_5,1,3,35.27,4.55,4.88,0.57,32.83,4.82,28.01,recommend_3arm,robust_score = mean(S_lambda) - gamma * std(S_lambda)
1211,single_arm_dominant,5,1,2,1,1,0.5,0_5,1.5,3,35.27,4.55,4.88,0.57,32.83,4.82,25.6,recommend_3arm,robust_score = mean(S_lambda) - gamma * std(S_lambda)
1211,single_arm_dominant,5,1,2,1,1,0.5,0_5,2,3,35.27,4.55,4.88,0.57,32.83,4.82,23.19,recommend_3arm,robust_score = mean(S_lambda) - gamma * std(S_lambda)
1211,single_arm_dominant,5,1,2,1,1,1,1,0,3,35.27,4.55,4.88,0.57,30.39,5.09,30.39,recommend_3arm,robust_score = mean(S_lambda) - gamma * std(S_lambda)
1211,single_arm_dominant,5,1,2,1,1,1,1,0.5,3,35.27,4.55,4.88,0.57,30.39,5.09,27.84,recommend_3arm,robust_score = mean(S_lambda) - gamma * std(S_lambda)
1211,single_arm_dominant,5,1,2,1,1,1,1,1,3,35.27,4.55,4.88,0.57,30.39,5.09,25.3,recommend_3arm,robust_score = mean(S_lambda) - gamma * std(S_lambda)
1211,single_arm_dominant,5,1,2,1,1,1,1,1.5,3,35.27,4.55,4.88,0.57,30.39,5.09,22.75,recommend_3arm,robust_score = mean(S_lambda) - gamma * std(S_lambda)
1211,single_arm_dominant,5,1,2,1,1,1,1,2,3,35.27,4.55,4.88,0.57,30.39,5.09,20.21,recommend_3arm,robust_score = mean(S_lambda) - gamma * std(S_lambda)
1211,single_arm_dominant,5,1,2,1,1,2,2,0,3,35.27,4.55,4.88,0.57,25.51,5.64,25.51,recommend_3arm,robust_score = mean(S_lambda) - gamma * std(S_lambda)
1211,single_arm_dominant,5,1,2,1,1,2,2,0.5,3,35.27,4.55,4.88,0.57,25.51,5.64,22.69,recommend_3arm,robust_score = mean(S_lambda) - gamma * std(S_lambda)
1211,single_arm_dominant,5,1,2,1,1,2,2,1,3,35.27,4.55,4.88,0.57,25.51,5.64,19.87,recommend_3arm,robust_score = mean(S_lambda) - gamma * std(S_lambda)
1211,single_arm_dominant,5,1,2,1,1,2,2,1.5,3,35.27,4.55,4.88,0.57,25.51,5.64,17.05,recommend_3arm,robust_score = mean(S_lambda) - gamma * std(S_lambda)
1211,single_arm_dominant,5,1,2,1,1,2,2,2,3,35.27,4.55,4.88,0.57,25.51,5.64,14.23,recommend_3arm,robust_score = mean(S_lambda) - gamma * std(S_lambda)
1211,single_arm_dominant,5,1,2,1,1,3,3,0,3,35.27,4.55,4.88,0.57,20.63,6.19,20.63,recommend_3arm,robust_score = mean(S_lambda) - gamma * std(S_lambda)
1211,single_arm_dominant,5,1,2,1,1,3,3,0.5,3,35.27,4.55,4.88,0.57,20.63,6.19,17.53,recommend_3arm,robust_score = mean(S_lambda) - gamma * std(S_lambda)
1211,single_arm_dominant,5,1,2,1,1,3,3,1,3,35.27,4.55,4.88,0.57,20.63,6.19,14.44,recommend_3arm,robust_score = mean(S_lambda) - gamma * std(S_lambda)
1211,single_arm_dominant,5,1,2,1,1,3,3,1.5,3,35.27,4.55,4.88,0.57,20.63,6.19,11.34,recommend_3arm,robust_score = mean(S_lambda) - gamma * std(S_lambda)
1211,single_arm_dominant,5,1,2,1,1,3,3,2,3,35.27,4.55,4.88,0.57,20.63,6.19,8.25,recommend_3arm,robust_score = mean(S_lambda) - gamma * std(S_lambda)
1211,single_arm_dominant,5,1,2,1,1,4,4,0,3,35.27,4.55,4.88,0.57,15.74,6.74,15.74,recommend_3arm,robust_score = mean(S_lambda) - gamma * std(S_lambda)
1211,single_arm_dominant,5,1,2,1,1,4,4,0.5,3,35.27,4.55,4.88,0.57,15.74,6.74,12.37,recommend_3arm,robust_score = mean(S_lambda) - gamma * std(S_lambda)
1211,single_arm_dominant,5,1,2,1,1,4,4,1,3,35.27,4.55,4.88,0.57,15.74,6.74,9.0,recommend_3arm,robust_score = mean(S_lambda) - gamma * std(S_lambda)
1211,single_arm_dominant,5,1,2,1,1,4,4,1.5,3,35.27,4.55,4.88,0.57,15.74,6.74,5.63,recommend_3arm,robust_score = mean(S_lambda) - gamma * std(S_lambda)
1211,single_arm_dominant,5,1,2,1,1,4,4,2,3,35.27,4.55,4.88,0.57,15.74,6.74,2.25,recommend_3arm,robust_score = mean(S_lambda) - gamma * std(S_lambda)
1211,single_arm_dominant,5,1,2,1,1,5,5,0,3,35.27,4.55,4.88,0.57,10.86,7.3,10.86,recommend_3arm,robust_score = mean(S_lambda) - gamma * std(S_lambda)
1211,single_arm_dominant,5,1,2,1,1,5,5,0.5,3,35.27,4.55,4.88,0.57,10.86,7.3,7.21,recommend_3arm,robust_score = mean(S_lambda) - gamma * std(S_lambda)
1211,single_arm_dominant,5,1,2,1,1,5,5,1,3,35.27,4.55,4.88,0.57,10.86,7.3,3.56,recommend_3arm,robust_score = mean(S_lambda) - gamma * std(S_lambda)
1211,single_arm_dominant,5,1,2,1,1,5,5,1.5,3,35.27,4.55,4.88,0.57,10.86,7.3,-0.09,recommend_2arm,robust_score = mean(S_lambda) - gamma * std(S_lambda)
1211,single_arm_dominant,5,1,2,1,1,5,5,2,3,35.27,4.55,4.88,0.57,10.86,7.3,-3.74,recommend_2arm,robust_score = mean(S_lambda) - gamma * std(S_lambda)
1211,single_arm_dominant,5,1,2,1,1,6,6,0,3,35.27,4.55,4.88,0.57,5.98,7.86,5.98,recommend_3arm,robust_score = mean(S_lambda) - gamma * std(S_lambda)
1211,single_arm_dominant,5,1,2,1,1,6,6,0.5,3,35.27,4.55,4.88,0.57,5.98,7.86,2.05,recommend_3arm,robust_score = mean(S_lambda) - gamma * std(S_lambda)
1211,single_arm_dominant,5,1,2,1,1,6,6,1,3,35.27,4.55,4.88,0.57,5.98,7.86,-1.88,recommend_2arm,robust_score = mean(S_lambda) - gamma * std(S_lambda)
1211,single_arm_dominant,5,1,2,1,1,6,6,1.5,3,35.27,4.55,4.88,0.57,5.98,7.86,-5.81,recommend_2arm,robust_score = mean(S_lambda) - gamma * std(S_lambda)
1211,single_arm_dominant,5,1,2,1,1,6,6,2,3,35.27,4.55,4.88,0.57,5.98,7.86,-9.74,recommend_2arm,robust_score = mean(S_lambda) - gamma * std(S_lambda)
1211,single_arm_dominant,5,1,2,1,1,8,8,0,3,35.27,4.55,4.88,0.57,-3.78,8.98,-3.78,recommend_2arm,robust_score = mean(S_lambda) - gamma * std(S_lambda)
1211,single_arm_dominant,5,1,2,1,1,8,8,0.5,3,35.27,4.55,4.88,0.57,-3.78,8.98,-8.27,recommend_2arm,robust_score = mean(S_lambda) - gamma * std(S_lambda)
1211,single_arm_dominant,5,1,2,1,1,8,8,1,3,35.27,4.55,4.88,0.57,-3.78,8.98,-12.76,recommend_2arm,robust_score = mean(S_lambda) - gamma * std(S_lambda)
1211,single_arm_dominant,5,1,2,1,1,8,8,1.5,3,35.27,4.55,4.88,0.57,-3.78,8.98,-17.25,recommend_2arm,robust_score = mean(S_lambda) - gamma * std(S_lambda)
1211,single_arm_dominant,5,1,2,1,1,8,8,2,3,35.27,4.55,4.88,0.57,-3.78,8.98,-21.74,recommend_2arm,robust_score = mean(S_lambda) - gamma * std(S_lambda)
1211,single_arm_dominant,5,1,2,1,1,10,10,0,3,35.27,4.55,4.88,0.57,-13.55,10.1,-13.55,recommend_2arm,robust_score = mean(S_lambda) - gamma * std(S_lambda)
1211,single_arm_dominant,5,1,2,1,1,10,10,0.5,3,35.27,4.55,4.88,0.57,-13.55,10.1,-18.6,recommend_2arm,robust_score = mean(S_lambda) - gamma * std(S_lambda)
1211,single_arm_dominant,5,1,2,1,1,10,10,1,3,35.27,4.55,4.88,0.57,-13.55,10.1,-23.65,recommend_2arm,robust_score = mean(S_lambda) - gamma * std(S_lambda)
1211,single_arm_dominant,5,1,2,1,1,10,10,1.5,3,35.27,4.55,4.88,0.57,-13.55,10.1,-28.7,recommend_2arm,robust_score = mean(S_lambda) - gamma * std(S_lambda)
1211,single_arm_dominant,5,1,2,1,1,10,10,2,3,35.27,4.55,4.88,0.57,-13.55,10.1,-33.75,recommend_2arm,robust_score = mean(S_lambda) - gamma * std(S_lambda)
1211,single_arm_dominant,5,1,2,1,1,15,15,0,3,35.27,4.55,4.88,0.57,-37.96,12.92,-37.96,recommend_2arm,robust_score = mean(S_lambda) - gamma * std(S_lambda)
1211,single_arm_dominant,5,1,2,1,1,15,15,0.5,3,35.27,4.55,4.88,0.57,-37.96,12.92,-44.42,recommend_2arm,robust_score = mean(S_lambda) - gamma * std(S_lambda)
1211,single_arm_dominant,5,1,2,1,1,15,15,1,3,35.27,4.55,4.88,0.57,-37.96,12.92,-50.87,recommend_2arm,robust_score = mean(S_lambda) - gamma * std(S_lambda)
1211,single_arm_dominant,5,1,2,1,1,15,15,1.5,3,35.27,4.55,4.88,0.57,-37.96,12.92,-57.33,recommend_2arm,robust_score = mean(S_lambda) - gamma * std(S_lambda)
1211,single_arm_dominant,5,1,2,1,1,15,15,2,3,35.27,4.55,4.88,0.57,-37.96,12.92,-63.79,recommend_2arm,robust_score = mean(S_lambda) - gamma * std(S_lambda)
1212,mixed_balanced,6,1,2,1,2,0.5,0_5,0,3,37.66,4.79,3.86,0.24,35.73,4.91,35.73,recommend_3arm,robust_score = mean(S_lambda) - gamma * std(S_lambda)
1212,mixed_balanced,6,1,2,1,2,0.5,0_5,0.5,3,37.66,4.79,3.86,0.24,35.73,4.91,33.28,recommend_3arm,robust_score = mean(S_lambda) - gamma * std(S_lambda)
1212,mixed_balanced,6,1,2,1,2,0.5,0_5,1,3,37.66,4.79,3.86,0.24,35.73,4.91,30.83,recommend_3arm,robust_score = mean(S_lambda) - gamma * std(S_lambda)
1212,mixed_balanced,6,1,2,1,2,0.5,0_5,1.5,3,37.66,4.79,3.86,0.24,35.73,4.91,28.38,recommend_3arm,robust_score = mean(S_lambda) - gamma * std(S_lambda)
1212,mixed_balanced,6,1,2,1,2,0.5,0_5,2,3,37.66,4.79,3.86,0.24,35.73,4.91,25.92,recommend_3arm,robust_score = mean(S_lambda) - gamma * std(S_lambda)
1212,mixed_balanced,6,1,2,1,2,1,1,0,3,37.66,4.79,3.86,0.24,33.81,5.03,33.81,recommend_3arm,robust_score = mean(S_lambda) - gamma * std(S_lambda)
1212,mixed_balanced,6,1,2,1,2,1,1,0.5,3,37.66,4.79,3.86,0.24,33.81,5.03,31.29,recommend_3arm,robust_score = mean(S_lambda) - gamma * std(S_lambda)
1212,mixed_balanced,6,1,2,1,2,1,1,1,3,37.66,4.79,3.86,0.24,33.81,5.03,28.78,recommend_3arm,robust_score = mean(S_lambda) - gamma * std(S_lambda)
1212,mixed_balanced,6,1,2,1,2,1,1,1.5,3,37.66,4.79,3.86,0.24,33.81,5.03,26.27,recommend_3arm,robust_score = mean(S_lambda) - gamma * std(S_lambda)
1212,mixed_balanced,6,1,2,1,2,1,1,2,3,37.66,4.79,3.86,0.24,33.81,5.03,23.76,recommend_3arm,robust_score = mean(S_lambda) - gamma * std(S_lambda)
1212,mixed_balanced,6,1,2,1,2,2,2,0,3,37.66,4.79,3.86,0.24,29.95,5.26,29.95,recommend_3arm,robust_score = mean(S_lambda) - gamma * std(S_lambda)
1212,mixed_balanced,6,1,2,1,2,2,2,0.5,3,37.66,4.79,3.86,0.24,29.95,5.26,27.32,recommend_3arm,robust_score = mean(S_lambda) - gamma * std(S_lambda)
1212,mixed_balanced,6,1,2,1,2,2,2,1,3,37.66,4.79,3.86,0.24,29.95,5.26,24.68,recommend_3arm,robust_score = mean(S_lambda) - gamma * std(S_lambda)
1212,mixed_balanced,6,1,2,1,2,2,2,1.5,3,37.66,4.79,3.86,0.24,29.95,5.26,22.05,recommend_3arm,robust_score = mean(S_lambda) - gamma * std(S_lambda)
1212,mixed_balanced,6,1,2,1,2,2,2,2,3,37.66,4.79,3.86,0.24,29.95,5.26,19.42,recommend_3arm,robust_score = mean(S_lambda) - gamma * std(S_lambda)
1212,mixed_balanced,6,1,2,1,2,3,3,0,3,37.66,4.79,3.86,0.24,26.09,5.5,26.09,recommend_3arm,robust_score = mean(S_lambda) - gamma * std(S_lambda)
1212,mixed_balanced,6,1,2,1,2,3,3,0.5,3,37.66,4.79,3.86,0.24,26.09,5.5,23.34,recommend_3arm,robust_score = mean(S_lambda) - gamma * std(S_lambda)
1212,mixed_balanced,6,1,2,1,2,3,3,1,3,37.66,4.79,3.86,0.24,26.09,5.5,20.59,recommend_3arm,robust_score = mean(S_lambda) - gamma * std(S_lambda)
1212,mixed_balanced,6,1,2,1,2,3,3,1.5,3,37.66,4.79,3.86,0.24,26.09,5.5,17.84,recommend_3arm,robust_score = mean(S_lambda) - gamma * std(S_lambda)
1212,mixed_balanced,6,1,2,1,2,3,3,2,3,37.66,4.79,3.86,0.24,26.09,5.5,15.08,recommend_3arm,robust_score = mean(S_lambda) - gamma * std(S_lambda)
1212,mixed_balanced,6,1,2,1,2,4,4,0,3,37.66,4.79,3.86,0.24,22.23,5.74,22.23,recommend_3arm,robust_score = mean(S_lambda) - gamma * std(S_lambda)
1212,mixed_balanced,6,1,2,1,2,4,4,0.5,3,37.66,4.79,3.86,0.24,22.23,5.74,19.36,recommend_3arm,robust_score = mean(S_lambda) - gamma * std(S_lambda)
1212,mixed_balanced,6,1,2,1,2,4,4,1,3,37.66,4.79,3.86,0.24,22.23,5.74,16.49,recommend_3arm,robust_score = mean(S_lambda) - gamma * std(S_lambda)
1212,mixed_balanced,6,1,2,1,2,4,4,1.5,3,37.66,4.79,3.86,0.24,22.23,5.74,13.62,recommend_3arm,robust_score = mean(S_lambda) - gamma * std(S_lambda)
1212,mixed_balanced,6,1,2,1,2,4,4,2,3,37.66,4.79,3.86,0.24,22.23,5.74,10.75,recommend_3arm,robust_score = mean(S_lambda) - gamma * std(S_lambda)
1212,mixed_balanced,6,1,2,1,2,5,5,0,3,37.66,4.79,3.86,0.24,18.37,5.98,18.37,recommend_3arm,robust_score = mean(S_lambda) - gamma * std(S_lambda)
1212,mixed_balanced,6,1,2,1,2,5,5,0.5,3,37.66,4.79,3.86,0.24,18.37,5.98,15.38,recommend_3arm,robust_score = mean(S_lambda) - gamma * std(S_lambda)
1212,mixed_balanced,6,1,2,1,2,5,5,1,3,37.66,4.79,3.86,0.24,18.37,5.98,12.39,recommend_3arm,robust_score = mean(S_lambda) - gamma * std(S_lambda)
1212,mixed_balanced,6,1,2,1,2,5,5,1.5,3,37.66,4.79,3.86,0.24,18.37,5.98,9.4,recommend_3arm,robust_score = mean(S_lambda) - gamma * std(S_lambda)
1212,mixed_balanced,6,1,2,1,2,5,5,2,3,37.66,4.79,3.86,0.24,18.37,5.98,6.41,recommend_3arm,robust_score = mean(S_lambda) - gamma * std(S_lambda)
1212,mixed_balanced,6,1,2,1,2,6,6,0,3,37.66,4.79,3.86,0.24,14.52,6.22,14.52,recommend_3arm,robust_score = mean(S_lambda) - gamma * std(S_lambda)
1212,mixed_balanced,6,1,2,1,2,6,6,0.5,3,37.66,4.79,3.86,0.24,14.52,6.22,11.41,recommend_3arm,robust_score = mean(S_lambda) - gamma * std(S_lambda)
1212,mixed_balanced,6,1,2,1,2,6,6,1,3,37.66,4.79,3.86,0.24,14.52,6.22,8.3,recommend_3arm,robust_score = mean(S_lambda) - gamma * std(S_lambda)
1212,mixed_balanced,6,1,2,1,2,6,6,1.5,3,37.66,4.79,3.86,0.24,14.52,6.22,5.18,recommend_3arm,robust_score = mean(S_lambda) - gamma * std(S_lambda)
1212,mixed_balanced,6,1,2,1,2,6,6,2,3,37.66,4.79,3.86,0.24,14.52,6.22,2.07,recommend_3arm,robust_score = mean(S_lambda) - gamma * std(S_lambda)
1212,mixed_balanced,6,1,2,1,2,8,8,0,3,37.66,4.79,3.86,0.24,6.8,6.7,6.8,recommend_3arm,robust_score = mean(S_lambda) - gamma * std(S_lambda)
1212,mixed_balanced,6,1,2,1,2,8,8,0.5,3,37.66,4.79,3.86,0.24,6.8,6.7,3.45,recommend_3arm,robust_score = mean(S_lambda) - gamma * std(S_lambda)
1212,mixed_balanced,6,1,2,1,2,8,8,1,3,37.66,4.79,3.86,0.24,6.8,6.7,0.1,recommend_3arm,robust_score = mean(S_lambda) - gamma * std(S_lambda)
1212,mixed_balanced,6,1,2,1,2,8,8,1.5,3,37.66,4.79,3.86,0.24,6.8,6.7,-3.25,recommend_2arm,robust_score = mean(S_lambda) - gamma * std(S_lambda)
1212,mixed_balanced,6,1,2,1,2,8,8,2,3,37.66,4.79,3.86,0.24,6.8,6.7,-6.6,recommend_2arm,robust_score = mean(S_lambda) - gamma * std(S_lambda)
1212,mixed_balanced,6,1,2,1,2,10,10,0,3,37.66,4.79,3.86,0.24,-0.91,7.18,-0.91,recommend_2arm,robust_score = mean(S_lambda) - gamma * std(S_lambda)
1212,mixed_balanced,6,1,2,1,2,10,10,0.5,3,37.66,4.79,3.86,0.24,-0.91,7.18,-4.5,recommend_2arm,robust_score = mean(S_lambda) - gamma * std(S_lambda)
1212,mixed_balanced,6,1,2,1,2,10,10,1,3,37.66,4.79,3.86,0.24,-0.91,7.18,-8.09,recommend_2arm,robust_score = mean(S_lambda) - gamma * std(S_lambda)
1212,mixed_balanced,6,1,2,1,2,10,10,1.5,3,37.66,4.79,3.86,0.24,-0.91,7.18,-11.68,recommend_2arm,robust_score = mean(S_lambda) - gamma * std(S_lambda)
1212,mixed_balanced,6,1,2,1,2,10,10,2,3,37.66,4.79,3.86,0.24,-0.91,7.18,-15.27,recommend_2arm,robust_score = mean(S_lambda) - gamma * std(S_lambda)
1212,mixed_balanced,6,1,2,1,2,15,15,0,3,37.66,4.79,3.86,0.24,-20.2,8.38,-20.2,recommend_2arm,robust_score = mean(S_lambda) - gamma * std(S_lambda)
1212,mixed_balanced,6,1,2,1,2,15,15,0.5,3,37.66,4.79,3.86,0.24,-20.2,8.38,-24.39,recommend_2arm,robust_score = mean(S_lambda) - gamma * std(S_lambda)
1212,mixed_balanced,6,1,2,1,2,15,15,1,3,37.66,4.79,3.86,0.24,-20.2,8.38,-28.58,recommend_2arm,robust_score = mean(S_lambda) - gamma * std(S_lambda)
1212,mixed_balanced,6,1,2,1,2,15,15,1.5,3,37.66,4.79,3.86,0.24,-20.2,8.38,-32.77,recommend_2arm,robust_score = mean(S_lambda) - gamma * std(S_lambda)
1212,mixed_balanced,6,1,2,1,2,15,15,2,3,37.66,4.79,3.86,0.24,-20.2,8.38,-36.96,recommend_2arm,robust_score = mean(S_lambda) - gamma * std(S_lambda)
1221,mixed_balanced,6,1,2,2,1,0.5,0_5,0,3,34.0,2.81,4.23,0.04,31.89,2.83,31.89,recommend_3arm,robust_score = mean(S_lambda) - gamma * std(S_lambda)
1221,mixed_balanced,6,1,2,2,1,0.5,0_5,0.5,3,34.0,2.81,4.23,0.04,31.89,2.83,30.47,recommend_3arm,robust_score = mean(S_lambda) - gamma * std(S_lambda)
1221,mixed_balanced,6,1,2,2,1,0.5,0_5,1,3,34.0,2.81,4.23,0.04,31.89,2.83,29.05,recommend_3arm,robust_score = mean(S_lambda) - gamma * std(S_lambda)
1221,mixed_balanced,6,1,2,2,1,0.5,0_5,1.5,3,34.0,2.81,4.23,0.04,31.89,2.83,27.64,recommend_3arm,robust_score = mean(S_lambda) - gamma * std(S_lambda)
1221,mixed_balanced,6,1,2,2,1,0.5,0_5,2,3,34.0,2.81,4.23,0.04,31.89,2.83,26.22,recommend_3arm,robust_score = mean(S_lambda) - gamma * std(S_lambda)
1221,mixed_balanced,6,1,2,2,1,1,1,0,3,34.0,2.81,4.23,0.04,29.77,2.86,29.77,recommend_3arm,robust_score = mean(S_lambda) - gamma * std(S_lambda)
1221,mixed_balanced,6,1,2,2,1,1,1,0.5,3,34.0,2.81,4.23,0.04,29.77,2.86,28.35,recommend_3arm,robust_score = mean(S_lambda) - gamma * std(S_lambda)
1221,mixed_balanced,6,1,2,2,1,1,1,1,3,34.0,2.81,4.23,0.04,29.77,2.86,26.92,recommend_3arm,robust_score = mean(S_lambda) - gamma * std(S_lambda)
1221,mixed_balanced,6,1,2,2,1,1,1,1.5,3,34.0,2.81,4.23,0.04,29.77,2.86,25.49,recommend_3arm,robust_score = mean(S_lambda) - gamma * std(S_lambda)
1221,mixed_balanced,6,1,2,2,1,1,1,2,3,34.0,2.81,4.23,0.04,29.77,2.86,24.06,recommend_3arm,robust_score = mean(S_lambda) - gamma * std(S_lambda)
1221,mixed_balanced,6,1,2,2,1,2,2,0,3,34.0,2.81,4.23,0.04,25.55,2.9,25.55,recommend_3arm,robust_score = mean(S_lambda) - gamma * std(S_lambda)
1221,mixed_balanced,6,1,2,2,1,2,2,0.5,3,34.0,2.81,4.23,0.04,25.55,2.9,24.1,recommend_3arm,robust_score = mean(S_lambda) - gamma * std(S_lambda)
1221,mixed_balanced,6,1,2,2,1,2,2,1,3,34.0,2.81,4.23,0.04,25.55,2.9,22.65,recommend_3arm,robust_score = mean(S_lambda) - gamma * std(S_lambda)
1221,mixed_balanced,6,1,2,2,1,2,2,1.5,3,34.0,2.81,4.23,0.04,25.55,2.9,21.2,recommend_3arm,robust_score = mean(S_lambda) - gamma * std(S_lambda)
1221,mixed_balanced,6,1,2,2,1,2,2,2,3,34.0,2.81,4.23,0.04,25.55,2.9,19.75,recommend_3arm,robust_score = mean(S_lambda) - gamma * std(S_lambda)
1221,mixed_balanced,6,1,2,2,1,3,3,0,3,34.0,2.81,4.23,0.04,21.32,2.94,21.32,recommend_3arm,robust_score = mean(S_lambda) - gamma * std(S_lambda)
1221,mixed_balanced,6,1,2,2,1,3,3,0.5,3,34.0,2.81,4.23,0.04,21.32,2.94,19.85,recommend_3arm,robust_score = mean(S_lambda) - gamma * std(S_lambda)
1221,mixed_balanced,6,1,2,2,1,3,3,1,3,34.0,2.81,4.23,0.04,21.32,2.94,18.38,recommend_3arm,robust_score = mean(S_lambda) - gamma * std(S_lambda)
1221,mixed_balanced,6,1,2,2,1,3,3,1.5,3,34.0,2.81,4.23,0.04,21.32,2.94,16.91,recommend_3arm,robust_score = mean(S_lambda) - gamma * std(S_lambda)
1221,mixed_balanced,6,1,2,2,1,3,3,2,3,34.0,2.81,4.23,0.04,21.32,2.94,15.44,recommend_3arm,robust_score = mean(S_lambda) - gamma * std(S_lambda)
1221,mixed_balanced,6,1,2,2,1,4,4,0,3,34.0,2.81,4.23,0.04,17.1,2.98,17.1,recommend_3arm,robust_score = mean(S_lambda) - gamma * std(S_lambda)
1221,mixed_balanced,6,1,2,2,1,4,4,0.5,3,34.0,2.81,4.23,0.04,17.1,2.98,15.61,recommend_3arm,robust_score = mean(S_lambda) - gamma * std(S_lambda)
1221,mixed_balanced,6,1,2,2,1,4,4,1,3,34.0,2.81,4.23,0.04,17.1,2.98,14.11,recommend_3arm,robust_score = mean(S_lambda) - gamma * std(S_lambda)
1221,mixed_balanced,6,1,2,2,1,4,4,1.5,3,34.0,2.81,4.23,0.04,17.1,2.98,12.62,recommend_3arm,robust_score = mean(S_lambda) - gamma * std(S_lambda)
1221,mixed_balanced,6,1,2,2,1,4,4,2,3,34.0,2.81,4.23,0.04,17.1,2.98,11.13,recommend_3arm,robust_score = mean(S_lambda) - gamma * std(S_lambda)
1221,mixed_balanced,6,1,2,2,1,5,5,0,3,34.0,2.81,4.23,0.04,12.87,3.03,12.87,recommend_3arm,robust_score = mean(S_lambda) - gamma * std(S_lambda)
1221,mixed_balanced,6,1,2,2,1,5,5,0.5,3,34.0,2.81,4.23,0.04,12.87,3.03,11.36,recommend_3arm,robust_score = mean(S_lambda) - gamma * std(S_lambda)
1221,mixed_balanced,6,1,2,2,1,5,5,1,3,34.0,2.81,4.23,0.04,12.87,3.03,9.85,recommend_3arm,robust_score = mean(S_lambda) - gamma * std(S_lambda)
1221,mixed_balanced,6,1,2,2,1,5,5,1.5,3,34.0,2.81,4.23,0.04,12.87,3.03,8.33,recommend_3arm,robust_score = mean(S_lambda) - gamma * std(S_lambda)
1221,mixed_balanced,6,1,2,2,1,5,5,2,3,34.0,2.81,4.23,0.04,12.87,3.03,6.82,recommend_3arm,robust_score = mean(S_lambda) - gamma * std(S_lambda)
1221,mixed_balanced,6,1,2,2,1,6,6,0,3,34.0,2.81,4.23,0.04,8.65,3.07,8.65,recommend_3arm,robust_score = mean(S_lambda) - gamma * std(S_lambda)
1221,mixed_balanced,6,1,2,2,1,6,6,0.5,3,34.0,2.81,4.23,0.04,8.65,3.07,7.11,recommend_3arm,robust_score = mean(S_lambda) - gamma * std(S_lambda)
1221,mixed_balanced,6,1,2,2,1,6,6,1,3,34.0,2.81,4.23,0.04,8.65,3.07,5.58,recommend_3arm,robust_score = mean(S_lambda) - gamma * std(S_lambda)
1221,mixed_balanced,6,1,2,2,1,6,6,1.5,3,34.0,2.81,4.23,0.04,8.65,3.07,4.04,recommend_3arm,robust_score = mean(S_lambda) - gamma * std(S_lambda)
1221,mixed_balanced,6,1,2,2,1,6,6,2,3,34.0,2.81,4.23,0.04,8.65,3.07,2.51,recommend_3arm,robust_score = mean(S_lambda) - gamma * std(S_lambda)
1221,mixed_balanced,6,1,2,2,1,8,8,0,3,34.0,2.81,4.23,0.04,0.2,3.16,0.2,recommend_3arm,robust_score = mean(S_lambda) - gamma * std(S_lambda)
1221,mixed_balanced,6,1,2,2,1,8,8,0.5,3,34.0,2.81,4.23,0.04,0.2,3.16,-1.38,recommend_2arm,robust_score = mean(S_lambda) - gamma * std(S_lambda)
1221,mixed_balanced,6,1,2,2,1,8,8,1,3,34.0,2.81,4.23,0.04,0.2,3.16,-2.96,recommend_2arm,robust_score = mean(S_lambda) - gamma * std(S_lambda)
1221,mixed_balanced,6,1,2,2,1,8,8,1.5,3,34.0,2.81,4.23,0.04,0.2,3.16,-4.54,recommend_2arm,robust_score = mean(S_lambda) - gamma * std(S_lambda)
1221,mixed_balanced,6,1,2,2,1,8,8,2,3,34.0,2.81,4.23,0.04,0.2,3.16,-6.12,recommend_2arm,robust_score = mean(S_lambda) - gamma * std(S_lambda)
1221,mixed_balanced,6,1,2,2,1,10,10,0,3,34.0,2.81,4.23,0.04,-8.25,3.24,-8.25,recommend_2arm,robust_score = mean(S_lambda) - gamma * std(S_lambda)
1221,mixed_balanced,6,1,2,2,1,10,10,0.5,3,34.0,2.81,4.23,0.04,-8.25,3.24,-9.88,recommend_2arm,robust_score = mean(S_lambda) - gamma * std(S_lambda)
1221,mixed_balanced,6,1,2,2,1,10,10,1,3,34.0,2.81,4.23,0.04,-8.25,3.24,-11.5,recommend_2arm,robust_score = mean(S_lambda) - gamma * std(S_lambda)
1221,mixed_balanced,6,1,2,2,1,10,10,1.5,3,34.0,2.81,4.23,0.04,-8.25,3.24,-13.12,recommend_2arm,robust_score = mean(S_lambda) - gamma * std(S_lambda)
1221,mixed_balanced,6,1,2,2,1,10,10,2,3,34.0,2.81,4.23,0.04,-8.25,3.24,-14.74,recommend_2arm,robust_score = mean(S_lambda) - gamma * std(S_lambda)
1221,mixed_balanced,6,1,2,2,1,15,15,0,3,34.0,2.81,4.23,0.04,-29.38,3.46,-29.38,recommend_2arm,robust_score = mean(S_lambda) - gamma * std(S_lambda)
1221,mixed_balanced,6,1,2,2,1,15,15,0.5,3,34.0,2.81,4.23,0.04,-29.38,3.46,-31.11,recommend_2arm,robust_score = mean(S_lambda) - gamma * std(S_lambda)
1221,mixed_balanced,6,1,2,2,1,15,15,1,3,34.0,2.81,4.23,0.04,-29.38,3.46,-32.84,recommend_2arm,robust_score = mean(S_lambda) - gamma * std(S_lambda)
1221,mixed_balanced,6,1,2,2,1,15,15,1.5,3,34.0,2.81,4.23,0.04,-29.38,3.46,-34.57,recommend_2arm,robust_score = mean(S_lambda) - gamma * std(S_lambda)
1221,mixed_balanced,6,1,2,2,1,15,15,2,3,34.0,2.81,4.23,0.04,-29.38,3.46,-36.3,recommend_2arm,robust_score = mean(S_lambda) - gamma * std(S_lambda)
1222,dual_arm_dominant,7,1,2,2,2,0.5,0_5,0,3,30.5,4.52,3.45,0.2,28.77,4.59,28.77,recommend_3arm,robust_score = mean(S_lambda) - gamma * std(S_lambda)
1222,dual_arm_dominant,7,1,2,2,2,0.5,0_5,0.5,3,30.5,4.52,3.45,0.2,28.77,4.59,26.48,recommend_3arm,robust_score = mean(S_lambda) - gamma * std(S_lambda)
1222,dual_arm_dominant,7,1,2,2,2,0.5,0_5,1,3,30.5,4.52,3.45,0.2,28.77,4.59,24.18,recommend_3arm,robust_score = mean(S_lambda) - gamma * std(S_lambda)
1222,dual_arm_dominant,7,1,2,2,2,0.5,0_5,1.5,3,30.5,4.52,3.45,0.2,28.77,4.59,21.89,recommend_3arm,robust_score = mean(S_lambda) - gamma * std(S_lambda)
1222,dual_arm_dominant,7,1,2,2,2,0.5,0_5,2,3,30.5,4.52,3.45,0.2,28.77,4.59,19.59,recommend_3arm,robust_score = mean(S_lambda) - gamma * std(S_lambda)
1222,dual_arm_dominant,7,1,2,2,2,1,1,0,3,30.5,4.52,3.45,0.2,27.05,4.66,27.05,recommend_3arm,robust_score = mean(S_lambda) - gamma * std(S_lambda)
1222,dual_arm_dominant,7,1,2,2,2,1,1,0.5,3,30.5,4.52,3.45,0.2,27.05,4.66,24.72,recommend_3arm,robust_score = mean(S_lambda) - gamma * std(S_lambda)
1222,dual_arm_dominant,7,1,2,2,2,1,1,1,3,30.5,4.52,3.45,0.2,27.05,4.66,22.39,recommend_3arm,robust_score = mean(S_lambda) - gamma * std(S_lambda)
1222,dual_arm_dominant,7,1,2,2,2,1,1,1.5,3,30.5,4.52,3.45,0.2,27.05,4.66,20.06,recommend_3arm,robust_score = mean(S_lambda) - gamma * std(S_lambda)
1222,dual_arm_dominant,7,1,2,2,2,1,1,2,3,30.5,4.52,3.45,0.2,27.05,4.66,17.74,recommend_3arm,robust_score = mean(S_lambda) - gamma * std(S_lambda)
1222,dual_arm_dominant,7,1,2,2,2,2,2,0,3,30.5,4.52,3.45,0.2,23.6,4.79,23.6,recommend_3arm,robust_score = mean(S_lambda) - gamma * std(S_lambda)
1222,dual_arm_dominant,7,1,2,2,2,2,2,0.5,3,30.5,4.52,3.45,0.2,23.6,4.79,21.2,recommend_3arm,robust_score = mean(S_lambda) - gamma * std(S_lambda)
1222,dual_arm_dominant,7,1,2,2,2,2,2,1,3,30.5,4.52,3.45,0.2,23.6,4.79,18.81,recommend_3arm,robust_score = mean(S_lambda) - gamma * std(S_lambda)
1222,dual_arm_dominant,7,1,2,2,2,2,2,1.5,3,30.5,4.52,3.45,0.2,23.6,4.79,16.41,recommend_3arm,robust_score = mean(S_lambda) - gamma * std(S_lambda)
1222,dual_arm_dominant,7,1,2,2,2,2,2,2,3,30.5,4.52,3.45,0.2,23.6,4.79,14.01,recommend_3arm,robust_score = mean(S_lambda) - gamma * std(S_lambda)
1222,dual_arm_dominant,7,1,2,2,2,3,3,0,3,30.5,4.52,3.45,0.2,20.15,4.93,20.15,recommend_3arm,robust_score = mean(S_lambda) - gamma * std(S_lambda)
1222,dual_arm_dominant,7,1,2,2,2,3,3,0.5,3,30.5,4.52,3.45,0.2,20.15,4.93,17.68,recommend_3arm,robust_score = mean(S_lambda) - gamma * std(S_lambda)
1222,dual_arm_dominant,7,1,2,2,2,3,3,1,3,30.5,4.52,3.45,0.2,20.15,4.93,15.22,recommend_3arm,robust_score = mean(S_lambda) - gamma * std(S_lambda)
1222,dual_arm_dominant,7,1,2,2,2,3,3,1.5,3,30.5,4.52,3.45,0.2,20.15,4.93,12.75,recommend_3arm,robust_score = mean(S_lambda) - gamma * std(S_lambda)
1222,dual_arm_dominant,7,1,2,2,2,3,3,2,3,30.5,4.52,3.45,0.2,20.15,4.93,10.29,recommend_3arm,robust_score = mean(S_lambda) - gamma * std(S_lambda)
1222,dual_arm_dominant,7,1,2,2,2,4,4,0,3,30.5,4.52,3.45,0.2,16.7,5.08,16.7,recommend_3arm,robust_score = mean(S_lambda) - gamma * std(S_lambda)
1222,dual_arm_dominant,7,1,2,2,2,4,4,0.5,3,30.5,4.52,3.45,0.2,16.7,5.08,14.16,recommend_3arm,robust_score = mean(S_lambda) - gamma * std(S_lambda)
1222,dual_arm_dominant,7,1,2,2,2,4,4,1,3,30.5,4.52,3.45,0.2,16.7,5.08,11.62,recommend_3arm,robust_score = mean(S_lambda) - gamma * std(S_lambda)
1222,dual_arm_dominant,7,1,2,2,2,4,4,1.5,3,30.5,4.52,3.45,0.2,16.7,5.08,9.09,recommend_3arm,robust_score = mean(S_lambda) - gamma * std(S_lambda)
1222,dual_arm_dominant,7,1,2,2,2,4,4,2,3,30.5,4.52,3.45,0.2,16.7,5.08,6.55,recommend_3arm,robust_score = mean(S_lambda) - gamma * std(S_lambda)
1222,dual_arm_dominant,7,1,2,2,2,5,5,0,3,30.5,4.52,3.45,0.2,13.25,5.23,13.25,recommend_3arm,robust_score = mean(S_lambda) - gamma * std(S_lambda)
1222,dual_arm_dominant,7,1,2,2,2,5,5,0.5,3,30.5,4.52,3.45,0.2,13.25,5.23,10.64,recommend_3arm,robust_score = mean(S_lambda) - gamma * std(S_lambda)
1222,dual_arm_dominant,7,1,2,2,2,5,5,1,3,30.5,4.52,3.45,0.2,13.25,5.23,8.03,recommend_3arm,robust_score = mean(S_lambda) - gamma * std(S_lambda)
1222,dual_arm_dominant,7,1,2,2,2,5,5,1.5,3,30.5,4.52,3.45,0.2,13.25,5.23,5.41,recommend_3arm,robust_score = mean(S_lambda) - gamma * std(S_lambda)
1222,dual_arm_dominant,7,1,2,2,2,5,5,2,3,30.5,4.52,3.45,0.2,13.25,5.23,2.8,recommend_3arm,robust_score = mean(S_lambda) - gamma * std(S_lambda)
1222,dual_arm_dominant,7,1,2,2,2,6,6,0,3,30.5,4.52,3.45,0.2,9.81,5.38,9.81,recommend_3arm,robust_score = mean(S_lambda) - gamma * std(S_lambda)
1222,dual_arm_dominant,7,1,2,2,2,6,6,0.5,3,30.5,4.52,3.45,0.2,9.81,5.38,7.12,recommend_3arm,robust_score = mean(S_lambda) - gamma * std(S_lambda)
1222,dual_arm_dominant,7,1,2,2,2,6,6,1,3,30.5,4.52,3.45,0.2,9.81,5.38,4.43,recommend_3arm,robust_score = mean(S_lambda) - gamma * std(S_lambda)
1222,dual_arm_dominant,7,1,2,2,2,6,6,1.5,3,30.5,4.52,3.45,0.2,9.81,5.38,1.74,recommend_3arm,robust_score = mean(S_lambda) - gamma * std(S_lambda)
1222,dual_arm_dominant,7,1,2,2,2,6,6,2,3,30.5,4.52,3.45,0.2,9.81,5.38,-0.95,recommend_2arm,robust_score = mean(S_lambda) - gamma * std(S_lambda)
1222,dual_arm_dominant,7,1,2,2,2,8,8,0,3,30.5,4.52,3.45,0.2,2.91,5.69,2.91,recommend_3arm,robust_score = mean(S_lambda) - gamma * std(S_lambda)
1222,dual_arm_dominant,7,1,2,2,2,8,8,0.5,3,30.5,4.52,3.45,0.2,2.91,5.69,0.06,recommend_3arm,robust_score = mean(S_lambda) - gamma * std(S_lambda)
1222,dual_arm_dominant,7,1,2,2,2,8,8,1,3,30.5,4.52,3.45,0.2,2.91,5.69,-2.78,recommend_2arm,robust_score = mean(S_lambda) - gamma * std(S_lambda)
1222,dual_arm_dominant,7,1,2,2,2,8,8,1.5,3,30.5,4.52,3.45,0.2,2.91,5.69,-5.63,recommend_2arm,robust_score = mean(S_lambda) - gamma * std(S_lambda)
1222,dual_arm_dominant,7,1,2,2,2,8,8,2,3,30.5,4.52,3.45,0.2,2.91,5.69,-8.48,recommend_2arm,robust_score = mean(S_lambda) - gamma * std(S_lambda)
1222,dual_arm_dominant,7,1,2,2,2,10,10,0,3,30.5,4.52,3.45,0.2,-3.99,6.02,-3.99,recommend_2arm,robust_score = mean(S_lambda) - gamma * std(S_lambda)
1222,dual_arm_dominant,7,1,2,2,2,10,10,0.5,3,30.5,4.52,3.45,0.2,-3.99,6.02,-7.0,recommend_2arm,robust_score = mean(S_lambda) - gamma * std(S_lambda)
1222,dual_arm_dominant,7,1,2,2,2,10,10,1,3,30.5,4.52,3.45,0.2,-3.99,6.02,-10.0,recommend_2arm,robust_score = mean(S_lambda) - gamma * std(S_lambda)
1222,dual_arm_dominant,7,1,2,2,2,10,10,1.5,3,30.5,4.52,3.45,0.2,-3.99,6.02,-13.01,recommend_2arm,robust_score = mean(S_lambda) - gamma * std(S_lambda)
1222,dual_arm_dominant,7,1,2,2,2,10,10,2,3,30.5,4.52,3.45,0.2,-3.99,6.02,-16.02,recommend_2arm,robust_score = mean(S_lambda) - gamma * std(S_lambda)
1222,dual_arm_dominant,7,1,2,2,2,15,15,0,3,30.5,4.52,3.45,0.2,-21.23,6.87,-21.23,recommend_2arm,robust_score = mean(S_lambda) - gamma * std(S_lambda)
1222,dual_arm_dominant,7,1,2,2,2,15,15,0.5,3,30.5,4.52,3.45,0.2,-21.23,6.87,-24.66,recommend_2arm,robust_score = mean(S_lambda) - gamma * std(S_lambda)
1222,dual_arm_dominant,7,1,2,2,2,15,15,1,3,30.5,4.52,3.45,0.2,-21.23,6.87,-28.09,recommend_2arm,robust_score = mean(S_lambda) - gamma * std(S_lambda)
1222,dual_arm_dominant,7,1,2,2,2,15,15,1.5,3,30.5,4.52,3.45,0.2,-21.23,6.87,-31.53,recommend_2arm,robust_score = mean(S_lambda) - gamma * std(S_lambda)
1222,dual_arm_dominant,7,1,2,2,2,15,15,2,3,30.5,4.52,3.45,0.2,-21.23,6.87,-34.96,recommend_2arm,robust_score = mean(S_lambda) - gamma * std(S_lambda)
2111,single_arm_dominant,5,2,1,1,1,0.5,0_5,0,3,33.11,3.86,5.93,0.91,30.14,4.21,30.14,recommend_3arm,robust_score = mean(S_lambda) - gamma * std(S_lambda)
2111,single_arm_dominant,5,2,1,1,1,0.5,0_5,0.5,3,33.11,3.86,5.93,0.91,30.14,4.21,28.04,recommend_3arm,robust_score = mean(S_lambda) - gamma * std(S_lambda)
2111,single_arm_dominant,5,2,1,1,1,0.5,0_5,1,3,33.11,3.86,5.93,0.91,30.14,4.21,25.93,recommend_3arm,robust_score = mean(S_lambda) - gamma * std(S_lambda)
2111,single_arm_dominant,5,2,1,1,1,0.5,0_5,1.5,3,33.11,3.86,5.93,0.91,30.14,4.21,23.82,recommend_3arm,robust_score = mean(S_lambda) - gamma * std(S_lambda)
2111,single_arm_dominant,5,2,1,1,1,0.5,0_5,2,3,33.11,3.86,5.93,0.91,30.14,4.21,21.72,recommend_3arm,robust_score = mean(S_lambda) - gamma * std(S_lambda)
2111,single_arm_dominant,5,2,1,1,1,1,1,0,3,33.11,3.86,5.93,0.91,27.18,4.59,27.18,recommend_3arm,robust_score = mean(S_lambda) - gamma * std(S_lambda)
2111,single_arm_dominant,5,2,1,1,1,1,1,0.5,3,33.11,3.86,5.93,0.91,27.18,4.59,24.89,recommend_3arm,robust_score = mean(S_lambda) - gamma * std(S_lambda)
2111,single_arm_dominant,5,2,1,1,1,1,1,1,3,33.11,3.86,5.93,0.91,27.18,4.59,22.6,recommend_3arm,robust_score = mean(S_lambda) - gamma * std(S_lambda)
2111,single_arm_dominant,5,2,1,1,1,1,1,1.5,3,33.11,3.86,5.93,0.91,27.18,4.59,20.3,recommend_3arm,robust_score = mean(S_lambda) - gamma * std(S_lambda)
2111,single_arm_dominant,5,2,1,1,1,1,1,2,3,33.11,3.86,5.93,0.91,27.18,4.59,18.01,recommend_3arm,robust_score = mean(S_lambda) - gamma * std(S_lambda)
2111,single_arm_dominant,5,2,1,1,1,2,2,0,3,33.11,3.86,5.93,0.91,21.25,5.37,21.25,recommend_3arm,robust_score = mean(S_lambda) - gamma * std(S_lambda)
2111,single_arm_dominant,5,2,1,1,1,2,2,0.5,3,33.11,3.86,5.93,0.91,21.25,5.37,18.57,recommend_3arm,robust_score = mean(S_lambda) - gamma * std(S_lambda)
2111,single_arm_dominant,5,2,1,1,1,2,2,1,3,33.11,3.86,5.93,0.91,21.25,5.37,15.89,recommend_3arm,robust_score = mean(S_lambda) - gamma * std(S_lambda)
2111,single_arm_dominant,5,2,1,1,1,2,2,1.5,3,33.11,3.86,5.93,0.91,21.25,5.37,13.2,recommend_3arm,robust_score = mean(S_lambda) - gamma * std(S_lambda)
2111,single_arm_dominant,5,2,1,1,1,2,2,2,3,33.11,3.86,5.93,0.91,21.25,5.37,10.52,recommend_3arm,robust_score = mean(S_lambda) - gamma * std(S_lambda)
2111,single_arm_dominant,5,2,1,1,1,3,3,0,3,33.11,3.86,5.93,0.91,15.32,6.18,15.32,recommend_3arm,robust_score = mean(S_lambda) - gamma * std(S_lambda)
2111,single_arm_dominant,5,2,1,1,1,3,3,0.5,3,33.11,3.86,5.93,0.91,15.32,6.18,12.23,recommend_3arm,robust_score = mean(S_lambda) - gamma * std(S_lambda)
2111,single_arm_dominant,5,2,1,1,1,3,3,1,3,33.11,3.86,5.93,0.91,15.32,6.18,9.14,recommend_3arm,robust_score = mean(S_lambda) - gamma * std(S_lambda)
2111,single_arm_dominant,5,2,1,1,1,3,3,1.5,3,33.11,3.86,5.93,0.91,15.32,6.18,6.05,recommend_3arm,robust_score = mean(S_lambda) - gamma * std(S_lambda)
2111,single_arm_dominant,5,2,1,1,1,3,3,2,3,33.11,3.86,5.93,0.91,15.32,6.18,2.96,recommend_3arm,robust_score = mean(S_lambda) - gamma * std(S_lambda)
2111,single_arm_dominant,5,2,1,1,1,4,4,0,3,33.11,3.86,5.93,0.91,9.4,7.02,9.4,recommend_3arm,robust_score = mean(S_lambda) - gamma * std(S_lambda)
2111,single_arm_dominant,5,2,1,1,1,4,4,0.5,3,33.11,3.86,5.93,0.91,9.4,7.02,5.89,recommend_3arm,robust_score = mean(S_lambda) - gamma * std(S_lambda)
2111,single_arm_dominant,5,2,1,1,1,4,4,1,3,33.11,3.86,5.93,0.91,9.4,7.02,2.38,recommend_3arm,robust_score = mean(S_lambda) - gamma * std(S_lambda)
2111,single_arm_dominant,5,2,1,1,1,4,4,1.5,3,33.11,3.86,5.93,0.91,9.4,7.02,-1.13,recommend_2arm,robust_score = mean(S_lambda) - gamma * std(S_lambda)
2111,single_arm_dominant,5,2,1,1,1,4,4,2,3,33.11,3.86,5.93,0.91,9.4,7.02,-4.64,recommend_2arm,robust_score = mean(S_lambda) - gamma * std(S_lambda)
2111,single_arm_dominant,5,2,1,1,1,5,5,0,3,33.11,3.86,5.93,0.91,3.47,7.87,3.47,recommend_3arm,robust_score = mean(S_lambda) - gamma * std(S_lambda)
2111,single_arm_dominant,5,2,1,1,1,5,5,0.5,3,33.11,3.86,5.93,0.91,3.47,7.87,-0.47,recommend_2arm,robust_score = mean(S_lambda) - gamma * std(S_lambda)
2111,single_arm_dominant,5,2,1,1,1,5,5,1,3,33.11,3.86,5.93,0.91,3.47,7.87,-4.41,recommend_2arm,robust_score = mean(S_lambda) - gamma * std(S_lambda)
2111,single_arm_dominant,5,2,1,1,1,5,5,1.5,3,33.11,3.86,5.93,0.91,3.47,7.87,-8.34,recommend_2arm,robust_score = mean(S_lambda) - gamma * std(S_lambda)
2111,single_arm_dominant,5,2,1,1,1,5,5,2,3,33.11,3.86,5.93,0.91,3.47,7.87,-12.28,recommend_2arm,robust_score = mean(S_lambda) - gamma * std(S_lambda)
2111,single_arm_dominant,5,2,1,1,1,6,6,0,3,33.11,3.86,5.93,0.91,-2.46,8.74,-2.46,recommend_2arm,robust_score = mean(S_lambda) - gamma * std(S_lambda)
2111,single_arm_dominant,5,2,1,1,1,6,6,0.5,3,33.11,3.86,5.93,0.91,-2.46,8.74,-6.83,recommend_2arm,robust_score = mean(S_lambda) - gamma * std(S_lambda)
2111,single_arm_dominant,5,2,1,1,1,6,6,1,3,33.11,3.86,5.93,0.91,-2.46,8.74,-11.2,recommend_2arm,robust_score = mean(S_lambda) - gamma * std(S_lambda)
2111,single_arm_dominant,5,2,1,1,1,6,6,1.5,3,33.11,3.86,5.93,0.91,-2.46,8.74,-15.57,recommend_2arm,robust_score = mean(S_lambda) - gamma * std(S_lambda)
2111,single_arm_dominant,5,2,1,1,1,6,6,2,3,33.11,3.86,5.93,0.91,-2.46,8.74,-19.94,recommend_2arm,robust_score = mean(S_lambda) - gamma * std(S_lambda)
2111,single_arm_dominant,5,2,1,1,1,8,8,0,3,33.11,3.86,5.93,0.91,-14.32,10.49,-14.32,recommend_2arm,robust_score = mean(S_lambda) - gamma * std(S_lambda)
2111,single_arm_dominant,5,2,1,1,1,8,8,0.5,3,33.11,3.86,5.93,0.91,-14.32,10.49,-19.56,recommend_2arm,robust_score = mean(S_lambda) - gamma * std(S_lambda)
2111,single_arm_dominant,5,2,1,1,1,8,8,1,3,33.11,3.86,5.93,0.91,-14.32,10.49,-24.81,recommend_2arm,robust_score = mean(S_lambda) - gamma * std(S_lambda)
2111,single_arm_dominant,5,2,1,1,1,8,8,1.5,3,33.11,3.86,5.93,0.91,-14.32,10.49,-30.05,recommend_2arm,robust_score = mean(S_lambda) - gamma * std(S_lambda)
2111,single_arm_dominant,5,2,1,1,1,8,8,2,3,33.11,3.86,5.93,0.91,-14.32,10.49,-35.3,recommend_2arm,robust_score = mean(S_lambda) - gamma * std(S_lambda)
2111,single_arm_dominant,5,2,1,1,1,10,10,0,3,33.11,3.86,5.93,0.91,-26.18,12.26,-26.18,recommend_2arm,robust_score = mean(S_lambda) - gamma * std(S_lambda)
2111,single_arm_dominant,5,2,1,1,1,10,10,0.5,3,33.11,3.86,5.93,0.91,-26.18,12.26,-32.31,recommend_2arm,robust_score = mean(S_lambda) - gamma * std(S_lambda)
2111,single_arm_dominant,5,2,1,1,1,10,10,1,3,33.11,3.86,5.93,0.91,-26.18,12.26,-38.44,recommend_2arm,robust_score = mean(S_lambda) - gamma * std(S_lambda)
2111,single_arm_dominant,5,2,1,1,1,10,10,1.5,3,33.11,3.86,5.93,0.91,-26.18,12.26,-44.57,recommend_2arm,robust_score = mean(S_lambda) - gamma * std(S_lambda)
2111,single_arm_dominant,5,2,1,1,1,10,10,2,3,33.11,3.86,5.93,0.91,-26.18,12.26,-50.7,recommend_2arm,robust_score = mean(S_lambda) - gamma * std(S_lambda)
2111,single_arm_dominant,5,2,1,1,1,15,15,0,3,33.11,3.86,5.93,0.91,-55.82,16.73,-55.82,recommend_2arm,robust_score = mean(S_lambda) - gamma * std(S_lambda)
2111,single_arm_dominant,5,2,1,1,1,15,15,0.5,3,33.11,3.86,5.93,0.91,-55.82,16.73,-64.19,recommend_2arm,robust_score = mean(S_lambda) - gamma * std(S_lambda)
2111,single_arm_dominant,5,2,1,1,1,15,15,1,3,33.11,3.86,5.93,0.91,-55.82,16.73,-72.55,recommend_2arm,robust_score = mean(S_lambda) - gamma * std(S_lambda)
2111,single_arm_dominant,5,2,1,1,1,15,15,1.5,3,33.11,3.86,5.93,0.91,-55.82,16.73,-80.92,recommend_2arm,robust_score = mean(S_lambda) - gamma * std(S_lambda)
2111,single_arm_dominant,5,2,1,1,1,15,15,2,3,33.11,3.86,5.93,0.91,-55.82,16.73,-89.29,recommend_2arm,robust_score = mean(S_lambda) - gamma * std(S_lambda)
2112,mixed_balanced,6,2,1,1,2,0.5,0_5,0,3,32.37,0.99,4.63,0.65,30.06,1.31,30.06,recommend_3arm,robust_score = mean(S_lambda) - gamma * std(S_lambda)
2112,mixed_balanced,6,2,1,1,2,0.5,0_5,0.5,3,32.37,0.99,4.63,0.65,30.06,1.31,29.4,recommend_3arm,robust_score = mean(S_lambda) - gamma * std(S_lambda)
2112,mixed_balanced,6,2,1,1,2,0.5,0_5,1,3,32.37,0.99,4.63,0.65,30.06,1.31,28.74,recommend_3arm,robust_score = mean(S_lambda) - gamma * std(S_lambda)
2112,mixed_balanced,6,2,1,1,2,0.5,0_5,1.5,3,32.37,0.99,4.63,0.65,30.06,1.31,28.09,recommend_3arm,robust_score = mean(S_lambda) - gamma * std(S_lambda)
2112,mixed_balanced,6,2,1,1,2,0.5,0_5,2,3,32.37,0.99,4.63,0.65,30.06,1.31,27.43,recommend_3arm,robust_score = mean(S_lambda) - gamma * std(S_lambda)
2112,mixed_balanced,6,2,1,1,2,1,1,0,3,32.37,0.99,4.63,0.65,27.74,1.64,27.74,recommend_3arm,robust_score = mean(S_lambda) - gamma * std(S_lambda)
2112,mixed_balanced,6,2,1,1,2,1,1,0.5,3,32.37,0.99,4.63,0.65,27.74,1.64,26.92,recommend_3arm,robust_score = mean(S_lambda) - gamma * std(S_lambda)
2112,mixed_balanced,6,2,1,1,2,1,1,1,3,32.37,0.99,4.63,0.65,27.74,1.64,26.1,recommend_3arm,robust_score = mean(S_lambda) - gamma * std(S_lambda)
2112,mixed_balanced,6,2,1,1,2,1,1,1.5,3,32.37,0.99,4.63,0.65,27.74,1.64,25.29,recommend_3arm,robust_score = mean(S_lambda) - gamma * std(S_lambda)
2112,mixed_balanced,6,2,1,1,2,1,1,2,3,32.37,0.99,4.63,0.65,27.74,1.64,24.47,recommend_3arm,robust_score = mean(S_lambda) - gamma * std(S_lambda)
2112,mixed_balanced,6,2,1,1,2,2,2,0,3,32.37,0.99,4.63,0.65,23.11,2.28,23.11,recommend_3arm,robust_score = mean(S_lambda) - gamma * std(S_lambda)
2112,mixed_balanced,6,2,1,1,2,2,2,0.5,3,32.37,0.99,4.63,0.65,23.11,2.28,21.97,recommend_3arm,robust_score = mean(S_lambda) - gamma * std(S_lambda)
2112,mixed_balanced,6,2,1,1,2,2,2,1,3,32.37,0.99,4.63,0.65,23.11,2.28,20.83,recommend_3arm,robust_score = mean(S_lambda) - gamma * std(S_lambda)
2112,mixed_balanced,6,2,1,1,2,2,2,1.5,3,32.37,0.99,4.63,0.65,23.11,2.28,19.69,recommend_3arm,robust_score = mean(S_lambda) - gamma * std(S_lambda)
2112,mixed_balanced,6,2,1,1,2,2,2,2,3,32.37,0.99,4.63,0.65,23.11,2.28,18.55,recommend_3arm,robust_score = mean(S_lambda) - gamma * std(S_lambda)
2112,mixed_balanced,6,2,1,1,2,3,3,0,3,32.37,0.99,4.63,0.65,18.48,2.93,18.48,recommend_3arm,robust_score = mean(S_lambda) - gamma * std(S_lambda)
2112,mixed_balanced,6,2,1,1,2,3,3,0.5,3,32.37,0.99,4.63,0.65,18.48,2.93,17.02,recommend_3arm,robust_score = mean(S_lambda) - gamma * std(S_lambda)
2112,mixed_balanced,6,2,1,1,2,3,3,1,3,32.37,0.99,4.63,0.65,18.48,2.93,15.55,recommend_3arm,robust_score = mean(S_lambda) - gamma * std(S_lambda)
2112,mixed_balanced,6,2,1,1,2,3,3,1.5,3,32.37,0.99,4.63,0.65,18.48,2.93,14.09,recommend_3arm,robust_score = mean(S_lambda) - gamma * std(S_lambda)
2112,mixed_balanced,6,2,1,1,2,3,3,2,3,32.37,0.99,4.63,0.65,18.48,2.93,12.63,recommend_3arm,robust_score = mean(S_lambda) - gamma * std(S_lambda)
2112,mixed_balanced,6,2,1,1,2,4,4,0,3,32.37,0.99,4.63,0.65,13.85,3.57,13.85,recommend_3arm,robust_score = mean(S_lambda) - gamma * std(S_lambda)
2112,mixed_balanced,6,2,1,1,2,4,4,0.5,3,32.37,0.99,4.63,0.65,13.85,3.57,12.06,recommend_3arm,robust_score = mean(S_lambda) - gamma * std(S_lambda)
2112,mixed_balanced,6,2,1,1,2,4,4,1,3,32.37,0.99,4.63,0.65,13.85,3.57,10.28,recommend_3arm,robust_score = mean(S_lambda) - gamma * std(S_lambda)
2112,mixed_balanced,6,2,1,1,2,4,4,1.5,3,32.37,0.99,4.63,0.65,13.85,3.57,8.49,recommend_3arm,robust_score = mean(S_lambda) - gamma * std(S_lambda)
2112,mixed_balanced,6,2,1,1,2,4,4,2,3,32.37,0.99,4.63,0.65,13.85,3.57,6.71,recommend_3arm,robust_score = mean(S_lambda) - gamma * std(S_lambda)
2112,mixed_balanced,6,2,1,1,2,5,5,0,3,32.37,0.99,4.63,0.65,9.22,4.22,9.22,recommend_3arm,robust_score = mean(S_lambda) - gamma * std(S_lambda)
2112,mixed_balanced,6,2,1,1,2,5,5,0.5,3,32.37,0.99,4.63,0.65,9.22,4.22,7.11,recommend_3arm,robust_score = mean(S_lambda) - gamma * std(S_lambda)
2112,mixed_balanced,6,2,1,1,2,5,5,1,3,32.37,0.99,4.63,0.65,9.22,4.22,5.0,recommend_3arm,robust_score = mean(S_lambda) - gamma * std(S_lambda)
2112,mixed_balanced,6,2,1,1,2,5,5,1.5,3,32.37,0.99,4.63,0.65,9.22,4.22,2.89,recommend_3arm,robust_score = mean(S_lambda) - gamma * std(S_lambda)
2112,mixed_balanced,6,2,1,1,2,5,5,2,3,32.37,0.99,4.63,0.65,9.22,4.22,0.78,recommend_3arm,robust_score = mean(S_lambda) - gamma * std(S_lambda)
2112,mixed_balanced,6,2,1,1,2,6,6,0,3,32.37,0.99,4.63,0.65,4.59,4.86,4.59,recommend_3arm,robust_score = mean(S_lambda) - gamma * std(S_lambda)
2112,mixed_balanced,6,2,1,1,2,6,6,0.5,3,32.37,0.99,4.63,0.65,4.59,4.86,2.16,recommend_3arm,robust_score = mean(S_lambda) - gamma * std(S_lambda)
2112,mixed_balanced,6,2,1,1,2,6,6,1,3,32.37,0.99,4.63,0.65,4.59,4.86,-0.28,recommend_2arm,robust_score = mean(S_lambda) - gamma * std(S_lambda)
2112,mixed_balanced,6,2,1,1,2,6,6,1.5,3,32.37,0.99,4.63,0.65,4.59,4.86,-2.71,recommend_2arm,robust_score = mean(S_lambda) - gamma * std(S_lambda)
2112,mixed_balanced,6,2,1,1,2,6,6,2,3,32.37,0.99,4.63,0.65,4.59,4.86,-5.14,recommend_2arm,robust_score = mean(S_lambda) - gamma * std(S_lambda)
2112,mixed_balanced,6,2,1,1,2,8,8,0,3,32.37,0.99,4.63,0.65,-4.67,6.15,-4.67,recommend_2arm,robust_score = mean(S_lambda) - gamma * std(S_lambda)
2112,mixed_balanced,6,2,1,1,2,8,8,0.5,3,32.37,0.99,4.63,0.65,-4.67,6.15,-7.75,recommend_2arm,robust_score = mean(S_lambda) - gamma * std(S_lambda)
2112,mixed_balanced,6,2,1,1,2,8,8,1,3,32.37,0.99,4.63,0.65,-4.67,6.15,-10.83,recommend_2arm,robust_score = mean(S_lambda) - gamma * std(S_lambda)
2112,mixed_balanced,6,2,1,1,2,8,8,1.5,3,32.37,0.99,4.63,0.65,-4.67,6.15,-13.91,recommend_2arm,robust_score = mean(S_lambda) - gamma * std(S_lambda)
2112,mixed_balanced,6,2,1,1,2,8,8,2,3,32.37,0.99,4.63,0.65,-4.67,6.15,-16.98,recommend_2arm,robust_score = mean(S_lambda) - gamma * std(S_lambda)
2112,mixed_balanced,6,2,1,1,2,10,10,0,3,32.37,0.99,4.63,0.65,-13.94,7.45,-13.94,recommend_2arm,robust_score = mean(S_lambda) - gamma * std(S_lambda)
2112,mixed_balanced,6,2,1,1,2,10,10,0.5,3,32.37,0.99,4.63,0.65,-13.94,7.45,-17.66,recommend_2arm,robust_score = mean(S_lambda) - gamma * std(S_lambda)
2112,mixed_balanced,6,2,1,1,2,10,10,1,3,32.37,0.99,4.63,0.65,-13.94,7.45,-21.38,recommend_2arm,robust_score = mean(S_lambda) - gamma * std(S_lambda)
2112,mixed_balanced,6,2,1,1,2,10,10,1.5,3,32.37,0.99,4.63,0.65,-13.94,7.45,-25.11,recommend_2arm,robust_score = mean(S_lambda) - gamma * std(S_lambda)
2112,mixed_balanced,6,2,1,1,2,10,10,2,3,32.37,0.99,4.63,0.65,-13.94,7.45,-28.83,recommend_2arm,robust_score = mean(S_lambda) - gamma * std(S_lambda)
2112,mixed_balanced,6,2,1,1,2,15,15,0,3,32.37,0.99,4.63,0.65,-37.09,10.68,-37.09,recommend_2arm,robust_score = mean(S_lambda) - gamma * std(S_lambda)
2112,mixed_balanced,6,2,1,1,2,15,15,0.5,3,32.37,0.99,4.63,0.65,-37.09,10.68,-42.43,recommend_2arm,robust_score = mean(S_lambda) - gamma * std(S_lambda)
2112,mixed_balanced,6,2,1,1,2,15,15,1,3,32.37,0.99,4.63,0.65,-37.09,10.68,-47.77,recommend_2arm,robust_score = mean(S_lambda) - gamma * std(S_lambda)
2112,mixed_balanced,6,2,1,1,2,15,15,1.5,3,32.37,0.99,4.63,0.65,-37.09,10.68,-53.1,recommend_2arm,robust_score = mean(S_lambda) - gamma * std(S_lambda)
2112,mixed_balanced,6,2,1,1,2,15,15,2,3,32.37,0.99,4.63,0.65,-37.09,10.68,-58.44,recommend_2arm,robust_score = mean(S_lambda) - gamma * std(S_lambda)
2121,mixed_balanced,6,2,1,2,1,0.5,0_5,0,3,32.19,1.5,4.63,0.34,29.87,1.47,29.87,recommend_3arm,robust_score = mean(S_lambda) - gamma * std(S_lambda)
2121,mixed_balanced,6,2,1,2,1,0.5,0_5,0.5,3,32.19,1.5,4.63,0.34,29.87,1.47,29.14,recommend_3arm,robust_score = mean(S_lambda) - gamma * std(S_lambda)
2121,mixed_balanced,6,2,1,2,1,0.5,0_5,1,3,32.19,1.5,4.63,0.34,29.87,1.47,28.41,recommend_3arm,robust_score = mean(S_lambda) - gamma * std(S_lambda)
2121,mixed_balanced,6,2,1,2,1,0.5,0_5,1.5,3,32.19,1.5,4.63,0.34,29.87,1.47,27.67,recommend_3arm,robust_score = mean(S_lambda) - gamma * std(S_lambda)
2121,mixed_balanced,6,2,1,2,1,0.5,0_5,2,3,32.19,1.5,4.63,0.34,29.87,1.47,26.94,recommend_3arm,robust_score = mean(S_lambda) - gamma * std(S_lambda)
2121,mixed_balanced,6,2,1,2,1,1,1,0,3,32.19,1.5,4.63,0.34,27.56,1.45,27.56,recommend_3arm,robust_score = mean(S_lambda) - gamma * std(S_lambda)
2121,mixed_balanced,6,2,1,2,1,1,1,0.5,3,32.19,1.5,4.63,0.34,27.56,1.45,26.83,recommend_3arm,robust_score = mean(S_lambda) - gamma * std(S_lambda)
2121,mixed_balanced,6,2,1,2,1,1,1,1,3,32.19,1.5,4.63,0.34,27.56,1.45,26.1,recommend_3arm,robust_score = mean(S_lambda) - gamma * std(S_lambda)
2121,mixed_balanced,6,2,1,2,1,1,1,1.5,3,32.19,1.5,4.63,0.34,27.56,1.45,25.38,recommend_3arm,robust_score = mean(S_lambda) - gamma * std(S_lambda)
2121,mixed_balanced,6,2,1,2,1,1,1,2,3,32.19,1.5,4.63,0.34,27.56,1.45,24.65,recommend_3arm,robust_score = mean(S_lambda) - gamma * std(S_lambda)
2121,mixed_balanced,6,2,1,2,1,2,2,0,3,32.19,1.5,4.63,0.34,22.93,1.48,22.93,recommend_3arm,robust_score = mean(S_lambda) - gamma * std(S_lambda)
2121,mixed_balanced,6,2,1,2,1,2,2,0.5,3,32.19,1.5,4.63,0.34,22.93,1.48,22.19,recommend_3arm,robust_score = mean(S_lambda) - gamma * std(S_lambda)
2121,mixed_balanced,6,2,1,2,1,2,2,1,3,32.19,1.5,4.63,0.34,22.93,1.48,21.44,recommend_3arm,robust_score = mean(S_lambda) - gamma * std(S_lambda)
2121,mixed_balanced,6,2,1,2,1,2,2,1.5,3,32.19,1.5,4.63,0.34,22.93,1.48,20.7,recommend_3arm,robust_score = mean(S_lambda) - gamma * std(S_lambda)
2121,mixed_balanced,6,2,1,2,1,2,2,2,3,32.19,1.5,4.63,0.34,22.93,1.48,19.96,recommend_3arm,robust_score = mean(S_lambda) - gamma * std(S_lambda)
2121,mixed_balanced,6,2,1,2,1,3,3,0,3,32.19,1.5,4.63,0.34,18.3,1.59,18.3,recommend_3arm,robust_score = mean(S_lambda) - gamma * std(S_lambda)
2121,mixed_balanced,6,2,1,2,1,3,3,0.5,3,32.19,1.5,4.63,0.34,18.3,1.59,17.5,recommend_3arm,robust_score = mean(S_lambda) - gamma * std(S_lambda)
2121,mixed_balanced,6,2,1,2,1,3,3,1,3,32.19,1.5,4.63,0.34,18.3,1.59,16.71,recommend_3arm,robust_score = mean(S_lambda) - gamma * std(S_lambda)
2121,mixed_balanced,6,2,1,2,1,3,3,1.5,3,32.19,1.5,4.63,0.34,18.3,1.59,15.92,recommend_3arm,robust_score = mean(S_lambda) - gamma * std(S_lambda)
2121,mixed_balanced,6,2,1,2,1,3,3,2,3,32.19,1.5,4.63,0.34,18.3,1.59,15.12,recommend_3arm,robust_score = mean(S_lambda) - gamma * std(S_lambda)
2121,mixed_balanced,6,2,1,2,1,4,4,0,3,32.19,1.5,4.63,0.34,13.66,1.75,13.66,recommend_3arm,robust_score = mean(S_lambda) - gamma * std(S_lambda)
2121,mixed_balanced,6,2,1,2,1,4,4,0.5,3,32.19,1.5,4.63,0.34,13.66,1.75,12.79,recommend_3arm,robust_score = mean(S_lambda) - gamma * std(S_lambda)
2121,mixed_balanced,6,2,1,2,1,4,4,1,3,32.19,1.5,4.63,0.34,13.66,1.75,11.92,recommend_3arm,robust_score = mean(S_lambda) - gamma * std(S_lambda)
2121,mixed_balanced,6,2,1,2,1,4,4,1.5,3,32.19,1.5,4.63,0.34,13.66,1.75,11.04,recommend_3arm,robust_score = mean(S_lambda) - gamma * std(S_lambda)
2121,mixed_balanced,6,2,1,2,1,4,4,2,3,32.19,1.5,4.63,0.34,13.66,1.75,10.17,recommend_3arm,robust_score = mean(S_lambda) - gamma * std(S_lambda)
2121,mixed_balanced,6,2,1,2,1,5,5,0,3,32.19,1.5,4.63,0.34,9.03,1.96,9.03,recommend_3arm,robust_score = mean(S_lambda) - gamma * std(S_lambda)
2121,mixed_balanced,6,2,1,2,1,5,5,0.5,3,32.19,1.5,4.63,0.34,9.03,1.96,8.05,recommend_3arm,robust_score = mean(S_lambda) - gamma * std(S_lambda)
2121,mixed_balanced,6,2,1,2,1,5,5,1,3,32.19,1.5,4.63,0.34,9.03,1.96,7.07,recommend_3arm,robust_score = mean(S_lambda) - gamma * std(S_lambda)
2121,mixed_balanced,6,2,1,2,1,5,5,1.5,3,32.19,1.5,4.63,0.34,9.03,1.96,6.09,recommend_3arm,robust_score = mean(S_lambda) - gamma * std(S_lambda)
2121,mixed_balanced,6,2,1,2,1,5,5,2,3,32.19,1.5,4.63,0.34,9.03,1.96,5.11,recommend_3arm,robust_score = mean(S_lambda) - gamma * std(S_lambda)
2121,mixed_balanced,6,2,1,2,1,6,6,0,3,32.19,1.5,4.63,0.34,4.4,2.2,4.4,recommend_3arm,robust_score = mean(S_lambda) - gamma * std(S_lambda)
2121,mixed_balanced,6,2,1,2,1,6,6,0.5,3,32.19,1.5,4.63,0.34,4.4,2.2,3.3,recommend_3arm,robust_score = mean(S_lambda) - gamma * std(S_lambda)
2121,mixed_balanced,6,2,1,2,1,6,6,1,3,32.19,1.5,4.63,0.34,4.4,2.2,2.2,recommend_3arm,robust_score = mean(S_lambda) - gamma * std(S_lambda)
2121,mixed_balanced,6,2,1,2,1,6,6,1.5,3,32.19,1.5,4.63,0.34,4.4,2.2,1.1,recommend_3arm,robust_score = mean(S_lambda) - gamma * std(S_lambda)
2121,mixed_balanced,6,2,1,2,1,6,6,2,3,32.19,1.5,4.63,0.34,4.4,2.2,-0.0,recommend_2arm,robust_score = mean(S_lambda) - gamma * std(S_lambda)
2121,mixed_balanced,6,2,1,2,1,8,8,0,3,32.19,1.5,4.63,0.34,-4.86,2.75,-4.86,recommend_2arm,robust_score = mean(S_lambda) - gamma * std(S_lambda)
2121,mixed_balanced,6,2,1,2,1,8,8,0.5,3,32.19,1.5,4.63,0.34,-4.86,2.75,-6.23,recommend_2arm,robust_score = mean(S_lambda) - gamma * std(S_lambda)
2121,mixed_balanced,6,2,1,2,1,8,8,1,3,32.19,1.5,4.63,0.34,-4.86,2.75,-7.61,recommend_2arm,robust_score = mean(S_lambda) - gamma * std(S_lambda)
2121,mixed_balanced,6,2,1,2,1,8,8,1.5,3,32.19,1.5,4.63,0.34,-4.86,2.75,-8.98,recommend_2arm,robust_score = mean(S_lambda) - gamma * std(S_lambda)
2121,mixed_balanced,6,2,1,2,1,8,8,2,3,32.19,1.5,4.63,0.34,-4.86,2.75,-10.36,recommend_2arm,robust_score = mean(S_lambda) - gamma * std(S_lambda)
2121,mixed_balanced,6,2,1,2,1,10,10,0,3,32.19,1.5,4.63,0.34,-14.12,3.34,-14.12,recommend_2arm,robust_score = mean(S_lambda) - gamma * std(S_lambda)
2121,mixed_balanced,6,2,1,2,1,10,10,0.5,3,32.19,1.5,4.63,0.34,-14.12,3.34,-15.79,recommend_2arm,robust_score = mean(S_lambda) - gamma * std(S_lambda)
2121,mixed_balanced,6,2,1,2,1,10,10,1,3,32.19,1.5,4.63,0.34,-14.12,3.34,-17.46,recommend_2arm,robust_score = mean(S_lambda) - gamma * std(S_lambda)
2121,mixed_balanced,6,2,1,2,1,10,10,1.5,3,32.19,1.5,4.63,0.34,-14.12,3.34,-19.14,recommend_2arm,robust_score = mean(S_lambda) - gamma * std(S_lambda)
2121,mixed_balanced,6,2,1,2,1,10,10,2,3,32.19,1.5,4.63,0.34,-14.12,3.34,-20.81,recommend_2arm,robust_score = mean(S_lambda) - gamma * std(S_lambda)
2121,mixed_balanced,6,2,1,2,1,15,15,0,3,32.19,1.5,4.63,0.34,-37.27,4.93,-37.27,recommend_2arm,robust_score = mean(S_lambda) - gamma * std(S_lambda)
2121,mixed_balanced,6,2,1,2,1,15,15,0.5,3,32.19,1.5,4.63,0.34,-37.27,4.93,-39.74,recommend_2arm,robust_score = mean(S_lambda) - gamma * std(S_lambda)
2121,mixed_balanced,6,2,1,2,1,15,15,1,3,32.19,1.5,4.63,0.34,-37.27,4.93,-42.2,recommend_2arm,robust_score = mean(S_lambda) - gamma * std(S_lambda)
2121,mixed_balanced,6,2,1,2,1,15,15,1.5,3,32.19,1.5,4.63,0.34,-37.27,4.93,-44.66,recommend_2arm,robust_score = mean(S_lambda) - gamma * std(S_lambda)
2121,mixed_balanced,6,2,1,2,1,15,15,2,3,32.19,1.5,4.63,0.34,-37.27,4.93,-47.13,recommend_2arm,robust_score = mean(S_lambda) - gamma * std(S_lambda)
2122,dual_arm_dominant,7,2,1,2,2,0.5,0_5,0,3,25.48,1.56,4.08,0.5,23.44,1.75,23.44,recommend_3arm,robust_score = mean(S_lambda) - gamma * std(S_lambda)
2122,dual_arm_dominant,7,2,1,2,2,0.5,0_5,0.5,3,25.48,1.56,4.08,0.5,23.44,1.75,22.56,recommend_3arm,robust_score = mean(S_lambda) - gamma * std(S_lambda)
2122,dual_arm_dominant,7,2,1,2,2,0.5,0_5,1,3,25.48,1.56,4.08,0.5,23.44,1.75,21.69,recommend_3arm,robust_score = mean(S_lambda) - gamma * std(S_lambda)
2122,dual_arm_dominant,7,2,1,2,2,0.5,0_5,1.5,3,25.48,1.56,4.08,0.5,23.44,1.75,20.81,recommend_3arm,robust_score = mean(S_lambda) - gamma * std(S_lambda)
2122,dual_arm_dominant,7,2,1,2,2,0.5,0_5,2,3,25.48,1.56,4.08,0.5,23.44,1.75,19.93,recommend_3arm,robust_score = mean(S_lambda) - gamma * std(S_lambda)
2122,dual_arm_dominant,7,2,1,2,2,1,1,0,3,25.48,1.56,4.08,0.5,21.4,1.96,21.4,recommend_3arm,robust_score = mean(S_lambda) - gamma * std(S_lambda)
2122,dual_arm_dominant,7,2,1,2,2,1,1,0.5,3,25.48,1.56,4.08,0.5,21.4,1.96,20.42,recommend_3arm,robust_score = mean(S_lambda) - gamma * std(S_lambda)
2122,dual_arm_dominant,7,2,1,2,2,1,1,1,3,25.48,1.56,4.08,0.5,21.4,1.96,19.44,recommend_3arm,robust_score = mean(S_lambda) - gamma * std(S_lambda)
2122,dual_arm_dominant,7,2,1,2,2,1,1,1.5,3,25.48,1.56,4.08,0.5,21.4,1.96,18.46,recommend_3arm,robust_score = mean(S_lambda) - gamma * std(S_lambda)
2122,dual_arm_dominant,7,2,1,2,2,1,1,2,3,25.48,1.56,4.08,0.5,21.4,1.96,17.48,recommend_3arm,robust_score = mean(S_lambda) - gamma * std(S_lambda)
2122,dual_arm_dominant,7,2,1,2,2,2,2,0,3,25.48,1.56,4.08,0.5,17.32,2.39,17.32,recommend_3arm,robust_score = mean(S_lambda) - gamma * std(S_lambda)
2122,dual_arm_dominant,7,2,1,2,2,2,2,0.5,3,25.48,1.56,4.08,0.5,17.32,2.39,16.12,recommend_3arm,robust_score = mean(S_lambda) - gamma * std(S_lambda)
2122,dual_arm_dominant,7,2,1,2,2,2,2,1,3,25.48,1.56,4.08,0.5,17.32,2.39,14.92,recommend_3arm,robust_score = mean(S_lambda) - gamma * std(S_lambda)
2122,dual_arm_dominant,7,2,1,2,2,2,2,1.5,3,25.48,1.56,4.08,0.5,17.32,2.39,13.73,recommend_3arm,robust_score = mean(S_lambda) - gamma * std(S_lambda)
2122,dual_arm_dominant,7,2,1,2,2,2,2,2,3,25.48,1.56,4.08,0.5,17.32,2.39,12.53,recommend_3arm,robust_score = mean(S_lambda) - gamma * std(S_lambda)
2122,dual_arm_dominant,7,2,1,2,2,3,3,0,3,25.48,1.56,4.08,0.5,13.23,2.85,13.23,recommend_3arm,robust_score = mean(S_lambda) - gamma * std(S_lambda)
2122,dual_arm_dominant,7,2,1,2,2,3,3,0.5,3,25.48,1.56,4.08,0.5,13.23,2.85,11.81,recommend_3arm,robust_score = mean(S_lambda) - gamma * std(S_lambda)
2122,dual_arm_dominant,7,2,1,2,2,3,3,1,3,25.48,1.56,4.08,0.5,13.23,2.85,10.39,recommend_3arm,robust_score = mean(S_lambda) - gamma * std(S_lambda)
2122,dual_arm_dominant,7,2,1,2,2,3,3,1.5,3,25.48,1.56,4.08,0.5,13.23,2.85,8.97,recommend_3arm,robust_score = mean(S_lambda) - gamma * std(S_lambda)
2122,dual_arm_dominant,7,2,1,2,2,3,3,2,3,25.48,1.56,4.08,0.5,13.23,2.85,7.54,recommend_3arm,robust_score = mean(S_lambda) - gamma * std(S_lambda)
2122,dual_arm_dominant,7,2,1,2,2,4,4,0,3,25.48,1.56,4.08,0.5,9.15,3.31,9.15,recommend_3arm,robust_score = mean(S_lambda) - gamma * std(S_lambda)
2122,dual_arm_dominant,7,2,1,2,2,4,4,0.5,3,25.48,1.56,4.08,0.5,9.15,3.31,7.5,recommend_3arm,robust_score = mean(S_lambda) - gamma * std(S_lambda)
2122,dual_arm_dominant,7,2,1,2,2,4,4,1,3,25.48,1.56,4.08,0.5,9.15,3.31,5.84,recommend_3arm,robust_score = mean(S_lambda) - gamma * std(S_lambda)
2122,dual_arm_dominant,7,2,1,2,2,4,4,1.5,3,25.48,1.56,4.08,0.5,9.15,3.31,4.18,recommend_3arm,robust_score = mean(S_lambda) - gamma * std(S_lambda)
2122,dual_arm_dominant,7,2,1,2,2,4,4,2,3,25.48,1.56,4.08,0.5,9.15,3.31,2.53,recommend_3arm,robust_score = mean(S_lambda) - gamma * std(S_lambda)
2122,dual_arm_dominant,7,2,1,2,2,5,5,0,3,25.48,1.56,4.08,0.5,5.07,3.79,5.07,recommend_3arm,robust_score = mean(S_lambda) - gamma * std(S_lambda)
2122,dual_arm_dominant,7,2,1,2,2,5,5,0.5,3,25.48,1.56,4.08,0.5,5.07,3.79,3.18,recommend_3arm,robust_score = mean(S_lambda) - gamma * std(S_lambda)
2122,dual_arm_dominant,7,2,1,2,2,5,5,1,3,25.48,1.56,4.08,0.5,5.07,3.79,1.28,recommend_3arm,robust_score = mean(S_lambda) - gamma * std(S_lambda)
2122,dual_arm_dominant,7,2,1,2,2,5,5,1.5,3,25.48,1.56,4.08,0.5,5.07,3.79,-0.61,recommend_2arm,robust_score = mean(S_lambda) - gamma * std(S_lambda)
2122,dual_arm_dominant,7,2,1,2,2,5,5,2,3,25.48,1.56,4.08,0.5,5.07,3.79,-2.5,recommend_2arm,robust_score = mean(S_lambda) - gamma * std(S_lambda)
2122,dual_arm_dominant,7,2,1,2,2,6,6,0,3,25.48,1.56,4.08,0.5,0.99,4.27,0.99,recommend_3arm,robust_score = mean(S_lambda) - gamma * std(S_lambda)
2122,dual_arm_dominant,7,2,1,2,2,6,6,0.5,3,25.48,1.56,4.08,0.5,0.99,4.27,-1.14,recommend_2arm,robust_score = mean(S_lambda) - gamma * std(S_lambda)
2122,dual_arm_dominant,7,2,1,2,2,6,6,1,3,25.48,1.56,4.08,0.5,0.99,4.27,-3.28,recommend_2arm,robust_score = mean(S_lambda) - gamma * std(S_lambda)
2122,dual_arm_dominant,7,2,1,2,2,6,6,1.5,3,25.48,1.56,4.08,0.5,0.99,4.27,-5.41,recommend_2arm,robust_score = mean(S_lambda) - gamma * std(S_lambda)
2122,dual_arm_dominant,7,2,1,2,2,6,6,2,3,25.48,1.56,4.08,0.5,0.99,4.27,-7.54,recommend_2arm,robust_score = mean(S_lambda) - gamma * std(S_lambda)
2122,dual_arm_dominant,7,2,1,2,2,8,8,0,3,25.48,1.56,4.08,0.5,-7.17,5.23,-7.17,recommend_2arm,robust_score = mean(S_lambda) - gamma * std(S_lambda)
2122,dual_arm_dominant,7,2,1,2,2,8,8,0.5,3,25.48,1.56,4.08,0.5,-7.17,5.23,-9.79,recommend_2arm,robust_score = mean(S_lambda) - gamma * std(S_lambda)
2122,dual_arm_dominant,7,2,1,2,2,8,8,1,3,25.48,1.56,4.08,0.5,-7.17,5.23,-12.41,recommend_2arm,robust_score = mean(S_lambda) - gamma * std(S_lambda)
2122,dual_arm_dominant,7,2,1,2,2,8,8,1.5,3,25.48,1.56,4.08,0.5,-7.17,5.23,-15.02,recommend_2arm,robust_score = mean(S_lambda) - gamma * std(S_lambda)
2122,dual_arm_dominant,7,2,1,2,2,8,8,2,3,25.48,1.56,4.08,0.5,-7.17,5.23,-17.64,recommend_2arm,robust_score = mean(S_lambda) - gamma * std(S_lambda)
2122,dual_arm_dominant,7,2,1,2,2,10,10,0,3,25.48,1.56,4.08,0.5,-15.34,6.21,-15.34,recommend_2arm,robust_score = mean(S_lambda) - gamma * std(S_lambda)
2122,dual_arm_dominant,7,2,1,2,2,10,10,0.5,3,25.48,1.56,4.08,0.5,-15.34,6.21,-18.44,recommend_2arm,robust_score = mean(S_lambda) - gamma * std(S_lambda)
2122,dual_arm_dominant,7,2,1,2,2,10,10,1,3,25.48,1.56,4.08,0.5,-15.34,6.21,-21.55,recommend_2arm,robust_score = mean(S_lambda) - gamma * std(S_lambda)
2122,dual_arm_dominant,7,2,1,2,2,10,10,1.5,3,25.48,1.56,4.08,0.5,-15.34,6.21,-24.65,recommend_2arm,robust_score = mean(S_lambda) - gamma * std(S_lambda)
2122,dual_arm_dominant,7,2,1,2,2,10,10,2,3,25.48,1.56,4.08,0.5,-15.34,6.21,-27.75,recommend_2arm,robust_score = mean(S_lambda) - gamma * std(S_lambda)
2122,dual_arm_dominant,7,2,1,2,2,15,15,0,3,25.48,1.56,4.08,0.5,-35.75,8.66,-35.75,recommend_2arm,robust_score = mean(S_lambda) - gamma * std(S_lambda)
2122,dual_arm_dominant,7,2,1,2,2,15,15,0.5,3,25.48,1.56,4.08,0.5,-35.75,8.66,-40.08,recommend_2arm,robust_score = mean(S_lambda) - gamma * std(S_lambda)
2122,dual_arm_dominant,7,2,1,2,2,15,15,1,3,25.48,1.56,4.08,0.5,-35.75,8.66,-44.41,recommend_2arm,robust_score = mean(S_lambda) - gamma * std(S_lambda)
2122,dual_arm_dominant,7,2,1,2,2,15,15,1.5,3,25.48,1.56,4.08,0.5,-35.75,8.66,-48.74,recommend_2arm,robust_score = mean(S_lambda) - gamma * std(S_lambda)
2122,dual_arm_dominant,7,2,1,2,2,15,15,2,3,25.48,1.56,4.08,0.5,-35.75,8.66,-53.07,recommend_2arm,robust_score = mean(S_lambda) - gamma * std(S_lambda)
2211,single_arm_dominant,6,2,2,1,1,0.5,0_5,0,3,27.5,1.66,4.94,0.11,25.03,1.62,25.03,recommend_3arm,robust_score = mean(S_lambda) - gamma * std(S_lambda)
2211,single_arm_dominant,6,2,2,1,1,0.5,0_5,0.5,3,27.5,1.66,4.94,0.11,25.03,1.62,24.22,recommend_3arm,robust_score = mean(S_lambda) - gamma * std(S_lambda)
2211,single_arm_dominant,6,2,2,1,1,0.5,0_5,1,3,27.5,1.66,4.94,0.11,25.03,1.62,23.41,recommend_3arm,robust_score = mean(S_lambda) - gamma * std(S_lambda)
2211,single_arm_dominant,6,2,2,1,1,0.5,0_5,1.5,3,27.5,1.66,4.94,0.11,25.03,1.62,22.6,recommend_3arm,robust_score = mean(S_lambda) - gamma * std(S_lambda)
2211,single_arm_dominant,6,2,2,1,1,0.5,0_5,2,3,27.5,1.66,4.94,0.11,25.03,1.62,21.79,recommend_3arm,robust_score = mean(S_lambda) - gamma * std(S_lambda)
2211,single_arm_dominant,6,2,2,1,1,1,1,0,3,27.5,1.66,4.94,0.11,22.56,1.58,22.56,recommend_3arm,robust_score = mean(S_lambda) - gamma * std(S_lambda)
2211,single_arm_dominant,6,2,2,1,1,1,1,0.5,3,27.5,1.66,4.94,0.11,22.56,1.58,21.77,recommend_3arm,robust_score = mean(S_lambda) - gamma * std(S_lambda)
2211,single_arm_dominant,6,2,2,1,1,1,1,1,3,27.5,1.66,4.94,0.11,22.56,1.58,20.98,recommend_3arm,robust_score = mean(S_lambda) - gamma * std(S_lambda)
2211,single_arm_dominant,6,2,2,1,1,1,1,1.5,3,27.5,1.66,4.94,0.11,22.56,1.58,20.19,recommend_3arm,robust_score = mean(S_lambda) - gamma * std(S_lambda)
2211,single_arm_dominant,6,2,2,1,1,1,1,2,3,27.5,1.66,4.94,0.11,22.56,1.58,19.4,recommend_3arm,robust_score = mean(S_lambda) - gamma * std(S_lambda)
2211,single_arm_dominant,6,2,2,1,1,2,2,0,3,27.5,1.66,4.94,0.11,17.62,1.5,17.62,recommend_3arm,robust_score = mean(S_lambda) - gamma * std(S_lambda)
2211,single_arm_dominant,6,2,2,1,1,2,2,0.5,3,27.5,1.66,4.94,0.11,17.62,1.5,16.87,recommend_3arm,robust_score = mean(S_lambda) - gamma * std(S_lambda)
2211,single_arm_dominant,6,2,2,1,1,2,2,1,3,27.5,1.66,4.94,0.11,17.62,1.5,16.12,recommend_3arm,robust_score = mean(S_lambda) - gamma * std(S_lambda)
2211,single_arm_dominant,6,2,2,1,1,2,2,1.5,3,27.5,1.66,4.94,0.11,17.62,1.5,15.37,recommend_3arm,robust_score = mean(S_lambda) - gamma * std(S_lambda)
2211,single_arm_dominant,6,2,2,1,1,2,2,2,3,27.5,1.66,4.94,0.11,17.62,1.5,14.62,recommend_3arm,robust_score = mean(S_lambda) - gamma * std(S_lambda)
2211,single_arm_dominant,6,2,2,1,1,3,3,0,3,27.5,1.66,4.94,0.11,12.68,1.43,12.68,recommend_3arm,robust_score = mean(S_lambda) - gamma * std(S_lambda)
2211,single_arm_dominant,6,2,2,1,1,3,3,0.5,3,27.5,1.66,4.94,0.11,12.68,1.43,11.96,recommend_3arm,robust_score = mean(S_lambda) - gamma * std(S_lambda)
2211,single_arm_dominant,6,2,2,1,1,3,3,1,3,27.5,1.66,4.94,0.11,12.68,1.43,11.25,recommend_3arm,robust_score = mean(S_lambda) - gamma * std(S_lambda)
2211,single_arm_dominant,6,2,2,1,1,3,3,1.5,3,27.5,1.66,4.94,0.11,12.68,1.43,10.53,recommend_3arm,robust_score = mean(S_lambda) - gamma * std(S_lambda)
2211,single_arm_dominant,6,2,2,1,1,3,3,2,3,27.5,1.66,4.94,0.11,12.68,1.43,9.82,recommend_3arm,robust_score = mean(S_lambda) - gamma * std(S_lambda)
2211,single_arm_dominant,6,2,2,1,1,4,4,0,3,27.5,1.66,4.94,0.11,7.73,1.36,7.73,recommend_3arm,robust_score = mean(S_lambda) - gamma * std(S_lambda)
2211,single_arm_dominant,6,2,2,1,1,4,4,0.5,3,27.5,1.66,4.94,0.11,7.73,1.36,7.05,recommend_3arm,robust_score = mean(S_lambda) - gamma * std(S_lambda)
2211,single_arm_dominant,6,2,2,1,1,4,4,1,3,27.5,1.66,4.94,0.11,7.73,1.36,6.37,recommend_3arm,robust_score = mean(S_lambda) - gamma * std(S_lambda)
2211,single_arm_dominant,6,2,2,1,1,4,4,1.5,3,27.5,1.66,4.94,0.11,7.73,1.36,5.69,recommend_3arm,robust_score = mean(S_lambda) - gamma * std(S_lambda)
2211,single_arm_dominant,6,2,2,1,1,4,4,2,3,27.5,1.66,4.94,0.11,7.73,1.36,5.01,recommend_3arm,robust_score = mean(S_lambda) - gamma * std(S_lambda)
2211,single_arm_dominant,6,2,2,1,1,5,5,0,3,27.5,1.66,4.94,0.11,2.79,1.3,2.79,recommend_3arm,robust_score = mean(S_lambda) - gamma * std(S_lambda)
2211,single_arm_dominant,6,2,2,1,1,5,5,0.5,3,27.5,1.66,4.94,0.11,2.79,1.3,2.14,recommend_3arm,robust_score = mean(S_lambda) - gamma * std(S_lambda)
2211,single_arm_dominant,6,2,2,1,1,5,5,1,3,27.5,1.66,4.94,0.11,2.79,1.3,1.49,recommend_3arm,robust_score = mean(S_lambda) - gamma * std(S_lambda)
2211,single_arm_dominant,6,2,2,1,1,5,5,1.5,3,27.5,1.66,4.94,0.11,2.79,1.3,0.84,recommend_3arm,robust_score = mean(S_lambda) - gamma * std(S_lambda)
2211,single_arm_dominant,6,2,2,1,1,5,5,2,3,27.5,1.66,4.94,0.11,2.79,1.3,0.19,recommend_3arm,robust_score = mean(S_lambda) - gamma * std(S_lambda)
2211,single_arm_dominant,6,2,2,1,1,6,6,0,3,27.5,1.66,4.94,0.11,-2.15,1.25,-2.15,recommend_2arm,robust_score = mean(S_lambda) - gamma * std(S_lambda)
2211,single_arm_dominant,6,2,2,1,1,6,6,0.5,3,27.5,1.66,4.94,0.11,-2.15,1.25,-2.77,recommend_2arm,robust_score = mean(S_lambda) - gamma * std(S_lambda)
2211,single_arm_dominant,6,2,2,1,1,6,6,1,3,27.5,1.66,4.94,0.11,-2.15,1.25,-3.4,recommend_2arm,robust_score = mean(S_lambda) - gamma * std(S_lambda)
2211,single_arm_dominant,6,2,2,1,1,6,6,1.5,3,27.5,1.66,4.94,0.11,-2.15,1.25,-4.02,recommend_2arm,robust_score = mean(S_lambda) - gamma * std(S_lambda)
2211,single_arm_dominant,6,2,2,1,1,6,6,2,3,27.5,1.66,4.94,0.11,-2.15,1.25,-4.65,recommend_2arm,robust_score = mean(S_lambda) - gamma * std(S_lambda)
2211,single_arm_dominant,6,2,2,1,1,8,8,0,3,27.5,1.66,4.94,0.11,-12.03,1.18,-12.03,recommend_2arm,robust_score = mean(S_lambda) - gamma * std(S_lambda)
2211,single_arm_dominant,6,2,2,1,1,8,8,0.5,3,27.5,1.66,4.94,0.11,-12.03,1.18,-12.62,recommend_2arm,robust_score = mean(S_lambda) - gamma * std(S_lambda)
2211,single_arm_dominant,6,2,2,1,1,8,8,1,3,27.5,1.66,4.94,0.11,-12.03,1.18,-13.2,recommend_2arm,robust_score = mean(S_lambda) - gamma * std(S_lambda)
2211,single_arm_dominant,6,2,2,1,1,8,8,1.5,3,27.5,1.66,4.94,0.11,-12.03,1.18,-13.79,recommend_2arm,robust_score = mean(S_lambda) - gamma * std(S_lambda)
2211,single_arm_dominant,6,2,2,1,1,8,8,2,3,27.5,1.66,4.94,0.11,-12.03,1.18,-14.38,recommend_2arm,robust_score = mean(S_lambda) - gamma * std(S_lambda)
2211,single_arm_dominant,6,2,2,1,1,10,10,0,3,27.5,1.66,4.94,0.11,-21.91,1.14,-21.91,recommend_2arm,robust_score = mean(S_lambda) - gamma * std(S_lambda)
2211,single_arm_dominant,6,2,2,1,1,10,10,0.5,3,27.5,1.66,4.94,0.11,-21.91,1.14,-22.48,recommend_2arm,robust_score = mean(S_lambda) - gamma * std(S_lambda)
2211,single_arm_dominant,6,2,2,1,1,10,10,1,3,27.5,1.66,4.94,0.11,-21.91,1.14,-23.05,recommend_2arm,robust_score = mean(S_lambda) - gamma * std(S_lambda)
2211,single_arm_dominant,6,2,2,1,1,10,10,1.5,3,27.5,1.66,4.94,0.11,-21.91,1.14,-23.62,recommend_2arm,robust_score = mean(S_lambda) - gamma * std(S_lambda)
2211,single_arm_dominant,6,2,2,1,1,10,10,2,3,27.5,1.66,4.94,0.11,-21.91,1.14,-24.19,recommend_2arm,robust_score = mean(S_lambda) - gamma * std(S_lambda)
2211,single_arm_dominant,6,2,2,1,1,15,15,0,3,27.5,1.66,4.94,0.11,-46.61,1.25,-46.61,recommend_2arm,robust_score = mean(S_lambda) - gamma * std(S_lambda)
2211,single_arm_dominant,6,2,2,1,1,15,15,0.5,3,27.5,1.66,4.94,0.11,-46.61,1.25,-47.24,recommend_2arm,robust_score = mean(S_lambda) - gamma * std(S_lambda)
2211,single_arm_dominant,6,2,2,1,1,15,15,1,3,27.5,1.66,4.94,0.11,-46.61,1.25,-47.87,recommend_2arm,robust_score = mean(S_lambda) - gamma * std(S_lambda)
2211,single_arm_dominant,6,2,2,1,1,15,15,1.5,3,27.5,1.66,4.94,0.11,-46.61,1.25,-48.49,recommend_2arm,robust_score = mean(S_lambda) - gamma * std(S_lambda)
2211,single_arm_dominant,6,2,2,1,1,15,15,2,3,27.5,1.66,4.94,0.11,-46.61,1.25,-49.12,recommend_2arm,robust_score = mean(S_lambda) - gamma * std(S_lambda)
2212,single_arm_dominant,7,2,2,1,2,0.5,0_5,0,3,31.99,0.49,4.36,0.34,29.82,0.41,29.82,recommend_3arm,robust_score = mean(S_lambda) - gamma * std(S_lambda)
2212,single_arm_dominant,7,2,2,1,2,0.5,0_5,0.5,3,31.99,0.49,4.36,0.34,29.82,0.41,29.61,recommend_3arm,robust_score = mean(S_lambda) - gamma * std(S_lambda)
2212,single_arm_dominant,7,2,2,1,2,0.5,0_5,1,3,31.99,0.49,4.36,0.34,29.82,0.41,29.4,recommend_3arm,robust_score = mean(S_lambda) - gamma * std(S_lambda)
2212,single_arm_dominant,7,2,2,1,2,0.5,0_5,1.5,3,31.99,0.49,4.36,0.34,29.82,0.41,29.2,recommend_3arm,robust_score = mean(S_lambda) - gamma * std(S_lambda)
2212,single_arm_dominant,7,2,2,1,2,0.5,0_5,2,3,31.99,0.49,4.36,0.34,29.82,0.41,28.99,recommend_3arm,robust_score = mean(S_lambda) - gamma * std(S_lambda)
2212,single_arm_dominant,7,2,2,1,2,1,1,0,3,31.99,0.49,4.36,0.34,27.64,0.4,27.64,recommend_3arm,robust_score = mean(S_lambda) - gamma * std(S_lambda)
2212,single_arm_dominant,7,2,2,1,2,1,1,0.5,3,31.99,0.49,4.36,0.34,27.64,0.4,27.44,recommend_3arm,robust_score = mean(S_lambda) - gamma * std(S_lambda)
2212,single_arm_dominant,7,2,2,1,2,1,1,1,3,31.99,0.49,4.36,0.34,27.64,0.4,27.24,recommend_3arm,robust_score = mean(S_lambda) - gamma * std(S_lambda)
2212,single_arm_dominant,7,2,2,1,2,1,1,1.5,3,31.99,0.49,4.36,0.34,27.64,0.4,27.04,recommend_3arm,robust_score = mean(S_lambda) - gamma * std(S_lambda)
2212,single_arm_dominant,7,2,2,1,2,1,1,2,3,31.99,0.49,4.36,0.34,27.64,0.4,26.84,recommend_3arm,robust_score = mean(S_lambda) - gamma * std(S_lambda)
2212,single_arm_dominant,7,2,2,1,2,2,2,0,3,31.99,0.49,4.36,0.34,23.28,0.56,23.28,recommend_3arm,robust_score = mean(S_lambda) - gamma * std(S_lambda)
2212,single_arm_dominant,7,2,2,1,2,2,2,0.5,3,31.99,0.49,4.36,0.34,23.28,0.56,23.0,recommend_3arm,robust_score = mean(S_lambda) - gamma * std(S_lambda)
2212,single_arm_dominant,7,2,2,1,2,2,2,1,3,31.99,0.49,4.36,0.34,23.28,0.56,22.72,recommend_3arm,robust_score = mean(S_lambda) - gamma * std(S_lambda)
2212,single_arm_dominant,7,2,2,1,2,2,2,1.5,3,31.99,0.49,4.36,0.34,23.28,0.56,22.45,recommend_3arm,robust_score = mean(S_lambda) - gamma * std(S_lambda)
2212,single_arm_dominant,7,2,2,1,2,2,2,2,3,31.99,0.49,4.36,0.34,23.28,0.56,22.17,recommend_3arm,robust_score = mean(S_lambda) - gamma * std(S_lambda)
2212,single_arm_dominant,7,2,2,1,2,3,3,0,3,31.99,0.49,4.36,0.34,18.92,0.83,18.92,recommend_3arm,robust_score = mean(S_lambda) - gamma * std(S_lambda)
2212,single_arm_dominant,7,2,2,1,2,3,3,0.5,3,31.99,0.49,4.36,0.34,18.92,0.83,18.51,recommend_3arm,robust_score = mean(S_lambda) - gamma * std(S_lambda)
2212,single_arm_dominant,7,2,2,1,2,3,3,1,3,31.99,0.49,4.36,0.34,18.92,0.83,18.09,recommend_3arm,robust_score = mean(S_lambda) - gamma * std(S_lambda)
2212,single_arm_dominant,7,2,2,1,2,3,3,1.5,3,31.99,0.49,4.36,0.34,18.92,0.83,17.67,recommend_3arm,robust_score = mean(S_lambda) - gamma * std(S_lambda)
2212,single_arm_dominant,7,2,2,1,2,3,3,2,3,31.99,0.49,4.36,0.34,18.92,0.83,17.26,recommend_3arm,robust_score = mean(S_lambda) - gamma * std(S_lambda)
2212,single_arm_dominant,7,2,2,1,2,4,4,0,3,31.99,0.49,4.36,0.34,14.56,1.14,14.56,recommend_3arm,robust_score = mean(S_lambda) - gamma * std(S_lambda)
2212,single_arm_dominant,7,2,2,1,2,4,4,0.5,3,31.99,0.49,4.36,0.34,14.56,1.14,13.99,recommend_3arm,robust_score = mean(S_lambda) - gamma * std(S_lambda)
2212,single_arm_dominant,7,2,2,1,2,4,4,1,3,31.99,0.49,4.36,0.34,14.56,1.14,13.42,recommend_3arm,robust_score = mean(S_lambda) - gamma * std(S_lambda)
2212,single_arm_dominant,7,2,2,1,2,4,4,1.5,3,31.99,0.49,4.36,0.34,14.56,1.14,12.85,recommend_3arm,robust_score = mean(S_lambda) - gamma * std(S_lambda)
2212,single_arm_dominant,7,2,2,1,2,4,4,2,3,31.99,0.49,4.36,0.34,14.56,1.14,12.28,recommend_3arm,robust_score = mean(S_lambda) - gamma * std(S_lambda)
2212,single_arm_dominant,7,2,2,1,2,5,5,0,3,31.99,0.49,4.36,0.34,10.21,1.47,10.21,recommend_3arm,robust_score = mean(S_lambda) - gamma * std(S_lambda)
2212,single_arm_dominant,7,2,2,1,2,5,5,0.5,3,31.99,0.49,4.36,0.34,10.21,1.47,9.47,recommend_3arm,robust_score = mean(S_lambda) - gamma * std(S_lambda)
2212,single_arm_dominant,7,2,2,1,2,5,5,1,3,31.99,0.49,4.36,0.34,10.21,1.47,8.74,recommend_3arm,robust_score = mean(S_lambda) - gamma * std(S_lambda)
2212,single_arm_dominant,7,2,2,1,2,5,5,1.5,3,31.99,0.49,4.36,0.34,10.21,1.47,8.0,recommend_3arm,robust_score = mean(S_lambda) - gamma * std(S_lambda)
2212,single_arm_dominant,7,2,2,1,2,5,5,2,3,31.99,0.49,4.36,0.34,10.21,1.47,7.27,recommend_3arm,robust_score = mean(S_lambda) - gamma * std(S_lambda)
2212,single_arm_dominant,7,2,2,1,2,6,6,0,3,31.99,0.49,4.36,0.34,5.85,1.8,5.85,recommend_3arm,robust_score = mean(S_lambda) - gamma * std(S_lambda)
2212,single_arm_dominant,7,2,2,1,2,6,6,0.5,3,31.99,0.49,4.36,0.34,5.85,1.8,4.95,recommend_3arm,robust_score = mean(S_lambda) - gamma * std(S_lambda)
2212,single_arm_dominant,7,2,2,1,2,6,6,1,3,31.99,0.49,4.36,0.34,5.85,1.8,4.05,recommend_3arm,robust_score = mean(S_lambda) - gamma * std(S_lambda)
2212,single_arm_dominant,7,2,2,1,2,6,6,1.5,3,31.99,0.49,4.36,0.34,5.85,1.8,3.15,recommend_3arm,robust_score = mean(S_lambda) - gamma * std(S_lambda)
2212,single_arm_dominant,7,2,2,1,2,6,6,2,3,31.99,0.49,4.36,0.34,5.85,1.8,2.25,recommend_3arm,robust_score = mean(S_lambda) - gamma * std(S_lambda)
2212,single_arm_dominant,7,2,2,1,2,8,8,0,3,31.99,0.49,4.36,0.34,-2.87,2.47,-2.87,recommend_2arm,robust_score = mean(S_lambda) - gamma * std(S_lambda)
2212,single_arm_dominant,7,2,2,1,2,8,8,0.5,3,31.99,0.49,4.36,0.34,-2.87,2.47,-4.1,recommend_2arm,robust_score = mean(S_lambda) - gamma * std(S_lambda)
2212,single_arm_dominant,7,2,2,1,2,8,8,1,3,31.99,0.49,4.36,0.34,-2.87,2.47,-5.34,recommend_2arm,robust_score = mean(S_lambda) - gamma * std(S_lambda)
2212,single_arm_dominant,7,2,2,1,2,8,8,1.5,3,31.99,0.49,4.36,0.34,-2.87,2.47,-6.57,recommend_2arm,robust_score = mean(S_lambda) - gamma * std(S_lambda)
2212,single_arm_dominant,7,2,2,1,2,8,8,2,3,31.99,0.49,4.36,0.34,-2.87,2.47,-7.81,recommend_2arm,robust_score = mean(S_lambda) - gamma * std(S_lambda)
2212,single_arm_dominant,7,2,2,1,2,10,10,0,3,31.99,0.49,4.36,0.34,-11.58,3.15,-11.58,recommend_2arm,robust_score = mean(S_lambda) - gamma * std(S_lambda)
2212,single_arm_dominant,7,2,2,1,2,10,10,0.5,3,31.99,0.49,4.36,0.34,-11.58,3.15,-13.16,recommend_2arm,robust_score = mean(S_lambda) - gamma * std(S_lambda)
2212,single_arm_dominant,7,2,2,1,2,10,10,1,3,31.99,0.49,4.36,0.34,-11.58,3.15,-14.73,recommend_2arm,robust_score = mean(S_lambda) - gamma * std(S_lambda)
2212,single_arm_dominant,7,2,2,1,2,10,10,1.5,3,31.99,0.49,4.36,0.34,-11.58,3.15,-16.3,recommend_2arm,robust_score = mean(S_lambda) - gamma * std(S_lambda)
2212,single_arm_dominant,7,2,2,1,2,10,10,2,3,31.99,0.49,4.36,0.34,-11.58,3.15,-17.88,recommend_2arm,robust_score = mean(S_lambda) - gamma * std(S_lambda)
2212,single_arm_dominant,7,2,2,1,2,15,15,0,3,31.99,0.49,4.36,0.34,-33.37,4.84,-33.37,recommend_2arm,robust_score = mean(S_lambda) - gamma * std(S_lambda)
2212,single_arm_dominant,7,2,2,1,2,15,15,0.5,3,31.99,0.49,4.36,0.34,-33.37,4.84,-35.79,recommend_2arm,robust_score = mean(S_lambda) - gamma * std(S_lambda)
2212,single_arm_dominant,7,2,2,1,2,15,15,1,3,31.99,0.49,4.36,0.34,-33.37,4.84,-38.21,recommend_2arm,robust_score = mean(S_lambda) - gamma * std(S_lambda)
2212,single_arm_dominant,7,2,2,1,2,15,15,1.5,3,31.99,0.49,4.36,0.34,-33.37,4.84,-40.64,recommend_2arm,robust_score = mean(S_lambda) - gamma * std(S_lambda)
2212,single_arm_dominant,7,2,2,1,2,15,15,2,3,31.99,0.49,4.36,0.34,-33.37,4.84,-43.06,recommend_2arm,robust_score = mean(S_lambda) - gamma * std(S_lambda)
2221,single_arm_dominant,7,2,2,2,1,0.5,0_5,0,3,32.01,0.22,4.72,0.19,29.65,0.3,29.65,recommend_3arm,robust_score = mean(S_lambda) - gamma * std(S_lambda)
2221,single_arm_dominant,7,2,2,2,1,0.5,0_5,0.5,3,32.01,0.22,4.72,0.19,29.65,0.3,29.5,recommend_3arm,robust_score = mean(S_lambda) - gamma * std(S_lambda)
2221,single_arm_dominant,7,2,2,2,1,0.5,0_5,1,3,32.01,0.22,4.72,0.19,29.65,0.3,29.35,recommend_3arm,robust_score = mean(S_lambda) - gamma * std(S_lambda)
2221,single_arm_dominant,7,2,2,2,1,0.5,0_5,1.5,3,32.01,0.22,4.72,0.19,29.65,0.3,29.19,recommend_3arm,robust_score = mean(S_lambda) - gamma * std(S_lambda)
2221,single_arm_dominant,7,2,2,2,1,0.5,0_5,2,3,32.01,0.22,4.72,0.19,29.65,0.3,29.04,recommend_3arm,robust_score = mean(S_lambda) - gamma * std(S_lambda)
2221,single_arm_dominant,7,2,2,2,1,1,1,0,3,32.01,0.22,4.72,0.19,27.29,0.39,27.29,recommend_3arm,robust_score = mean(S_lambda) - gamma * std(S_lambda)
2221,single_arm_dominant,7,2,2,2,1,1,1,0.5,3,32.01,0.22,4.72,0.19,27.29,0.39,27.09,recommend_3arm,robust_score = mean(S_lambda) - gamma * std(S_lambda)
2221,single_arm_dominant,7,2,2,2,1,1,1,1,3,32.01,0.22,4.72,0.19,27.29,0.39,26.9,recommend_3arm,robust_score = mean(S_lambda) - gamma * std(S_lambda)
2221,single_arm_dominant,7,2,2,2,1,1,1,1.5,3,32.01,0.22,4.72,0.19,27.29,0.39,26.7,recommend_3arm,robust_score = mean(S_lambda) - gamma * std(S_lambda)
2221,single_arm_dominant,7,2,2,2,1,1,1,2,3,32.01,0.22,4.72,0.19,27.29,0.39,26.5,recommend_3arm,robust_score = mean(S_lambda) - gamma * std(S_lambda)
2221,single_arm_dominant,7,2,2,2,1,2,2,0,3,32.01,0.22,4.72,0.19,22.57,0.58,22.57,recommend_3arm,robust_score = mean(S_lambda) - gamma * std(S_lambda)
2221,single_arm_dominant,7,2,2,2,1,2,2,0.5,3,32.01,0.22,4.72,0.19,22.57,0.58,22.28,recommend_3arm,robust_score = mean(S_lambda) - gamma * std(S_lambda)
2221,single_arm_dominant,7,2,2,2,1,2,2,1,3,32.01,0.22,4.72,0.19,22.57,0.58,21.99,recommend_3arm,robust_score = mean(S_lambda) - gamma * std(S_lambda)
2221,single_arm_dominant,7,2,2,2,1,2,2,1.5,3,32.01,0.22,4.72,0.19,22.57,0.58,21.7,recommend_3arm,robust_score = mean(S_lambda) - gamma * std(S_lambda)
2221,single_arm_dominant,7,2,2,2,1,2,2,2,3,32.01,0.22,4.72,0.19,22.57,0.58,21.41,recommend_3arm,robust_score = mean(S_lambda) - gamma * std(S_lambda)
2221,single_arm_dominant,7,2,2,2,1,3,3,0,3,32.01,0.22,4.72,0.19,17.85,0.77,17.85,recommend_3arm,robust_score = mean(S_lambda) - gamma * std(S_lambda)
2221,single_arm_dominant,7,2,2,2,1,3,3,0.5,3,32.01,0.22,4.72,0.19,17.85,0.77,17.47,recommend_3arm,robust_score = mean(S_lambda) - gamma * std(S_lambda)
2221,single_arm_dominant,7,2,2,2,1,3,3,1,3,32.01,0.22,4.72,0.19,17.85,0.77,17.09,recommend_3arm,robust_score = mean(S_lambda) - gamma * std(S_lambda)
2221,single_arm_dominant,7,2,2,2,1,3,3,1.5,3,32.01,0.22,4.72,0.19,17.85,0.77,16.7,recommend_3arm,robust_score = mean(S_lambda) - gamma * std(S_lambda)
2221,single_arm_dominant,7,2,2,2,1,3,3,2,3,32.01,0.22,4.72,0.19,17.85,0.77,16.32,recommend_3arm,robust_score = mean(S_lambda) - gamma * std(S_lambda)
2221,single_arm_dominant,7,2,2,2,1,4,4,0,3,32.01,0.22,4.72,0.19,13.13,0.95,13.13,recommend_3arm,robust_score = mean(S_lambda) - gamma * std(S_lambda)
2221,single_arm_dominant,7,2,2,2,1,4,4,0.5,3,32.01,0.22,4.72,0.19,13.13,0.95,12.66,recommend_3arm,robust_score = mean(S_lambda) - gamma * std(S_lambda)
2221,single_arm_dominant,7,2,2,2,1,4,4,1,3,32.01,0.22,4.72,0.19,13.13,0.95,12.18,recommend_3arm,robust_score = mean(S_lambda) - gamma * std(S_lambda)
2221,single_arm_dominant,7,2,2,2,1,4,4,1.5,3,32.01,0.22,4.72,0.19,13.13,0.95,11.7,recommend_3arm,robust_score = mean(S_lambda) - gamma * std(S_lambda)
2221,single_arm_dominant,7,2,2,2,1,4,4,2,3,32.01,0.22,4.72,0.19,13.13,0.95,11.23,recommend_3arm,robust_score = mean(S_lambda) - gamma * std(S_lambda)
2221,single_arm_dominant,7,2,2,2,1,5,5,0,3,32.01,0.22,4.72,0.19,8.41,1.14,8.41,recommend_3arm,robust_score = mean(S_lambda) - gamma * std(S_lambda)
2221,single_arm_dominant,7,2,2,2,1,5,5,0.5,3,32.01,0.22,4.72,0.19,8.41,1.14,7.84,recommend_3arm,robust_score = mean(S_lambda) - gamma * std(S_lambda)
2221,single_arm_dominant,7,2,2,2,1,5,5,1,3,32.01,0.22,4.72,0.19,8.41,1.14,7.27,recommend_3arm,robust_score = mean(S_lambda) - gamma * std(S_lambda)
2221,single_arm_dominant,7,2,2,2,1,5,5,1.5,3,32.01,0.22,4.72,0.19,8.41,1.14,6.7,recommend_3arm,robust_score = mean(S_lambda) - gamma * std(S_lambda)
2221,single_arm_dominant,7,2,2,2,1,5,5,2,3,32.01,0.22,4.72,0.19,8.41,1.14,6.13,recommend_3arm,robust_score = mean(S_lambda) - gamma * std(S_lambda)
2221,single_arm_dominant,7,2,2,2,1,6,6,0,3,32.01,0.22,4.72,0.19,3.69,1.33,3.69,recommend_3arm,robust_score = mean(S_lambda) - gamma * std(S_lambda)
2221,single_arm_dominant,7,2,2,2,1,6,6,0.5,3,32.01,0.22,4.72,0.19,3.69,1.33,3.03,recommend_3arm,robust_score = mean(S_lambda) - gamma * std(S_lambda)
2221,single_arm_dominant,7,2,2,2,1,6,6,1,3,32.01,0.22,4.72,0.19,3.69,1.33,2.36,recommend_3arm,robust_score = mean(S_lambda) - gamma * std(S_lambda)
2221,single_arm_dominant,7,2,2,2,1,6,6,1.5,3,32.01,0.22,4.72,0.19,3.69,1.33,1.7,recommend_3arm,robust_score = mean(S_lambda) - gamma * std(S_lambda)
2221,single_arm_dominant,7,2,2,2,1,6,6,2,3,32.01,0.22,4.72,0.19,3.69,1.33,1.03,recommend_3arm,robust_score = mean(S_lambda) - gamma * std(S_lambda)
2221,single_arm_dominant,7,2,2,2,1,8,8,0,3,32.01,0.22,4.72,0.19,-5.74,1.71,-5.74,recommend_2arm,robust_score = mean(S_lambda) - gamma * std(S_lambda)
2221,single_arm_dominant,7,2,2,2,1,8,8,0.5,3,32.01,0.22,4.72,0.19,-5.74,1.71,-6.6,recommend_2arm,robust_score = mean(S_lambda) - gamma * std(S_lambda)
2221,single_arm_dominant,7,2,2,2,1,8,8,1,3,32.01,0.22,4.72,0.19,-5.74,1.71,-7.45,recommend_2arm,robust_score = mean(S_lambda) - gamma * std(S_lambda)
2221,single_arm_dominant,7,2,2,2,1,8,8,1.5,3,32.01,0.22,4.72,0.19,-5.74,1.71,-8.31,recommend_2arm,robust_score = mean(S_lambda) - gamma * std(S_lambda)
2221,single_arm_dominant,7,2,2,2,1,8,8,2,3,32.01,0.22,4.72,0.19,-5.74,1.71,-9.16,recommend_2arm,robust_score = mean(S_lambda) - gamma * std(S_lambda)
2221,single_arm_dominant,7,2,2,2,1,10,10,0,3,32.01,0.22,4.72,0.19,-15.18,2.09,-15.18,recommend_2arm,robust_score = mean(S_lambda) - gamma * std(S_lambda)
2221,single_arm_dominant,7,2,2,2,1,10,10,0.5,3,32.01,0.22,4.72,0.19,-15.18,2.09,-16.22,recommend_2arm,robust_score = mean(S_lambda) - gamma * std(S_lambda)
2221,single_arm_dominant,7,2,2,2,1,10,10,1,3,32.01,0.22,4.72,0.19,-15.18,2.09,-17.27,recommend_2arm,robust_score = mean(S_lambda) - gamma * std(S_lambda)
2221,single_arm_dominant,7,2,2,2,1,10,10,1.5,3,32.01,0.22,4.72,0.19,-15.18,2.09,-18.31,recommend_2arm,robust_score = mean(S_lambda) - gamma * std(S_lambda)
2221,single_arm_dominant,7,2,2,2,1,10,10,2,3,32.01,0.22,4.72,0.19,-15.18,2.09,-19.35,recommend_2arm,robust_score = mean(S_lambda) - gamma * std(S_lambda)
2221,single_arm_dominant,7,2,2,2,1,15,15,0,3,32.01,0.22,4.72,0.19,-38.78,3.03,-38.78,recommend_2arm,robust_score = mean(S_lambda) - gamma * std(S_lambda)
2221,single_arm_dominant,7,2,2,2,1,15,15,0.5,3,32.01,0.22,4.72,0.19,-38.78,3.03,-40.29,recommend_2arm,robust_score = mean(S_lambda) - gamma * std(S_lambda)
2221,single_arm_dominant,7,2,2,2,1,15,15,1,3,32.01,0.22,4.72,0.19,-38.78,3.03,-41.81,recommend_2arm,robust_score = mean(S_lambda) - gamma * std(S_lambda)
2221,single_arm_dominant,7,2,2,2,1,15,15,1.5,3,32.01,0.22,4.72,0.19,-38.78,3.03,-43.32,recommend_2arm,robust_score = mean(S_lambda) - gamma * std(S_lambda)
2221,single_arm_dominant,7,2,2,2,1,15,15,2,3,32.01,0.22,4.72,0.19,-38.78,3.03,-44.84,recommend_2arm,robust_score = mean(S_lambda) - gamma * std(S_lambda)
2222,balanced,8,2,2,2,2,0.5,0_5,0,3,26.97,0.74,3.89,0.06,25.02,0.77,25.02,recommend_3arm,robust_score = mean(S_lambda) - gamma * std(S_lambda)
2222,balanced,8,2,2,2,2,0.5,0_5,0.5,3,26.97,0.74,3.89,0.06,25.02,0.77,24.63,recommend_3arm,robust_score = mean(S_lambda) - gamma * std(S_lambda)
2222,balanced,8,2,2,2,2,0.5,0_5,1,3,26.97,0.74,3.89,0.06,25.02,0.77,24.25,recommend_3arm,robust_score = mean(S_lambda) - gamma * std(S_lambda)
2222,balanced,8,2,2,2,2,0.5,0_5,1.5,3,26.97,0.74,3.89,0.06,25.02,0.77,23.86,recommend_3arm,robust_score = mean(S_lambda) - gamma * std(S_lambda)
2222,balanced,8,2,2,2,2,0.5,0_5,2,3,26.97,0.74,3.89,0.06,25.02,0.77,23.47,recommend_3arm,robust_score = mean(S_lambda) - gamma * std(S_lambda)
2222,balanced,8,2,2,2,2,1,1,0,3,26.97,0.74,3.89,0.06,23.07,0.81,23.07,recommend_3arm,robust_score = mean(S_lambda) - gamma * std(S_lambda)
2222,balanced,8,2,2,2,2,1,1,0.5,3,26.97,0.74,3.89,0.06,23.07,0.81,22.67,recommend_3arm,robust_score = mean(S_lambda) - gamma * std(S_lambda)
2222,balanced,8,2,2,2,2,1,1,1,3,26.97,0.74,3.89,0.06,23.07,0.81,22.27,recommend_3arm,robust_score = mean(S_lambda) - gamma * std(S_lambda)
2222,balanced,8,2,2,2,2,1,1,1.5,3,26.97,0.74,3.89,0.06,23.07,0.81,21.86,recommend_3arm,robust_score = mean(S_lambda) - gamma * std(S_lambda)
2222,balanced,8,2,2,2,2,1,1,2,3,26.97,0.74,3.89,0.06,23.07,0.81,21.46,recommend_3arm,robust_score = mean(S_lambda) - gamma * std(S_lambda)
2222,balanced,8,2,2,2,2,2,2,0,3,26.97,0.74,3.89,0.06,19.18,0.87,19.18,recommend_3arm,robust_score = mean(S_lambda) - gamma * std(S_lambda)
2222,balanced,8,2,2,2,2,2,2,0.5,3,26.97,0.74,3.89,0.06,19.18,0.87,18.75,recommend_3arm,robust_score = mean(S_lambda) - gamma * std(S_lambda)
2222,balanced,8,2,2,2,2,2,2,1,3,26.97,0.74,3.89,0.06,19.18,0.87,18.31,recommend_3arm,robust_score = mean(S_lambda) - gamma * std(S_lambda)
2222,balanced,8,2,2,2,2,2,2,1.5,3,26.97,0.74,3.89,0.06,19.18,0.87,17.88,recommend_3arm,robust_score = mean(S_lambda) - gamma * std(S_lambda)
2222,balanced,8,2,2,2,2,2,2,2,3,26.97,0.74,3.89,0.06,19.18,0.87,17.44,recommend_3arm,robust_score = mean(S_lambda) - gamma * std(S_lambda)
2222,balanced,8,2,2,2,2,3,3,0,3,26.97,0.74,3.89,0.06,15.29,0.93,15.29,recommend_3arm,robust_score = mean(S_lambda) - gamma * std(S_lambda)
2222,balanced,8,2,2,2,2,3,3,0.5,3,26.97,0.74,3.89,0.06,15.29,0.93,14.82,recommend_3arm,robust_score = mean(S_lambda) - gamma * std(S_lambda)
2222,balanced,8,2,2,2,2,3,3,1,3,26.97,0.74,3.89,0.06,15.29,0.93,14.35,recommend_3arm,robust_score = mean(S_lambda) - gamma * std(S_lambda)
2222,balanced,8,2,2,2,2,3,3,1.5,3,26.97,0.74,3.89,0.06,15.29,0.93,13.89,recommend_3arm,robust_score = mean(S_lambda) - gamma * std(S_lambda)
2222,balanced,8,2,2,2,2,3,3,2,3,26.97,0.74,3.89,0.06,15.29,0.93,13.42,recommend_3arm,robust_score = mean(S_lambda) - gamma * std(S_lambda)
2222,balanced,8,2,2,2,2,4,4,0,3,26.97,0.74,3.89,0.06,11.39,1.0,11.39,recommend_3arm,robust_score = mean(S_lambda) - gamma * std(S_lambda)
2222,balanced,8,2,2,2,2,4,4,0.5,3,26.97,0.74,3.89,0.06,11.39,1.0,10.89,recommend_3arm,robust_score = mean(S_lambda) - gamma * std(S_lambda)
2222,balanced,8,2,2,2,2,4,4,1,3,26.97,0.74,3.89,0.06,11.39,1.0,10.4,recommend_3arm,robust_score = mean(S_lambda) - gamma * std(S_lambda)
2222,balanced,8,2,2,2,2,4,4,1.5,3,26.97,0.74,3.89,0.06,11.39,1.0,9.9,recommend_3arm,robust_score = mean(S_lambda) - gamma * std(S_lambda)
2222,balanced,8,2,2,2,2,4,4,2,3,26.97,0.74,3.89,0.06,11.39,1.0,9.4,recommend_3arm,robust_score = mean(S_lambda) - gamma * std(S_lambda)
2222,balanced,8,2,2,2,2,5,5,0,3,26.97,0.74,3.89,0.06,7.5,1.06,7.5,recommend_3arm,robust_score = mean(S_lambda) - gamma * std(S_lambda)
2222,balanced,8,2,2,2,2,5,5,0.5,3,26.97,0.74,3.89,0.06,7.5,1.06,6.97,recommend_3arm,robust_score = mean(S_lambda) - gamma * std(S_lambda)
2222,balanced,8,2,2,2,2,5,5,1,3,26.97,0.74,3.89,0.06,7.5,1.06,6.44,recommend_3arm,robust_score = mean(S_lambda) - gamma * std(S_lambda)
2222,balanced,8,2,2,2,2,5,5,1.5,3,26.97,0.74,3.89,0.06,7.5,1.06,5.91,recommend_3arm,robust_score = mean(S_lambda) - gamma * std(S_lambda)
2222,balanced,8,2,2,2,2,5,5,2,3,26.97,0.74,3.89,0.06,7.5,1.06,5.38,recommend_3arm,robust_score = mean(S_lambda) - gamma * std(S_lambda)
2222,balanced,8,2,2,2,2,6,6,0,3,26.97,0.74,3.89,0.06,3.61,1.12,3.61,recommend_3arm,robust_score = mean(S_lambda) - gamma * std(S_lambda)
2222,balanced,8,2,2,2,2,6,6,0.5,3,26.97,0.74,3.89,0.06,3.61,1.12,3.04,recommend_3arm,robust_score = mean(S_lambda) - gamma * std(S_lambda)
2222,balanced,8,2,2,2,2,6,6,1,3,26.97,0.74,3.89,0.06,3.61,1.12,2.48,recommend_3arm,robust_score = mean(S_lambda) - gamma * std(S_lambda)
2222,balanced,8,2,2,2,2,6,6,1.5,3,26.97,0.74,3.89,0.06,3.61,1.12,1.92,recommend_3arm,robust_score = mean(S_lambda) - gamma * std(S_lambda)
2222,balanced,8,2,2,2,2,6,6,2,3,26.97,0.74,3.89,0.06,3.61,1.12,1.36,recommend_3arm,robust_score = mean(S_lambda) - gamma * std(S_lambda)
2222,balanced,8,2,2,2,2,8,8,0,3,26.97,0.74,3.89,0.06,-4.18,1.25,-4.18,recommend_2arm,robust_score = mean(S_lambda) - gamma * std(S_lambda)
2222,balanced,8,2,2,2,2,8,8,0.5,3,26.97,0.74,3.89,0.06,-4.18,1.25,-4.81,recommend_2arm,robust_score = mean(S_lambda) - gamma * std(S_lambda)
2222,balanced,8,2,2,2,2,8,8,1,3,26.97,0.74,3.89,0.06,-4.18,1.25,-5.43,recommend_2arm,robust_score = mean(S_lambda) - gamma * std(S_lambda)
2222,balanced,8,2,2,2,2,8,8,1.5,3,26.97,0.74,3.89,0.06,-4.18,1.25,-6.06,recommend_2arm,robust_score = mean(S_lambda) - gamma * std(S_lambda)
2222,balanced,8,2,2,2,2,8,8,2,3,26.97,0.74,3.89,0.06,-4.18,1.25,-6.68,recommend_2arm,robust_score = mean(S_lambda) - gamma * std(S_lambda)
2222,balanced,8,2,2,2,2,10,10,0,3,26.97,0.74,3.89,0.06,-11.97,1.38,-11.97,recommend_2arm,robust_score = mean(S_lambda) - gamma * std(S_lambda)
2222,balanced,8,2,2,2,2,10,10,0.5,3,26.97,0.74,3.89,0.06,-11.97,1.38,-12.66,recommend_2arm,robust_score = mean(S_lambda) - gamma * std(S_lambda)
2222,balanced,8,2,2,2,2,10,10,1,3,26.97,0.74,3.89,0.06,-11.97,1.38,-13.35,recommend_2arm,robust_score = mean(S_lambda) - gamma * std(S_lambda)
2222,balanced,8,2,2,2,2,10,10,1.5,3,26.97,0.74,3.89,0.06,-11.97,1.38,-14.03,recommend_2arm,robust_score = mean(S_lambda) - gamma * std(S_lambda)
2222,balanced,8,2,2,2,2,10,10,2,3,26.97,0.74,3.89,0.06,-11.97,1.38,-14.72,recommend_2arm,robust_score = mean(S_lambda) - gamma * std(S_lambda)
2222,balanced,8,2,2,2,2,15,15,0,3,26.97,0.74,3.89,0.06,-31.43,1.7,-31.43,recommend_2arm,robust_score = mean(S_lambda) - gamma * std(S_lambda)
2222,balanced,8,2,2,2,2,15,15,0.5,3,26.97,0.74,3.89,0.06,-31.43,1.7,-32.28,recommend_2arm,robust_score = mean(S_lambda) - gamma * std(S_lambda)
2222,balanced,8,2,2,2,2,15,15,1,3,26.97,0.74,3.89,0.06,-31.43,1.7,-33.13,recommend_2arm,robust_score = mean(S_lambda) - gamma * std(S_lambda)
2222,balanced,8,2,2,2,2,15,15,1.5,3,26.97,0.74,3.89,0.06,-31.43,1.7,-33.98,recommend_2arm,robust_score = mean(S_lambda) - gamma * std(S_lambda)
2222,balanced,8,2,2,2,2,15,15,2,3,26.97,0.74,3.89,0.06,-31.43,1.7,-34.83,recommend_2arm,robust_score = mean(S_lambda) - gamma * std(S_lambda)
